{
 "features": [
  {
   "geometry": {
    "coordinates": [
     -49.408582861790634,
     -20.78668830389821
    ],
    "type": "Point"
   },
   "id": 1,
   "properties": {
    "abrangenci": "ELDORADO",
    "arquivo": "REGUL",
    "cod_abrg": "03",
    "codigo_sia": 228,
    "cras": "CRAS Eldorado",
    "fid": 1,
    "fid_1": 9,
    "fid_1_1": 0,
    "globalid_1": "ed9a3ecc-1d79-4eba-a08b-feabd76c71f2",
    "nome": "João da Silva Residencial",
    "nome_comp": "Pq João da Silva",
    "num_bairro": 10,
    "objectid_1": 197,
    "objectid_2": 3,
    "pasta3___1": "João",
    "pasta3___2": "da",
    "pasta3___3": "Silva",
    "pasta3___4": " ",
    "pasta3___5": " ",
    "pasta3__no": "Pq João da Silva",
    "pasta3__ob": 1.0,
    "pasta3__te": " ",
    "regiao": "Pinheirinho",
    "tipo": "BAIRRO"
   },
   "type": "Feature"
  },
  {
   "geometry": {
    "coordinates": [
     -49.40370953570705,
     -20.789634481759133
    ],
    "type": "Point"
   },
   "id": 2,
   "properties": {
    "abrangenci": "ELDORADO",
    "arquivo": "REGUL",
    "cod_abrg": "03",
    "codigo_sia": 334,
    "cras": "CRAS Eldorado",
    "fid": 2,
    "fid_1": 0,
    "fid_1_1": 0,
    "globalid_1": "42f83237-ee15-4967-b0da-b32c91ae630c",
    "nome": "Eldorado Parte I",
    "nome_comp": "Eldorado Parte I",
    "num_bairro": 2,
    "objectid_1": 351,
    "objectid_2": 3,
    "pasta3___1": " ",
    "pasta3___2": " ",
    "pasta3___3": " ",
    "pasta3___4": " ",
    "pasta3___5": " ",
    "pasta3__no": "Eldorado Parte I",
    "pasta3__ob": 2.0,
    "pasta3__te": "Eldorado",
    "regiao": "Cidade da Criança",
    "tipo": "BAIRRO"
   },
   "type": "Feature"
  },
  {
   "geometry": {
    "coordinates": [
     -49.40860944073445,
     -20.789991788474907
    ],
    "type": "Point"
   },
   "id": 3,
   "properties": {
    "abrangenci": "ELDORADO",
    "arquivo": "REGUL",
    "cod_abrg": "03",
    "codigo_sia": 902,
    "cras": "CRAS Eldorado",
    "fid": 3,
    "fid_1": 1,
    "fid_1_1": 0,
    "globalid_1": "e4e37b38-c475-4412-a57e-13d8a76a148c",
    "nome": "João da Silva II - Lot.",
    "nome_comp": "Lot João da Silva II",
    "num_bairro": 8,
    "objectid_1": 358,
    "objectid_2": 3,
    "pasta3___1": "João",
    "pasta3___2": " ",
    "pasta3___3": "Silva",
    "pasta3___4": " ",
    "pasta3___5": " ",
    "pasta3__no": "Lot João da Silva II",
    "pasta3__ob": 3.0,
    "pasta3__te": " ",
    "regiao": "Cidade da Criança",
    "tipo": "BAIRRO"
   },
   "type": "Feature"
  },
  {
   "geometry": {
    "coordinates": [
     -49.39630863871409,
     -20.79342426635445
    ],
    "type": "Point"
   },
   "id": 4,
   "properties": {
    "abrangenci": "ELDORADO",
    "arquivo": "REGUL",
    "cod_abrg": "03",
    "codigo_sia": 108,
    "cras": "CRAS Eldorado",
    "fid": 4,
    "fid_1": 2,
    "fid_1_1": 0,
    "globalid_1": "20dcb4fc-d99c-462a-84e2-3d096a2f7adb",
    "nome": "Los Angeles - Jardim",
    "nome_comp": "Jd Los Angeles",
    "num_bairro": 6,
    "objectid_1": 371,
    "objectid_2": 3,
    "pasta3___1": "Los",
    "pasta3___2": "Angeles",
    "pasta3___3": " ",
    "pasta3___4": " ",
    "pasta3___5": " ",
    "pasta3__no": "Jd Los Angeles",
    "pasta3__ob": 4.0,
    "pasta3__te": " ",
    "regiao": "Cidade da Criança",
    "tipo": "BAIRRO"
   },
   "type": "Feature"
  },
  {
   "geometry": {
    "coordinates": [
     -49.40268489095997,
     -20.779892861428475
    ],
    "type": "Point"
   },
   "id": 5,
   "properties": {
    "abrangenci": "ELDORADO",
    "arquivo": "REGUL",
    "cod_abrg": "03",
    "codigo_sia": 414,
    "cras": "CRAS Eldorado",
    "fid": 5,
    "fid_1": 3,
    "fid_1_1": 0,
    "globalid_1": "f6d07e23-e3f5-40ed-9e73-316b6d46f0fa",
    "nome": "SOLO SAGRADO - MINIDIST. IND.",
    "nome_comp": "MD Solo Sagrado",
    "num_bairro": 9,
    "objectid_1": 597,
    "objectid_2": 3,
    "pasta3___1": "Solo",
    "pasta3___2": "Sagrado",
    "pasta3___3": " ",
    "pasta3___4": " ",
    "pasta3___5": " ",
    "pasta3__no": "MD Solo Sagrado",
    "pasta3__ob": 5.0,
    "pasta3__te": " ",
    "regiao": "Cidade da Criança",
    "tipo": "BAIRRO"
   },
   "type": "Feature"
  },
  {
   "geometry": {
    "coordinates": [
     -49.399038397545894,
     -20.7852793353742
    ],
    "type": "Point"
   },
   "id": 6,
   "properties": {
    "abrangenci": "ELDORADO",
    "arquivo": "REGUL",
    "cod_abrg": "03",
    "codigo_sia": 335,
    "cras": "CRAS Eldorado",
    "fid": 6,
    "fid_1": 4,
    "fid_1_1": 0,
    "globalid_1": "b8626960-3514-46ce-969d-68bc58455ee5",
    "nome": "Eldorado Parte II",
    "nome_comp": "Eldorado Parte II",
    "num_bairro": 3,
    "objectid_1": 322,
    "objectid_2": 3,
    "pasta3___1": " ",
    "pasta3___2": " ",
    "pasta3___3": " ",
    "pasta3___4": " ",
    "pasta3___5": " ",
    "pasta3__no": "Eldorado Parte II",
    "pasta3__ob": 6.0,
    "pasta3__te": "Eldorado",
    "regiao": "Cidade da Criança",
    "tipo": "BAIRRO"
   },
   "type": "Feature"
  },
  {
   "geometry": {
    "coordinates": [
     -49.39948991900526,
     -20.795001458665954
    ],
    "type": "Point"
   },
   "id": 7,
   "properties": {
    "abrangenci": "ELDORADO",
    "arquivo": "REGUL",
    "cod_abrg": "03",
    "codigo_sia": 386,
    "cras": "CRAS Eldorado",
    "fid": 7,
    "fid_1": 5,
    "fid_1_1": 0,
    "globalid_1": "9ebaeae9-7c42-415f-a740-d1e922eaa233",
    "nome": "Eldorado Parte IV",
    "nome_comp": "Eldorado Parte IV",
    "num_bairro": 5,
    "objectid_1": 327,
    "objectid_2": 3,
    "pasta3___1": " ",
    "pasta3___2": " ",
    "pasta3___3": " ",
    "pasta3___4": " ",
    "pasta3___5": " ",
    "pasta3__no": "Eldorado Parte IV",
    "pasta3__ob": 7.0,
    "pasta3__te": "Eldorado",
    "regiao": "Cidade da Criança",
    "tipo": "BAIRRO"
   },
   "type": "Feature"
  },
  {
   "geometry": {
    "coordinates": [
     -49.40792257698659,
     -20.793588515716046
    ],
    "type": "Point"
   },
   "id": 8,
   "properties": {
    "abrangenci": "ELDORADO",
    "arquivo": "REGUL",
    "cod_abrg": "03",
    "codigo_sia": 385,
    "cras": "CRAS Eldorado",
    "fid": 8,
    "fid_1": 6,
    "fid_1_1": 0,
    "globalid_1": "25cb278b-db51-4ed4-a43e-b3b70a3f467c",
    "nome": "Eldorado Parte III",
    "nome_comp": "Eldorado Parte III",
    "num_bairro": 4,
    "objectid_1": 336,
    "objectid_2": 3,
    "pasta3___1": " ",
    "pasta3___2": " ",
    "pasta3___3": " ",
    "pasta3___4": " ",
    "pasta3___5": " ",
    "pasta3__no": "Eldorado Parte III",
    "pasta3__ob": 8.0,
    "pasta3__te": "Eldorado",
    "regiao": "Cidade da Criança",
    "tipo": "BAIRRO"
   },
   "type": "Feature"
  },
  {
   "geometry": {
    "coordinates": [
     -49.41005502060547,
     -20.789680857035673
    ],
    "type": "Point"
   },
   "id": 9,
   "properties": {
    "abrangenci": "ELDORADO",
    "arquivo": "REGUL",
    "cod_abrg": "03",
    "codigo_sia": 195,
    "cras": "CRAS Eldorado",
    "fid": 9,
    "fid_1": 7,
    "fid_1_1": 0,
    "globalid_1": "e840ce77-aca1-47d8-b395-b2acf8ee753a",
    "nome": "Romana - Vila",
    "nome_comp": "Vila Romana",
    "num_bairro": 13,
    "objectid_1": 162,
    "objectid_2": 3,
    "pasta3___1": "Romana",
    "pasta3___2": " ",
    "pasta3___3": " ",
    "pasta3___4": " ",
    "pasta3___5": " ",
    "pasta3__no": "Vila Romana",
    "pasta3__ob": 9.0,
    "pasta3__te": " ",
    "regiao": "Cidade da Criança",
    "tipo": "BAIRRO"
   },
   "type": "Feature"
  },
  {
   "geometry": {
    "coordinates": [
     -49.394390436585766,
     -20.79009077384716
    ],
    "type": "Point"
   },
   "id": 10,
   "properties": {
    "abrangenci": "ELDORADO",
    "arquivo": "REGUL",
    "cod_abrg": "03",
    "codigo_sia": 10,
    "cras": "CRAS Eldorado",
    "fid": 10,
    "fid_1": 8,
    "fid_1_1": 0,
    "globalid_1": "71f7c0ea-1797-4a68-853a-fb4a58047b17",
    "nome": "Elizeu Carlos Pinto - Retalhamento",
    "nome_comp": "Ret Elizeu Carlos Pinto",
    "num_bairro": 12,
    "objectid_1": 191,
    "objectid_2": 3,
    "pasta3___1": "Elizeu",
    "pasta3___2": "Carlos",
    "pasta3___3": "Pinto",
    "pasta3___4": " ",
    "pasta3___5": " ",
    "pasta3__no": "Ret Elizeu Carlos Pinto",
    "pasta3__ob": 10.0,
    "pasta3__te": " ",
    "regiao": "Cidade da Criança",
    "tipo": "RETALHAMENTO"
   },
   "type": "Feature"
  },
  {
   "geometry": {
    "coordinates": [
     -49.39063621995645,
     -20.78829740578897
    ],
    "type": "Point"
   },
   "id": 11,
   "properties": {
    "abrangenci": "ELDORADO",
    "arquivo": "REGUL",
    "cod_abrg": "03",
    "codigo_sia": 192,
    "cras": "CRAS Eldorado",
    "fid": 11,
    "fid_1": 10,
    "fid_1_1": 0,
    "globalid_1": "4d69a156-c9cc-4777-b6a2-6ae2ea585ab8",
    "nome": "Costa do Sol",
    "nome_comp": "Conj Hab Costa do Sol",
    "num_bairro": 1,
    "objectid_1": 118,
    "objectid_2": 3,
    "pasta3___1": " ",
    "pasta3___2": "Costa",
    "pasta3___3": " ",
    "pasta3___4": "Sol",
    "pasta3___5": " ",
    "pasta3__no": "Conj Hab Costa do Sol",
    "pasta3__ob": 11.0,
    "pasta3__te": " ",
    "regiao": "Cidade da Criança",
    "tipo": "BAIRRO"
   },
   "type": "Feature"
  },
  {
   "geometry": {
    "coordinates": [
     -49.405686403581484,
     -20.78493388407337
    ],
    "type": "Point"
   },
   "id": 12,
   "properties": {
    "abrangenci": "ELDORADO",
    "arquivo": "REGUL",
    "cod_abrg": "03",
    "codigo_sia": 429,
    "cras": "CRAS Eldorado",
    "fid": 12,
    "fid_1": 11,
    "fid_1_1": 0,
    "globalid_1": "8c556894-49f8-47a6-aa17-ee0d59545bed",
    "nome": "Residencial Eldorado",
    "nome_comp": "Res Eldorado",
    "num_bairro": 11,
    "objectid_1": 121,
    "objectid_2": 3,
    "pasta3___1": "Eldorado",
    "pasta3___2": " ",
    "pasta3___3": " ",
    "pasta3___4": " ",
    "pasta3___5": " ",
    "pasta3__no": "Res Eldorado",
    "pasta3__ob": 12.0,
    "pasta3__te": " ",
    "regiao": "Cidade da Criança",
    "tipo": "BAIRRO"
   },
   "type": "Feature"
  },
  {
   "geometry": {
    "coordinates": [
     -49.39216699146029,
     -20.789265406898433
    ],
    "type": "Point"
   },
   "id": 13,
   "properties": {
    "abrangenci": "ELDORADO",
    "arquivo": "REGUL",
    "cod_abrg": "03",
    "codigo_sia": 57,
    "cras": "CRAS Eldorado",
    "fid": 13,
    "fid_1": 12,
    "fid_1_1": 0,
    "globalid_1": "1896f838-9db1-4583-a63c-a22130a943ae",
    "nome": "Nossa Senhora da Penha - Jardim",
    "nome_comp": "Jd Nossa Senhora da Penha",
    "num_bairro": 7,
    "objectid_1": 14,
    "objectid_2": 3,
    "pasta3___1": "Nossa",
    "pasta3___2": "Senhora",
    "pasta3___3": " ",
    "pasta3___4": "Penha",
    "pasta3___5": " ",
    "pasta3__no": "Jd Nossa Senhora da Penha",
    "pasta3__ob": 13.0,
    "pasta3__te": " ",
    "regiao": "Cidade da Criança",
    "tipo": "BAIRRO"
   },
   "type": "Feature"
  },
  {
   "geometry": {
    "coordinates": [
     -49.40292270669998,
     -20.79577725564166
    ],
    "type": "Point"
   },
   "id": 14,
   "properties": {
    "abrangenci": "ELDORADO",
    "arquivo": "REGUL",
    "cod_abrg": "03",
    "codigo_sia": 356,
    "cras": "CRAS Eldorado",
    "fid": 14,
    "fid_1": 13,
    "fid_1_1": 0,
    "globalid_1": "96912c7c-bd55-4a49-9bc1-52cd33e9c6f3",
    "nome": "Santa Angela - Resid. Jardim",
    "nome_comp": "Vila Santa Angela",
    "num_bairro": 14,
    "objectid_1": 16,
    "objectid_2": 3,
    "pasta3___1": "Santa",
    "pasta3___2": "Angela",
    "pasta3___3": " ",
    "pasta3___4": " ",
    "pasta3___5": " ",
    "pasta3__no": "Vila Santa Angela",
    "pasta3__ob": 14.0,
    "pasta3__te": " ",
    "regiao": "Cidade da Criança",
    "tipo": "BAIRRO"
   },
   "type": "Feature"
  },
  {
   "geometry": {
    "coordinates": [
     -49.40260452793939,
     -20.7829103421672
    ],
    "type": "Point"
   },
   "id": 15,
   "properties": {
    "abrangenci": "ELDORADO",
    "arquivo": "REGUL",
    "cod_abrg": "03",
    "codigo_sia": 294,
    "cras": "CRAS Eldorado",
    "fid": 15,
    "fid_1": 14,
    "fid_1_1": 0,
    "globalid_1": "4936ea3e-4a8d-4997-a6ad-dd1dbe7aa42d",
    "nome": "União - Vila",
    "nome_comp": "Vila União",
    "num_bairro": 16,
    "objectid_1": 48,
    "objectid_2": 3,
    "pasta3___1": "União",
    "pasta3___2": " ",
    "pasta3___3": " ",
    "pasta3___4": " ",
    "pasta3___5": " ",
    "pasta3__no": "Vila União",
    "pasta3__ob": 15.0,
    "pasta3__te": " ",
    "regiao": "Cidade da Criança",
    "tipo": "BAIRRO"
   },
   "type": "Feature"
  },
  {
   "geometry": {
    "coordinates": [
     -49.39507236556878,
     -20.792059105107118
    ],
    "type": "Point"
   },
   "id": 16,
   "properties": {
    "abrangenci": "ELDORADO",
    "arquivo": "REGUL",
    "cod_abrg": "03",
    "codigo_sia": 214,
    "cras": "CRAS Eldorado",
    "fid": 16,
    "fid_1": 15,
    "fid_1_1": 0,
    "globalid_1": "a9003c90-8f0b-4fbe-b8ea-b3b5ae0710f0",
    "nome": "Santa Bárbara",
    "nome_comp": "Vila Santa Bárbara",
    "num_bairro": 15,
    "objectid_1": 76,
    "objectid_2": 3,
    "pasta3___1": "Santa",
    "pasta3___2": "Bárbara",
    "pasta3___3": " ",
    "pasta3___4": " ",
    "pasta3___5": " ",
    "pasta3__no": "Vila Santa Bárbara",
    "pasta3__ob": 16.0,
    "pasta3__te": " ",
    "regiao": "Cidade da Criança",
    "tipo": "BAIRRO"
   },
   "type": "Feature"
  },
  {
   "geometry": {
    "coordinates": [
     -49.40295015312324,
     -20.81618923224087
    ],
    "type": "Point"
   },
   "id": 17,
   "properties": {
    "abrangenci": "PARQUE INDUSTRIAL",
    "arquivo": "REGUL",
    "cod_abrg": "08",
    "codigo_sia": 165,
    "cras": "CRAS Centro",
    "fid": 17,
    "fid_1": 16,
    "fid_1_1": 1,
    "globalid_1": "27e8082f-91ab-41cb-a137-1b738a09faf6",
    "nome": "LUIZ CARLOS MACHADO CAMPOS",
    "nome_comp": "Luiz Carlos Machado Campos",
    "num_bairro": 19,
    "objectid_1": 468,
    "objectid_2": 8,
    "pasta3___1": "Carlos",
    "pasta3___2": "Machado",
    "pasta3___3": "Campos",
    "pasta3___4": " ",
    "pasta3___5": " ",
    "pasta3__no": "Luiz Carlos Machado Campos",
    "pasta3__ob": 17.0,
    "pasta3__te": "Luiz",
    "regiao": "Central",
    "tipo": "RETALHAMENTO"
   },
   "type": "Feature"
  },
  {
   "geometry": {
    "coordinates": [
     -49.38576557659843,
     -20.791491850216435
    ],
    "type": "Point"
   },
   "id": 18,
   "properties": {
    "abrangenci": "PARQUE INDUSTRIAL",
    "arquivo": "REGUL",
    "cod_abrg": "08",
    "codigo_sia": 64,
    "cras": "CRAS Centro",
    "fid": 18,
    "fid_1": 17,
    "fid_1_1": 1,
    "globalid_1": "9483f820-a348-4010-a0ea-3f93b8e3de1d",
    "nome": "Vila Falavina",
    "nome_comp": "Vila Falavina",
    "num_bairro": 33,
    "objectid_1": 481,
    "objectid_2": 8,
    "pasta3___1": "Falavina",
    "pasta3___2": " ",
    "pasta3___3": " ",
    "pasta3___4": " ",
    "pasta3___5": " ",
    "pasta3__no": "Vila Falavina",
    "pasta3__ob": 18.0,
    "pasta3__te": " ",
    "regiao": "Central",
    "tipo": "BAIRRO"
   },
   "type": "Feature"
  },
  {
   "geometry": {
    "coordinates": [
     -49.40044025415608,
     -20.814767649684754
    ],
    "type": "Point"
   },
   "id": 19,
   "properties": {
    "abrangenci": "PARQUE INDUSTRIAL",
    "arquivo": "REGUL",
    "cod_abrg": "08",
    "codigo_sia": 201,
    "cras": "CRAS Centro",
    "fid": 19,
    "fid_1": 18,
    "fid_1_1": 1,
    "globalid_1": "bb5c377b-0a7f-4c4c-8c83-ee3d629d175e",
    "nome": "Reis - Retalhamento",
    "nome_comp": "Ret Reis",
    "num_bairro": 23,
    "objectid_1": 496,
    "objectid_2": 8,
    "pasta3___1": "Reis",
    "pasta3___2": " ",
    "pasta3___3": " ",
    "pasta3___4": " ",
    "pasta3___5": " ",
    "pasta3__no": "Ret Reis",
    "pasta3__ob": 19.0,
    "pasta3__te": " ",
    "regiao": "Central",
    "tipo": "RETALHAMENTO"
   },
   "type": "Feature"
  },
  {
   "geometry": {
    "coordinates": [
     -49.39437898186333,
     -20.813981962746922
    ],
    "type": "Point"
   },
   "id": 20,
   "properties": {
    "abrangenci": "PARQUE INDUSTRIAL",
    "arquivo": "REGUL",
    "cod_abrg": "08",
    "codigo_sia": 42,
    "cras": "CRAS Centro",
    "fid": 20,
    "fid_1": 19,
    "fid_1_1": 1,
    "globalid_1": "f6f7e944-d096-4d3f-abbf-3ff7706d873c",
    "nome": "Nossa Senhora  Aparecida - Vila",
    "nome_comp": "Vila Nossa Senhora  Aparecida",
    "num_bairro": 38,
    "objectid_1": 506,
    "objectid_2": 8,
    "pasta3___1": "Nossa",
    "pasta3___2": "Senhora",
    "pasta3___3": "Aparecida",
    "pasta3___4": " ",
    "pasta3___5": " ",
    "pasta3__no": "Vila Nossa Senhora  Aparecida",
    "pasta3__ob": 20.0,
    "pasta3__te": " ",
    "regiao": "Central",
    "tipo": "BAIRRO"
   },
   "type": "Feature"
  },
  {
   "geometry": {
    "coordinates": [
     -49.380045014279965,
     -20.805052660162247
    ],
    "type": "Point"
   },
   "id": 21,
   "properties": {
    "abrangenci": "PARQUE INDUSTRIAL",
    "arquivo": "REGUL",
    "cod_abrg": "08",
    "codigo_sia": 390,
    "cras": "CRAS Centro",
    "fid": 21,
    "fid_1": 20,
    "fid_1_1": 1,
    "globalid_1": "de00aba1-185d-4661-b74d-24cb727736c2",
    "nome": "MAFALDA - VILA",
    "nome_comp": "Vila Mafalda",
    "num_bairro": 36,
    "objectid_1": 452,
    "objectid_2": 8,
    "pasta3___1": "Mafalda",
    "pasta3___2": " ",
    "pasta3___3": " ",
    "pasta3___4": " ",
    "pasta3___5": " ",
    "pasta3__no": "Vila Mafalda",
    "pasta3__ob": 21.0,
    "pasta3__te": " ",
    "regiao": "Central",
    "tipo": "BAIRRO"
   },
   "type": "Feature"
  },
  {
   "geometry": {
    "coordinates": [
     -49.37972525918421,
     -20.795585555143976
    ],
    "type": "Point"
   },
   "id": 22,
   "properties": {
    "abrangenci": "PARQUE INDUSTRIAL",
    "arquivo": "REGUL",
    "cod_abrg": "08",
    "codigo_sia": 67,
    "cras": "CRAS Centro",
    "fid": 22,
    "fid_1": 21,
    "fid_1_1": 1,
    "globalid_1": "56750a68-3dc0-46d5-950b-7e1d03469e0f",
    "nome": "Vila Curti",
    "nome_comp": "Vila Curti",
    "num_bairro": 30,
    "objectid_1": 460,
    "objectid_2": 8,
    "pasta3___1": "Curti",
    "pasta3___2": " ",
    "pasta3___3": " ",
    "pasta3___4": " ",
    "pasta3___5": " ",
    "pasta3__no": "Vila Curti",
    "pasta3__ob": 22.0,
    "pasta3__te": " ",
    "regiao": "Central",
    "tipo": "BAIRRO"
   },
   "type": "Feature"
  },
  {
   "geometry": {
    "coordinates": [
     -49.400749784959274,
     -20.817734729450624
    ],
    "type": "Point"
   },
   "id": 23,
   "properties": {
    "abrangenci": "PARQUE INDUSTRIAL",
    "arquivo": "REGUL",
    "cod_abrg": "08",
    "codigo_sia": 268,
    "cras": "CRAS Centro",
    "fid": 23,
    "fid_1": 22,
    "fid_1_1": 1,
    "globalid_1": "260bb812-e55b-483b-a9aa-80dcd0623210",
    "nome": "ANTONIO MARQUES DOS SANTOS - RET.",
    "nome_comp": "Antonio Marques dos Santos",
    "num_bairro": 1,
    "objectid_1": 304,
    "objectid_2": 8,
    "pasta3___1": "Marques",
    "pasta3___2": " ",
    "pasta3___3": "Santos",
    "pasta3___4": " ",
    "pasta3___5": " ",
    "pasta3__no": "Antonio Marques dos Santos",
    "pasta3__ob": 23.0,
    "pasta3__te": "Antonio",
    "regiao": "Central",
    "tipo": "RETALHAMENTO"
   },
   "type": "Feature"
  },
  {
   "geometry": {
    "coordinates": [
     -49.393978045732375,
     -20.810467680523736
    ],
    "type": "Point"
   },
   "id": 24,
   "properties": {
    "abrangenci": "PARQUE INDUSTRIAL",
    "arquivo": "REGUL",
    "cod_abrg": "08",
    "codigo_sia": 235,
    "cras": "CRAS Centro",
    "fid": 24,
    "fid_1": 23,
    "fid_1_1": 1,
    "globalid_1": "947e03cd-80c4-4991-a4ae-1dd5e5b18231",
    "nome": "FREDERICO FREITAS - RET.",
    "nome_comp": "Frederico Freitas",
    "num_bairro": 6,
    "objectid_1": 317,
    "objectid_2": 8,
    "pasta3___1": "Freitas",
    "pasta3___2": " ",
    "pasta3___3": " ",
    "pasta3___4": " ",
    "pasta3___5": " ",
    "pasta3__no": "Frederico Freitas",
    "pasta3__ob": 24.0,
    "pasta3__te": "Frederico",
    "regiao": "Central",
    "tipo": "RETALHAMENTO"
   },
   "type": "Feature"
  },
  {
   "geometry": {
    "coordinates": [
     -49.409223408150844,
     -20.811896240916465
    ],
    "type": "Point"
   },
   "id": 25,
   "properties": {
    "abrangenci": "PARQUE INDUSTRIAL",
    "arquivo": " ",
    "cod_abrg": "08",
    "codigo_sia": 978,
    "cras": "CRAS Centro",
    "fid": 25,
    "fid_1": 24,
    "fid_1_1": 1,
    "globalid_1": "c0b7b825-98ae-4f85-b1c7-6c04a9e76dbf",
    "nome": "Cemitério São João Batista",
    "nome_comp": "Cemitério São João Batista",
    "num_bairro": 3,
    "objectid_1": 638,
    "objectid_2": 8,
    "pasta3___1": " ",
    "pasta3___2": "João",
    "pasta3___3": "Batista",
    "pasta3___4": " ",
    "pasta3___5": " ",
    "pasta3__no": "Cemitério São João Batista",
    "pasta3__ob": 25.0,
    "pasta3__te": "Cemitério",
    "regiao": "Central",
    "tipo": "ÁREA INSTITUCIONAL"
   },
   "type": "Feature"
  },
  {
   "geometry": {
    "coordinates": [
     -49.38264064162099,
     -20.789827874210474
    ],
    "type": "Point"
   },
   "id": 26,
   "properties": {
    "abrangenci": "PARQUE INDUSTRIAL",
    "arquivo": "REGUL",
    "cod_abrg": "08",
    "codigo_sia": 65,
    "cras": "CRAS Centro",
    "fid": 26,
    "fid_1": 25,
    "fid_1_1": 1,
    "globalid_1": "9a103e73-fba2-4e59-8979-e729531c8eb0",
    "nome": "Boa Esperança - Vila",
    "nome_comp": "Vila Boa Esperança",
    "num_bairro": 26,
    "objectid_1": 156,
    "objectid_2": 8,
    "pasta3___1": "Boa",
    "pasta3___2": "Esperança",
    "pasta3___3": " ",
    "pasta3___4": " ",
    "pasta3___5": " ",
    "pasta3__no": "Vila Boa Esperança",
    "pasta3__ob": 26.0,
    "pasta3__te": " ",
    "regiao": "Central",
    "tipo": "BAIRRO"
   },
   "type": "Feature"
  },
  {
   "geometry": {
    "coordinates": [
     -49.40406196668607,
     -20.806154980831906
    ],
    "type": "Point"
   },
   "id": 27,
   "properties": {
    "abrangenci": "PARQUE INDUSTRIAL",
    "arquivo": "REGUL",
    "cod_abrg": "08",
    "codigo_sia": 96,
    "cras": "CRAS Centro",
    "fid": 27,
    "fid_1": 26,
    "fid_1_1": 1,
    "globalid_1": "897c7fdb-9c1d-436f-bd45-267b1720040b",
    "nome": "Congonhas - Jardim",
    "nome_comp": "Jd Congonhas",
    "num_bairro": 10,
    "objectid_1": 158,
    "objectid_2": 8,
    "pasta3___1": "Congonhas",
    "pasta3___2": " ",
    "pasta3___3": " ",
    "pasta3___4": " ",
    "pasta3___5": " ",
    "pasta3__no": "Jd Congonhas",
    "pasta3__ob": 27.0,
    "pasta3__te": " ",
    "regiao": "Central",
    "tipo": "BAIRRO"
   },
   "type": "Feature"
  },
  {
   "geometry": {
    "coordinates": [
     -49.40126509051694,
     -20.810735248672504
    ],
    "type": "Point"
   },
   "id": 28,
   "properties": {
    "abrangenci": "PARQUE INDUSTRIAL",
    "arquivo": "REGUL",
    "cod_abrg": "08",
    "codigo_sia": 98,
    "cras": "CRAS Centro",
    "fid": 28,
    "fid_1": 27,
    "fid_1_1": 1,
    "globalid_1": "75bcb673-1a4a-4f69-b82c-8b1a626a34f1",
    "nome": "Novo Aeroporto - Jd.",
    "nome_comp": "Jd Novo Aeroporto",
    "num_bairro": 14,
    "objectid_1": 202,
    "objectid_2": 8,
    "pasta3___1": "Novo",
    "pasta3___2": "Aeroporto",
    "pasta3___3": " ",
    "pasta3___4": " ",
    "pasta3___5": " ",
    "pasta3__no": "Jd Novo Aeroporto",
    "pasta3__ob": 28.0,
    "pasta3__te": " ",
    "regiao": "Central",
    "tipo": "BAIRRO"
   },
   "type": "Feature"
  },
  {
   "geometry": {
    "coordinates": [
     -49.39553925059466,
     -20.80885822624347
    ],
    "type": "Point"
   },
   "id": 29,
   "properties": {
    "abrangenci": "PARQUE INDUSTRIAL",
    "arquivo": "REGUL",
    "cod_abrg": "08",
    "codigo_sia": 40,
    "cras": "CRAS Centro",
    "fid": 29,
    "fid_1": 28,
    "fid_1_1": 1,
    "globalid_1": "e88bd8db-1a9f-4167-9369-7f1741c03e9f",
    "nome": "Maria - Vila",
    "nome_comp": "Vila Maria",
    "num_bairro": 37,
    "objectid_1": 208,
    "objectid_2": 8,
    "pasta3___1": "Maria",
    "pasta3___2": " ",
    "pasta3___3": " ",
    "pasta3___4": " ",
    "pasta3___5": " ",
    "pasta3__no": "Vila Maria",
    "pasta3__ob": 29.0,
    "pasta3__te": " ",
    "regiao": "Central",
    "tipo": "BAIRRO"
   },
   "type": "Feature"
  },
  {
   "geometry": {
    "coordinates": [
     -49.393485030550316,
     -20.808253361912598
    ],
    "type": "Point"
   },
   "id": 30,
   "properties": {
    "abrangenci": "PARQUE INDUSTRIAL",
    "arquivo": "REGUL",
    "cod_abrg": "08",
    "codigo_sia": 137,
    "cras": "CRAS Centro",
    "fid": 30,
    "fid_1": 29,
    "fid_1_1": 1,
    "globalid_1": "bd18233e-26f0-44be-bb5e-72ecc936229d",
    "nome": "JAIME SPÍNOLA CASTRO  - RET.",
    "nome_comp": "Ret Jaime Spínola Castro",
    "num_bairro": 22,
    "objectid_1": 220,
    "objectid_2": 8,
    "pasta3___1": "Jaime",
    "pasta3___2": "Spínola",
    "pasta3___3": "Castro",
    "pasta3___4": " ",
    "pasta3___5": " ",
    "pasta3__no": "Ret Jaime Spínola Castro",
    "pasta3__ob": 30.0,
    "pasta3__te": " ",
    "regiao": "Central",
    "tipo": "RETALHAMENTO"
   },
   "type": "Feature"
  },
  {
   "geometry": {
    "coordinates": [
     -49.37964540488497,
     -20.791486969468092
    ],
    "type": "Point"
   },
   "id": 31,
   "properties": {
    "abrangenci": "PARQUE INDUSTRIAL",
    "arquivo": "REGUL",
    "cod_abrg": "08",
    "codigo_sia": 85,
    "cras": "CRAS Centro",
    "fid": 31,
    "fid_1": 30,
    "fid_1_1": 1,
    "globalid_1": "9ba6827f-7211-459f-abdf-c871a2f0999f",
    "nome": "João Gonçalves da Silva - Lot",
    "nome_comp": "Lot João Gonçalves da Silva",
    "num_bairro": 17,
    "objectid_1": 227,
    "objectid_2": 8,
    "pasta3___1": "João",
    "pasta3___2": "Gonçalves",
    "pasta3___3": " ",
    "pasta3___4": "Silva",
    "pasta3___5": " ",
    "pasta3__no": "Lot João Gonçalves da Silva",
    "pasta3__ob": 31.0,
    "pasta3__te": " ",
    "regiao": "Central",
    "tipo": "BAIRRO"
   },
   "type": "Feature"
  },
  {
   "geometry": {
    "coordinates": [
     -49.397450379359725,
     -20.810352588170456
    ],
    "type": "Point"
   },
   "id": 32,
   "properties": {
    "abrangenci": "PARQUE INDUSTRIAL",
    "arquivo": "REGUL",
    "cod_abrg": "08",
    "codigo_sia": 41,
    "cras": "CRAS Centro",
    "fid": 32,
    "fid_1": 31,
    "fid_1_1": 1,
    "globalid_1": "73345e37-4929-4012-b37b-948f39a60893",
    "nome": "Aeroporto - Vila",
    "nome_comp": "Vila Aeroporto",
    "num_bairro": 25,
    "objectid_1": 231,
    "objectid_2": 8,
    "pasta3___1": "Aeroporto",
    "pasta3___2": " ",
    "pasta3___3": " ",
    "pasta3___4": " ",
    "pasta3___5": " ",
    "pasta3__no": "Vila Aeroporto",
    "pasta3__ob": 32.0,
    "pasta3__te": " ",
    "regiao": "Central",
    "tipo": "BAIRRO"
   },
   "type": "Feature"
  },
  {
   "geometry": {
    "coordinates": [
     -49.40092159813141,
     -20.808729870075123
    ],
    "type": "Point"
   },
   "id": 33,
   "properties": {
    "abrangenci": "PARQUE INDUSTRIAL",
    "arquivo": "REGUL",
    "cod_abrg": "08",
    "codigo_sia": 138,
    "cras": "CRAS Centro",
    "fid": 33,
    "fid_1": 32,
    "fid_1_1": 1,
    "globalid_1": "36cca8ff-a8c5-4340-8ec3-c66cdee4ad6b",
    "nome": "Durival de Carvalho - Retalhamento",
    "nome_comp": "Ret Durival de Carvalho",
    "num_bairro": 21,
    "objectid_1": 232,
    "objectid_2": 8,
    "pasta3___1": "Durival",
    "pasta3___2": " ",
    "pasta3___3": "Carvalho",
    "pasta3___4": " ",
    "pasta3___5": " ",
    "pasta3__no": "Ret Durival de Carvalho",
    "pasta3__ob": 33.0,
    "pasta3__te": " ",
    "regiao": "Central",
    "tipo": "RETALHAMENTO"
   },
   "type": "Feature"
  },
  {
   "geometry": {
    "coordinates": [
     -49.39129836425147,
     -20.804664216759136
    ],
    "type": "Point"
   },
   "id": 34,
   "properties": {
    "abrangenci": "PARQUE INDUSTRIAL",
    "arquivo": "REGUL",
    "cod_abrg": "08",
    "codigo_sia": 33,
    "cras": "CRAS Centro",
    "fid": 34,
    "fid_1": 33,
    "fid_1_1": 1,
    "globalid_1": "910088c9-c0e5-42cc-8ae4-7fb13b5f0646",
    "nome": "Córdula - Vila",
    "nome_comp": "Vila Córdula",
    "num_bairro": 29,
    "objectid_1": 234,
    "objectid_2": 8,
    "pasta3___1": "Córdula",
    "pasta3___2": " ",
    "pasta3___3": " ",
    "pasta3___4": " ",
    "pasta3___5": " ",
    "pasta3__no": "Vila Córdula",
    "pasta3__ob": 34.0,
    "pasta3__te": " ",
    "regiao": "Central",
    "tipo": "BAIRRO"
   },
   "type": "Feature"
  },
  {
   "geometry": {
    "coordinates": [
     -49.39192345563761,
     -20.809694778959024
    ],
    "type": "Point"
   },
   "id": 35,
   "properties": {
    "abrangenci": "PARQUE INDUSTRIAL",
    "arquivo": "REGUL",
    "cod_abrg": "08",
    "codigo_sia": 143,
    "cras": "CRAS Centro",
    "fid": 35,
    "fid_1": 34,
    "fid_1_1": 1,
    "globalid_1": "3ff66f32-a0b0-41b5-b966-5bdfd4ec5e97",
    "nome": "Spínola Castro - Loteamento",
    "nome_comp": "Lot Spínola Castro",
    "num_bairro": 18,
    "objectid_1": 236,
    "objectid_2": 8,
    "pasta3___1": "Spínola",
    "pasta3___2": "Castro",
    "pasta3___3": " ",
    "pasta3___4": " ",
    "pasta3___5": " ",
    "pasta3__no": "Lot Spínola Castro",
    "pasta3__ob": 35.0,
    "pasta3__te": " ",
    "regiao": "Central",
    "tipo": "BAIRRO"
   },
   "type": "Feature"
  },
  {
   "geometry": {
    "coordinates": [
     -49.401240126136166,
     -20.80553670344086
    ],
    "type": "Point"
   },
   "id": 36,
   "properties": {
    "abrangenci": "PARQUE INDUSTRIAL",
    "arquivo": "REGUL",
    "cod_abrg": "08",
    "codigo_sia": 97,
    "cras": "CRAS Centro",
    "fid": 36,
    "fid_1": 35,
    "fid_1_1": 1,
    "globalid_1": "a84f1566-97df-4aa4-a017-71f7f8880370",
    "nome": "Canaã - Jardim",
    "nome_comp": "Jd Canaã",
    "num_bairro": 9,
    "objectid_1": 94,
    "objectid_2": 8,
    "pasta3___1": "Canaã",
    "pasta3___2": " ",
    "pasta3___3": " ",
    "pasta3___4": " ",
    "pasta3___5": " ",
    "pasta3__no": "Jd Canaã",
    "pasta3__ob": 36.0,
    "pasta3__te": " ",
    "regiao": "Central",
    "tipo": "BAIRRO"
   },
   "type": "Feature"
  },
  {
   "geometry": {
    "coordinates": [
     -49.38383545695526,
     -20.794669032939012
    ],
    "type": "Point"
   },
   "id": 37,
   "properties": {
    "abrangenci": "PARQUE INDUSTRIAL",
    "arquivo": "REGUL",
    "cod_abrg": "08",
    "codigo_sia": 59,
    "cras": "CRAS Centro",
    "fid": 37,
    "fid_1": 36,
    "fid_1_1": 1,
    "globalid_1": "ab0b2cd7-4fd9-470e-8e1a-6e5a2efeb1a7",
    "nome": "Esplanada - Vila",
    "nome_comp": "Vila Esplanada",
    "num_bairro": 32,
    "objectid_1": 150,
    "objectid_2": 8,
    "pasta3___1": "Esplanada",
    "pasta3___2": " ",
    "pasta3___3": " ",
    "pasta3___4": " ",
    "pasta3___5": " ",
    "pasta3__no": "Vila Esplanada",
    "pasta3__ob": 37.0,
    "pasta3__te": " ",
    "regiao": "Central",
    "tipo": "BAIRRO"
   },
   "type": "Feature"
  },
  {
   "geometry": {
    "coordinates": [
     -49.39678760094527,
     -20.800276596099216
    ],
    "type": "Point"
   },
   "id": 38,
   "properties": {
    "abrangenci": "PARQUE INDUSTRIAL",
    "arquivo": "REGUL",
    "cod_abrg": "08",
    "codigo_sia": 48,
    "cras": "CRAS Centro",
    "fid": 38,
    "fid_1": 37,
    "fid_1_1": 1,
    "globalid_1": "ebdf06a5-c9cc-438f-bab6-f814d2b707bd",
    "nome": "Tonello - Vila",
    "nome_comp": "Vila Tonello",
    "num_bairro": 40,
    "objectid_1": 102,
    "objectid_2": 8,
    "pasta3___1": "Tonello",
    "pasta3___2": " ",
    "pasta3___3": " ",
    "pasta3___4": " ",
    "pasta3___5": " ",
    "pasta3__no": "Vila Tonello",
    "pasta3__ob": 38.0,
    "pasta3__te": " ",
    "regiao": "Central",
    "tipo": "BAIRRO"
   },
   "type": "Feature"
  },
  {
   "geometry": {
    "coordinates": [
     -49.39290797433788,
     -20.80188932314669
    ],
    "type": "Point"
   },
   "id": 39,
   "properties": {
    "abrangenci": "PARQUE INDUSTRIAL",
    "arquivo": "REGUL",
    "cod_abrg": "08",
    "codigo_sia": 139,
    "cras": "CRAS Centro",
    "fid": 39,
    "fid_1": 38,
    "fid_1_1": 1,
    "globalid_1": "a05e8d4c-6046-43b2-883a-e73256b54be8",
    "nome": "Cap. Luiz Pinto de Morais - Vila",
    "nome_comp": "Vila CapLuiz Pinto de Morais CA",
    "num_bairro": 28,
    "objectid_1": 115,
    "objectid_2": 8,
    "pasta3___1": "Cap Luiz",
    "pasta3___2": "Pinto",
    "pasta3___3": " ",
    "pasta3___4": "Morais",
    "pasta3___5": " ",
    "pasta3__no": "Vila CapLuiz Pinto de Morais CA",
    "pasta3__ob": 39.0,
    "pasta3__te": " ",
    "regiao": "Central",
    "tipo": "BAIRRO"
   },
   "type": "Feature"
  },
  {
   "geometry": {
    "coordinates": [
     -49.396719675287734,
     -20.807897355344032
    ],
    "type": "Point"
   },
   "id": 40,
   "properties": {
    "abrangenci": "PARQUE INDUSTRIAL",
    "arquivo": "REGUL",
    "cod_abrg": "08",
    "codigo_sia": 99,
    "cras": "CRAS Centro",
    "fid": 40,
    "fid_1": 39,
    "fid_1_1": 1,
    "globalid_1": "c05fe510-b8ea-4b90-9344-3afc8efd1d01",
    "nome": "Roseana - Jardim",
    "nome_comp": "Jd Roseana",
    "num_bairro": 15,
    "objectid_1": 28,
    "objectid_2": 8,
    "pasta3___1": "Roseana",
    "pasta3___2": " ",
    "pasta3___3": " ",
    "pasta3___4": " ",
    "pasta3___5": " ",
    "pasta3__no": "Jd Roseana",
    "pasta3__ob": 40.0,
    "pasta3__te": " ",
    "regiao": "Central",
    "tipo": "BAIRRO"
   },
   "type": "Feature"
  },
  {
   "geometry": {
    "coordinates": [
     -49.38774743926974,
     -20.796873465054986
    ],
    "type": "Point"
   },
   "id": 41,
   "properties": {
    "abrangenci": "PARQUE INDUSTRIAL",
    "arquivo": "REGUL",
    "cod_abrg": "08",
    "codigo_sia": 58,
    "cras": "CRAS Centro",
    "fid": 41,
    "fid_1": 40,
    "fid_1_1": 1,
    "globalid_1": "e7708380-713f-4b74-b8be-3cf3aac5dc2e",
    "nome": "Zilda - Vila",
    "nome_comp": "Vila Zilda",
    "num_bairro": 41,
    "objectid_1": 32,
    "objectid_2": 8,
    "pasta3___1": "Zilda",
    "pasta3___2": " ",
    "pasta3___3": " ",
    "pasta3___4": " ",
    "pasta3___5": " ",
    "pasta3__no": "Vila Zilda",
    "pasta3__ob": 41.0,
    "pasta3__te": " ",
    "regiao": "Central",
    "tipo": "BAIRRO"
   },
   "type": "Feature"
  },
  {
   "geometry": {
    "coordinates": [
     -49.388573541605915,
     -20.806089810459515
    ],
    "type": "Point"
   },
   "id": 42,
   "properties": {
    "abrangenci": "PARQUE INDUSTRIAL",
    "arquivo": "REGUL",
    "cod_abrg": "08",
    "codigo_sia": 50,
    "cras": "CRAS Centro",
    "fid": 42,
    "fid_1": 41,
    "fid_1_1": 1,
    "globalid_1": "3383c21f-7aba-4b25-bdc9-700b35c1459a",
    "nome": "Diva - Vila",
    "nome_comp": "Vila Diva",
    "num_bairro": 31,
    "objectid_1": 35,
    "objectid_2": 8,
    "pasta3___1": "Diva",
    "pasta3___2": " ",
    "pasta3___3": " ",
    "pasta3___4": " ",
    "pasta3___5": " ",
    "pasta3__no": "Vila Diva",
    "pasta3__ob": 42.0,
    "pasta3__te": " ",
    "regiao": "Central",
    "tipo": "BAIRRO"
   },
   "type": "Feature"
  },
  {
   "geometry": {
    "coordinates": [
     -49.383785194702625,
     -20.80244299664511
    ],
    "type": "Point"
   },
   "id": 43,
   "properties": {
    "abrangenci": "PARQUE INDUSTRIAL",
    "arquivo": "REGUL",
    "cod_abrg": "08",
    "codigo_sia": 60,
    "cras": "CRAS Centro",
    "fid": 43,
    "fid_1": 42,
    "fid_1_1": 1,
    "globalid_1": "7f65ff52-717f-4ddb-a747-8cb235fee066",
    "nome": "Boa Vista - Bairro",
    "nome_comp": "Boa Vista",
    "num_bairro": 2,
    "objectid_1": 42,
    "objectid_2": 8,
    "pasta3___1": "Vista",
    "pasta3___2": " ",
    "pasta3___3": " ",
    "pasta3___4": " ",
    "pasta3___5": " ",
    "pasta3__no": "Boa Vista",
    "pasta3__ob": 43.0,
    "pasta3__te": "Boa",
    "regiao": "Central",
    "tipo": "BAIRRO"
   },
   "type": "Feature"
  },
  {
   "geometry": {
    "coordinates": [
     -49.406151668936666,
     -20.81052251680026
    ],
    "type": "Point"
   },
   "id": 44,
   "properties": {
    "abrangenci": "PARQUE INDUSTRIAL",
    "arquivo": "REGUL",
    "cod_abrg": "08",
    "codigo_sia": 95,
    "cras": "CRAS Centro",
    "fid": 44,
    "fid_1": 43,
    "fid_1_1": 1,
    "globalid_1": "8f13440c-4478-4d88-9471-f41782313449",
    "nome": "Herculano - Jardim",
    "nome_comp": "Jd Herculano",
    "num_bairro": 11,
    "objectid_1": 45,
    "objectid_2": 8,
    "pasta3___1": "Herculano",
    "pasta3___2": " ",
    "pasta3___3": " ",
    "pasta3___4": " ",
    "pasta3___5": " ",
    "pasta3__no": "Jd Herculano",
    "pasta3__ob": 44.0,
    "pasta3__te": " ",
    "regiao": "Central",
    "tipo": "BAIRRO"
   },
   "type": "Feature"
  },
  {
   "geometry": {
    "coordinates": [
     -49.39651597547384,
     -20.814682158568925
    ],
    "type": "Point"
   },
   "id": 45,
   "properties": {
    "abrangenci": "PARQUE INDUSTRIAL",
    "arquivo": "REGUL",
    "cod_abrg": "08",
    "codigo_sia": 100,
    "cras": "CRAS Centro",
    "fid": 45,
    "fid_1": 44,
    "fid_1_1": 1,
    "globalid_1": "90b913b3-fbb6-47a5-99f1-441b2474f21c",
    "nome": "Alvorada - Jardim",
    "nome_comp": "Jd Alvorada",
    "num_bairro": 8,
    "objectid_1": 47,
    "objectid_2": 8,
    "pasta3___1": "Alvorada",
    "pasta3___2": " ",
    "pasta3___3": " ",
    "pasta3___4": " ",
    "pasta3___5": " ",
    "pasta3__no": "Jd Alvorada",
    "pasta3__ob": 45.0,
    "pasta3__te": " ",
    "regiao": "Central",
    "tipo": "BAIRRO"
   },
   "type": "Feature"
  },
  {
   "geometry": {
    "coordinates": [
     -49.392949872115196,
     -20.812761866876023
    ],
    "type": "Point"
   },
   "id": 46,
   "properties": {
    "abrangenci": "PARQUE INDUSTRIAL",
    "arquivo": "REGUL",
    "cod_abrg": "08",
    "codigo_sia": 43,
    "cras": "CRAS Centro",
    "fid": 46,
    "fid_1": 45,
    "fid_1_1": 1,
    "globalid_1": "713fc1ef-6f22-48cb-8592-bff306dc1014",
    "nome": "Nossa Senhora da Paz - Vila",
    "nome_comp": "Vila Nossa Senhora da Paz",
    "num_bairro": 39,
    "objectid_1": 60,
    "objectid_2": 8,
    "pasta3___1": "Nossa",
    "pasta3___2": "Senhora",
    "pasta3___3": " ",
    "pasta3___4": "Paz",
    "pasta3___5": " ",
    "pasta3__no": "Vila Nossa Senhora da Paz",
    "pasta3__ob": 46.0,
    "pasta3__te": " ",
    "regiao": "Central",
    "tipo": "BAIRRO"
   },
   "type": "Feature"
  },
  {
   "geometry": {
    "coordinates": [
     -49.40923649847189,
     -20.82106446307484
    ],
    "type": "Point"
   },
   "id": 47,
   "properties": {
    "abrangenci": "PARQUE INDUSTRIAL",
    "arquivo": "REGUL",
    "cod_abrg": "08",
    "codigo_sia": 92,
    "cras": "CRAS Centro",
    "fid": 47,
    "fid_1": 46,
    "fid_1_1": 1,
    "globalid_1": "cc9732cc-05ae-4697-9a60-3d4a7dc0b232",
    "nome": "Maria Cândida - Jardim",
    "nome_comp": "Jd Maria Cândida",
    "num_bairro": 12,
    "objectid_1": 63,
    "objectid_2": 8,
    "pasta3___1": "Maria",
    "pasta3___2": "Cândida",
    "pasta3___3": " ",
    "pasta3___4": " ",
    "pasta3___5": " ",
    "pasta3__no": "Jd Maria Cândida",
    "pasta3__ob": 47.0,
    "pasta3__te": " ",
    "regiao": "Central",
    "tipo": "BAIRRO"
   },
   "type": "Feature"
  },
  {
   "geometry": {
    "coordinates": [
     -49.389487121560585,
     -20.799944806366142
    ],
    "type": "Point"
   },
   "id": 48,
   "properties": {
    "abrangenci": "PARQUE INDUSTRIAL",
    "arquivo": "REGUL",
    "cod_abrg": "08",
    "codigo_sia": 74,
    "cras": "CRAS Centro",
    "fid": 48,
    "fid_1": 47,
    "fid_1_1": 1,
    "globalid_1": "377f4454-8666-463c-8453-397f1b5d4e7b",
    "nome": "Industrial",
    "nome_comp": "Pq Industrial",
    "num_bairro": 20,
    "objectid_1": 64,
    "objectid_2": 8,
    "pasta3___1": " ",
    "pasta3___2": " ",
    "pasta3___3": " ",
    "pasta3___4": " ",
    "pasta3___5": " ",
    "pasta3__no": "Pq Industrial",
    "pasta3__ob": 48.0,
    "pasta3__te": " ",
    "regiao": "Central",
    "tipo": "BAIRRO"
   },
   "type": "Feature"
  },
  {
   "geometry": {
    "coordinates": [
     -49.40377430104601,
     -20.820082736905636
    ],
    "type": "Point"
   },
   "id": 49,
   "properties": {
    "abrangenci": "PARQUE INDUSTRIAL",
    "arquivo": "REGUL",
    "cod_abrg": "08",
    "codigo_sia": 93,
    "cras": "CRAS Centro",
    "fid": 49,
    "fid_1": 48,
    "fid_1_1": 1,
    "globalid_1": "1fb25e7b-3993-41f8-96fb-4d8ebfada50d",
    "nome": "Alto Rio Preto - Jardim",
    "nome_comp": "Jd Alto Rio Preto",
    "num_bairro": 7,
    "objectid_1": 67,
    "objectid_2": 8,
    "pasta3___1": "Alto",
    "pasta3___2": "Rio",
    "pasta3___3": "Preto",
    "pasta3___4": " ",
    "pasta3___5": " ",
    "pasta3__no": "Jd Alto Rio Preto",
    "pasta3__ob": 49.0,
    "pasta3__te": " ",
    "regiao": "Central",
    "tipo": "BAIRRO"
   },
   "type": "Feature"
  },
  {
   "geometry": {
    "coordinates": [
     -49.40739950194235,
     -20.807370013242426
    ],
    "type": "Point"
   },
   "id": 50,
   "properties": {
    "abrangenci": "PARQUE INDUSTRIAL",
    "arquivo": "REGUL",
    "cod_abrg": "08",
    "codigo_sia": 207,
    "cras": "CRAS Centro",
    "fid": 50,
    "fid_1": 49,
    "fid_1_1": 1,
    "globalid_1": "e528e419-6e7f-4145-9d95-86674756d82e",
    "nome": "Itália - Vila",
    "nome_comp": "Vila Itália",
    "num_bairro": 35,
    "objectid_1": 77,
    "objectid_2": 8,
    "pasta3___1": "Itália",
    "pasta3___2": " ",
    "pasta3___3": " ",
    "pasta3___4": " ",
    "pasta3___5": " ",
    "pasta3__no": "Vila Itália",
    "pasta3__ob": 50.0,
    "pasta3__te": " ",
    "regiao": "Central",
    "tipo": "BAIRRO"
   },
   "type": "Feature"
  },
  {
   "geometry": {
    "coordinates": [
     -49.3875521990973,
     -20.80982257964661
    ],
    "type": "Point"
   },
   "id": 51,
   "properties": {
    "abrangenci": "PARQUE INDUSTRIAL",
    "arquivo": "REGUL",
    "cod_abrg": "08",
    "codigo_sia": 42,
    "cras": "CRAS Centro",
    "fid": 51,
    "fid_1": 50,
    "fid_1_1": 1,
    "globalid_1": "eaa53722-9af5-49db-b114-71cae34ecd77",
    "nome": "Nossa Senhora Aparecida - Vila",
    "nome_comp": "Vila Boa Vista",
    "num_bairro": 27,
    "objectid_1": 82,
    "objectid_2": 8,
    "pasta3___1": "Boa",
    "pasta3___2": "Vista",
    "pasta3___3": " ",
    "pasta3___4": " ",
    "pasta3___5": " ",
    "pasta3__no": "Vila Boa Vista",
    "pasta3__ob": 51.0,
    "pasta3__te": " ",
    "regiao": "Central",
    "tipo": "BAIRRO"
   },
   "type": "Feature"
  },
  {
   "geometry": {
    "coordinates": [
     -49.3983445224712,
     -20.81642715159695
    ],
    "type": "Point"
   },
   "id": 52,
   "properties": {
    "abrangenci": "PARQUE INDUSTRIAL",
    "arquivo": "REGUL",
    "cod_abrg": "08",
    "codigo_sia": 7,
    "cras": "CRAS Centro",
    "fid": 52,
    "fid_1": 51,
    "fid_1_1": 1,
    "globalid_1": "bf629ad8-0604-4c80-9943-ee85d62d01a9",
    "nome": "Santos Dumont - Bairro",
    "nome_comp": "Santos Dumont",
    "num_bairro": 24,
    "objectid_1": 85,
    "objectid_2": 8,
    "pasta3___1": "Dumont",
    "pasta3___2": " ",
    "pasta3___3": " ",
    "pasta3___4": " ",
    "pasta3___5": " ",
    "pasta3__no": "Santos Dumont",
    "pasta3__ob": 52.0,
    "pasta3__te": "Santos",
    "regiao": "Central",
    "tipo": "BAIRRO"
   },
   "type": "Feature"
  },
  {
   "geometry": {
    "coordinates": [
     -49.3934675944822,
     -20.797031671546254
    ],
    "type": "Point"
   },
   "id": 53,
   "properties": {
    "abrangenci": "PARQUE INDUSTRIAL",
    "arquivo": "REGUL",
    "cod_abrg": "08",
    "codigo_sia": 222,
    "cras": "CRAS Centro",
    "fid": 53,
    "fid_1": 52,
    "fid_1_1": 1,
    "globalid_1": "57c9e6c9-72f0-4724-8bab-97aeddd04996",
    "nome": "Ferroviária - Vila",
    "nome_comp": "Vila Ferroviária",
    "num_bairro": 34,
    "objectid_1": 1,
    "objectid_2": 8,
    "pasta3___1": "Ferroviária",
    "pasta3___2": " ",
    "pasta3___3": " ",
    "pasta3___4": " ",
    "pasta3___5": " ",
    "pasta3__no": "Vila Ferroviária",
    "pasta3__ob": 53.0,
    "pasta3__te": " ",
    "regiao": "Central",
    "tipo": "BAIRRO"
   },
   "type": "Feature"
  },
  {
   "geometry": {
    "coordinates": [
     -49.38220280232869,
     -20.792883404644062
    ],
    "type": "Point"
   },
   "id": 54,
   "properties": {
    "abrangenci": "PARQUE INDUSTRIAL",
    "arquivo": "REGUL",
    "cod_abrg": "08",
    "codigo_sia": 66,
    "cras": "CRAS Centro",
    "fid": 54,
    "fid_1": 53,
    "fid_1_1": 1,
    "globalid_1": "ad894125-c9f2-4ae2-ac47-932cd0d19175",
    "nome": "MOREIRA - Vila",
    "nome_comp": "Jd Moreira",
    "num_bairro": 13,
    "objectid_1": 240,
    "objectid_2": 8,
    "pasta3___1": "Moreira",
    "pasta3___2": " ",
    "pasta3___3": " ",
    "pasta3___4": " ",
    "pasta3___5": " ",
    "pasta3__no": "Jd Moreira",
    "pasta3__ob": 54.0,
    "pasta3__te": " ",
    "regiao": "Central",
    "tipo": "BAIRRO"
   },
   "type": "Feature"
  },
  {
   "geometry": {
    "coordinates": [
     -49.39909086871112,
     -20.80141951792023
    ],
    "type": "Point"
   },
   "id": 55,
   "properties": {
    "abrangenci": "PARQUE INDUSTRIAL",
    "arquivo": "REGUL",
    "cod_abrg": "08",
    "codigo_sia": 445,
    "cras": "CRAS Centro",
    "fid": 55,
    "fid_1": 54,
    "fid_1_1": 1,
    "globalid_1": "d117882d-4070-469d-8a82-cec31b1ccddf",
    "nome": "São José do Rio Preto 11+12",
    "nome_comp": "Cj Hab SJRP 11+12",
    "num_bairro": 4,
    "objectid_1": 400,
    "objectid_2": 8,
    "pasta3___1": " ",
    "pasta3___2": "Rio Preto",
    "pasta3___3": " ",
    "pasta3___4": " ",
    "pasta3___5": " ",
    "pasta3__no": "Cj Hab SJRP 11+12",
    "pasta3__ob": 55.0,
    "pasta3__te": " ",
    "regiao": "Central",
    "tipo": "BAIRRO"
   },
   "type": "Feature"
  },
  {
   "geometry": {
    "coordinates": [
     -49.40998812046088,
     -20.821089846939547
    ],
    "type": "Point"
   },
   "id": 56,
   "properties": {
    "abrangenci": "PARQUE INDUSTRIAL",
    "arquivo": "REGUL",
    "cod_abrg": "08",
    "codigo_sia": 473,
    "cras": "CRAS Centro",
    "fid": 56,
    "fid_1": 55,
    "fid_1_1": 1,
    "globalid_1": "b20782cf-2de2-4d85-b23d-931287562039",
    "nome": "Santo Antonio - Jd",
    "nome_comp": "Jd Santo Antonio",
    "num_bairro": 16,
    "objectid_1": 447,
    "objectid_2": 8,
    "pasta3___1": "Santo",
    "pasta3___2": "Antonio",
    "pasta3___3": " ",
    "pasta3___4": " ",
    "pasta3___5": " ",
    "pasta3__no": "Jd Santo Antonio",
    "pasta3__ob": 56.0,
    "pasta3__te": " ",
    "regiao": "Central",
    "tipo": "JARDIM"
   },
   "type": "Feature"
  },
  {
   "geometry": {
    "coordinates": [
     -49.38128264848898,
     -20.78971070107868
    ],
    "type": "Point"
   },
   "id": 57,
   "properties": {
    "abrangenci": "PARQUE INDUSTRIAL",
    "arquivo": "REGUL",
    "cod_abrg": "08",
    "codigo_sia": 174,
    "cras": "CRAS Centro",
    "fid": 57,
    "fid_1": 56,
    "fid_1_1": 1,
    "globalid_1": "e4ae5a07-6f60-4271-956b-1e8e1934337e",
    "nome": "Edson José Jorge - Ret..",
    "nome_comp": "Edson José de Jorge",
    "num_bairro": 5,
    "objectid_1": 354,
    "objectid_2": 8,
    "pasta3___1": "José",
    "pasta3___2": " ",
    "pasta3___3": "Jorge",
    "pasta3___4": " ",
    "pasta3___5": " ",
    "pasta3__no": "Edson José de Jorge",
    "pasta3__ob": 57.0,
    "pasta3__te": "Edson",
    "regiao": "Central",
    "tipo": "RETALHAMENTO"
   },
   "type": "Feature"
  },
  {
   "geometry": {
    "coordinates": [
     -49.380718373417594,
     -20.836861643171773
    ],
    "type": "Point"
   },
   "id": 58,
   "properties": {
    "abrangenci": "ESTORIL",
    "arquivo": "REGUL",
    "cod_abrg": "13",
    "codigo_sia": 73,
    "cras": "CRAS Novo Mundo",
    "fid": 58,
    "fid_1": 57,
    "fid_1_1": 2,
    "globalid_1": "7b9b4420-4ad0-4162-89d3-9c3ded86c0f4",
    "nome": "Parque Estoril",
    "nome_comp": "Pq Estoril",
    "num_bairro": 23,
    "objectid_1": 424,
    "objectid_2": 13,
    "pasta3___1": "Estoril",
    "pasta3___2": " ",
    "pasta3___3": " ",
    "pasta3___4": " ",
    "pasta3___5": " ",
    "pasta3__no": "Pq Estoril",
    "pasta3__ob": 58.0,
    "pasta3__te": " ",
    "regiao": "HB",
    "tipo": "BAIRRO"
   },
   "type": "Feature"
  },
  {
   "geometry": {
    "coordinates": [
     -49.38073161911587,
     -20.824849255982354
    ],
    "type": "Point"
   },
   "id": 59,
   "properties": {
    "abrangenci": "ESTORIL",
    "arquivo": "REGUL",
    "cod_abrg": "13",
    "codigo_sia": 46,
    "cras": "CRAS Novo Mundo",
    "fid": 59,
    "fid_1": 58,
    "fid_1_1": 2,
    "globalid_1": "bf84813a-79f1-41bd-8f9c-016d3afb6c92",
    "nome": "Sinibaldi - Vila",
    "nome_comp": "Vila Sinibaldi",
    "num_bairro": 35,
    "objectid_1": 391,
    "objectid_2": 13,
    "pasta3___1": "Sinibaldi",
    "pasta3___2": " ",
    "pasta3___3": " ",
    "pasta3___4": " ",
    "pasta3___5": " ",
    "pasta3__no": "Vila Sinibaldi",
    "pasta3__ob": 59.0,
    "pasta3__te": " ",
    "regiao": "HB",
    "tipo": "BAIRRO"
   },
   "type": "Feature"
  },
  {
   "geometry": {
    "coordinates": [
     -49.372958773771046,
     -20.825952475051377
    ],
    "type": "Point"
   },
   "id": 60,
   "properties": {
    "abrangenci": "ESTORIL",
    "arquivo": "REGUL",
    "cod_abrg": "13",
    "codigo_sia": 105,
    "cras": "CRAS Novo Mundo",
    "fid": 60,
    "fid_1": 59,
    "fid_1_1": 2,
    "globalid_1": "b2afc8e1-30c5-4f4a-84a3-70c9c8d37b59",
    "nome": "Santa Luzia - Jardim",
    "nome_comp": "Jd Santa Luzia",
    "num_bairro": 18,
    "objectid_1": 396,
    "objectid_2": 13,
    "pasta3___1": "Santa",
    "pasta3___2": "Luzia",
    "pasta3___3": " ",
    "pasta3___4": " ",
    "pasta3___5": " ",
    "pasta3__no": "Jd Santa Luzia",
    "pasta3__ob": 60.0,
    "pasta3__te": " ",
    "regiao": "HB",
    "tipo": "BAIRRO"
   },
   "type": "Feature"
  },
  {
   "geometry": {
    "coordinates": [
     -49.394807072047975,
     -20.83087032915014
    ],
    "type": "Point"
   },
   "id": 61,
   "properties": {
    "abrangenci": "ESTORIL",
    "arquivo": "REGUL",
    "cod_abrg": "13",
    "codigo_sia": 79,
    "cras": "CRAS Novo Mundo",
    "fid": 61,
    "fid_1": 60,
    "fid_1_1": 2,
    "globalid_1": "b98ea2d5-2808-4721-ba44-8d5925be29fe",
    "nome": "Chácara Municipal - Bairro",
    "nome_comp": "Chac Municipal",
    "num_bairro": 3,
    "objectid_1": 402,
    "objectid_2": 13,
    "pasta3___1": "Municipal",
    "pasta3___2": " ",
    "pasta3___3": " ",
    "pasta3___4": " ",
    "pasta3___5": " ",
    "pasta3__no": "Chac Municipal",
    "pasta3__ob": 61.0,
    "pasta3__te": " ",
    "regiao": "HB",
    "tipo": "BAIRRO"
   },
   "type": "Feature"
  },
  {
   "geometry": {
    "coordinates": [
     -49.39586770607438,
     -20.826134190299108
    ],
    "type": "Point"
   },
   "id": 62,
   "properties": {
    "abrangenci": "ESTORIL",
    "arquivo": "REGUL",
    "cod_abrg": "13",
    "codigo_sia": 38,
    "cras": "CRAS Novo Mundo",
    "fid": 62,
    "fid_1": 62,
    "fid_1_1": 2,
    "globalid_1": "b71dc0ab-570d-4640-a980-17d487449d0f",
    "nome": "São Pedro -Vila",
    "nome_comp": "Vila São Pedro",
    "num_bairro": 34,
    "objectid_1": 365,
    "objectid_2": 13,
    "pasta3___1": " ",
    "pasta3___2": "Pedro",
    "pasta3___3": " ",
    "pasta3___4": " ",
    "pasta3___5": " ",
    "pasta3__no": "Vila São Pedro",
    "pasta3__ob": 62.0,
    "pasta3__te": " ",
    "regiao": "HB",
    "tipo": "BAIRRO"
   },
   "type": "Feature"
  },
  {
   "geometry": {
    "coordinates": [
     -49.39457767082666,
     -20.825085950451626
    ],
    "type": "Point"
   },
   "id": 63,
   "properties": {
    "abrangenci": "ESTORIL",
    "arquivo": "REGUL",
    "cod_abrg": "13",
    "codigo_sia": 398,
    "cras": "CRAS Novo Mundo",
    "fid": 63,
    "fid_1": 63,
    "fid_1_1": 2,
    "globalid_1": "9d82197a-ca8f-4609-84a3-17dda445fca8",
    "nome": "Vitorio Ferrari - Ret.",
    "nome_comp": "Ret Vitorio Ferrari",
    "num_bairro": 36,
    "objectid_1": 607,
    "objectid_2": 13,
    "pasta3___1": "Vitorio",
    "pasta3___2": "Ferrari",
    "pasta3___3": " ",
    "pasta3___4": " ",
    "pasta3___5": " ",
    "pasta3__no": "Ret Vitorio Ferrari",
    "pasta3__ob": 63.0,
    "pasta3__te": " ",
    "regiao": "HB",
    "tipo": "RETALHAMENTO"
   },
   "type": "Feature"
  },
  {
   "geometry": {
    "coordinates": [
     -49.39196538097551,
     -20.828073751918993
    ],
    "type": "Point"
   },
   "id": 64,
   "properties": {
    "abrangenci": "ESTORIL",
    "arquivo": "REGUL",
    "cod_abrg": "13",
    "codigo_sia": 166,
    "cras": "CRAS Novo Mundo",
    "fid": 64,
    "fid_1": 64,
    "fid_1_1": 2,
    "globalid_1": "f3318ff4-a065-4a3f-8648-c6520cefb2f2",
    "nome": "Nova Redentora",
    "nome_comp": "Nova Redentora",
    "num_bairro": 22,
    "objectid_1": 624,
    "objectid_2": 13,
    "pasta3___1": "Redentora",
    "pasta3___2": " ",
    "pasta3___3": " ",
    "pasta3___4": " ",
    "pasta3___5": " ",
    "pasta3__no": "Nova Redentora",
    "pasta3__ob": 64.0,
    "pasta3__te": "Nova",
    "regiao": "HB",
    "tipo": "BAIRRO"
   },
   "type": "Feature"
  },
  {
   "geometry": {
    "coordinates": [
     -49.388487597998804,
     -20.825172088313618
    ],
    "type": "Point"
   },
   "id": 65,
   "properties": {
    "abrangenci": "ESTORIL",
    "arquivo": "REGUL",
    "cod_abrg": "13",
    "codigo_sia": 45,
    "cras": "CRAS Novo Mundo",
    "fid": 65,
    "fid_1": 65,
    "fid_1_1": 2,
    "globalid_1": "d2744394-1ddc-49d9-bb0c-4d95e7f87aaa",
    "nome": "Redentora - Vila",
    "nome_comp": "Vila Redentora",
    "num_bairro": 28,
    "objectid_1": 625,
    "objectid_2": 13,
    "pasta3___1": "Redentora",
    "pasta3___2": " ",
    "pasta3___3": " ",
    "pasta3___4": " ",
    "pasta3___5": " ",
    "pasta3__no": "Vila Redentora",
    "pasta3__ob": 65.0,
    "pasta3__te": " ",
    "regiao": "HB",
    "tipo": "BAIRRO"
   },
   "type": "Feature"
  },
  {
   "geometry": {
    "coordinates": [
     -49.37281933712264,
     -20.83851981151322
    ],
    "type": "Point"
   },
   "id": 66,
   "properties": {
    "abrangenci": "ESTORIL",
    "arquivo": "REGUL",
    "cod_abrg": "13",
    "codigo_sia": 8,
    "cras": "CRAS Novo Mundo",
    "fid": 66,
    "fid_1": 66,
    "fid_1_1": 2,
    "globalid_1": "d6150e1e-512d-45ea-99d1-05e44516c4e2",
    "nome": "Nosso Senhor do Bonfim",
    "nome_comp": "Nosso Senhor do Bonfim",
    "num_bairro": 21,
    "objectid_1": 167,
    "objectid_2": 13,
    "pasta3___1": "Senhor",
    "pasta3___2": " ",
    "pasta3___3": "Bonfim",
    "pasta3___4": " ",
    "pasta3___5": " ",
    "pasta3__no": "Nosso Senhor do Bonfim",
    "pasta3__ob": 66.0,
    "pasta3__te": "Nosso",
    "regiao": "HB",
    "tipo": "BAIRRO"
   },
   "type": "Feature"
  },
  {
   "geometry": {
    "coordinates": [
     -49.38607032870534,
     -20.83196327299967
    ],
    "type": "Point"
   },
   "id": 67,
   "properties": {
    "abrangenci": "ESTORIL",
    "arquivo": "REGUL",
    "cod_abrg": "13",
    "codigo_sia": 78,
    "cras": "CRAS Novo Mundo",
    "fid": 67,
    "fid_1": 67,
    "fid_1_1": 2,
    "globalid_1": "613591bc-dc83-4e98-b9b6-b4f2131ade57",
    "nome": "Cidade Nova - Pq. Res.",
    "nome_comp": "Cidade Nova",
    "num_bairro": 4,
    "objectid_1": 168,
    "objectid_2": 13,
    "pasta3___1": "Nova",
    "pasta3___2": " ",
    "pasta3___3": " ",
    "pasta3___4": " ",
    "pasta3___5": " ",
    "pasta3__no": "Cidade Nova",
    "pasta3__ob": 67.0,
    "pasta3__te": "Cidade",
    "regiao": "HB",
    "tipo": "BAIRRO"
   },
   "type": "Feature"
  },
  {
   "geometry": {
    "coordinates": [
     -49.393456212613216,
     -20.82633433923623
    ],
    "type": "Point"
   },
   "id": 68,
   "properties": {
    "abrangenci": "ESTORIL",
    "arquivo": "REGUL",
    "cod_abrg": "13",
    "codigo_sia": 39,
    "cras": "CRAS Novo Mundo",
    "fid": 68,
    "fid_1": 68,
    "fid_1_1": 2,
    "globalid_1": "9e899fb5-b3d7-4118-ba98-2046ec7219cc",
    "nome": "São José - Vila",
    "nome_comp": "Vila São José",
    "num_bairro": 32,
    "objectid_1": 170,
    "objectid_2": 13,
    "pasta3___1": " ",
    "pasta3___2": "José",
    "pasta3___3": " ",
    "pasta3___4": " ",
    "pasta3___5": " ",
    "pasta3__no": "Vila São José",
    "pasta3__ob": 68.0,
    "pasta3__te": " ",
    "regiao": "HB",
    "tipo": "BAIRRO"
   },
   "type": "Feature"
  },
  {
   "geometry": {
    "coordinates": [
     -49.39096856569248,
     -20.826817995824722
    ],
    "type": "Point"
   },
   "id": 69,
   "properties": {
    "abrangenci": "ESTORIL",
    "arquivo": "REGUL",
    "cod_abrg": "13",
    "codigo_sia": 133,
    "cras": "CRAS Novo Mundo",
    "fid": 69,
    "fid_1": 69,
    "fid_1_1": 2,
    "globalid_1": "1ba9458d-a61a-4a87-9adb-b6b278f28d9b",
    "nome": "Jardim do Centro",
    "nome_comp": "Jd Centro do",
    "num_bairro": 7,
    "objectid_1": 194,
    "objectid_2": 13,
    "pasta3___1": "Centro",
    "pasta3___2": " ",
    "pasta3___3": " ",
    "pasta3___4": " ",
    "pasta3___5": " ",
    "pasta3__no": "Jd Centro do",
    "pasta3__ob": 69.0,
    "pasta3__te": " ",
    "regiao": "HB",
    "tipo": "BAIRRO"
   },
   "type": "Feature"
  },
  {
   "geometry": {
    "coordinates": [
     -49.40226983780308,
     -20.8273976611682
    ],
    "type": "Point"
   },
   "id": 70,
   "properties": {
    "abrangenci": "ESTORIL",
    "arquivo": "REGUL",
    "cod_abrg": "13",
    "codigo_sia": 89,
    "cras": "CRAS Novo Mundo",
    "fid": 70,
    "fid_1": 70,
    "fid_1_1": 2,
    "globalid_1": "7f005fc3-6fd8-4802-bccf-86a5475f0d8f",
    "nome": "Panorama - Jardim",
    "nome_comp": "Jd Panorama",
    "num_bairro": 13,
    "objectid_1": 204,
    "objectid_2": 13,
    "pasta3___1": "Panorama",
    "pasta3___2": " ",
    "pasta3___3": " ",
    "pasta3___4": " ",
    "pasta3___5": " ",
    "pasta3__no": "Jd Panorama",
    "pasta3__ob": 70.0,
    "pasta3__te": " ",
    "regiao": "HB",
    "tipo": "BAIRRO"
   },
   "type": "Feature"
  },
  {
   "geometry": {
    "coordinates": [
     -49.38827749060816,
     -20.83154041536044
    ],
    "type": "Point"
   },
   "id": 71,
   "properties": {
    "abrangenci": "ESTORIL",
    "arquivo": "REGUL",
    "cod_abrg": "13",
    "codigo_sia": 211,
    "cras": "CRAS Novo Mundo",
    "fid": 71,
    "fid_1": 71,
    "fid_1_1": 2,
    "globalid_1": "9923d3cf-68e3-4bee-9244-9fb07178d093",
    "nome": "Redentor - Jardim",
    "nome_comp": "Jd Redentor",
    "num_bairro": 16,
    "objectid_1": 214,
    "objectid_2": 13,
    "pasta3___1": "Redentor",
    "pasta3___2": " ",
    "pasta3___3": " ",
    "pasta3___4": " ",
    "pasta3___5": " ",
    "pasta3__no": "Jd Redentor",
    "pasta3__ob": 71.0,
    "pasta3__te": " ",
    "regiao": "HB",
    "tipo": "BAIRRO"
   },
   "type": "Feature"
  },
  {
   "geometry": {
    "coordinates": [
     -49.39675423681687,
     -20.8249445932841
    ],
    "type": "Point"
   },
   "id": 72,
   "properties": {
    "abrangenci": "ESTORIL",
    "arquivo": "REGUL",
    "cod_abrg": "13",
    "codigo_sia": 94,
    "cras": "CRAS Novo Mundo",
    "fid": 72,
    "fid_1": 72,
    "fid_1_1": 2,
    "globalid_1": "2cc89128-8a0b-41d6-965f-5775b10b62e8",
    "nome": "Bosque da Saúde - Jardim",
    "nome_comp": "Jd Bosque da Saúde",
    "num_bairro": 5,
    "objectid_1": 222,
    "objectid_2": 13,
    "pasta3___1": "Bosque",
    "pasta3___2": " ",
    "pasta3___3": "Saúde",
    "pasta3___4": " ",
    "pasta3___5": " ",
    "pasta3__no": "Jd Bosque da Saúde",
    "pasta3__ob": 72.0,
    "pasta3__te": " ",
    "regiao": "HB",
    "tipo": "BAIRRO"
   },
   "type": "Feature"
  },
  {
   "geometry": {
    "coordinates": [
     -49.37580606419165,
     -20.83745992612333
    ],
    "type": "Point"
   },
   "id": 73,
   "properties": {
    "abrangenci": "ESTORIL",
    "arquivo": "REGUL",
    "cod_abrg": "13",
    "codigo_sia": 104,
    "cras": "CRAS Novo Mundo",
    "fid": 73,
    "fid_1": 73,
    "fid_1_1": 2,
    "globalid_1": "0bbbecde-d30b-407b-a448-c877afa29a27",
    "nome": "Ouro Verde - Jardim",
    "nome_comp": "Jd Ouro Verde",
    "num_bairro": 12,
    "objectid_1": 237,
    "objectid_2": 13,
    "pasta3___1": "Ouro",
    "pasta3___2": "Verde",
    "pasta3___3": " ",
    "pasta3___4": " ",
    "pasta3___5": " ",
    "pasta3__no": "Jd Ouro Verde",
    "pasta3__ob": 73.0,
    "pasta3__te": " ",
    "regiao": "HB",
    "tipo": "BAIRRO"
   },
   "type": "Feature"
  },
  {
   "geometry": {
    "coordinates": [
     -49.38255222819313,
     -20.827500198019237
    ],
    "type": "Point"
   },
   "id": 74,
   "properties": {
    "abrangenci": "ESTORIL",
    "arquivo": "REGUL",
    "cod_abrg": "13",
    "codigo_sia": 496,
    "cras": "CRAS Novo Mundo",
    "fid": 74,
    "fid_1": 74,
    "fid_1_1": 2,
    "globalid_1": "9e57b0bc-f84a-4cb8-81f3-f824bd6fa24d",
    "nome": "Novo Mundo - prolongamento",
    "nome_comp": "Prol do Jd Novo Mundo",
    "num_bairro": 25,
    "objectid_1": 567,
    "objectid_2": 13,
    "pasta3___1": " ",
    "pasta3___2": " ",
    "pasta3___3": "Novo",
    "pasta3___4": "Mundo",
    "pasta3___5": " ",
    "pasta3__no": "Prol do Jd Novo Mundo",
    "pasta3__ob": 74.0,
    "pasta3__te": " ",
    "regiao": "HB",
    "tipo": "BAIRRO"
   },
   "type": "Feature"
  },
  {
   "geometry": {
    "coordinates": [
     -49.37795842953626,
     -20.828710470721624
    ],
    "type": "Point"
   },
   "id": 75,
   "properties": {
    "abrangenci": "ESTORIL",
    "arquivo": "REGUL",
    "cod_abrg": "13",
    "codigo_sia": 102,
    "cras": "CRAS Novo Mundo",
    "fid": 75,
    "fid_1": 75,
    "fid_1_1": 2,
    "globalid_1": "2bceaf57-634c-47ac-80fa-c28e9143c932",
    "nome": "Novo Mundo - Jardim",
    "nome_comp": "Jd Novo Mundo",
    "num_bairro": 11,
    "objectid_1": 248,
    "objectid_2": 13,
    "pasta3___1": "Novo",
    "pasta3___2": "Mundo",
    "pasta3___3": " ",
    "pasta3___4": " ",
    "pasta3___5": " ",
    "pasta3__no": "Jd Novo Mundo",
    "pasta3__ob": 75.0,
    "pasta3__te": " ",
    "regiao": "HB",
    "tipo": "BAIRRO"
   },
   "type": "Feature"
  },
  {
   "geometry": {
    "coordinates": [
     -49.39021410296982,
     -20.82431251402583
    ],
    "type": "Point"
   },
   "id": 76,
   "properties": {
    "abrangenci": "ESTORIL",
    "arquivo": "REGUL",
    "cod_abrg": "13",
    "codigo_sia": 134,
    "cras": "CRAS Novo Mundo",
    "fid": 76,
    "fid_1": 76,
    "fid_1_1": 2,
    "globalid_1": "f86c038d-bb40-4ea5-a2ed-1ca828ca3b7d",
    "nome": "Jardim do Norte",
    "nome_comp": "Jd do Norte",
    "num_bairro": 8,
    "objectid_1": 253,
    "objectid_2": 13,
    "pasta3___1": " ",
    "pasta3___2": "Norte",
    "pasta3___3": " ",
    "pasta3___4": " ",
    "pasta3___5": " ",
    "pasta3__no": "Jd do Norte",
    "pasta3__ob": 76.0,
    "pasta3__te": " ",
    "regiao": "HB",
    "tipo": "BAIRRO"
   },
   "type": "Feature"
  },
  {
   "geometry": {
    "coordinates": [
     -49.39244916372049,
     -20.825414427847324
    ],
    "type": "Point"
   },
   "id": 77,
   "properties": {
    "abrangenci": "ESTORIL",
    "arquivo": "REGUL",
    "cod_abrg": "13",
    "codigo_sia": 132,
    "cras": "CRAS Novo Mundo",
    "fid": 77,
    "fid_1": 77,
    "fid_1_1": 2,
    "globalid_1": "0c972ac8-48f2-4558-89bd-e30c4d57ef7a",
    "nome": "Jardim do Sul",
    "nome_comp": "Jd do Sul",
    "num_bairro": 9,
    "objectid_1": 257,
    "objectid_2": 13,
    "pasta3___1": " ",
    "pasta3___2": "Sul",
    "pasta3___3": " ",
    "pasta3___4": " ",
    "pasta3___5": " ",
    "pasta3__no": "Jd do Sul",
    "pasta3__ob": 77.0,
    "pasta3__te": " ",
    "regiao": "HB",
    "tipo": "BAIRRO"
   },
   "type": "Feature"
  },
  {
   "geometry": {
    "coordinates": [
     -49.36984566719604,
     -20.828089913355846
    ],
    "type": "Point"
   },
   "id": 78,
   "properties": {
    "abrangenci": "ESTORIL",
    "arquivo": "REGUL",
    "cod_abrg": "13",
    "codigo_sia": 106,
    "cras": "CRAS Novo Mundo",
    "fid": 78,
    "fid_1": 78,
    "fid_1_1": 2,
    "globalid_1": "e2ad191d-745e-4d84-9d16-51852e6175c6",
    "nome": "Santa Catarina - Jardim",
    "nome_comp": "Jd Santa Catarina",
    "num_bairro": 17,
    "objectid_1": 141,
    "objectid_2": 13,
    "pasta3___1": "Santa",
    "pasta3___2": "Catarina",
    "pasta3___3": " ",
    "pasta3___4": " ",
    "pasta3___5": " ",
    "pasta3__no": "Jd Santa Catarina",
    "pasta3__ob": 78.0,
    "pasta3__te": " ",
    "regiao": "HB",
    "tipo": "BAIRRO"
   },
   "type": "Feature"
  },
  {
   "geometry": {
    "coordinates": [
     -49.368794560651736,
     -20.834425876182568
    ],
    "type": "Point"
   },
   "id": 79,
   "properties": {
    "abrangenci": "ESTORIL",
    "arquivo": "REGUL",
    "cod_abrg": "13",
    "codigo_sia": 171,
    "cras": "CRAS Novo Mundo",
    "fid": 79,
    "fid_1": 79,
    "fid_1_1": 2,
    "globalid_1": "ca85b75d-1880-4c4b-9db6-86cae67bf1e3",
    "nome": "Quinta das Paineiras",
    "nome_comp": "Pq Quinta das Paineiras",
    "num_bairro": 24,
    "objectid_1": 100,
    "objectid_2": 13,
    "pasta3___1": "Quinta",
    "pasta3___2": " ",
    "pasta3___3": "Paineiras",
    "pasta3___4": " ",
    "pasta3___5": " ",
    "pasta3__no": "Pq Quinta das Paineiras",
    "pasta3__ob": 79.0,
    "pasta3__te": " ",
    "regiao": "HB",
    "tipo": "BAIRRO"
   },
   "type": "Feature"
  },
  {
   "geometry": {
    "coordinates": [
     -49.37517566722181,
     -20.826804328507098
    ],
    "type": "Point"
   },
   "id": 80,
   "properties": {
    "abrangenci": "ESTORIL",
    "arquivo": "REGUL",
    "cod_abrg": "13",
    "codigo_sia": 56,
    "cras": "CRAS Novo Mundo",
    "fid": 80,
    "fid_1": 80,
    "fid_1_1": 2,
    "globalid_1": "659e204a-6d4f-4d9b-8ccf-7282dc556878",
    "nome": "São Joaquim - Vila",
    "nome_comp": "Vila São Joaquim",
    "num_bairro": 31,
    "objectid_1": 9,
    "objectid_2": 13,
    "pasta3___1": " ",
    "pasta3___2": "Joaquim",
    "pasta3___3": " ",
    "pasta3___4": " ",
    "pasta3___5": " ",
    "pasta3__no": "Vila São Joaquim",
    "pasta3__ob": 80.0,
    "pasta3__te": " ",
    "regiao": "HB",
    "tipo": "BAIRRO"
   },
   "type": "Feature"
  },
  {
   "geometry": {
    "coordinates": [
     -49.380857258300836,
     -20.832700630832605
    ],
    "type": "Point"
   },
   "id": 81,
   "properties": {
    "abrangenci": "ESTORIL",
    "arquivo": "REGUL",
    "cod_abrg": "13",
    "codigo_sia": 11,
    "cras": "CRAS Novo Mundo",
    "fid": 81,
    "fid_1": 81,
    "fid_1_1": 2,
    "globalid_1": "ef1eb60a-ae21-4a91-8477-d10ec9d55fd7",
    "nome": "Bom Jardim - BAIRRO",
    "nome_comp": "Bom Jardim",
    "num_bairro": 2,
    "objectid_1": 18,
    "objectid_2": 13,
    "pasta3___1": "Jardim",
    "pasta3___2": " ",
    "pasta3___3": " ",
    "pasta3___4": " ",
    "pasta3___5": " ",
    "pasta3__no": "Bom Jardim",
    "pasta3__ob": 81.0,
    "pasta3__te": "Bom",
    "regiao": "HB",
    "tipo": "BAIRRO"
   },
   "type": "Feature"
  },
  {
   "geometry": {
    "coordinates": [
     -49.400894518523785,
     -20.833250853511913
    ],
    "type": "Point"
   },
   "id": 82,
   "properties": {
    "abrangenci": "ESTORIL",
    "arquivo": "REGUL",
    "cod_abrg": "13",
    "codigo_sia": 34,
    "cras": "CRAS Novo Mundo",
    "fid": 82,
    "fid_1": 82,
    "fid_1_1": 2,
    "globalid_1": "169d9620-a140-4563-a19d-89f167f02752",
    "nome": "São João - Vila",
    "nome_comp": "Vila São João",
    "num_bairro": 30,
    "objectid_1": 26,
    "objectid_2": 13,
    "pasta3___1": " ",
    "pasta3___2": "João",
    "pasta3___3": " ",
    "pasta3___4": " ",
    "pasta3___5": " ",
    "pasta3__no": "Vila São João",
    "pasta3__ob": 82.0,
    "pasta3__te": " ",
    "regiao": "HB",
    "tipo": "BAIRRO"
   },
   "type": "Feature"
  },
  {
   "geometry": {
    "coordinates": [
     -49.3645731490111,
     -20.830601944536117
    ],
    "type": "Point"
   },
   "id": 83,
   "properties": {
    "abrangenci": "ESTORIL",
    "arquivo": "REGUL",
    "cod_abrg": "13",
    "codigo_sia": 107,
    "cras": "CRAS Novo Mundo",
    "fid": 83,
    "fid_1": 83,
    "fid_1_1": 2,
    "globalid_1": "103a5e3d-1b32-4e18-9fca-74d5e5bba0ea",
    "nome": "Santa Maria",
    "nome_comp": "Jd Santa Maria",
    "num_bairro": 19,
    "objectid_1": 40,
    "objectid_2": 13,
    "pasta3___1": "Santa",
    "pasta3___2": "Maria",
    "pasta3___3": " ",
    "pasta3___4": " ",
    "pasta3___5": " ",
    "pasta3__no": "Jd Santa Maria",
    "pasta3__ob": 83.0,
    "pasta3__te": " ",
    "regiao": "HB",
    "tipo": "BAIRRO"
   },
   "type": "Feature"
  },
  {
   "geometry": {
    "coordinates": [
     -49.40145307412662,
     -20.830967892802864
    ],
    "type": "Point"
   },
   "id": 84,
   "properties": {
    "abrangenci": "ESTORIL",
    "arquivo": "REGUL",
    "cod_abrg": "13",
    "codigo_sia": 35,
    "cras": "CRAS Novo Mundo",
    "fid": 84,
    "fid_1": 84,
    "fid_1_1": 2,
    "globalid_1": "b5a9ca99-aa9e-4ce9-b740-ea26fadf34a6",
    "nome": "São Manoel - Vila",
    "nome_comp": "Vila São Manoel",
    "num_bairro": 33,
    "objectid_1": 49,
    "objectid_2": 13,
    "pasta3___1": " ",
    "pasta3___2": "Manoel",
    "pasta3___3": " ",
    "pasta3___4": " ",
    "pasta3___5": " ",
    "pasta3__no": "Vila São Manoel",
    "pasta3__ob": 84.0,
    "pasta3__te": " ",
    "regiao": "HB",
    "tipo": "BAIRRO"
   },
   "type": "Feature"
  },
  {
   "geometry": {
    "coordinates": [
     -49.398910499386936,
     -20.82940285077935
    ],
    "type": "Point"
   },
   "id": 85,
   "properties": {
    "abrangenci": "ESTORIL",
    "arquivo": "REGUL",
    "cod_abrg": "13",
    "codigo_sia": 36,
    "cras": "CRAS Novo Mundo",
    "fid": 85,
    "fid_1": 85,
    "fid_1_1": 2,
    "globalid_1": "8f8a070f-4036-4ed7-8a6a-c39a9e35817b",
    "nome": "Santa Cândida - Vila",
    "nome_comp": "Vila Santa Cândida",
    "num_bairro": 29,
    "objectid_1": 50,
    "objectid_2": 13,
    "pasta3___1": "Santa",
    "pasta3___2": "Cândida",
    "pasta3___3": " ",
    "pasta3___4": " ",
    "pasta3___5": " ",
    "pasta3__no": "Vila Santa Cândida",
    "pasta3__ob": 85.0,
    "pasta3__te": " ",
    "regiao": "HB",
    "tipo": "BAIRRO"
   },
   "type": "Feature"
  },
  {
   "geometry": {
    "coordinates": [
     -49.37494898486011,
     -20.833216488339755
    ],
    "type": "Point"
   },
   "id": 86,
   "properties": {
    "abrangenci": "ESTORIL",
    "arquivo": "REGUL",
    "cod_abrg": "13",
    "codigo_sia": 103,
    "cras": "CRAS Novo Mundo",
    "fid": 86,
    "fid_1": 86,
    "fid_1_1": 2,
    "globalid_1": "670382c0-3332-4e27-b27f-bd2b8382077d",
    "nome": "Urano - Jardim",
    "nome_comp": "Jd Urano",
    "num_bairro": 20,
    "objectid_1": 52,
    "objectid_2": 13,
    "pasta3___1": "Urano",
    "pasta3___2": " ",
    "pasta3___3": " ",
    "pasta3___4": " ",
    "pasta3___5": " ",
    "pasta3__no": "Jd Urano",
    "pasta3__ob": 86.0,
    "pasta3__te": " ",
    "regiao": "HB",
    "tipo": "BAIRRO"
   },
   "type": "Feature"
  },
  {
   "geometry": {
    "coordinates": [
     -49.404284274332326,
     -20.832399726343613
    ],
    "type": "Point"
   },
   "id": 87,
   "properties": {
    "abrangenci": "ESTORIL",
    "arquivo": "REGUL",
    "cod_abrg": "13",
    "codigo_sia": 88,
    "cras": "CRAS Novo Mundo",
    "fid": 87,
    "fid_1": 87,
    "fid_1_1": 2,
    "globalid_1": "2fd7b971-ac1d-4426-8b7d-82d26a060e12",
    "nome": "Pinheiros - Jardim",
    "nome_comp": "Jd Pinheiros",
    "num_bairro": 14,
    "objectid_1": 78,
    "objectid_2": 13,
    "pasta3___1": "Pinheiros",
    "pasta3___2": " ",
    "pasta3___3": " ",
    "pasta3___4": " ",
    "pasta3___5": " ",
    "pasta3__no": "Jd Pinheiros",
    "pasta3__ob": 87.0,
    "pasta3__te": " ",
    "regiao": "HB",
    "tipo": "BAIRRO"
   },
   "type": "Feature"
  },
  {
   "geometry": {
    "coordinates": [
     -49.386421036104146,
     -20.827894436280523
    ],
    "type": "Point"
   },
   "id": 88,
   "properties": {
    "abrangenci": "ESTORIL",
    "arquivo": "REGUL",
    "cod_abrg": "13",
    "codigo_sia": 247,
    "cras": "CRAS Novo Mundo",
    "fid": 88,
    "fid_1": 88,
    "fid_1_1": 2,
    "globalid_1": "941b93b6-7e74-4bb6-9c4e-9f72f3a1ad7e",
    "nome": "Brasilusa - Jardim",
    "nome_comp": "Jd Brasilusa",
    "num_bairro": 6,
    "objectid_1": 86,
    "objectid_2": 13,
    "pasta3___1": "Brasilusa",
    "pasta3___2": " ",
    "pasta3___3": " ",
    "pasta3___4": " ",
    "pasta3___5": " ",
    "pasta3__no": "Jd Brasilusa",
    "pasta3__ob": 88.0,
    "pasta3__te": " ",
    "regiao": "HB",
    "tipo": "BAIRRO"
   },
   "type": "Feature"
  },
  {
   "geometry": {
    "coordinates": [
     -49.38820670635812,
     -20.836057314487377
    ],
    "type": "Point"
   },
   "id": 89,
   "properties": {
    "abrangenci": "ESTORIL",
    "arquivo": "REGUL",
    "cod_abrg": "13",
    "codigo_sia": 6,
    "cras": "CRAS Novo Mundo",
    "fid": 89,
    "fid_1": 89,
    "fid_1_1": 2,
    "globalid_1": "d16a9920-056a-47a0-9f57-17db0ba02cd2",
    "nome": "Higienópolis - Jardim",
    "nome_comp": "Jd Higienópolis",
    "num_bairro": 10,
    "objectid_1": 239,
    "objectid_2": 13,
    "pasta3___1": "Higienópolis",
    "pasta3___2": " ",
    "pasta3___3": " ",
    "pasta3___4": " ",
    "pasta3___5": " ",
    "pasta3__no": "Jd Higienópolis",
    "pasta3__ob": 89.0,
    "pasta3__te": " ",
    "regiao": "HB",
    "tipo": "BAIRRO"
   },
   "type": "Feature"
  },
  {
   "geometry": {
    "coordinates": [
     -49.38936033931303,
     -20.830197732821354
    ],
    "type": "Point"
   },
   "id": 90,
   "properties": {
    "abrangenci": "ESTORIL",
    "arquivo": "REGUL",
    "cod_abrg": "13",
    "codigo_sia": 288,
    "cras": "CRAS Novo Mundo",
    "fid": 90,
    "fid_1": 90,
    "fid_1_1": 2,
    "globalid_1": "16ab17d5-cacd-4dc5-9e0a-44f72d7b0949",
    "nome": "João José de Paula - Ret.",
    "nome_comp": "Ret João José de Paula",
    "num_bairro": 26,
    "objectid_1": 342,
    "objectid_2": 13,
    "pasta3___1": "João",
    "pasta3___2": "José",
    "pasta3___3": " ",
    "pasta3___4": "Paula",
    "pasta3___5": " ",
    "pasta3__no": "Ret João José de Paula",
    "pasta3__ob": 90.0,
    "pasta3__te": " ",
    "regiao": "HB",
    "tipo": "RETALHAMENTO"
   },
   "type": "Feature"
  },
  {
   "geometry": {
    "coordinates": [
     -49.38377919371506,
     -20.829158716363754
    ],
    "type": "Point"
   },
   "id": 91,
   "properties": {
    "abrangenci": "ESTORIL",
    "arquivo": "REGUL",
    "cod_abrg": "13",
    "codigo_sia": 605,
    "cras": "CRAS Novo Mundo",
    "fid": 91,
    "fid_1": 91,
    "fid_1_1": 2,
    "globalid_1": "eb8d503e-86b4-4838-ad5c-86ce906e16aa",
    "nome": "Reserva da Mata",
    "nome_comp": "Reserva da Mata",
    "num_bairro": 1,
    "objectid_1": 676,
    "objectid_2": 13,
    "pasta3___1": " ",
    "pasta3___2": "Mata",
    "pasta3___3": " ",
    "pasta3___4": " ",
    "pasta3___5": " ",
    "pasta3__no": "Reserva da Mata",
    "pasta3__ob": 91.0,
    "pasta3__te": "Reserva",
    "regiao": "HB",
    "tipo": "CONDOMÍNIO FECHADO"
   },
   "type": "Feature"
  },
  {
   "geometry": {
    "coordinates": [
     -49.402368091315374,
     -20.82554532354281
    ],
    "type": "Point"
   },
   "id": 92,
   "properties": {
    "abrangenci": "ESTORIL",
    "arquivo": "REGUL",
    "cod_abrg": "13",
    "codigo_sia": 155,
    "cras": "CRAS Novo Mundo",
    "fid": 92,
    "fid_1": 92,
    "fid_1_1": 2,
    "globalid_1": "12545b21-183b-454e-a96a-b1f1bb65f5e7",
    "nome": "Godoy - Retalhamento",
    "nome_comp": "Ret Godoy",
    "num_bairro": 27,
    "objectid_1": 262,
    "objectid_2": 13,
    "pasta3___1": "Godoy",
    "pasta3___2": " ",
    "pasta3___3": " ",
    "pasta3___4": " ",
    "pasta3___5": " ",
    "pasta3__no": "Ret Godoy",
    "pasta3__ob": 92.0,
    "pasta3__te": " ",
    "regiao": "HB",
    "tipo": "RETALHAMENTO"
   },
   "type": "Feature"
  },
  {
   "geometry": {
    "coordinates": [
     -49.37557839072776,
     -20.7789159710279
    ],
    "type": "Point"
   },
   "id": 93,
   "properties": {
    "abrangenci": "ANCHIETA",
    "arquivo": "REGUL",
    "cod_abrg": "07",
    "codigo_sia": 492,
    "cras": "CRAS João Paulo II",
    "fid": 93,
    "fid_1": 93,
    "fid_1_1": 3,
    "globalid_1": "1afe86fd-3c33-4ca0-9e09-9af7149847f3",
    "nome": "Villagio Vitoria",
    "nome_comp": "Villagio Vitoria",
    "num_bairro": 30,
    "objectid_1": 538,
    "objectid_2": 7,
    "pasta3___1": "Vitoria",
    "pasta3___2": " ",
    "pasta3___3": " ",
    "pasta3___4": " ",
    "pasta3___5": " ",
    "pasta3__no": "Villagio Vitoria",
    "pasta3__ob": 93.0,
    "pasta3__te": "Villagio",
    "regiao": "Bosque",
    "tipo": "CONDOMÍNIO FECHADO"
   },
   "type": "Feature"
  },
  {
   "geometry": {
    "coordinates": [
     -49.377925259893786,
     -20.778012163838838
    ],
    "type": "Point"
   },
   "id": 94,
   "properties": {
    "abrangenci": "ANCHIETA",
    "arquivo": "REGUL",
    "cod_abrg": "07",
    "codigo_sia": 511,
    "cras": "CRAS João Paulo II",
    "fid": 94,
    "fid_1": 97,
    "fid_1_1": 3,
    "globalid_1": "9d073bb3-99c6-405c-9456-062b67552d75",
    "nome": "Clube V",
    "nome_comp": "Clube V",
    "num_bairro": 1,
    "objectid_1": 111,
    "objectid_2": 7,
    "pasta3___1": "V",
    "pasta3___2": " ",
    "pasta3___3": " ",
    "pasta3___4": " ",
    "pasta3___5": " ",
    "pasta3__no": "Clube V",
    "pasta3__ob": 94.0,
    "pasta3__te": "Clube",
    "regiao": "Bosque",
    "tipo": "LOTEAMENTO"
   },
   "type": "Feature"
  },
  {
   "geometry": {
    "coordinates": [
     -49.38008919658959,
     -20.780590801257773
    ],
    "type": "Point"
   },
   "id": 95,
   "properties": {
    "abrangenci": "ANCHIETA",
    "arquivo": "REGUL",
    "cod_abrg": "07",
    "codigo_sia": 539,
    "cras": "CRAS João Paulo II",
    "fid": 95,
    "fid_1": 98,
    "fid_1_1": 3,
    "globalid_1": "ff611370-b81e-4909-846e-895e50f99c5e",
    "nome": "Pq. Rio Reno",
    "nome_comp": "Pq Rio Reno",
    "num_bairro": 16,
    "objectid_1": 578,
    "objectid_2": 7,
    "pasta3___1": "Rio",
    "pasta3___2": "Reno",
    "pasta3___3": " ",
    "pasta3___4": " ",
    "pasta3___5": " ",
    "pasta3__no": "Pq Rio Reno",
    "pasta3__ob": 95.0,
    "pasta3__te": " ",
    "regiao": "Bosque",
    "tipo": "CONDOMÍNIO FECHADO VERTICAL"
   },
   "type": "Feature"
  },
  {
   "geometry": {
    "coordinates": [
     -49.37606288192918,
     -20.779356733604406
    ],
    "type": "Point"
   },
   "id": 96,
   "properties": {
    "abrangenci": "ANCHIETA",
    "arquivo": "REGUL",
    "cod_abrg": "07",
    "codigo_sia": 403,
    "cras": "CRAS João Paulo II",
    "fid": 96,
    "fid_1": 103,
    "fid_1_1": 3,
    "globalid_1": "6fcdcb67-0fd4-44ee-bb14-635b6c0b120e",
    "nome": "VITÓRIA 1 - JD.",
    "nome_comp": "Vitória I",
    "num_bairro": 32,
    "objectid_1": 583,
    "objectid_2": 7,
    "pasta3___1": " ",
    "pasta3___2": " ",
    "pasta3___3": " ",
    "pasta3___4": " ",
    "pasta3___5": " ",
    "pasta3__no": "Vitória I",
    "pasta3__ob": 96.0,
    "pasta3__te": "Vitória",
    "regiao": "Bosque",
    "tipo": "CONDOMÍNIO ABERTO"
   },
   "type": "Feature"
  },
  {
   "geometry": {
    "coordinates": [
     -49.37446733389436,
     -20.77806325513867
    ],
    "type": "Point"
   },
   "id": 97,
   "properties": {
    "abrangenci": "ANCHIETA",
    "arquivo": "REGUL",
    "cod_abrg": "07",
    "codigo_sia": 320,
    "cras": "CRAS João Paulo II",
    "fid": 97,
    "fid_1": 107,
    "fid_1_1": 3,
    "globalid_1": "227f2234-d3b0-4770-971a-aa6221004cad",
    "nome": "Flores I - Pq das",
    "nome_comp": "Pq das Flores I",
    "num_bairro": 14,
    "objectid_1": 333,
    "objectid_2": 7,
    "pasta3___1": " ",
    "pasta3___2": "Flores",
    "pasta3___3": " ",
    "pasta3___4": " ",
    "pasta3___5": " ",
    "pasta3__no": "Pq das Flores I",
    "pasta3__ob": 97.0,
    "pasta3__te": " ",
    "regiao": "Bosque",
    "tipo": "BAIRRO"
   },
   "type": "Feature"
  },
  {
   "geometry": {
    "coordinates": [
     -49.3750795546876,
     -20.77923759262221
    ],
    "type": "Point"
   },
   "id": 98,
   "properties": {
    "abrangenci": "ANCHIETA",
    "arquivo": "REGUL",
    "cod_abrg": "07",
    "codigo_sia": 404,
    "cras": "CRAS João Paulo II",
    "fid": 98,
    "fid_1": 112,
    "fid_1_1": 3,
    "globalid_1": "e0814533-444a-4966-8f8a-7f9b2a5074f6",
    "nome": "VITÓRIA 2 - JD.",
    "nome_comp": "Vitória 2",
    "num_bairro": 31,
    "objectid_1": 551,
    "objectid_2": 7,
    "pasta3___1": " ",
    "pasta3___2": " ",
    "pasta3___3": " ",
    "pasta3___4": " ",
    "pasta3___5": " ",
    "pasta3__no": "Vitória 2",
    "pasta3__ob": 98.0,
    "pasta3__te": "Vitória",
    "regiao": "Bosque",
    "tipo": "CONDOMÍNIO ABERTO"
   },
   "type": "Feature"
  },
  {
   "geometry": {
    "coordinates": [
     -49.38119435111192,
     -20.77943011070571
    ],
    "type": "Point"
   },
   "id": 99,
   "properties": {
    "abrangenci": "ANCHIETA",
    "arquivo": "REGUL",
    "cod_abrg": "07",
    "codigo_sia": 546,
    "cras": "CRAS João Paulo II",
    "fid": 99,
    "fid_1": 123,
    "fid_1_1": 3,
    "globalid_1": "550b5cb6-1aeb-4f32-aeb6-87dce263a4d7",
    "nome": "Sem Denominação Especial",
    "nome_comp": "Lot S/ Denominação Especial",
    "num_bairro": 11,
    "objectid_1": 457,
    "objectid_2": 7,
    "pasta3___1": " ",
    "pasta3___2": " ",
    "pasta3___3": " ",
    "pasta3___4": " ",
    "pasta3___5": " ",
    "pasta3__no": "Lot S/ Denominação Especial",
    "pasta3__ob": 99.0,
    "pasta3__te": " ",
    "regiao": "Bosque",
    "tipo": "LOTEAMENTO"
   },
   "type": "Feature"
  },
  {
   "geometry": {
    "coordinates": [
     -49.37016839144221,
     -20.78993859857492
    ],
    "type": "Point"
   },
   "id": 100,
   "properties": {
    "abrangenci": "ANCHIETA",
    "arquivo": "REGUL",
    "cod_abrg": "07",
    "codigo_sia": 71,
    "cras": "CRAS Centro",
    "fid": 100,
    "fid_1": 94,
    "fid_1_1": 3,
    "globalid_1": "55864e44-053b-45ca-a9cc-e1767d0c674d",
    "nome": "MOSSORÓ - VILA",
    "nome_comp": "Vila Mossoró",
    "num_bairro": 24,
    "objectid_1": 497,
    "objectid_2": 7,
    "pasta3___1": "Mossoró",
    "pasta3___2": " ",
    "pasta3___3": " ",
    "pasta3___4": " ",
    "pasta3___5": " ",
    "pasta3__no": "Vila Mossoró",
    "pasta3__ob": 100.0,
    "pasta3__te": " ",
    "regiao": "Central",
    "tipo": "BAIRRO"
   },
   "type": "Feature"
  },
  {
   "geometry": {
    "coordinates": [
     -49.367369132953314,
     -20.793806883678915
    ],
    "type": "Point"
   },
   "id": 101,
   "properties": {
    "abrangenci": "ANCHIETA",
    "arquivo": "REGUL",
    "cod_abrg": "07",
    "codigo_sia": 157,
    "cras": "CRAS Centro",
    "fid": 101,
    "fid_1": 95,
    "fid_1_1": 3,
    "globalid_1": "80d2d474-11f8-43e8-b3be-eca0bc1645f5",
    "nome": "Paulo Nimer - Ret.",
    "nome_comp": "Paulo Nimer",
    "num_bairro": 15,
    "objectid_1": 518,
    "objectid_2": 7,
    "pasta3___1": "Nimer",
    "pasta3___2": " ",
    "pasta3___3": " ",
    "pasta3___4": " ",
    "pasta3___5": " ",
    "pasta3__no": "Paulo Nimer",
    "pasta3__ob": 101.0,
    "pasta3__te": "Paulo",
    "regiao": "Central",
    "tipo": "RETALHAMENTO"
   },
   "type": "Feature"
  },
  {
   "geometry": {
    "coordinates": [
     -49.3708081352779,
     -20.79799290481472
    ],
    "type": "Point"
   },
   "id": 102,
   "properties": {
    "abrangenci": "ANCHIETA",
    "arquivo": "REGUL",
    "cod_abrg": "07",
    "codigo_sia": 20,
    "cras": "CRAS Centro",
    "fid": 102,
    "fid_1": 96,
    "fid_1_1": 3,
    "globalid_1": "641651e0-599c-4003-872e-7fb6cc27d921",
    "nome": "LISBOA - VILA",
    "nome_comp": "Lisboa",
    "num_bairro": 10,
    "objectid_1": 526,
    "objectid_2": 7,
    "pasta3___1": " ",
    "pasta3___2": " ",
    "pasta3___3": " ",
    "pasta3___4": " ",
    "pasta3___5": " ",
    "pasta3__no": "Lisboa",
    "pasta3__ob": 102.0,
    "pasta3__te": "Lisboa",
    "regiao": "Central",
    "tipo": "BAIRRO"
   },
   "type": "Feature"
  },
  {
   "geometry": {
    "coordinates": [
     -49.37392552523692,
     -20.791546332197942
    ],
    "type": "Point"
   },
   "id": 103,
   "properties": {
    "abrangenci": "ANCHIETA",
    "arquivo": "REGUL",
    "cod_abrg": "07",
    "codigo_sia": 81,
    "cras": "CRAS Centro",
    "fid": 103,
    "fid_1": 99,
    "fid_1_1": 3,
    "globalid_1": "7b41d264-2037-4d42-9ba3-5ead87304cb9",
    "nome": "JAYME ROSÁRIO - LOT.",
    "nome_comp": "Jayme Rosário",
    "num_bairro": 9,
    "objectid_1": 441,
    "objectid_2": 7,
    "pasta3___1": "Rosário",
    "pasta3___2": " ",
    "pasta3___3": " ",
    "pasta3___4": " ",
    "pasta3___5": " ",
    "pasta3__no": "Jayme Rosário",
    "pasta3__ob": 103.0,
    "pasta3__te": "Jayme",
    "regiao": "Central",
    "tipo": "BAIRRO"
   },
   "type": "Feature"
  },
  {
   "geometry": {
    "coordinates": [
     -49.376948694714294,
     -20.781903677344776
    ],
    "type": "Point"
   },
   "id": 104,
   "properties": {
    "abrangenci": "ANCHIETA",
    "arquivo": "REGUL",
    "cod_abrg": "07",
    "codigo_sia": 170,
    "cras": "CRAS Centro",
    "fid": 104,
    "fid_1": 100,
    "fid_1_1": 3,
    "globalid_1": "f1f0e561-7fa6-4caa-bc8e-d9f5c825c4c9",
    "nome": "Susana - Jardim",
    "nome_comp": "Jd Susana",
    "num_bairro": 8,
    "objectid_1": 382,
    "objectid_2": 7,
    "pasta3___1": "Susana",
    "pasta3___2": " ",
    "pasta3___3": " ",
    "pasta3___4": " ",
    "pasta3___5": " ",
    "pasta3__no": "Jd Susana",
    "pasta3__ob": 104.0,
    "pasta3__te": " ",
    "regiao": "Central",
    "tipo": "BAIRRO"
   },
   "type": "Feature"
  },
  {
   "geometry": {
    "coordinates": [
     -49.37459839463553,
     -20.787234145106506
    ],
    "type": "Point"
   },
   "id": 105,
   "properties": {
    "abrangenci": "ANCHIETA",
    "arquivo": "REGUL",
    "cod_abrg": "07",
    "codigo_sia": 68,
    "cras": "CRAS Centro",
    "fid": 105,
    "fid_1": 101,
    "fid_1_1": 3,
    "globalid_1": "6241884c-5eae-43e7-bf5c-4342df64147f",
    "nome": "Novaes - Vila",
    "nome_comp": "Vila Novaes",
    "num_bairro": 26,
    "objectid_1": 387,
    "objectid_2": 7,
    "pasta3___1": "Novaes",
    "pasta3___2": " ",
    "pasta3___3": " ",
    "pasta3___4": " ",
    "pasta3___5": " ",
    "pasta3__no": "Vila Novaes",
    "pasta3__ob": 105.0,
    "pasta3__te": " ",
    "regiao": "Central",
    "tipo": "BAIRRO"
   },
   "type": "Feature"
  },
  {
   "geometry": {
    "coordinates": [
     -49.37336058502928,
     -20.79696857826055
    ],
    "type": "Point"
   },
   "id": 106,
   "properties": {
    "abrangenci": "ANCHIETA",
    "arquivo": "REGUL",
    "cod_abrg": "07",
    "codigo_sia": 13,
    "cras": "CRAS Centro",
    "fid": 106,
    "fid_1": 102,
    "fid_1_1": 3,
    "globalid_1": "ecc17cb0-3399-4af0-9f2a-27f51a49dc9f",
    "nome": "Anchieta - Vila",
    "nome_comp": "Vila Anchieta",
    "num_bairro": 19,
    "objectid_1": 393,
    "objectid_2": 7,
    "pasta3___1": "Anchieta",
    "pasta3___2": " ",
    "pasta3___3": " ",
    "pasta3___4": " ",
    "pasta3___5": " ",
    "pasta3__no": "Vila Anchieta",
    "pasta3__ob": 106.0,
    "pasta3__te": " ",
    "regiao": "Central",
    "tipo": "BAIRRO"
   },
   "type": "Feature"
  },
  {
   "geometry": {
    "coordinates": [
     -49.36938002295078,
     -20.79665952265467
    ],
    "type": "Point"
   },
   "id": 107,
   "properties": {
    "abrangenci": "ANCHIETA",
    "arquivo": "REGUL",
    "cod_abrg": "07",
    "codigo_sia": 388,
    "cras": "CRAS Centro",
    "fid": 107,
    "fid_1": 104,
    "fid_1_1": 3,
    "globalid_1": "ea6b8fe9-d65b-461a-bfe4-d4d18a3ccbac",
    "nome": "Cruzeiro",
    "nome_comp": "Cruzeiro",
    "num_bairro": 2,
    "objectid_1": 347,
    "objectid_2": 7,
    "pasta3___1": " ",
    "pasta3___2": " ",
    "pasta3___3": " ",
    "pasta3___4": " ",
    "pasta3___5": " ",
    "pasta3__no": "Cruzeiro",
    "pasta3__ob": 107.0,
    "pasta3__te": "Cruzeiro",
    "regiao": "Central",
    "tipo": "BAIRRO"
   },
   "type": "Feature"
  },
  {
   "geometry": {
    "coordinates": [
     -49.374097280314096,
     -20.788361060346343
    ],
    "type": "Point"
   },
   "id": 108,
   "properties": {
    "abrangenci": "ANCHIETA",
    "arquivo": "REGUL",
    "cod_abrg": "07",
    "codigo_sia": 114,
    "cras": "CRAS Centro",
    "fid": 108,
    "fid_1": 105,
    "fid_1_1": 3,
    "globalid_1": "ac8240dd-b5f9-4d74-a712-0340bdc0924f",
    "nome": "Rosely - Jardim",
    "nome_comp": "Jd Rosely",
    "num_bairro": 5,
    "objectid_1": 363,
    "objectid_2": 7,
    "pasta3___1": "Rosely",
    "pasta3___2": " ",
    "pasta3___3": " ",
    "pasta3___4": " ",
    "pasta3___5": " ",
    "pasta3__no": "Jd Rosely",
    "pasta3__ob": 108.0,
    "pasta3__te": " ",
    "regiao": "Central",
    "tipo": "BAIRRO"
   },
   "type": "Feature"
  },
  {
   "geometry": {
    "coordinates": [
     -49.36638959410682,
     -20.789310826163963
    ],
    "type": "Point"
   },
   "id": 109,
   "properties": {
    "abrangenci": "ANCHIETA",
    "arquivo": "REGUL",
    "cod_abrg": "07",
    "codigo_sia": 72,
    "cras": "CRAS Centro",
    "fid": 109,
    "fid_1": 106,
    "fid_1_1": 3,
    "globalid_1": "9b728e5c-2259-4c49-bd5e-f3e264a25473",
    "nome": "Gasbarro - Vila",
    "nome_comp": "Vila Gasbarro",
    "num_bairro": 20,
    "objectid_1": 375,
    "objectid_2": 7,
    "pasta3___1": "Gasbarro",
    "pasta3___2": " ",
    "pasta3___3": " ",
    "pasta3___4": " ",
    "pasta3___5": " ",
    "pasta3__no": "Vila Gasbarro",
    "pasta3__ob": 109.0,
    "pasta3__te": " ",
    "regiao": "Central",
    "tipo": "BAIRRO"
   },
   "type": "Feature"
  },
  {
   "geometry": {
    "coordinates": [
     -49.36817271499236,
     -20.795178251606576
    ],
    "type": "Point"
   },
   "id": 110,
   "properties": {
    "abrangenci": "ANCHIETA",
    "arquivo": "REGUL",
    "cod_abrg": "07",
    "codigo_sia": 15,
    "cras": "CRAS Centro",
    "fid": 110,
    "fid_1": 108,
    "fid_1_1": 3,
    "globalid_1": "c137f47c-b40b-4e9d-8dcc-a1f3bbbd8d78",
    "nome": "Nossa Senhora do Carmo - Vila",
    "nome_comp": "Vila Nossa Senhora do Carmo",
    "num_bairro": 25,
    "objectid_1": 171,
    "objectid_2": 7,
    "pasta3___1": "Nossa",
    "pasta3___2": "Senhora",
    "pasta3___3": " ",
    "pasta3___4": "Carmo",
    "pasta3___5": " ",
    "pasta3__no": "Vila Nossa Senhora do Carmo",
    "pasta3__ob": 110.0,
    "pasta3__te": " ",
    "regiao": "Central",
    "tipo": "BAIRRO"
   },
   "type": "Feature"
  },
  {
   "geometry": {
    "coordinates": [
     -49.370322391046656,
     -20.78503736757291
    ],
    "type": "Point"
   },
   "id": 111,
   "properties": {
    "abrangenci": "ANCHIETA",
    "arquivo": "REGUL",
    "cod_abrg": "07",
    "codigo_sia": 322,
    "cras": "CRAS Centro",
    "fid": 111,
    "fid_1": 109,
    "fid_1_1": 3,
    "globalid_1": "e92b7afe-16f6-407a-a92d-af0cad2fa793",
    "nome": "Santa Rosa I - Jardim",
    "nome_comp": "Jd Santa Rosa I",
    "num_bairro": 6,
    "objectid_1": 183,
    "objectid_2": 7,
    "pasta3___1": "Santa",
    "pasta3___2": "Rosa",
    "pasta3___3": " ",
    "pasta3___4": " ",
    "pasta3___5": " ",
    "pasta3__no": "Jd Santa Rosa I",
    "pasta3__ob": 111.0,
    "pasta3__te": " ",
    "regiao": "Central",
    "tipo": "BAIRRO"
   },
   "type": "Feature"
  },
  {
   "geometry": {
    "coordinates": [
     -49.372001084839454,
     -20.780647887363298
    ],
    "type": "Point"
   },
   "id": 112,
   "properties": {
    "abrangenci": "ANCHIETA",
    "arquivo": "REGUL",
    "cod_abrg": "07",
    "codigo_sia": 86,
    "cras": "CRAS Centro",
    "fid": 112,
    "fid_1": 110,
    "fid_1_1": 3,
    "globalid_1": "4b91b844-fef5-48ce-a40f-14e876f0a726",
    "nome": "Caparroz - Lot.",
    "nome_comp": "Jd Caparroz",
    "num_bairro": 3,
    "objectid_1": 213,
    "objectid_2": 7,
    "pasta3___1": "Caparroz",
    "pasta3___2": " ",
    "pasta3___3": " ",
    "pasta3___4": " ",
    "pasta3___5": " ",
    "pasta3__no": "Jd Caparroz",
    "pasta3__ob": 112.0,
    "pasta3__te": " ",
    "regiao": "Central",
    "tipo": "BAIRRO"
   },
   "type": "Feature"
  },
  {
   "geometry": {
    "coordinates": [
     -49.37872297175017,
     -20.78860138839152
    ],
    "type": "Point"
   },
   "id": 113,
   "properties": {
    "abrangenci": "ANCHIETA",
    "arquivo": "REGUL",
    "cod_abrg": "07",
    "codigo_sia": 112,
    "cras": "CRAS Centro",
    "fid": 113,
    "fid_1": 111,
    "fid_1_1": 3,
    "globalid_1": "b204f49e-1bfe-4072-b1b1-2c03f2a1b595",
    "nome": "Conceição - Jardim",
    "nome_comp": "Jd Conceição",
    "num_bairro": 4,
    "objectid_1": 230,
    "objectid_2": 7,
    "pasta3___1": "Conceição",
    "pasta3___2": " ",
    "pasta3___3": " ",
    "pasta3___4": " ",
    "pasta3___5": " ",
    "pasta3__no": "Jd Conceição",
    "pasta3__ob": 113.0,
    "pasta3__te": " ",
    "regiao": "Central",
    "tipo": "BAIRRO"
   },
   "type": "Feature"
  },
  {
   "geometry": {
    "coordinates": [
     -49.37195195012975,
     -20.785146924753104
    ],
    "type": "Point"
   },
   "id": 114,
   "properties": {
    "abrangenci": "ANCHIETA",
    "arquivo": "REGUL",
    "cod_abrg": "07",
    "codigo_sia": 491,
    "cras": "CRAS Centro",
    "fid": 114,
    "fid_1": 113,
    "fid_1_1": 3,
    "globalid_1": "51a4f668-1e1b-4540-93fc-9847979bde13",
    "nome": "Mon Village",
    "nome_comp": "Mon Village",
    "num_bairro": 13,
    "objectid_1": 564,
    "objectid_2": 7,
    "pasta3___1": "Village",
    "pasta3___2": " ",
    "pasta3___3": " ",
    "pasta3___4": " ",
    "pasta3___5": " ",
    "pasta3__no": "Mon Village",
    "pasta3__ob": 114.0,
    "pasta3__te": "Mon",
    "regiao": "Central",
    "tipo": "BAIRRO"
   },
   "type": "Feature"
  },
  {
   "geometry": {
    "coordinates": [
     -49.369899097333025,
     -20.795929672439907
    ],
    "type": "Point"
   },
   "id": 115,
   "properties": {
    "abrangenci": "ANCHIETA",
    "arquivo": "REGUL",
    "cod_abrg": "07",
    "codigo_sia": 21,
    "cras": "CRAS Centro",
    "fid": 115,
    "fid_1": 114,
    "fid_1_1": 3,
    "globalid_1": "e7dedcde-9fb4-49c1-8bb5-8f89db40edd9",
    "nome": "Santa Izabel - Vila",
    "nome_comp": "Vila Santa Izabel",
    "num_bairro": 28,
    "objectid_1": 244,
    "objectid_2": 7,
    "pasta3___1": "Santa",
    "pasta3___2": "Izabel",
    "pasta3___3": " ",
    "pasta3___4": " ",
    "pasta3___5": " ",
    "pasta3__no": "Vila Santa Izabel",
    "pasta3__ob": 115.0,
    "pasta3__te": " ",
    "regiao": "Central",
    "tipo": "BAIRRO"
   },
   "type": "Feature"
  },
  {
   "geometry": {
    "coordinates": [
     -49.371365502778815,
     -20.791411805599754
    ],
    "type": "Point"
   },
   "id": 116,
   "properties": {
    "abrangenci": "ANCHIETA",
    "arquivo": "REGUL",
    "cod_abrg": "07",
    "codigo_sia": 70,
    "cras": "CRAS Centro",
    "fid": 116,
    "fid_1": 115,
    "fid_1_1": 3,
    "globalid_1": "68b99e19-01a9-4221-a5f2-0f65ce65fa21",
    "nome": "Progresso - Vila",
    "nome_comp": "Vila Progresso",
    "num_bairro": 27,
    "objectid_1": 250,
    "objectid_2": 7,
    "pasta3___1": "Progresso",
    "pasta3___2": " ",
    "pasta3___3": " ",
    "pasta3___4": " ",
    "pasta3___5": " ",
    "pasta3__no": "Vila Progresso",
    "pasta3__ob": 116.0,
    "pasta3__te": " ",
    "regiao": "Central",
    "tipo": "BAIRRO"
   },
   "type": "Feature"
  },
  {
   "geometry": {
    "coordinates": [
     -49.37009434725161,
     -20.792256063000842
    ],
    "type": "Point"
   },
   "id": 117,
   "properties": {
    "abrangenci": "ANCHIETA",
    "arquivo": "REGUL",
    "cod_abrg": "07",
    "codigo_sia": 142,
    "cras": "CRAS Centro",
    "fid": 117,
    "fid_1": 116,
    "fid_1_1": 3,
    "globalid_1": "921b0f55-b257-4124-bbc1-088735ac35af",
    "nome": "Mangini - Vila",
    "nome_comp": "Vila Mangini",
    "num_bairro": 23,
    "objectid_1": 93,
    "objectid_2": 7,
    "pasta3___1": "Mangini",
    "pasta3___2": " ",
    "pasta3___3": " ",
    "pasta3___4": " ",
    "pasta3___5": " ",
    "pasta3__no": "Vila Mangini",
    "pasta3__ob": 117.0,
    "pasta3__te": " ",
    "regiao": "Central",
    "tipo": "BAIRRO"
   },
   "type": "Feature"
  },
  {
   "geometry": {
    "coordinates": [
     -49.37013200230434,
     -20.793911684665805
    ],
    "type": "Point"
   },
   "id": 118,
   "properties": {
    "abrangenci": "ANCHIETA",
    "arquivo": "REGUL",
    "cod_abrg": "07",
    "codigo_sia": 82,
    "cras": "CRAS Centro",
    "fid": 118,
    "fid_1": 117,
    "fid_1_1": 3,
    "globalid_1": "1216ad00-8270-4ab2-897a-3238375ae287",
    "nome": "Giachetto",
    "nome_comp": "Lot Giachetto",
    "num_bairro": 12,
    "objectid_1": 143,
    "objectid_2": 7,
    "pasta3___1": "Giachetto",
    "pasta3___2": " ",
    "pasta3___3": " ",
    "pasta3___4": " ",
    "pasta3___5": " ",
    "pasta3__no": "Lot Giachetto",
    "pasta3__ob": 118.0,
    "pasta3__te": " ",
    "regiao": "Central",
    "tipo": "RETALHAMENTO"
   },
   "type": "Feature"
  },
  {
   "geometry": {
    "coordinates": [
     -49.369007349582354,
     -20.790418261762923
    ],
    "type": "Point"
   },
   "id": 119,
   "properties": {
    "abrangenci": "ANCHIETA",
    "arquivo": "REGUL",
    "cod_abrg": "07",
    "codigo_sia": 141,
    "cras": "CRAS Centro",
    "fid": 119,
    "fid_1": 118,
    "fid_1_1": 3,
    "globalid_1": "e3a15770-e9dc-4117-8cf2-7a80bd858cea",
    "nome": "GUARAREMA - VILA",
    "nome_comp": "Vila Guararema",
    "num_bairro": 21,
    "objectid_1": 27,
    "objectid_2": 7,
    "pasta3___1": "Guararema",
    "pasta3___2": " ",
    "pasta3___3": " ",
    "pasta3___4": " ",
    "pasta3___5": " ",
    "pasta3__no": "Vila Guararema",
    "pasta3__ob": 119.0,
    "pasta3__te": " ",
    "regiao": "Central",
    "tipo": "BAIRRO"
   },
   "type": "Feature"
  },
  {
   "geometry": {
    "coordinates": [
     -49.37345264131274,
     -20.784028326344657
    ],
    "type": "Point"
   },
   "id": 120,
   "properties": {
    "abrangenci": "ANCHIETA",
    "arquivo": "REGUL",
    "cod_abrg": "07",
    "codigo_sia": 158,
    "cras": "CRAS Centro",
    "fid": 120,
    "fid_1": 119,
    "fid_1_1": 3,
    "globalid_1": "f239a5ab-07d4-4e30-8613-305d55080b95",
    "nome": "Sônia - Jardim",
    "nome_comp": "Jd Sônia",
    "num_bairro": 7,
    "objectid_1": 29,
    "objectid_2": 7,
    "pasta3___1": "Sônia",
    "pasta3___2": " ",
    "pasta3___3": " ",
    "pasta3___4": " ",
    "pasta3___5": " ",
    "pasta3__no": "Jd Sônia",
    "pasta3__ob": 120.0,
    "pasta3__te": " ",
    "regiao": "Central",
    "tipo": "BAIRRO"
   },
   "type": "Feature"
  },
  {
   "geometry": {
    "coordinates": [
     -49.374643103004665,
     -20.79144149191809
    ],
    "type": "Point"
   },
   "id": 121,
   "properties": {
    "abrangenci": "ANCHIETA",
    "arquivo": "REGUL",
    "cod_abrg": "07",
    "codigo_sia": 77,
    "cras": "CRAS Centro",
    "fid": 121,
    "fid_1": 120,
    "fid_1_1": 3,
    "globalid_1": "a02285fe-fdf1-4817-96e3-f1430387bea3",
    "nome": "Joaquim Nabuco - Pq. Res.",
    "nome_comp": "Res Joaquim Nabuco",
    "num_bairro": 17,
    "objectid_1": 73,
    "objectid_2": 7,
    "pasta3___1": "Joaquim",
    "pasta3___2": "Nabuco",
    "pasta3___3": " ",
    "pasta3___4": " ",
    "pasta3___5": " ",
    "pasta3__no": "Res Joaquim Nabuco",
    "pasta3__ob": 121.0,
    "pasta3__te": " ",
    "regiao": "Central",
    "tipo": "BAIRRO"
   },
   "type": "Feature"
  },
  {
   "geometry": {
    "coordinates": [
     -49.371332568634564,
     -20.787977863481128
    ],
    "type": "Point"
   },
   "id": 122,
   "properties": {
    "abrangenci": "ANCHIETA",
    "arquivo": "REGUL",
    "cod_abrg": "07",
    "codigo_sia": 136,
    "cras": "CRAS Centro",
    "fid": 122,
    "fid_1": 121,
    "fid_1_1": 3,
    "globalid_1": "026f3f2a-319f-435f-a349-fb1226eb8fbb",
    "nome": "Vânia Marta - Retalhamento",
    "nome_comp": "Ret Vânia Marta",
    "num_bairro": 18,
    "objectid_1": 79,
    "objectid_2": 7,
    "pasta3___1": "Vânia",
    "pasta3___2": "Marta",
    "pasta3___3": " ",
    "pasta3___4": " ",
    "pasta3___5": " ",
    "pasta3__no": "Ret Vânia Marta",
    "pasta3__ob": 122.0,
    "pasta3__te": " ",
    "regiao": "Central",
    "tipo": "RETALHAMENTO"
   },
   "type": "Feature"
  },
  {
   "geometry": {
    "coordinates": [
     -49.36870853071102,
     -20.7924663133916
    ],
    "type": "Point"
   },
   "id": 123,
   "properties": {
    "abrangenci": "ANCHIETA",
    "arquivo": "REGUL",
    "cod_abrg": "07",
    "codigo_sia": 14,
    "cras": "CRAS Centro",
    "fid": 123,
    "fid_1": 122,
    "fid_1_1": 3,
    "globalid_1": "09b284dc-1482-4245-ba4a-a53b6f1453c5",
    "nome": "Ipiranga - Vila",
    "nome_comp": "Vila Ipiranga",
    "num_bairro": 22,
    "objectid_1": 88,
    "objectid_2": 7,
    "pasta3___1": "Ipiranga",
    "pasta3___2": " ",
    "pasta3___3": " ",
    "pasta3___4": " ",
    "pasta3___5": " ",
    "pasta3__no": "Vila Ipiranga",
    "pasta3__ob": 123.0,
    "pasta3__te": " ",
    "regiao": "Central",
    "tipo": "BAIRRO"
   },
   "type": "Feature"
  },
  {
   "geometry": {
    "coordinates": [
     -49.371417115838696,
     -20.788991800115216
    ],
    "type": "Point"
   },
   "id": 124,
   "properties": {
    "abrangenci": "ANCHIETA",
    "arquivo": "REGUL",
    "cod_abrg": "07",
    "codigo_sia": 69,
    "cras": "CRAS Centro",
    "fid": 124,
    "fid_1": 124,
    "fid_1_1": 3,
    "globalid_1": "355465d1-842f-468f-95c6-1ffd70ee7ace",
    "nome": "São Luiz Gonzaga - Vila",
    "nome_comp": "Vila São Luiz Gonzaga",
    "num_bairro": 29,
    "objectid_1": 163,
    "objectid_2": 7,
    "pasta3___1": " ",
    "pasta3___2": "Luiz",
    "pasta3___3": "Gonzaga",
    "pasta3___4": " ",
    "pasta3___5": " ",
    "pasta3__no": "Vila São Luiz Gonzaga",
    "pasta3__ob": 124.0,
    "pasta3__te": " ",
    "regiao": "Central",
    "tipo": "BAIRRO"
   },
   "type": "Feature"
  },
  {
   "geometry": {
    "coordinates": [
     -49.359690752294284,
     -20.819245773711764
    ],
    "type": "Point"
   },
   "id": 125,
   "properties": {
    "abrangenci": "VILA ELVIRA",
    "arquivo": "REGUL",
    "cod_abrg": "11",
    "codigo_sia": 474,
    "cras": "CRAS Centro",
    "fid": 125,
    "fid_1": 125,
    "fid_1_1": 4,
    "globalid_1": "91caebff-286a-4999-b333-ab2c0def110f",
    "nome": "Villaggio São Judas",
    "nome_comp": "Villaggio São Judas",
    "num_bairro": 14,
    "objectid_1": 602,
    "objectid_2": 11,
    "pasta3___1": " ",
    "pasta3___2": "Judas",
    "pasta3___3": " ",
    "pasta3___4": " ",
    "pasta3___5": " ",
    "pasta3__no": "Villaggio São Judas",
    "pasta3__ob": 125.0,
    "pasta3__te": "Villaggio",
    "regiao": "Central",
    "tipo": "CONDOMÍNIO FECHADO"
   },
   "type": "Feature"
  },
  {
   "geometry": {
    "coordinates": [
     -49.36866844780198,
     -20.81250445334299
    ],
    "type": "Point"
   },
   "id": 126,
   "properties": {
    "abrangenci": "VILA ELVIRA",
    "arquivo": "REGUL",
    "cod_abrg": "11",
    "codigo_sia": 84,
    "cras": "CRAS Centro",
    "fid": 126,
    "fid_1": 126,
    "fid_1_1": 4,
    "globalid_1": "d2a84f7f-e043-4672-8fee-0380138b7f4f",
    "nome": "Vila Nova",
    "nome_comp": "Ret Vila Nova",
    "num_bairro": 6,
    "objectid_1": 477,
    "objectid_2": 11,
    "pasta3___1": "Vila",
    "pasta3___2": "Nova",
    "pasta3___3": " ",
    "pasta3___4": " ",
    "pasta3___5": " ",
    "pasta3__no": "Ret Vila Nova",
    "pasta3__ob": 126.0,
    "pasta3__te": " ",
    "regiao": "Central",
    "tipo": "RETALHAMENTO"
   },
   "type": "Feature"
  },
  {
   "geometry": {
    "coordinates": [
     -49.36234156717537,
     -20.811156547745604
    ],
    "type": "Point"
   },
   "id": 127,
   "properties": {
    "abrangenci": "VILA ELVIRA",
    "arquivo": "REGUL",
    "cod_abrg": "11",
    "codigo_sia": 25,
    "cras": "CRAS Centro",
    "fid": 127,
    "fid_1": 127,
    "fid_1_1": 4,
    "globalid_1": "61834d90-db46-4811-a902-e9880a323ed5",
    "nome": "Elvira - Vila",
    "nome_comp": "Vila Elvira",
    "num_bairro": 11,
    "objectid_1": 392,
    "objectid_2": 11,
    "pasta3___1": "Elvira",
    "pasta3___2": " ",
    "pasta3___3": " ",
    "pasta3___4": " ",
    "pasta3___5": " ",
    "pasta3__no": "Vila Elvira",
    "pasta3__ob": 127.0,
    "pasta3__te": " ",
    "regiao": "Central",
    "tipo": "BAIRRO"
   },
   "type": "Feature"
  },
  {
   "geometry": {
    "coordinates": [
     -49.36030576968251,
     -20.817676035556996
    ],
    "type": "Point"
   },
   "id": 128,
   "properties": {
    "abrangenci": "VILA ELVIRA",
    "arquivo": "REGUL",
    "cod_abrg": "11",
    "codigo_sia": 12,
    "cras": "CRAS Centro",
    "fid": 128,
    "fid_1": 128,
    "fid_1_1": 4,
    "globalid_1": "80481e8e-7b97-4524-9b2b-68a3254fe491",
    "nome": "Roseiral - Bairro",
    "nome_comp": "Roseiral",
    "num_bairro": 7,
    "objectid_1": 367,
    "objectid_2": 11,
    "pasta3___1": " ",
    "pasta3___2": " ",
    "pasta3___3": " ",
    "pasta3___4": " ",
    "pasta3___5": " ",
    "pasta3__no": "Roseiral",
    "pasta3__ob": 128.0,
    "pasta3__te": "Roseiral",
    "regiao": "Central",
    "tipo": "BAIRRO"
   },
   "type": "Feature"
  },
  {
   "geometry": {
    "coordinates": [
     -49.358662807135,
     -20.813695216230503
    ],
    "type": "Point"
   },
   "id": 129,
   "properties": {
    "abrangenci": "VILA ELVIRA",
    "arquivo": "REGUL",
    "cod_abrg": "11",
    "codigo_sia": 128,
    "cras": "CRAS Centro",
    "fid": 129,
    "fid_1": 129,
    "fid_1_1": 4,
    "globalid_1": "d3816210-83d5-4933-b802-8063b92693c4",
    "nome": "Estrela - Jardim",
    "nome_comp": "Jd Estrela",
    "num_bairro": 2,
    "objectid_1": 370,
    "objectid_2": 11,
    "pasta3___1": "Estrela",
    "pasta3___2": " ",
    "pasta3___3": " ",
    "pasta3___4": " ",
    "pasta3___5": " ",
    "pasta3__no": "Jd Estrela",
    "pasta3__ob": 129.0,
    "pasta3__te": " ",
    "regiao": "Central",
    "tipo": "BAIRRO"
   },
   "type": "Feature"
  },
  {
   "geometry": {
    "coordinates": [
     -49.36196691403511,
     -20.824317753849165
    ],
    "type": "Point"
   },
   "id": 130,
   "properties": {
    "abrangenci": "VILA ELVIRA",
    "arquivo": "REGUL",
    "cod_abrg": "11",
    "codigo_sia": 76,
    "cras": "CRAS Centro",
    "fid": 130,
    "fid_1": 130,
    "fid_1_1": 4,
    "globalid_1": "d86946fa-22c4-4ecb-9dc9-426827aaa44e",
    "nome": "Mançour Daud - Pq. Res. Com.",
    "nome_comp": "Res Mançour Daud",
    "num_bairro": 4,
    "objectid_1": 377,
    "objectid_2": 11,
    "pasta3___1": "Mançour",
    "pasta3___2": "Daud",
    "pasta3___3": " ",
    "pasta3___4": " ",
    "pasta3___5": " ",
    "pasta3__no": "Res Mançour Daud",
    "pasta3__ob": 130.0,
    "pasta3__te": " ",
    "regiao": "Central",
    "tipo": "BAIRRO"
   },
   "type": "Feature"
  },
  {
   "geometry": {
    "coordinates": [
     -49.370879298117686,
     -20.81419661827201
    ],
    "type": "Point"
   },
   "id": 131,
   "properties": {
    "abrangenci": "VILA ELVIRA",
    "arquivo": "REGUL",
    "cod_abrg": "11",
    "codigo_sia": 61,
    "cras": "CRAS Centro",
    "fid": 131,
    "fid_1": 131,
    "fid_1_1": 4,
    "globalid_1": "b73e603f-c089-43ef-a768-7f019940873e",
    "nome": "Ercília - Vila",
    "nome_comp": "Vila Ercília",
    "num_bairro": 12,
    "objectid_1": 160,
    "objectid_2": 11,
    "pasta3___1": "Ercília",
    "pasta3___2": " ",
    "pasta3___3": " ",
    "pasta3___4": " ",
    "pasta3___5": " ",
    "pasta3__no": "Vila Ercília",
    "pasta3__ob": 131.0,
    "pasta3__te": " ",
    "regiao": "Central",
    "tipo": "CHÁCARAS"
   },
   "type": "Feature"
  },
  {
   "geometry": {
    "coordinates": [
     -49.36068040448015,
     -20.812937819994744
    ],
    "type": "Point"
   },
   "id": 132,
   "properties": {
    "abrangenci": "VILA ELVIRA",
    "arquivo": "REGUL",
    "cod_abrg": "11",
    "codigo_sia": 28,
    "cras": "CRAS Centro",
    "fid": 132,
    "fid_1": 132,
    "fid_1_1": 4,
    "globalid_1": "6a7abb64-0fd9-452d-bcdf-bc8f5e8221e3",
    "nome": "Santa Tereza - Vila",
    "nome_comp": "Vila Santa Tereza",
    "num_bairro": 13,
    "objectid_1": 164,
    "objectid_2": 11,
    "pasta3___1": "Santa",
    "pasta3___2": "Tereza",
    "pasta3___3": " ",
    "pasta3___4": " ",
    "pasta3___5": " ",
    "pasta3__no": "Vila Santa Tereza",
    "pasta3__ob": 132.0,
    "pasta3__te": " ",
    "regiao": "Central",
    "tipo": "BAIRRO"
   },
   "type": "Feature"
  },
  {
   "geometry": {
    "coordinates": [
     -49.366042946125845,
     -20.81247626659433
    ],
    "type": "Point"
   },
   "id": 133,
   "properties": {
    "abrangenci": "VILA ELVIRA",
    "arquivo": "REGUL",
    "cod_abrg": "11",
    "codigo_sia": 26,
    "cras": "CRAS Centro",
    "fid": 133,
    "fid_1": 133,
    "fid_1_1": 4,
    "globalid_1": "f7ddfb15-c8a0-4f13-86e1-62d650d10f80",
    "nome": "Cristina - Vila",
    "nome_comp": "Vila Cristina",
    "num_bairro": 8,
    "objectid_1": 187,
    "objectid_2": 11,
    "pasta3___1": "Cristina",
    "pasta3___2": " ",
    "pasta3___3": " ",
    "pasta3___4": " ",
    "pasta3___5": " ",
    "pasta3__no": "Vila Cristina",
    "pasta3__ob": 133.0,
    "pasta3__te": " ",
    "regiao": "Central",
    "tipo": "BAIRRO"
   },
   "type": "Feature"
  },
  {
   "geometry": {
    "coordinates": [
     -49.36353351088066,
     -20.81234361951866
    ],
    "type": "Point"
   },
   "id": 134,
   "properties": {
    "abrangenci": "VILA ELVIRA",
    "arquivo": "REGUL",
    "cod_abrg": "11",
    "codigo_sia": 418,
    "cras": "CRAS Centro",
    "fid": 134,
    "fid_1": 134,
    "fid_1_1": 4,
    "globalid_1": "db3dded3-151c-40ea-ad62-a8f3ba7f2a77",
    "nome": "Caparroz - Ret.",
    "nome_comp": "Ret Caparroz",
    "num_bairro": 5,
    "objectid_1": 225,
    "objectid_2": 11,
    "pasta3___1": "Caparroz",
    "pasta3___2": " ",
    "pasta3___3": " ",
    "pasta3___4": " ",
    "pasta3___5": " ",
    "pasta3__no": "Ret Caparroz",
    "pasta3__ob": 134.0,
    "pasta3__te": " ",
    "regiao": "Central",
    "tipo": "RETALHAMENTO"
   },
   "type": "Feature"
  },
  {
   "geometry": {
    "coordinates": [
     -49.36483616697956,
     -20.815753747255663
    ],
    "type": "Point"
   },
   "id": 135,
   "properties": {
    "abrangenci": "VILA ELVIRA",
    "arquivo": "REGUL",
    "cod_abrg": "11",
    "codigo_sia": 109,
    "cras": "CRAS Centro",
    "fid": 135,
    "fid_1": 135,
    "fid_1_1": 4,
    "globalid_1": "2c16c8e7-1170-417d-ae22-37386cd5c47e",
    "nome": "Analice - Jardim",
    "nome_comp": "Jd Analice",
    "num_bairro": 1,
    "objectid_1": 101,
    "objectid_2": 11,
    "pasta3___1": "Analice",
    "pasta3___2": " ",
    "pasta3___3": " ",
    "pasta3___4": " ",
    "pasta3___5": " ",
    "pasta3__no": "Jd Analice",
    "pasta3__ob": 135.0,
    "pasta3__te": " ",
    "regiao": "Central",
    "tipo": "BAIRRO"
   },
   "type": "Feature"
  },
  {
   "geometry": {
    "coordinates": [
     -49.364091522720614,
     -20.818976875355833
    ],
    "type": "Point"
   },
   "id": 136,
   "properties": {
    "abrangenci": "VILA ELVIRA",
    "arquivo": "REGUL",
    "cod_abrg": "11",
    "codigo_sia": 75,
    "cras": "CRAS Centro",
    "fid": 136,
    "fid_1": 136,
    "fid_1_1": 4,
    "globalid_1": "4ce19113-39bb-48b5-9c67-aa88dc841f31",
    "nome": "Celeste",
    "nome_comp": "Pq Celeste",
    "num_bairro": 3,
    "objectid_1": 41,
    "objectid_2": 11,
    "pasta3___1": "Celeste",
    "pasta3___2": " ",
    "pasta3___3": " ",
    "pasta3___4": " ",
    "pasta3___5": " ",
    "pasta3__no": "Pq Celeste",
    "pasta3__ob": 136.0,
    "pasta3__te": " ",
    "regiao": "Central",
    "tipo": "BAIRRO"
   },
   "type": "Feature"
  },
  {
   "geometry": {
    "coordinates": [
     -49.36425691463136,
     -20.81341799266623
    ],
    "type": "Point"
   },
   "id": 137,
   "properties": {
    "abrangenci": "VILA ELVIRA",
    "arquivo": "REGUL",
    "cod_abrg": "11",
    "codigo_sia": 27,
    "cras": "CRAS Centro",
    "fid": 137,
    "fid_1": 137,
    "fid_1_1": 4,
    "globalid_1": "e508e507-57b0-473d-9c69-63221b0ca012",
    "nome": "Dório - Vila",
    "nome_comp": "Vila Dório",
    "num_bairro": 10,
    "objectid_1": 61,
    "objectid_2": 11,
    "pasta3___1": "Dório",
    "pasta3___2": " ",
    "pasta3___3": " ",
    "pasta3___4": " ",
    "pasta3___5": " ",
    "pasta3__no": "Vila Dório",
    "pasta3__ob": 137.0,
    "pasta3__te": " ",
    "regiao": "Central",
    "tipo": "BAIRRO"
   },
   "type": "Feature"
  },
  {
   "geometry": {
    "coordinates": [
     -49.36836372920028,
     -20.819936716630906
    ],
    "type": "Point"
   },
   "id": 138,
   "properties": {
    "abrangenci": "VILA ELVIRA",
    "arquivo": "REGUL",
    "cod_abrg": "11",
    "codigo_sia": 62,
    "cras": "CRAS Centro",
    "fid": 138,
    "fid_1": 138,
    "fid_1_1": 4,
    "globalid_1": "6ff087d1-9a28-4f17-b8b0-2ada77b8151e",
    "nome": "Diniz - Vila",
    "nome_comp": "Vila Diniz",
    "num_bairro": 9,
    "objectid_1": 65,
    "objectid_2": 11,
    "pasta3___1": "Diniz",
    "pasta3___2": " ",
    "pasta3___3": " ",
    "pasta3___4": " ",
    "pasta3___5": " ",
    "pasta3__no": "Vila Diniz",
    "pasta3__ob": 138.0,
    "pasta3__te": " ",
    "regiao": "Central",
    "tipo": "BAIRRO"
   },
   "type": "Feature"
  },
  {
   "geometry": {
    "coordinates": [
     -49.36104925246269,
     -20.794579551025315
    ],
    "type": "Point"
   },
   "id": 139,
   "properties": {
    "abrangenci": "JARDIM AMERICANO",
    "arquivo": "REGUL",
    "cod_abrg": "15",
    "codigo_sia": 120,
    "cras": "CRAS Centro",
    "fid": 139,
    "fid_1": 139,
    "fid_1_1": 5,
    "globalid_1": "3a7669ff-bae4-4f92-bd84-62a20b331d49",
    "nome": "Bordon - Jardim",
    "nome_comp": "Jd Bordon",
    "num_bairro": 5,
    "objectid_1": 154,
    "objectid_2": 15,
    "pasta3___1": "Bordon",
    "pasta3___2": " ",
    "pasta3___3": " ",
    "pasta3___4": " ",
    "pasta3___5": " ",
    "pasta3__no": "Jd Bordon",
    "pasta3__ob": 139.0,
    "pasta3__te": " ",
    "regiao": "Central",
    "tipo": "BAIRRO"
   },
   "type": "Feature"
  },
  {
   "geometry": {
    "coordinates": [
     -49.364499406198085,
     -20.79238620946974
    ],
    "type": "Point"
   },
   "id": 140,
   "properties": {
    "abrangenci": "JARDIM AMERICANO",
    "arquivo": "REGUL",
    "cod_abrg": "15",
    "codigo_sia": 116,
    "cras": "CRAS Centro",
    "fid": 140,
    "fid_1": 140,
    "fid_1_1": 5,
    "globalid_1": "7cf468f6-9255-4b93-9a96-da2cc6a41ef8",
    "nome": "Regina Maura - Jardim",
    "nome_comp": "Jd Regina Maura",
    "num_bairro": 10,
    "objectid_1": 166,
    "objectid_2": 15,
    "pasta3___1": "Regina",
    "pasta3___2": "Maura",
    "pasta3___3": " ",
    "pasta3___4": " ",
    "pasta3___5": " ",
    "pasta3__no": "Jd Regina Maura",
    "pasta3__ob": 140.0,
    "pasta3__te": " ",
    "regiao": "Central",
    "tipo": "BAIRRO"
   },
   "type": "Feature"
  },
  {
   "geometry": {
    "coordinates": [
     -49.36592952081167,
     -20.802661593943057
    ],
    "type": "Point"
   },
   "id": 141,
   "properties": {
    "abrangenci": "JARDIM AMERICANO",
    "arquivo": "REGUL",
    "cod_abrg": "15",
    "codigo_sia": 121,
    "cras": "CRAS Centro",
    "fid": 141,
    "fid_1": 141,
    "fid_1_1": 5,
    "globalid_1": "bdf15b6f-fe11-4c02-9c21-1b9a31a0a517",
    "nome": "Paulista - Jardim",
    "nome_comp": "Jd Paulista",
    "num_bairro": 8,
    "objectid_1": 190,
    "objectid_2": 15,
    "pasta3___1": "Paulista",
    "pasta3___2": " ",
    "pasta3___3": " ",
    "pasta3___4": " ",
    "pasta3___5": " ",
    "pasta3__no": "Jd Paulista",
    "pasta3__ob": 141.0,
    "pasta3__te": " ",
    "regiao": "Central",
    "tipo": "BAIRRO"
   },
   "type": "Feature"
  },
  {
   "geometry": {
    "coordinates": [
     -49.356938400814805,
     -20.801774828403616
    ],
    "type": "Point"
   },
   "id": 142,
   "properties": {
    "abrangenci": "JARDIM AMERICANO",
    "arquivo": "REGUL",
    "cod_abrg": "15",
    "codigo_sia": 126,
    "cras": "CRAS Centro",
    "fid": 142,
    "fid_1": 142,
    "fid_1_1": 5,
    "globalid_1": "a7b8ed46-72ea-4b48-88e8-8c238ae0956e",
    "nome": "Primavera - Jardim",
    "nome_comp": "Jd Primavera",
    "num_bairro": 9,
    "objectid_1": 216,
    "objectid_2": 15,
    "pasta3___1": "Primavera",
    "pasta3___2": " ",
    "pasta3___3": " ",
    "pasta3___4": " ",
    "pasta3___5": " ",
    "pasta3__no": "Jd Primavera",
    "pasta3__ob": 142.0,
    "pasta3__te": " ",
    "regiao": "Central",
    "tipo": "BAIRRO"
   },
   "type": "Feature"
  },
  {
   "geometry": {
    "coordinates": [
     -49.35615304372655,
     -20.795807551706154
    ],
    "type": "Point"
   },
   "id": 143,
   "properties": {
    "abrangenci": "JARDIM AMERICANO",
    "arquivo": "REGUL",
    "cod_abrg": "15",
    "codigo_sia": 124,
    "cras": "CRAS Centro",
    "fid": 143,
    "fid_1": 143,
    "fid_1_1": 5,
    "globalid_1": "474583a5-0f08-47d0-99bb-25c7cc634e8e",
    "nome": "São Paulo - Jardim",
    "nome_comp": "Jd São Paulo",
    "num_bairro": 11,
    "objectid_1": 221,
    "objectid_2": 15,
    "pasta3___1": " ",
    "pasta3___2": "Paulo",
    "pasta3___3": " ",
    "pasta3___4": " ",
    "pasta3___5": " ",
    "pasta3__no": "Jd São Paulo",
    "pasta3__ob": 143.0,
    "pasta3__te": " ",
    "regiao": "Central",
    "tipo": "BAIRRO"
   },
   "type": "Feature"
  },
  {
   "geometry": {
    "coordinates": [
     -49.36259490841369,
     -20.792866453326408
    ],
    "type": "Point"
   },
   "id": 144,
   "properties": {
    "abrangenci": "JARDIM AMERICANO",
    "arquivo": "REGUL",
    "cod_abrg": "15",
    "codigo_sia": 182,
    "cras": "CRAS Centro",
    "fid": 144,
    "fid_1": 144,
    "fid_1_1": 5,
    "globalid_1": "b40a0e9e-4d73-4d0e-bb57-437b78c4489d",
    "nome": "Vieira - Jardim",
    "nome_comp": "Jd Vieira",
    "num_bairro": 12,
    "objectid_1": 243,
    "objectid_2": 15,
    "pasta3___1": "Vieira",
    "pasta3___2": " ",
    "pasta3___3": " ",
    "pasta3___4": " ",
    "pasta3___5": " ",
    "pasta3__no": "Jd Vieira",
    "pasta3__ob": 144.0,
    "pasta3__te": " ",
    "regiao": "Central",
    "tipo": "BAIRRO"
   },
   "type": "Feature"
  },
  {
   "geometry": {
    "coordinates": [
     -49.3662704817573,
     -20.797750129500216
    ],
    "type": "Point"
   },
   "id": 145,
   "properties": {
    "abrangenci": "JARDIM AMERICANO",
    "arquivo": "REGUL",
    "cod_abrg": "15",
    "codigo_sia": 117,
    "cras": "CRAS Centro",
    "fid": 145,
    "fid_1": 145,
    "fid_1_1": 5,
    "globalid_1": "baf50f14-ba9d-4801-b141-6a0618efdb2e",
    "nome": "América - Jardim",
    "nome_comp": "Jd América",
    "num_bairro": 2,
    "objectid_1": 96,
    "objectid_2": 15,
    "pasta3___1": "América",
    "pasta3___2": " ",
    "pasta3___3": " ",
    "pasta3___4": " ",
    "pasta3___5": " ",
    "pasta3__no": "Jd América",
    "pasta3__ob": 145.0,
    "pasta3__te": " ",
    "regiao": "Central",
    "tipo": "BAIRRO"
   },
   "type": "Feature"
  },
  {
   "geometry": {
    "coordinates": [
     -49.357973826740924,
     -20.789148341247365
    ],
    "type": "Point"
   },
   "id": 146,
   "properties": {
    "abrangenci": "JARDIM AMERICANO",
    "arquivo": "REGUL",
    "cod_abrg": "15",
    "codigo_sia": 119,
    "cras": "CRAS Centro",
    "fid": 146,
    "fid_1": 146,
    "fid_1_1": 5,
    "globalid_1": "384c198d-34cd-4e8e-9abd-6d8be7cf1be7",
    "nome": "Alto Alegre - Jardim",
    "nome_comp": "Jd Alto Alegre",
    "num_bairro": 1,
    "objectid_1": 17,
    "objectid_2": 15,
    "pasta3___1": "Alto",
    "pasta3___2": "Alegre",
    "pasta3___3": " ",
    "pasta3___4": " ",
    "pasta3___5": " ",
    "pasta3__no": "Jd Alto Alegre",
    "pasta3__ob": 146.0,
    "pasta3__te": " ",
    "regiao": "Central",
    "tipo": "BAIRRO"
   },
   "type": "Feature"
  },
  {
   "geometry": {
    "coordinates": [
     -49.36240731652163,
     -20.80285338450774
    ],
    "type": "Point"
   },
   "id": 147,
   "properties": {
    "abrangenci": "JARDIM AMERICANO",
    "arquivo": "REGUL",
    "cod_abrg": "15",
    "codigo_sia": 23,
    "cras": "CRAS Centro",
    "fid": 147,
    "fid_1": 147,
    "fid_1_1": 5,
    "globalid_1": "e61027f3-75ba-45e4-8ed4-32bf25415f8f",
    "nome": "Ideal - Vila",
    "nome_comp": "Vila Ideal",
    "num_bairro": 13,
    "objectid_1": 38,
    "objectid_2": 15,
    "pasta3___1": "Ideal",
    "pasta3___2": " ",
    "pasta3___3": " ",
    "pasta3___4": " ",
    "pasta3___5": " ",
    "pasta3__no": "Vila Ideal",
    "pasta3__ob": 147.0,
    "pasta3__te": " ",
    "regiao": "Central",
    "tipo": "BAIRRO"
   },
   "type": "Feature"
  },
  {
   "geometry": {
    "coordinates": [
     -49.36099757695446,
     -20.799222051302493
    ],
    "type": "Point"
   },
   "id": 148,
   "properties": {
    "abrangenci": "JARDIM AMERICANO",
    "arquivo": "REGUL",
    "cod_abrg": "15",
    "codigo_sia": 249,
    "cras": "CRAS Centro",
    "fid": 148,
    "fid_1": 148,
    "fid_1_1": 5,
    "globalid_1": "4dc86aa7-1d0d-4401-88d9-e0ec9b3eb40d",
    "nome": "Americano - Jardim",
    "nome_comp": "Jd Americano",
    "num_bairro": 3,
    "objectid_1": 56,
    "objectid_2": 15,
    "pasta3___1": "Americano",
    "pasta3___2": " ",
    "pasta3___3": " ",
    "pasta3___4": " ",
    "pasta3___5": " ",
    "pasta3__no": "Jd Americano",
    "pasta3__ob": 148.0,
    "pasta3__te": " ",
    "regiao": "Central",
    "tipo": "BAIRRO"
   },
   "type": "Feature"
  },
  {
   "geometry": {
    "coordinates": [
     -49.35755977795831,
     -20.79247753719738
    ],
    "type": "Point"
   },
   "id": 149,
   "properties": {
    "abrangenci": "JARDIM AMERICANO",
    "arquivo": "REGUL",
    "cod_abrg": "15",
    "codigo_sia": 123,
    "cras": "CRAS Centro",
    "fid": 149,
    "fid_1": 149,
    "fid_1_1": 5,
    "globalid_1": "9fe93c1e-fa36-4833-9fa8-ce9baba8b08e",
    "nome": "Municipal - Jardim",
    "nome_comp": "Jd Municipal",
    "num_bairro": 7,
    "objectid_1": 75,
    "objectid_2": 15,
    "pasta3___1": "Municipal",
    "pasta3___2": " ",
    "pasta3___3": " ",
    "pasta3___4": " ",
    "pasta3___5": " ",
    "pasta3__no": "Jd Municipal",
    "pasta3__ob": 149.0,
    "pasta3__te": " ",
    "regiao": "Central",
    "tipo": "BAIRRO"
   },
   "type": "Feature"
  },
  {
   "geometry": {
    "coordinates": [
     -49.35830482764296,
     -20.80616771399726
    ],
    "type": "Point"
   },
   "id": 150,
   "properties": {
    "abrangenci": "JARDIM AMERICANO",
    "arquivo": "REGUL",
    "cod_abrg": "15",
    "codigo_sia": 127,
    "cras": "CRAS Centro",
    "fid": 150,
    "fid_1": 150,
    "fid_1_1": 5,
    "globalid_1": "ee73f456-8544-41bf-9bbb-7f66c2cb1138",
    "nome": "Fuscaldo - Jardim",
    "nome_comp": "Jd Fuscaldo",
    "num_bairro": 6,
    "objectid_1": 84,
    "objectid_2": 15,
    "pasta3___1": "Fuscaldo",
    "pasta3___2": " ",
    "pasta3___3": " ",
    "pasta3___4": " ",
    "pasta3___5": " ",
    "pasta3__no": "Jd Fuscaldo",
    "pasta3__ob": 150.0,
    "pasta3__te": " ",
    "regiao": "Central",
    "tipo": "BAIRRO"
   },
   "type": "Feature"
  },
  {
   "geometry": {
    "coordinates": [
     -49.360698313159155,
     -20.801589262032927
    ],
    "type": "Point"
   },
   "id": 151,
   "properties": {
    "abrangenci": "JARDIM AMERICANO",
    "arquivo": "REGUL",
    "cod_abrg": "15",
    "codigo_sia": 125,
    "cras": "CRAS Centro",
    "fid": 151,
    "fid_1": 151,
    "fid_1_1": 5,
    "globalid_1": "81aa1353-7362-45ea-8af0-e225c2049d05",
    "nome": "Bela Vista - Jardim",
    "nome_comp": "Jd Bela Vista",
    "num_bairro": 4,
    "objectid_1": 238,
    "objectid_2": 15,
    "pasta3___1": "Bela",
    "pasta3___2": "Vista",
    "pasta3___3": " ",
    "pasta3___4": " ",
    "pasta3___5": " ",
    "pasta3__no": "Jd Bela Vista",
    "pasta3__ob": 151.0,
    "pasta3__te": " ",
    "regiao": "Central",
    "tipo": "BAIRRO"
   },
   "type": "Feature"
  },
  {
   "geometry": {
    "coordinates": [
     -49.39479834688707,
     -20.82255532982303
    ],
    "type": "Point"
   },
   "id": 152,
   "properties": {
    "abrangenci": "CENTRAL",
    "arquivo": "REGUL",
    "cod_abrg": "10",
    "codigo_sia": 340,
    "cras": "CRAS Centro",
    "fid": 152,
    "fid_1": 152,
    "fid_1_1": 6,
    "globalid_1": "f7308982-9f27-4cdb-8ab2-c0207b84a530",
    "nome": "Tarraf Filhos Ltda - Ret.",
    "nome_comp": "Ret Tarraf Filhos Ltda",
    "num_bairro": 10,
    "objectid_1": 534,
    "objectid_2": 10,
    "pasta3___1": "Tarraf",
    "pasta3___2": "Filhos",
    "pasta3___3": "Ltda",
    "pasta3___4": " ",
    "pasta3___5": " ",
    "pasta3__no": "Ret Tarraf Filhos Ltda",
    "pasta3__ob": 152.0,
    "pasta3__te": " ",
    "regiao": "Central",
    "tipo": "RETALHAMENTO"
   },
   "type": "Feature"
  },
  {
   "geometry": {
    "coordinates": [
     -49.37312855326034,
     -20.808197633240624
    ],
    "type": "Point"
   },
   "id": 153,
   "properties": {
    "abrangenci": "CENTRAL",
    "arquivo": "REGUL",
    "cod_abrg": "10",
    "codigo_sia": 394,
    "cras": "CRAS Centro",
    "fid": 153,
    "fid_1": 153,
    "fid_1_1": 6,
    "globalid_1": "c8087dd8-b025-426a-ba02-1daf79c1292d",
    "nome": "Vera Ligia",
    "nome_comp": "Vera Ligia",
    "num_bairro": 11,
    "objectid_1": 540,
    "objectid_2": 10,
    "pasta3___1": "Ligia",
    "pasta3___2": " ",
    "pasta3___3": " ",
    "pasta3___4": " ",
    "pasta3___5": " ",
    "pasta3__no": "Vera Ligia",
    "pasta3__ob": 153.0,
    "pasta3__te": "Vera",
    "regiao": "Central",
    "tipo": "BAIRRO"
   },
   "type": "Feature"
  },
  {
   "geometry": {
    "coordinates": [
     -49.383398938619116,
     -20.82210729888418
    ],
    "type": "Point"
   },
   "id": 154,
   "properties": {
    "abrangenci": "CENTRAL",
    "arquivo": "REGUL",
    "cod_abrg": "10",
    "codigo_sia": 101,
    "cras": "CRAS Centro",
    "fid": 154,
    "fid_1": 154,
    "fid_1_1": 6,
    "globalid_1": "df72c887-d9b0-402e-8409-396ba4207e0a",
    "nome": "Europa - Jardim",
    "nome_comp": "Jd Europa",
    "num_bairro": 5,
    "objectid_1": 386,
    "objectid_2": 10,
    "pasta3___1": "Europa",
    "pasta3___2": " ",
    "pasta3___3": " ",
    "pasta3___4": " ",
    "pasta3___5": " ",
    "pasta3__no": "Jd Europa",
    "pasta3__ob": 154.0,
    "pasta3__te": " ",
    "regiao": "Central",
    "tipo": "BAIRRO"
   },
   "type": "Feature"
  },
  {
   "geometry": {
    "coordinates": [
     -49.39991749706543,
     -20.822983556118935
    ],
    "type": "Point"
   },
   "id": 155,
   "properties": {
    "abrangenci": "CENTRAL",
    "arquivo": "REGUL",
    "cod_abrg": "10",
    "codigo_sia": 37,
    "cras": "CRAS Centro",
    "fid": 155,
    "fid_1": 155,
    "fid_1_1": 6,
    "globalid_1": "1d236d65-c933-44d1-81e8-ea11078fbb86",
    "nome": "Nossa Senhora de Fátima - Vila",
    "nome_comp": "Vila Nossa Senhora de Fátima",
    "num_bairro": 22,
    "objectid_1": 388,
    "objectid_2": 10,
    "pasta3___1": "Nossa",
    "pasta3___2": "Senhora",
    "pasta3___3": " ",
    "pasta3___4": "Fátima",
    "pasta3___5": " ",
    "pasta3__no": "Vila Nossa Senhora de Fátima",
    "pasta3__ob": 155.0,
    "pasta3__te": " ",
    "regiao": "Central",
    "tipo": "BAIRRO"
   },
   "type": "Feature"
  },
  {
   "geometry": {
    "coordinates": [
     -49.380743074807526,
     -20.822447731211007
    ],
    "type": "Point"
   },
   "id": 156,
   "properties": {
    "abrangenci": "CENTRAL",
    "arquivo": "REGUL",
    "cod_abrg": "10",
    "codigo_sia": 53,
    "cras": "CRAS Centro",
    "fid": 156,
    "fid_1": 156,
    "fid_1_1": 6,
    "globalid_1": "4982edf3-6752-49b3-a842-3568a4481585",
    "nome": "Santo Antônio - Vila",
    "nome_comp": "Vila Santo Antônio",
    "num_bairro": 25,
    "objectid_1": 389,
    "objectid_2": 10,
    "pasta3___1": "Santo",
    "pasta3___2": "Antônio",
    "pasta3___3": " ",
    "pasta3___4": " ",
    "pasta3___5": " ",
    "pasta3__no": "Vila Santo Antônio",
    "pasta3__ob": 156.0,
    "pasta3__te": " ",
    "regiao": "Central",
    "tipo": "BAIRRO"
   },
   "type": "Feature"
  },
  {
   "geometry": {
    "coordinates": [
     -49.390849836223175,
     -20.814781362776195
    ],
    "type": "Point"
   },
   "id": 157,
   "properties": {
    "abrangenci": "CENTRAL",
    "arquivo": "REGUL",
    "cod_abrg": "10",
    "codigo_sia": 382,
    "cras": "CRAS Centro",
    "fid": 157,
    "fid_1": 157,
    "fid_1_1": 6,
    "globalid_1": "63576add-6fb1-4f9c-a408-e78ca1381862",
    "nome": "Cherubini",
    "nome_comp": "Cherubini",
    "num_bairro": 3,
    "objectid_1": 399,
    "objectid_2": 10,
    "pasta3___1": " ",
    "pasta3___2": " ",
    "pasta3___3": " ",
    "pasta3___4": " ",
    "pasta3___5": " ",
    "pasta3__no": "Cherubini",
    "pasta3__ob": 157.0,
    "pasta3__te": "Cherubini",
    "regiao": "Central",
    "tipo": "BAIRRO"
   },
   "type": "Feature"
  },
  {
   "geometry": {
    "coordinates": [
     -49.36465813339981,
     -20.805358761921283
    ],
    "type": "Point"
   },
   "id": 158,
   "properties": {
    "abrangenci": "CENTRAL",
    "arquivo": "REGUL",
    "cod_abrg": "10",
    "codigo_sia": 432,
    "cras": "CRAS Centro",
    "fid": 158,
    "fid_1": 158,
    "fid_1_1": 6,
    "globalid_1": "9f19c6e0-a6b9-452f-b2a1-87baf848c296",
    "nome": "José A. Tomazelli - Ret",
    "nome_comp": "Ret José A Tomazelli",
    "num_bairro": 7,
    "objectid_1": 353,
    "objectid_2": 10,
    "pasta3___1": "José",
    "pasta3___2": " ",
    "pasta3___3": "Tomazelli",
    "pasta3___4": " ",
    "pasta3___5": " ",
    "pasta3__no": "Ret José A Tomazelli",
    "pasta3__ob": 158.0,
    "pasta3__te": " ",
    "regiao": "Central",
    "tipo": "RETALHAMENTO"
   },
   "type": "Feature"
  },
  {
   "geometry": {
    "coordinates": [
     -49.3764204385449,
     -20.801440316147108
    ],
    "type": "Point"
   },
   "id": 159,
   "properties": {
    "abrangenci": "CENTRAL",
    "arquivo": "REGUL",
    "cod_abrg": "10",
    "codigo_sia": 377,
    "cras": "CRAS Centro",
    "fid": 159,
    "fid_1": 159,
    "fid_1_1": 6,
    "globalid_1": "f884e772-a59a-44b5-b336-7e5caaef996d",
    "nome": "Angélica II",
    "nome_comp": "Angélica II",
    "num_bairro": 1,
    "objectid_1": 308,
    "objectid_2": 10,
    "pasta3___1": " ",
    "pasta3___2": " ",
    "pasta3___3": " ",
    "pasta3___4": " ",
    "pasta3___5": " ",
    "pasta3__no": "Angélica II",
    "pasta3__ob": 159.0,
    "pasta3__te": "Angélica",
    "regiao": "Central",
    "tipo": "BAIRRO"
   },
   "type": "Feature"
  },
  {
   "geometry": {
    "coordinates": [
     -49.37630838186226,
     -20.80000227905506
    ],
    "type": "Point"
   },
   "id": 160,
   "properties": {
    "abrangenci": "CENTRAL",
    "arquivo": "REGUL",
    "cod_abrg": "10",
    "codigo_sia": 161,
    "cras": "CRAS Centro",
    "fid": 160,
    "fid_1": 160,
    "fid_1_1": 6,
    "globalid_1": "6b256d15-1833-4e4c-9675-fdbd0cbeb1cc",
    "nome": "Moná - Vila",
    "nome_comp": "Vila Moná",
    "num_bairro": 21,
    "objectid_1": 235,
    "objectid_2": 10,
    "pasta3___1": "Moná",
    "pasta3___2": " ",
    "pasta3___3": " ",
    "pasta3___4": " ",
    "pasta3___5": " ",
    "pasta3__no": "Vila Moná",
    "pasta3__ob": 160.0,
    "pasta3__te": " ",
    "regiao": "Central",
    "tipo": "BAIRRO"
   },
   "type": "Feature"
  },
  {
   "geometry": {
    "coordinates": [
     -49.36541860755535,
     -20.805142342471292
    ],
    "type": "Point"
   },
   "id": 161,
   "properties": {
    "abrangenci": "CENTRAL",
    "arquivo": "REGUL",
    "cod_abrg": "10",
    "codigo_sia": 431,
    "cras": "CRAS Centro",
    "fid": 161,
    "fid_1": 161,
    "fid_1_1": 6,
    "globalid_1": "297eba1f-e8a2-4f99-9b78-229e98983f2f",
    "nome": "Reinaldo Chiqueto - Ret",
    "nome_comp": "Reinaldo Chiqueto",
    "num_bairro": 9,
    "objectid_1": 570,
    "objectid_2": 10,
    "pasta3___1": "Chiqueto",
    "pasta3___2": " ",
    "pasta3___3": " ",
    "pasta3___4": " ",
    "pasta3___5": " ",
    "pasta3__no": "Reinaldo Chiqueto",
    "pasta3__ob": 161.0,
    "pasta3__te": "Reinaldo",
    "regiao": "Central",
    "tipo": "RETALHAMENTO"
   },
   "type": "Feature"
  },
  {
   "geometry": {
    "coordinates": [
     -49.37404566363806,
     -20.81864535663603
    ],
    "type": "Point"
   },
   "id": 162,
   "properties": {
    "abrangenci": "CENTRAL",
    "arquivo": "REGUL",
    "cod_abrg": "10",
    "codigo_sia": 54,
    "cras": "CRAS Centro",
    "fid": 162,
    "fid_1": 162,
    "fid_1_1": 6,
    "globalid_1": "a8668511-630e-415d-aaa2-c439ba447d78",
    "nome": "Santa Cruz - Vila",
    "nome_comp": "Vila Santa Cruz",
    "num_bairro": 24,
    "objectid_1": 241,
    "objectid_2": 10,
    "pasta3___1": "Santa",
    "pasta3___2": "Cruz",
    "pasta3___3": " ",
    "pasta3___4": " ",
    "pasta3___5": " ",
    "pasta3__no": "Vila Santa Cruz",
    "pasta3__ob": 162.0,
    "pasta3__te": " ",
    "regiao": "Central",
    "tipo": "BAIRRO"
   },
   "type": "Feature"
  },
  {
   "geometry": {
    "coordinates": [
     -49.391291133478,
     -20.815892782218157
    ],
    "type": "Point"
   },
   "id": 163,
   "properties": {
    "abrangenci": "CENTRAL",
    "arquivo": "REGUL",
    "cod_abrg": "10",
    "codigo_sia": 44,
    "cras": "CRAS Centro",
    "fid": 163,
    "fid_1": 163,
    "fid_1_1": 6,
    "globalid_1": "28bd5111-c586-4345-8e84-330d33668720",
    "nome": "Imperial - Vila",
    "nome_comp": "Vila Imperial",
    "num_bairro": 19,
    "objectid_1": 246,
    "objectid_2": 10,
    "pasta3___1": "Imperial",
    "pasta3___2": " ",
    "pasta3___3": " ",
    "pasta3___4": " ",
    "pasta3___5": " ",
    "pasta3__no": "Vila Imperial",
    "pasta3__ob": 163.0,
    "pasta3__te": " ",
    "regiao": "Central",
    "tipo": "BAIRRO"
   },
   "type": "Feature"
  },
  {
   "geometry": {
    "coordinates": [
     -49.38185538629483,
     -20.81978401284953
    ],
    "type": "Point"
   },
   "id": 164,
   "properties": {
    "abrangenci": "CENTRAL",
    "arquivo": "REGUL",
    "cod_abrg": "10",
    "codigo_sia": 51,
    "cras": "CRAS Centro",
    "fid": 164,
    "fid_1": 164,
    "fid_1_1": 6,
    "globalid_1": "27c071f1-7445-468d-9282-4210fb90c31f",
    "nome": "Fioreze - Vila",
    "nome_comp": "Vila Fioreze",
    "num_bairro": 17,
    "objectid_1": 255,
    "objectid_2": 10,
    "pasta3___1": "Fioreze",
    "pasta3___2": " ",
    "pasta3___3": " ",
    "pasta3___4": " ",
    "pasta3___5": " ",
    "pasta3__no": "Vila Fioreze",
    "pasta3__ob": 164.0,
    "pasta3__te": " ",
    "regiao": "Central",
    "tipo": "BAIRRO"
   },
   "type": "Feature"
  },
  {
   "geometry": {
    "coordinates": [
     -49.39395332699101,
     -20.81782309101153
    ],
    "type": "Point"
   },
   "id": 165,
   "properties": {
    "abrangenci": "CENTRAL",
    "arquivo": "REGUL",
    "cod_abrg": "10",
    "codigo_sia": 31,
    "cras": "CRAS Centro",
    "fid": 165,
    "fid_1": 165,
    "fid_1_1": 6,
    "globalid_1": "3708be4b-1ea9-4421-a299-965c0e2aae81",
    "nome": "Bancária - Vila",
    "nome_comp": "Vila Bancária",
    "num_bairro": 14,
    "objectid_1": 145,
    "objectid_2": 10,
    "pasta3___1": "Bancária",
    "pasta3___2": " ",
    "pasta3___3": " ",
    "pasta3___4": " ",
    "pasta3___5": " ",
    "pasta3__no": "Vila Bancária",
    "pasta3__ob": 165.0,
    "pasta3__te": " ",
    "regiao": "Central",
    "tipo": "BAIRRO"
   },
   "type": "Feature"
  },
  {
   "geometry": {
    "coordinates": [
     -49.37865561111983,
     -20.81636572946601
    ],
    "type": "Point"
   },
   "id": 166,
   "properties": {
    "abrangenci": "CENTRAL",
    "arquivo": "REGUL",
    "cod_abrg": "10",
    "codigo_sia": 52,
    "cras": "CRAS Centro",
    "fid": 166,
    "fid_1": 166,
    "fid_1_1": 6,
    "globalid_1": "9d4697cd-3c63-40ae-ada7-13b39396a9d7",
    "nome": "Bom Jesus - Vila",
    "nome_comp": "Vila Bom Jesus",
    "num_bairro": 15,
    "objectid_1": 146,
    "objectid_2": 10,
    "pasta3___1": "Bom",
    "pasta3___2": "Jesus",
    "pasta3___3": " ",
    "pasta3___4": " ",
    "pasta3___5": " ",
    "pasta3__no": "Vila Bom Jesus",
    "pasta3__ob": 166.0,
    "pasta3__te": " ",
    "regiao": "Central",
    "tipo": "BAIRRO"
   },
   "type": "Feature"
  },
  {
   "geometry": {
    "coordinates": [
     -49.373213559254715,
     -20.80488328407792
    ],
    "type": "Point"
   },
   "id": 167,
   "properties": {
    "abrangenci": "CENTRAL",
    "arquivo": "REGUL",
    "cod_abrg": "10",
    "codigo_sia": 22,
    "cras": "CRAS Centro",
    "fid": 167,
    "fid_1": 167,
    "fid_1_1": 6,
    "globalid_1": "58bf2198-cfa9-4e13-9b03-9d72ad8c85ca",
    "nome": "Maceno - Vila",
    "nome_comp": "Vila Maceno",
    "num_bairro": 20,
    "objectid_1": 151,
    "objectid_2": 10,
    "pasta3___1": "Maceno",
    "pasta3___2": " ",
    "pasta3___3": " ",
    "pasta3___4": " ",
    "pasta3___5": " ",
    "pasta3__no": "Vila Maceno",
    "pasta3__ob": 167.0,
    "pasta3__te": " ",
    "regiao": "Central",
    "tipo": "BAIRRO"
   },
   "type": "Feature"
  },
  {
   "geometry": {
    "coordinates": [
     -49.369265684661826,
     -20.800977892739308
    ],
    "type": "Point"
   },
   "id": 168,
   "properties": {
    "abrangenci": "CENTRAL",
    "arquivo": "REGUL",
    "cod_abrg": "10",
    "codigo_sia": 118,
    "cras": "CRAS Centro",
    "fid": 168,
    "fid_1": 168,
    "fid_1_1": 6,
    "globalid_1": "7939d404-9cba-427d-97dd-27ed9ffd6d21",
    "nome": "São Vicente - Jardim",
    "nome_comp": "Jd São Vicente",
    "num_bairro": 6,
    "objectid_1": 99,
    "objectid_2": 10,
    "pasta3___1": " ",
    "pasta3___2": "Vicente",
    "pasta3___3": " ",
    "pasta3___4": " ",
    "pasta3___5": " ",
    "pasta3__no": "Jd São Vicente",
    "pasta3__ob": 168.0,
    "pasta3__te": " ",
    "regiao": "Central",
    "tipo": "BAIRRO"
   },
   "type": "Feature"
  },
  {
   "geometry": {
    "coordinates": [
     -49.376771761977146,
     -20.802957137216943
    ],
    "type": "Point"
   },
   "id": 169,
   "properties": {
    "abrangenci": "CENTRAL",
    "arquivo": "REGUL",
    "cod_abrg": "10",
    "codigo_sia": 242,
    "cras": "CRAS Centro",
    "fid": 169,
    "fid_1": 169,
    "fid_1_1": 6,
    "globalid_1": "fead10db-788a-4945-b002-62870f11cc07",
    "nome": "São Luiz",
    "nome_comp": "Lot São Luiz",
    "num_bairro": 8,
    "objectid_1": 113,
    "objectid_2": 10,
    "pasta3___1": " ",
    "pasta3___2": "Luiz",
    "pasta3___3": " ",
    "pasta3___4": " ",
    "pasta3___5": " ",
    "pasta3__no": "Lot São Luiz",
    "pasta3__ob": 169.0,
    "pasta3__te": " ",
    "regiao": "Central",
    "tipo": "BAIRRO"
   },
   "type": "Feature"
  },
  {
   "geometry": {
    "coordinates": [
     -49.36941502778023,
     -20.80748055002556
    ],
    "type": "Point"
   },
   "id": 170,
   "properties": {
    "abrangenci": "CENTRAL",
    "arquivo": "REGUL",
    "cod_abrg": "10",
    "codigo_sia": 122,
    "cras": "CRAS Centro",
    "fid": 170,
    "fid_1": 170,
    "fid_1_1": 6,
    "globalid_1": "ce8a9ea1-9b74-4830-b544-8848970f013a",
    "nome": "Jardim dos Seixas",
    "nome_comp": "Jd dos Seixas",
    "num_bairro": 4,
    "objectid_1": 114,
    "objectid_2": 10,
    "pasta3___1": " ",
    "pasta3___2": "Seixas",
    "pasta3___3": " ",
    "pasta3___4": " ",
    "pasta3___5": " ",
    "pasta3__no": "Jd dos Seixas",
    "pasta3__ob": 170.0,
    "pasta3__te": " ",
    "regiao": "Central",
    "tipo": "BAIRRO"
   },
   "type": "Feature"
  },
  {
   "geometry": {
    "coordinates": [
     -49.37430166165834,
     -20.80148326237793
    ],
    "type": "Point"
   },
   "id": 171,
   "properties": {
    "abrangenci": "CENTRAL",
    "arquivo": "REGUL",
    "cod_abrg": "10",
    "codigo_sia": 16,
    "cras": "CRAS Centro",
    "fid": 171,
    "fid_1": 171,
    "fid_1_1": 6,
    "globalid_1": "4fa6fd0d-5e44-4e9e-826a-a68574d561b1",
    "nome": "Angélica - Vila",
    "nome_comp": "Vila Angélica",
    "num_bairro": 12,
    "objectid_1": 10,
    "objectid_2": 10,
    "pasta3___1": "Angélica",
    "pasta3___2": " ",
    "pasta3___3": " ",
    "pasta3___4": " ",
    "pasta3___5": " ",
    "pasta3__no": "Vila Angélica",
    "pasta3__ob": 171.0,
    "pasta3__te": " ",
    "regiao": "Central",
    "tipo": "BAIRRO"
   },
   "type": "Feature"
  },
  {
   "geometry": {
    "coordinates": [
     -49.37495044134659,
     -20.80388979672761
    ],
    "type": "Point"
   },
   "id": 172,
   "properties": {
    "abrangenci": "CENTRAL",
    "arquivo": "REGUL",
    "cod_abrg": "10",
    "codigo_sia": 17,
    "cras": "CRAS Centro",
    "fid": 172,
    "fid_1": 172,
    "fid_1_1": 6,
    "globalid_1": "d517f14b-9eee-474a-94cd-a48c40d95064",
    "nome": "Dias - Vila",
    "nome_comp": "Vila Dias",
    "num_bairro": 16,
    "objectid_1": 11,
    "objectid_2": 10,
    "pasta3___1": "Dias",
    "pasta3___2": " ",
    "pasta3___3": " ",
    "pasta3___4": " ",
    "pasta3___5": " ",
    "pasta3__no": "Vila Dias",
    "pasta3__ob": 172.0,
    "pasta3__te": " ",
    "regiao": "Central",
    "tipo": "BAIRRO"
   },
   "type": "Feature"
  },
  {
   "geometry": {
    "coordinates": [
     -49.38851501142926,
     -20.819665182881387
    ],
    "type": "Point"
   },
   "id": 173,
   "properties": {
    "abrangenci": "CENTRAL",
    "arquivo": "REGUL",
    "cod_abrg": "10",
    "codigo_sia": 45,
    "cras": "CRAS Centro",
    "fid": 173,
    "fid_1": 173,
    "fid_1_1": 6,
    "globalid_1": "4172b426-b996-485f-a72b-e66e1e7538df",
    "nome": "Redentora - Vila",
    "nome_comp": "Vila Redentora",
    "num_bairro": 23,
    "objectid_1": 15,
    "objectid_2": 10,
    "pasta3___1": "Redentora",
    "pasta3___2": " ",
    "pasta3___3": " ",
    "pasta3___4": " ",
    "pasta3___5": " ",
    "pasta3__no": "Vila Redentora",
    "pasta3__ob": 173.0,
    "pasta3__te": " ",
    "regiao": "Central",
    "tipo": "BAIRRO"
   },
   "type": "Feature"
  },
  {
   "geometry": {
    "coordinates": [
     -49.38114897008912,
     -20.811681597223423
    ],
    "type": "Point"
   },
   "id": 174,
   "properties": {
    "abrangenci": "CENTRAL",
    "arquivo": "REGUL",
    "cod_abrg": "10",
    "codigo_sia": 18,
    "cras": "CRAS Centro",
    "fid": 174,
    "fid_1": 174,
    "fid_1_1": 6,
    "globalid_1": "8ad1b9fd-3297-4a64-874b-638f4a66018a",
    "nome": "Centro - Bairro",
    "nome_comp": "Centro",
    "num_bairro": 2,
    "objectid_1": 23,
    "objectid_2": 10,
    "pasta3___1": " ",
    "pasta3___2": " ",
    "pasta3___3": " ",
    "pasta3___4": " ",
    "pasta3___5": " ",
    "pasta3__no": "Centro",
    "pasta3__ob": 174.0,
    "pasta3__te": "Centro",
    "regiao": "Central",
    "tipo": "BAIRRO"
   },
   "type": "Feature"
  },
  {
   "geometry": {
    "coordinates": [
     -49.378503909766245,
     -20.822145189719475
    ],
    "type": "Point"
   },
   "id": 175,
   "properties": {
    "abrangenci": "CENTRAL",
    "arquivo": "REGUL",
    "cod_abrg": "10",
    "codigo_sia": 55,
    "cras": "CRAS Centro",
    "fid": 175,
    "fid_1": 175,
    "fid_1_1": 6,
    "globalid_1": "2666a6ba-9263-4276-aebd-166325d3ceec",
    "nome": "Aurora - Vila",
    "nome_comp": "Vila Aurora",
    "num_bairro": 13,
    "objectid_1": 43,
    "objectid_2": 10,
    "pasta3___1": "Aurora",
    "pasta3___2": " ",
    "pasta3___3": " ",
    "pasta3___4": " ",
    "pasta3___5": " ",
    "pasta3__no": "Vila Aurora",
    "pasta3__ob": 175.0,
    "pasta3__te": " ",
    "regiao": "Central",
    "tipo": "BAIRRO"
   },
   "type": "Feature"
  },
  {
   "geometry": {
    "coordinates": [
     -49.36246530968621,
     -20.80522282127632
    ],
    "type": "Point"
   },
   "id": 176,
   "properties": {
    "abrangenci": "CENTRAL",
    "arquivo": "REGUL",
    "cod_abrg": "10",
    "codigo_sia": 24,
    "cras": "CRAS Centro",
    "fid": 176,
    "fid_1": 176,
    "fid_1_1": 6,
    "globalid_1": "f97e5475-032e-44fb-9915-0d26082546bf",
    "nome": "Goyos - Vila",
    "nome_comp": "Vila Goyos",
    "num_bairro": 18,
    "objectid_1": 70,
    "objectid_2": 10,
    "pasta3___1": "Goyos",
    "pasta3___2": " ",
    "pasta3___3": " ",
    "pasta3___4": " ",
    "pasta3___5": " ",
    "pasta3__no": "Vila Goyos",
    "pasta3__ob": 176.0,
    "pasta3__te": " ",
    "regiao": "Central",
    "tipo": "BAIRRO"
   },
   "type": "Feature"
  },
  {
   "geometry": {
    "coordinates": [
     -49.38659044791195,
     -20.845047776368318
    ],
    "type": "Point"
   },
   "id": 177,
   "properties": {
    "abrangenci": "SÃO FRANCISCO",
    "arquivo": "REGUL",
    "cod_abrg": "09",
    "codigo_sia": 540,
    "cras": "CRAS Novo Mundo",
    "fid": 177,
    "fid_1": 177,
    "fid_1_1": 7,
    "globalid_1": "2c43c6f1-76a7-48ba-bc47-9406f5c0c1f4",
    "nome": "Terra Nova Green Life",
    "nome_comp": "Cond Terra Nova Green Life",
    "num_bairro": 12,
    "objectid_1": 278,
    "objectid_2": 9,
    "pasta3___1": "Terra",
    "pasta3___2": "Nova",
    "pasta3___3": "Green",
    "pasta3___4": "Life",
    "pasta3___5": " ",
    "pasta3__no": "Cond Terra Nova Green Life",
    "pasta3__ob": 177.0,
    "pasta3__te": " ",
    "regiao": "HB",
    "tipo": "CONDOMÍNIO FECHADO VERTICAL"
   },
   "type": "Feature"
  },
  {
   "geometry": {
    "coordinates": [
     -49.39449044460434,
     -20.849874529288925
    ],
    "type": "Point"
   },
   "id": 178,
   "properties": {
    "abrangenci": "SÃO FRANCISCO",
    "arquivo": " ",
    "cod_abrg": "09",
    "codigo_sia": 423,
    "cras": "CRAS Novo Mundo",
    "fid": 178,
    "fid_1": 178,
    "fid_1_1": 7,
    "globalid_1": "f6679023-70bd-406a-8948-4715afea1d84",
    "nome": "Cond. Res. Green Garden",
    "nome_comp": "Cond Res Green Garden",
    "num_bairro": 8,
    "objectid_1": 280,
    "objectid_2": 9,
    "pasta3___1": " ",
    "pasta3___2": "Green",
    "pasta3___3": "Garden",
    "pasta3___4": " ",
    "pasta3___5": " ",
    "pasta3__no": "Cond Res Green Garden",
    "pasta3__ob": 178.0,
    "pasta3__te": " ",
    "regiao": "HB",
    "tipo": "CONDOMÍNIO FECHADO VERTICAL"
   },
   "type": "Feature"
  },
  {
   "geometry": {
    "coordinates": [
     -49.39789836372247,
     -20.846431754398065
    ],
    "type": "Point"
   },
   "id": 179,
   "properties": {
    "abrangenci": "SÃO FRANCISCO",
    "arquivo": "REGUL",
    "cod_abrg": "09",
    "codigo_sia": 383,
    "cras": "CRAS Novo Mundo",
    "fid": 179,
    "fid_1": 179,
    "fid_1_1": 7,
    "globalid_1": "a8a2c93e-daff-4809-889c-79da0698eaff",
    "nome": "Vivendas - Jardim Das",
    "nome_comp": "Jd das Vivendas",
    "num_bairro": 33,
    "objectid_1": 290,
    "objectid_2": 9,
    "pasta3___1": " ",
    "pasta3___2": "Vivendas",
    "pasta3___3": " ",
    "pasta3___4": " ",
    "pasta3___5": " ",
    "pasta3__no": "Jd das Vivendas",
    "pasta3__ob": 179.0,
    "pasta3__te": " ",
    "regiao": "HB",
    "tipo": "CONDOMÍNIO FECHADO MISTO"
   },
   "type": "Feature"
  },
  {
   "geometry": {
    "coordinates": [
     -49.40246367843466,
     -20.851282701034485
    ],
    "type": "Point"
   },
   "id": 180,
   "properties": {
    "abrangenci": "SÃO FRANCISCO",
    "arquivo": "REGUL",
    "cod_abrg": "09",
    "codigo_sia": 478,
    "cras": "CRAS Novo Mundo",
    "fid": 180,
    "fid_1": 180,
    "fid_1_1": 7,
    "globalid_1": "e3ba81b4-9086-44bb-9673-d854ece0acb1",
    "nome": "Green Fields Res. Club",
    "nome_comp": "Green Fields Res Club",
    "num_bairro": 27,
    "objectid_1": 293,
    "objectid_2": 9,
    "pasta3___1": " ",
    "pasta3___2": " ",
    "pasta3___3": " ",
    "pasta3___4": " ",
    "pasta3___5": " ",
    "pasta3__no": "Green Fields Res Club",
    "pasta3__ob": 180.0,
    "pasta3__te": "Green",
    "regiao": "HB",
    "tipo": "CONDOMÍNIO FECHADO VERTICAL"
   },
   "type": "Feature"
  },
  {
   "geometry": {
    "coordinates": [
     -49.3919104034842,
     -20.84357550275052
    ],
    "type": "Point"
   },
   "id": 181,
   "properties": {
    "abrangenci": "SÃO FRANCISCO",
    "arquivo": "REGUL",
    "cod_abrg": "09",
    "codigo_sia": 458,
    "cras": "CRAS Novo Mundo",
    "fid": 181,
    "fid_1": 181,
    "fid_1_1": 7,
    "globalid_1": "8e9792d1-86ad-48a7-9e88-a20d5437317f",
    "nome": "Port Ville",
    "nome_comp": "Port Ville",
    "num_bairro": 51,
    "objectid_1": 294,
    "objectid_2": 9,
    "pasta3___1": "Ville",
    "pasta3___2": " ",
    "pasta3___3": " ",
    "pasta3___4": " ",
    "pasta3___5": " ",
    "pasta3__no": "Port Ville",
    "pasta3__ob": 181.0,
    "pasta3__te": "Port",
    "regiao": "HB",
    "tipo": "CONDOMÍNIO FECHADO"
   },
   "type": "Feature"
  },
  {
   "geometry": {
    "coordinates": [
     -49.40999713857871,
     -20.86002144769454
    ],
    "type": "Point"
   },
   "id": 182,
   "properties": {
    "abrangenci": "SÃO FRANCISCO",
    "arquivo": "REGUL",
    "cod_abrg": "09",
    "codigo_sia": 457,
    "cras": "CRAS Novo Mundo",
    "fid": 182,
    "fid_1": 182,
    "fid_1_1": 7,
    "globalid_1": "bb94eaa8-3f14-4c72-aa78-89dc88ed1d28",
    "nome": "Eco Village",
    "nome_comp": "Eco Village",
    "num_bairro": 24,
    "objectid_1": 295,
    "objectid_2": 9,
    "pasta3___1": "Village",
    "pasta3___2": " ",
    "pasta3___3": " ",
    "pasta3___4": " ",
    "pasta3___5": " ",
    "pasta3__no": "Eco Village",
    "pasta3__ob": 182.0,
    "pasta3__te": "Eco",
    "regiao": "HB",
    "tipo": "LOTEAMENTO FECHADO"
   },
   "type": "Feature"
  },
  {
   "geometry": {
    "coordinates": [
     -49.413577450726194,
     -20.860252764634815
    ],
    "type": "Point"
   },
   "id": 183,
   "properties": {
    "abrangenci": "SÃO FRANCISCO",
    "arquivo": "REGUL",
    "cod_abrg": "09",
    "codigo_sia": 444,
    "cras": "CRAS Novo Mundo",
    "fid": 183,
    "fid_1": 183,
    "fid_1_1": 7,
    "globalid_1": "93f05b1d-ee3a-404b-a55b-4719473105db",
    "nome": "Eco Village I",
    "nome_comp": "Eco Village I",
    "num_bairro": 25,
    "objectid_1": 316,
    "objectid_2": 9,
    "pasta3___1": "Village",
    "pasta3___2": " ",
    "pasta3___3": " ",
    "pasta3___4": " ",
    "pasta3___5": " ",
    "pasta3__no": "Eco Village I",
    "pasta3__ob": 183.0,
    "pasta3__te": "Eco",
    "regiao": "HB",
    "tipo": "LOTEAMENTO FECHADO"
   },
   "type": "Feature"
  },
  {
   "geometry": {
    "coordinates": [
     -49.406203120722196,
     -20.852204360207285
    ],
    "type": "Point"
   },
   "id": 184,
   "properties": {
    "abrangenci": "SÃO FRANCISCO",
    "arquivo": "REGUL",
    "cod_abrg": "09",
    "codigo_sia": 153,
    "cras": "CRAS Novo Mundo",
    "fid": 184,
    "fid_1": 184,
    "fid_1_1": 7,
    "globalid_1": "036da2bb-e0bb-4148-8ac9-be58203b0675",
    "nome": "Bourgainville - Condomínio",
    "nome_comp": "Cond Res Bourgainville",
    "num_bairro": 14,
    "objectid_1": 325,
    "objectid_2": 9,
    "pasta3___1": " ",
    "pasta3___2": "Bourgainville",
    "pasta3___3": " ",
    "pasta3___4": " ",
    "pasta3___5": " ",
    "pasta3__no": "Cond Res Bourgainville",
    "pasta3__ob": 184.0,
    "pasta3__te": " ",
    "regiao": "HB",
    "tipo": "LOTEAMENTO FECHADO"
   },
   "type": "Feature"
  },
  {
   "geometry": {
    "coordinates": [
     -49.39158382592058,
     -20.84272636857437
    ],
    "type": "Point"
   },
   "id": 185,
   "properties": {
    "abrangenci": "SÃO FRANCISCO",
    "arquivo": "REGUL",
    "cod_abrg": "09",
    "codigo_sia": 554,
    "cras": "CRAS Novo Mundo",
    "fid": 185,
    "fid_1": 185,
    "fid_1_1": 7,
    "globalid_1": "9fed7236-6670-4b6a-8467-9c45d8b46476",
    "nome": "Portal do Sul - Lot. Res.",
    "nome_comp": "Lot Res Portal do Sul",
    "num_bairro": 52,
    "objectid_1": 517,
    "objectid_2": 9,
    "pasta3___1": " ",
    "pasta3___2": "Portal",
    "pasta3___3": " ",
    "pasta3___4": "Sul",
    "pasta3___5": " ",
    "pasta3__no": "Lot Res Portal do Sul",
    "pasta3__ob": 185.0,
    "pasta3__te": " ",
    "regiao": "HB",
    "tipo": "LOTEAMENTO FECHADO"
   },
   "type": "Feature"
  },
  {
   "geometry": {
    "coordinates": [
     -49.42022123761549,
     -20.850795787742484
    ],
    "type": "Point"
   },
   "id": 186,
   "properties": {
    "abrangenci": "SÃO FRANCISCO",
    "arquivo": "REGUL",
    "cod_abrg": "09",
    "codigo_sia": 475,
    "cras": "CRAS Novo Mundo",
    "fid": 186,
    "fid_1": 186,
    "fid_1_1": 7,
    "globalid_1": "1fa02bc8-16af-4682-9fcd-e36a4594b19e",
    "nome": "Quinta do Golfe",
    "nome_comp": "Res Quinta do Golfe",
    "num_bairro": 59,
    "objectid_1": 521,
    "objectid_2": 9,
    "pasta3___1": "Quinta",
    "pasta3___2": " ",
    "pasta3___3": "Golfe",
    "pasta3___4": " ",
    "pasta3___5": " ",
    "pasta3__no": "Res Quinta do Golfe",
    "pasta3__ob": 186.0,
    "pasta3__te": " ",
    "regiao": "HB",
    "tipo": "LOTEAMENTO FECHADO"
   },
   "type": "Feature"
  },
  {
   "geometry": {
    "coordinates": [
     -49.38802567203634,
     -20.841549610380408
    ],
    "type": "Point"
   },
   "id": 187,
   "properties": {
    "abrangenci": "SÃO FRANCISCO",
    "arquivo": "REGUL",
    "cod_abrg": "09",
    "codigo_sia": 526,
    "cras": "CRAS Novo Mundo",
    "fid": 187,
    "fid_1": 187,
    "fid_1_1": 7,
    "globalid_1": "378460ed-4c1c-44c0-a7dd-e3204908b8ce",
    "nome": "Res. Plaza Sul",
    "nome_comp": "Res Plaza Sul",
    "num_bairro": 57,
    "objectid_1": 522,
    "objectid_2": 9,
    "pasta3___1": "Plaza",
    "pasta3___2": "Sul",
    "pasta3___3": " ",
    "pasta3___4": " ",
    "pasta3___5": " ",
    "pasta3__no": "Res Plaza Sul",
    "pasta3__ob": 187.0,
    "pasta3__te": " ",
    "regiao": "HB",
    "tipo": "CONDOMÍNIO FECHADO VERTICAL"
   },
   "type": "Feature"
  },
  {
   "geometry": {
    "coordinates": [
     -49.41740436152928,
     -20.838984421297358
    ],
    "type": "Point"
   },
   "id": 188,
   "properties": {
    "abrangenci": "SÃO FRANCISCO",
    "arquivo": "REGUL",
    "cod_abrg": "09",
    "codigo_sia": 509,
    "cras": "CRAS Novo Mundo",
    "fid": 188,
    "fid_1": 188,
    "fid_1_1": 7,
    "globalid_1": "f108e24f-84fd-465e-ad1c-767360643023",
    "nome": "Residencial Alameda do Sul",
    "nome_comp": "Res Alameda do Sul",
    "num_bairro": 58,
    "objectid_1": 543,
    "objectid_2": 9,
    "pasta3___1": "Alameda",
    "pasta3___2": " ",
    "pasta3___3": "Sul",
    "pasta3___4": " ",
    "pasta3___5": " ",
    "pasta3__no": "Res Alameda do Sul",
    "pasta3__ob": 188.0,
    "pasta3__te": " ",
    "regiao": "HB",
    "tipo": "CONDOMÍNIO FECHADO"
   },
   "type": "Feature"
  },
  {
   "geometry": {
    "coordinates": [
     -49.406598338851666,
     -20.853426401789267
    ],
    "type": "Point"
   },
   "id": 189,
   "properties": {
    "abrangenci": "SÃO FRANCISCO",
    "arquivo": "REGUL",
    "cod_abrg": "09",
    "codigo_sia": 480,
    "cras": "CRAS Novo Mundo",
    "fid": 189,
    "fid_1": 189,
    "fid_1_1": 7,
    "globalid_1": "9afa6aca-31c4-45e6-91f2-79561eed9442",
    "nome": "Villaggio Harmonia - Cond",
    "nome_comp": "Villaggio Harmonia - Cond",
    "num_bairro": 68,
    "objectid_1": 548,
    "objectid_2": 9,
    "pasta3___1": "Harmonia",
    "pasta3___2": " ",
    "pasta3___3": " ",
    "pasta3___4": " ",
    "pasta3___5": " ",
    "pasta3__no": "Villaggio Harmonia - Cond",
    "pasta3__ob": 189.0,
    "pasta3__te": "Villaggio",
    "regiao": "HB",
    "tipo": "CONDOMÍNIO FECHADO"
   },
   "type": "Feature"
  },
  {
   "geometry": {
    "coordinates": [
     -49.387815313051604,
     -20.844992792802266
    ],
    "type": "Point"
   },
   "id": 190,
   "properties": {
    "abrangenci": "SÃO FRANCISCO",
    "arquivo": "REGUL",
    "cod_abrg": "09",
    "codigo_sia": 502,
    "cras": "CRAS Novo Mundo",
    "fid": 190,
    "fid_1": 190,
    "fid_1_1": 7,
    "globalid_1": "16c6897b-7b29-45b4-9f40-931d89a36b28",
    "nome": "Spázio Rio Colorado",
    "nome_comp": "Spázio Rio Colorado",
    "num_bairro": 63,
    "objectid_1": 605,
    "objectid_2": 9,
    "pasta3___1": " ",
    "pasta3___2": "Colorado",
    "pasta3___3": " ",
    "pasta3___4": " ",
    "pasta3___5": " ",
    "pasta3__no": "Spázio Rio Colorado",
    "pasta3__ob": 190.0,
    "pasta3__te": "Spázio",
    "regiao": "HB",
    "tipo": "CONDOMÍNIO FECHADO VERTICAL"
   },
   "type": "Feature"
  },
  {
   "geometry": {
    "coordinates": [
     -49.414598113405624,
     -20.86625982311911
    ],
    "type": "Point"
   },
   "id": 191,
   "properties": {
    "abrangenci": "SÃO FRANCISCO",
    "arquivo": "REGUL",
    "cod_abrg": "09",
    "codigo_sia": 915,
    "cras": "CRAS Novo Mundo",
    "fid": 191,
    "fid_1": 191,
    "fid_1_1": 7,
    "globalid_1": "cd83be54-4a34-4732-b696-7a9b407b5fb8",
    "nome": "Complexo Iguatemi Rio Preto",
    "nome_comp": "Complexo Iguatemi Rio Preto",
    "num_bairro": 4,
    "objectid_1": 637,
    "objectid_2": 9,
    "pasta3___1": "Iguatemi",
    "pasta3___2": "Rio",
    "pasta3___3": "Preto",
    "pasta3___4": " ",
    "pasta3___5": " ",
    "pasta3__no": "Complexo Iguatemi Rio Preto",
    "pasta3__ob": 191.0,
    "pasta3__te": " ",
    "regiao": "HB",
    "tipo": "CONDOMÍNIO FECHADO MISTO"
   },
   "type": "Feature"
  },
  {
   "geometry": {
    "coordinates": [
     -49.38297284073342,
     -20.848947226982737
    ],
    "type": "Point"
   },
   "id": 192,
   "properties": {
    "abrangenci": "SÃO FRANCISCO",
    "arquivo": "REGUL",
    "cod_abrg": "09",
    "codigo_sia": 357,
    "cras": "CRAS Novo Mundo",
    "fid": 192,
    "fid_1": 192,
    "fid_1_1": 7,
    "globalid_1": "f0fd538a-0539-4e29-b9d6-82b8f193f830",
    "nome": "VIENA I - JD.",
    "nome_comp": "Viena I",
    "num_bairro": 67,
    "objectid_1": 471,
    "objectid_2": 9,
    "pasta3___1": " ",
    "pasta3___2": " ",
    "pasta3___3": " ",
    "pasta3___4": " ",
    "pasta3___5": " ",
    "pasta3__no": "Viena I",
    "pasta3__ob": 192.0,
    "pasta3__te": "Viena",
    "regiao": "HB",
    "tipo": "BAIRRO"
   },
   "type": "Feature"
  },
  {
   "geometry": {
    "coordinates": [
     -49.41040073436478,
     -20.836822236364224
    ],
    "type": "Point"
   },
   "id": 193,
   "properties": {
    "abrangenci": "SÃO FRANCISCO",
    "arquivo": "REGUL",
    "cod_abrg": "09",
    "codigo_sia": 972,
    "cras": "CRAS Novo Mundo",
    "fid": 193,
    "fid_1": 193,
    "fid_1_1": 7,
    "globalid_1": "064d19cc-6a46-4f67-9768-dee035d16728",
    "nome": "Cond. Res. San Lorenzo",
    "nome_comp": "Cond Res San Lorenzo",
    "num_bairro": 11,
    "objectid_1": 639,
    "objectid_2": 9,
    "pasta3___1": " ",
    "pasta3___2": "San",
    "pasta3___3": "Lorenzo",
    "pasta3___4": " ",
    "pasta3___5": " ",
    "pasta3__no": "Cond Res San Lorenzo",
    "pasta3__ob": 193.0,
    "pasta3__te": " ",
    "regiao": "HB",
    "tipo": "CONDOMÍNIO FECHADO"
   },
   "type": "Feature"
  },
  {
   "geometry": {
    "coordinates": [
     -49.41164908877622,
     -20.838996801237027
    ],
    "type": "Point"
   },
   "id": 194,
   "properties": {
    "abrangenci": "SÃO FRANCISCO",
    "arquivo": "REGUL",
    "cod_abrg": "09",
    "codigo_sia": 971,
    "cras": "CRAS Novo Mundo",
    "fid": 194,
    "fid_1": 194,
    "fid_1_1": 7,
    "globalid_1": "9cd6d776-5983-4793-974b-137ba567c1dc",
    "nome": "Cond. Res. Forest Hill",
    "nome_comp": "Cond Res Forest Hill",
    "num_bairro": 7,
    "objectid_1": 640,
    "objectid_2": 9,
    "pasta3___1": " ",
    "pasta3___2": "Forest",
    "pasta3___3": "Hill",
    "pasta3___4": " ",
    "pasta3___5": " ",
    "pasta3__no": "Cond Res Forest Hill",
    "pasta3__ob": 194.0,
    "pasta3__te": " ",
    "regiao": "HB",
    "tipo": "CONDOMÍNIO FECHADO"
   },
   "type": "Feature"
  },
  {
   "geometry": {
    "coordinates": [
     -49.38993453444091,
     -20.839670687874026
    ],
    "type": "Point"
   },
   "id": 195,
   "properties": {
    "abrangenci": "SÃO FRANCISCO",
    "arquivo": "REGUL",
    "cod_abrg": "09",
    "codigo_sia": 481,
    "cras": "CRAS Novo Mundo",
    "fid": 195,
    "fid_1": 195,
    "fid_1_1": 7,
    "globalid_1": "3797e7c6-4250-469b-928b-3bda833223f5",
    "nome": "Spázio Rio D'ouro",
    "nome_comp": "Spázio Rio D'ouro",
    "num_bairro": 64,
    "objectid_1": 669,
    "objectid_2": 9,
    "pasta3___1": " ",
    "pasta3___2": "D'ouro",
    "pasta3___3": " ",
    "pasta3___4": " ",
    "pasta3___5": " ",
    "pasta3__no": "Spázio Rio D'ouro",
    "pasta3__ob": 195.0,
    "pasta3__te": "Spázio",
    "regiao": "HB",
    "tipo": "CONDOMÍNIO FECHADO VERTICAL"
   },
   "type": "Feature"
  },
  {
   "geometry": {
    "coordinates": [
     -49.389089012895504,
     -20.838811850616697
    ],
    "type": "Point"
   },
   "id": 196,
   "properties": {
    "abrangenci": "SÃO FRANCISCO",
    "arquivo": "REGUL",
    "cod_abrg": "09",
    "codigo_sia": 969,
    "cras": "CRAS Novo Mundo",
    "fid": 196,
    "fid_1": 196,
    "fid_1_1": 7,
    "globalid_1": "4d8447fb-6c1e-4847-9990-e8b0ee9671cf",
    "nome": "Spázio Rio Tejo",
    "nome_comp": "Spázio Rio Tejo",
    "num_bairro": 65,
    "objectid_1": 671,
    "objectid_2": 9,
    "pasta3___1": " ",
    "pasta3___2": "Tejo",
    "pasta3___3": " ",
    "pasta3___4": " ",
    "pasta3___5": " ",
    "pasta3__no": "Spázio Rio Tejo",
    "pasta3__ob": 196.0,
    "pasta3__te": "Spázio",
    "regiao": "HB",
    "tipo": "CONDOMÍNIO FECHADO VERTICAL"
   },
   "type": "Feature"
  },
  {
   "geometry": {
    "coordinates": [
     -49.399803637796786,
     -20.840011473933046
    ],
    "type": "Point"
   },
   "id": 197,
   "properties": {
    "abrangenci": "SÃO FRANCISCO",
    "arquivo": "REGUL",
    "cod_abrg": "09",
    "codigo_sia": 250,
    "cras": "CRAS Novo Mundo",
    "fid": 197,
    "fid_1": 197,
    "fid_1_1": 7,
    "globalid_1": "bf0b506d-3452-499a-a447-4c8025ad09e3",
    "nome": "MICHEL JACOB - JD.",
    "nome_comp": "Jd Michel Jacob",
    "num_bairro": 36,
    "objectid_1": 515,
    "objectid_2": 9,
    "pasta3___1": "Michel",
    "pasta3___2": "Jacob",
    "pasta3___3": " ",
    "pasta3___4": " ",
    "pasta3___5": " ",
    "pasta3__no": "Jd Michel Jacob",
    "pasta3__ob": 197.0,
    "pasta3__te": " ",
    "regiao": "HB",
    "tipo": "BAIRRO"
   },
   "type": "Feature"
  },
  {
   "geometry": {
    "coordinates": [
     -49.40998563289509,
     -20.830538880682873
    ],
    "type": "Point"
   },
   "id": 198,
   "properties": {
    "abrangenci": "SÃO FRANCISCO",
    "arquivo": "IRREG",
    "cod_abrg": "09",
    "codigo_sia": 1085,
    "cras": "CRAS Novo Mundo",
    "fid": 198,
    "fid_1": 198,
    "fid_1_1": 7,
    "globalid_1": "e45199f9-1c69-4069-a2c0-0fcf998d26dc",
    "nome": "Da Matinha- Chacara",
    "nome_comp": "Chac da Matinha",
    "num_bairro": 3,
    "objectid_1": 531,
    "objectid_2": 9,
    "pasta3___1": " ",
    "pasta3___2": "Matinha",
    "pasta3___3": " ",
    "pasta3___4": " ",
    "pasta3___5": " ",
    "pasta3__no": "Chac da Matinha",
    "pasta3__ob": 198.0,
    "pasta3__te": " ",
    "regiao": "HB",
    "tipo": "REGULARIZAÇÃO FUNDIÁRIA"
   },
   "type": "Feature"
  },
  {
   "geometry": {
    "coordinates": [
     -49.41946195057883,
     -20.84334555509294
    ],
    "type": "Point"
   },
   "id": 199,
   "properties": {
    "abrangenci": "SÃO FRANCISCO",
    "arquivo": "REGUL",
    "cod_abrg": "09",
    "codigo_sia": 576,
    "cras": "CRAS Novo Mundo",
    "fid": 199,
    "fid_1": 199,
    "fid_1_1": 7,
    "globalid_1": "cc2f8270-6c08-409a-b4b0-fb816cc2221b",
    "nome": "Praças Golfe - Cond.",
    "nome_comp": "Cond Praças Golfe",
    "num_bairro": 54,
    "objectid_1": 98,
    "objectid_2": 9,
    "pasta3___1": " ",
    "pasta3___2": "Golfe",
    "pasta3___3": " ",
    "pasta3___4": " ",
    "pasta3___5": " ",
    "pasta3__no": "Cond Praças Golfe",
    "pasta3__ob": 199.0,
    "pasta3__te": " ",
    "regiao": "HB",
    "tipo": "CONDOMÍNIO FECHADO VERTICAL"
   },
   "type": "Feature"
  },
  {
   "geometry": {
    "coordinates": [
     -49.406506369575425,
     -20.82778924607687
    ],
    "type": "Point"
   },
   "id": 200,
   "properties": {
    "abrangenci": "SÃO FRANCISCO",
    "arquivo": "REGUL",
    "cod_abrg": "09",
    "codigo_sia": 178,
    "cras": "CRAS Novo Mundo",
    "fid": 200,
    "fid_1": 200,
    "fid_1_1": 7,
    "globalid_1": "ab3b1238-7809-4df3-832c-17ff9c06d372",
    "nome": "STEFANINI - RET.",
    "nome_comp": "Retallhamento Stefanini",
    "num_bairro": 60,
    "objectid_1": 462,
    "objectid_2": 9,
    "pasta3___1": "Stefanini",
    "pasta3___2": " ",
    "pasta3___3": " ",
    "pasta3___4": " ",
    "pasta3___5": " ",
    "pasta3__no": "Retallhamento Stefanini",
    "pasta3__ob": 200.0,
    "pasta3__te": "Retallhamento",
    "regiao": "HB",
    "tipo": "RETALHAMENTO"
   },
   "type": "Feature"
  },
  {
   "geometry": {
    "coordinates": [
     -49.43096421169039,
     -20.853081860761204
    ],
    "type": "Point"
   },
   "id": 201,
   "properties": {
    "abrangenci": "SÃO FRANCISCO",
    "arquivo": "REGUL",
    "cod_abrg": "09",
    "codigo_sia": 551,
    "cras": "CRAS Novo Mundo",
    "fid": 201,
    "fid_1": 201,
    "fid_1_1": 7,
    "globalid_1": "1ff4ecb3-69f3-485f-ad9f-9a711d29a4fd",
    "nome": "Quinta do Golfe 4",
    "nome_comp": "Quinta do Golfe 4",
    "num_bairro": 56,
    "objectid_1": 562,
    "objectid_2": 9,
    "pasta3___1": " ",
    "pasta3___2": "Golfe",
    "pasta3___3": " ",
    "pasta3___4": " ",
    "pasta3___5": " ",
    "pasta3__no": "Quinta do Golfe 4",
    "pasta3__ob": 201.0,
    "pasta3__te": "Quinta",
    "regiao": "HB",
    "tipo": "LOTEAMENTO FECHADO"
   },
   "type": "Feature"
  },
  {
   "geometry": {
    "coordinates": [
     -49.418331593930056,
     -20.825445356187334
    ],
    "type": "Point"
   },
   "id": 202,
   "properties": {
    "abrangenci": "SÃO FRANCISCO",
    "arquivo": " ",
    "cod_abrg": "09",
    "codigo_sia": 588,
    "cras": "CRAS Novo Mundo",
    "fid": 202,
    "fid_1": 202,
    "fid_1_1": 7,
    "globalid_1": "2b67b615-e3b7-43a5-8b1a-61d9c335e53e",
    "nome": "Polo Joalheiro",
    "nome_comp": "Polo Joalheiro",
    "num_bairro": 50,
    "objectid_1": 573,
    "objectid_2": 9,
    "pasta3___1": "Joalheiro",
    "pasta3___2": " ",
    "pasta3___3": " ",
    "pasta3___4": " ",
    "pasta3___5": " ",
    "pasta3__no": "Polo Joalheiro",
    "pasta3__ob": 202.0,
    "pasta3__te": " ",
    "regiao": "HB",
    "tipo": "CONDOMÍNIO EMPRESARIAL FECHADO"
   },
   "type": "Feature"
  },
  {
   "geometry": {
    "coordinates": [
     -49.42359202209015,
     -20.859049007533606
    ],
    "type": "Point"
   },
   "id": 203,
   "properties": {
    "abrangenci": "SÃO FRANCISCO",
    "arquivo": "REGUL",
    "cod_abrg": "09",
    "codigo_sia": 550,
    "cras": "CRAS Novo Mundo",
    "fid": 203,
    "fid_1": 203,
    "fid_1_1": 7,
    "globalid_1": "8dc4e524-7297-434a-ab59-0d0367f345d6",
    "nome": "Quinta do Golfe  2",
    "nome_comp": "Quinta do Golfe 2",
    "num_bairro": 55,
    "objectid_1": 581,
    "objectid_2": 9,
    "pasta3___1": " ",
    "pasta3___2": "Golfe",
    "pasta3___3": " ",
    "pasta3___4": " ",
    "pasta3___5": " ",
    "pasta3__no": "Quinta do Golfe 2",
    "pasta3__ob": 203.0,
    "pasta3__te": "Quinta",
    "regiao": "HB",
    "tipo": "LOTEAMENTO FECHADO"
   },
   "type": "Feature"
  },
  {
   "geometry": {
    "coordinates": [
     -49.386142062001824,
     -20.845372178596246
    ],
    "type": "Point"
   },
   "id": 204,
   "properties": {
    "abrangenci": "SÃO FRANCISCO",
    "arquivo": "REGUL",
    "cod_abrg": "09",
    "codigo_sia": 542,
    "cras": "CRAS Novo Mundo",
    "fid": 204,
    "fid_1": 204,
    "fid_1_1": 7,
    "globalid_1": "3e130b40-d904-49ee-ba92-ca1aef464538",
    "nome": "Terra Nova Green Life II",
    "nome_comp": "Cond Terra Nova Green Life II",
    "num_bairro": 13,
    "objectid_1": 334,
    "objectid_2": 9,
    "pasta3___1": "Terra",
    "pasta3___2": "Nova",
    "pasta3___3": "Green",
    "pasta3___4": "Life",
    "pasta3___5": " ",
    "pasta3__no": "Cond Terra Nova Green Life II",
    "pasta3__ob": 204.0,
    "pasta3__te": " ",
    "regiao": "HB",
    "tipo": "CONDOMÍNIO FECHADO VERTICAL"
   },
   "type": "Feature"
  },
  {
   "geometry": {
    "coordinates": [
     -49.40967347939252,
     -20.85220966748606
    ],
    "type": "Point"
   },
   "id": 205,
   "properties": {
    "abrangenci": "SÃO FRANCISCO",
    "arquivo": "REGUL",
    "cod_abrg": "09",
    "codigo_sia": 426,
    "cras": "CRAS Novo Mundo",
    "fid": 205,
    "fid_1": 205,
    "fid_1_1": 7,
    "globalid_1": "1337519e-709a-4c71-9e2a-d13adae75fc4",
    "nome": "Harmonia Residence",
    "nome_comp": "Lot Cond Harmonia Residence",
    "num_bairro": 29,
    "objectid_1": 349,
    "objectid_2": 9,
    "pasta3___1": "Cond",
    "pasta3___2": "Harmonia",
    "pasta3___3": "Residence",
    "pasta3___4": " ",
    "pasta3___5": " ",
    "pasta3__no": "Lot Cond Harmonia Residence",
    "pasta3__ob": 205.0,
    "pasta3__te": " ",
    "regiao": "HB",
    "tipo": "LOTEAMENTO FECHADO"
   },
   "type": "Feature"
  },
  {
   "geometry": {
    "coordinates": [
     -49.40601027682044,
     -20.828535817558272
    ],
    "type": "Point"
   },
   "id": 206,
   "properties": {
    "abrangenci": "SÃO FRANCISCO",
    "arquivo": "REGUL",
    "cod_abrg": "09",
    "codigo_sia": 484,
    "cras": "CRAS Novo Mundo",
    "fid": 206,
    "fid_1": 206,
    "fid_1_1": 7,
    "globalid_1": "1f2753cb-ad18-4aa7-b3a5-c653dc61e36e",
    "nome": "Las Palmas - Cond.",
    "nome_comp": "Cond Las Palmas",
    "num_bairro": 48,
    "objectid_1": 453,
    "objectid_2": 9,
    "pasta3___1": "Las",
    "pasta3___2": "Palmas",
    "pasta3___3": " ",
    "pasta3___4": " ",
    "pasta3___5": " ",
    "pasta3__no": "Cond Las Palmas",
    "pasta3__ob": 206.0,
    "pasta3__te": " ",
    "regiao": "HB",
    "tipo": "CONDOMÍNIO FECHADO"
   },
   "type": "Feature"
  },
  {
   "geometry": {
    "coordinates": [
     -49.41531262541701,
     -20.86298611610625
    ],
    "type": "Point"
   },
   "id": 207,
   "properties": {
    "abrangenci": "SÃO FRANCISCO",
    "arquivo": "REGUL",
    "cod_abrg": "09",
    "codigo_sia": 593,
    "cras": "CRAS Novo Mundo",
    "fid": 207,
    "fid_1": 207,
    "fid_1_1": 7,
    "globalid_1": "e92bd511-269d-4438-8093-d4ce45cf3064",
    "nome": "Jardim Paulistano",
    "nome_comp": "Jd Paulistano",
    "num_bairro": 39,
    "objectid_1": 444,
    "objectid_2": 9,
    "pasta3___1": "Paulistano",
    "pasta3___2": " ",
    "pasta3___3": " ",
    "pasta3___4": " ",
    "pasta3___5": " ",
    "pasta3__no": "Jd Paulistano",
    "pasta3__ob": 207.0,
    "pasta3__te": " ",
    "regiao": "HB",
    "tipo": "BAIRRO"
   },
   "type": "Feature"
  },
  {
   "geometry": {
    "coordinates": [
     -49.406640893702225,
     -20.845195961551926
    ],
    "type": "Point"
   },
   "id": 208,
   "properties": {
    "abrangenci": "SÃO FRANCISCO",
    "arquivo": "REGUL",
    "cod_abrg": "09",
    "codigo_sia": 265,
    "cras": "CRAS Novo Mundo",
    "fid": 208,
    "fid_1": 208,
    "fid_1_1": 7,
    "globalid_1": "bd6b1c2e-dc04-40e8-890d-551191ffef1b",
    "nome": "Village Santa Helena - Cond.",
    "nome_comp": "Cond Res Village Santa Helena",
    "num_bairro": 21,
    "objectid_1": 182,
    "objectid_2": 9,
    "pasta3___1": " ",
    "pasta3___2": "Village",
    "pasta3___3": "Santa",
    "pasta3___4": "Helena",
    "pasta3___5": " ",
    "pasta3__no": "Cond Res Village Santa Helena",
    "pasta3__ob": 208.0,
    "pasta3__te": " ",
    "regiao": "HB",
    "tipo": "LOTEAMENTO FECHADO"
   },
   "type": "Feature"
  },
  {
   "geometry": {
    "coordinates": [
     -49.41468691604173,
     -20.847746900856816
    ],
    "type": "Point"
   },
   "id": 209,
   "properties": {
    "abrangenci": "SÃO FRANCISCO",
    "arquivo": "REGUL",
    "cod_abrg": "09",
    "codigo_sia": 430,
    "cras": "CRAS Novo Mundo",
    "fid": 209,
    "fid_1": 209,
    "fid_1_1": 7,
    "globalid_1": "008f68a9-f03f-4a4a-a60c-e39df9e40cea",
    "nome": "GREEN VALLEY EDGE CITY",
    "nome_comp": "Cond Res Green Valley",
    "num_bairro": 17,
    "objectid_1": 223,
    "objectid_2": 9,
    "pasta3___1": " ",
    "pasta3___2": "Green",
    "pasta3___3": "Valley",
    "pasta3___4": " ",
    "pasta3___5": " ",
    "pasta3__no": "Cond Res Green Valley",
    "pasta3__ob": 209.0,
    "pasta3__te": " ",
    "regiao": "HB",
    "tipo": "CONDOMÍNIO FECHADO VERTICAL"
   },
   "type": "Feature"
  },
  {
   "geometry": {
    "coordinates": [
     -49.41029593016812,
     -20.833037585507014
    ],
    "type": "Point"
   },
   "id": 210,
   "properties": {
    "abrangenci": "SÃO FRANCISCO",
    "arquivo": "REGUL",
    "cod_abrg": "09",
    "codigo_sia": 275,
    "cras": "CRAS Novo Mundo",
    "fid": 210,
    "fid_1": 210,
    "fid_1_1": 7,
    "globalid_1": "a1b97681-0611-4210-8b3c-23df661f2253",
    "nome": "Recanto Real - Condomínio",
    "nome_comp": "Cond Res Recanto Real",
    "num_bairro": 18,
    "objectid_1": 233,
    "objectid_2": 9,
    "pasta3___1": " ",
    "pasta3___2": "Recanto",
    "pasta3___3": "Real",
    "pasta3___4": " ",
    "pasta3___5": " ",
    "pasta3__no": "Cond Res Recanto Real",
    "pasta3__ob": 210.0,
    "pasta3__te": " ",
    "regiao": "HB",
    "tipo": "LOTEAMENTO FECHADO"
   },
   "type": "Feature"
  },
  {
   "geometry": {
    "coordinates": [
     -49.387049430134645,
     -20.84177141660519
    ],
    "type": "Point"
   },
   "id": 211,
   "properties": {
    "abrangenci": "SÃO FRANCISCO",
    "arquivo": " ",
    "cod_abrg": "09",
    "codigo_sia": 455,
    "cras": "CRAS Novo Mundo",
    "fid": 211,
    "fid_1": 211,
    "fid_1_1": 7,
    "globalid_1": "77c6fe02-485f-4b88-9949-52ebf4aff531",
    "nome": "Green Village III",
    "nome_comp": "Green Village III",
    "num_bairro": 28,
    "objectid_1": 254,
    "objectid_2": 9,
    "pasta3___1": " ",
    "pasta3___2": " ",
    "pasta3___3": " ",
    "pasta3___4": " ",
    "pasta3___5": " ",
    "pasta3__no": "Green Village III",
    "pasta3__ob": 211.0,
    "pasta3__te": "Green",
    "regiao": "HB",
    "tipo": "CONDOMÍNIO FECHADO"
   },
   "type": "Feature"
  },
  {
   "geometry": {
    "coordinates": [
     -49.407777251391835,
     -20.85039288153705
    ],
    "type": "Point"
   },
   "id": 212,
   "properties": {
    "abrangenci": "SÃO FRANCISCO",
    "arquivo": "REGUL",
    "cod_abrg": "09",
    "codigo_sia": 363,
    "cras": "CRAS Novo Mundo",
    "fid": 212,
    "fid_1": 212,
    "fid_1_1": 7,
    "globalid_1": "b2e1aca6-face-4c71-8bbc-cdbe11224464",
    "nome": "VILLAGE FLAMBOYANT - Cond.",
    "nome_comp": "Cond Res Village Flamboyant",
    "num_bairro": 19,
    "objectid_1": 259,
    "objectid_2": 9,
    "pasta3___1": " ",
    "pasta3___2": "Village",
    "pasta3___3": "Flamboyant",
    "pasta3___4": " ",
    "pasta3___5": " ",
    "pasta3__no": "Cond Res Village Flamboyant",
    "pasta3__ob": 212.0,
    "pasta3__te": " ",
    "regiao": "HB",
    "tipo": "LOTEAMENTO FECHADO"
   },
   "type": "Feature"
  },
  {
   "geometry": {
    "coordinates": [
     -49.40028946936979,
     -20.84990089987748
    ],
    "type": "Point"
   },
   "id": 213,
   "properties": {
    "abrangenci": "SÃO FRANCISCO",
    "arquivo": "REGUL",
    "cod_abrg": "09",
    "codigo_sia": 415,
    "cras": "CRAS Novo Mundo",
    "fid": 213,
    "fid_1": 213,
    "fid_1_1": 7,
    "globalid_1": "c00a29ed-8130-4f3a-ac38-2523580a3ab9",
    "nome": "GREEN PALM - COND. RES.",
    "nome_comp": "Cond Res Green Palm",
    "num_bairro": 16,
    "objectid_1": 31,
    "objectid_2": 9,
    "pasta3___1": " ",
    "pasta3___2": "Green",
    "pasta3___3": "Palm",
    "pasta3___4": " ",
    "pasta3___5": " ",
    "pasta3__no": "Cond Res Green Palm",
    "pasta3__ob": 213.0,
    "pasta3__te": " ",
    "regiao": "HB",
    "tipo": "LOTEAMENTO FECHADO"
   },
   "type": "Feature"
  },
  {
   "geometry": {
    "coordinates": [
     -49.407956448443045,
     -20.847758308382183
    ],
    "type": "Point"
   },
   "id": 214,
   "properties": {
    "abrangenci": "SÃO FRANCISCO",
    "arquivo": "REGUL",
    "cod_abrg": "09",
    "codigo_sia": 184,
    "cras": "CRAS Novo Mundo",
    "fid": 214,
    "fid_1": 214,
    "fid_1_1": 7,
    "globalid_1": "4f08e4a5-3149-4456-b8ec-bed911ec3869",
    "nome": "Débora Cristina - Condomínio",
    "nome_comp": "Cond Res Débora Cristina",
    "num_bairro": 15,
    "objectid_1": 90,
    "objectid_2": 9,
    "pasta3___1": " ",
    "pasta3___2": "Débora",
    "pasta3___3": "Cristina",
    "pasta3___4": " ",
    "pasta3___5": " ",
    "pasta3__no": "Cond Res Débora Cristina",
    "pasta3__ob": 214.0,
    "pasta3__te": " ",
    "regiao": "HB",
    "tipo": "LOTEAMENTO FECHADO"
   },
   "type": "Feature"
  },
  {
   "geometry": {
    "coordinates": [
     -49.38912970264177,
     -20.84014243261269
    ],
    "type": "Point"
   },
   "id": 215,
   "properties": {
    "abrangenci": "SÃO FRANCISCO",
    "arquivo": " ",
    "cod_abrg": "09",
    "codigo_sia": 413,
    "cras": "CRAS Novo Mundo",
    "fid": 215,
    "fid_1": 215,
    "fid_1_1": 7,
    "globalid_1": "5e8e6b50-092c-4bf7-b2f3-f02734c438fa",
    "nome": "Green Village II",
    "nome_comp": "Cond Res Green Village II",
    "num_bairro": 9,
    "objectid_1": 104,
    "objectid_2": 9,
    "pasta3___1": " ",
    "pasta3___2": "Green",
    "pasta3___3": "Village",
    "pasta3___4": " ",
    "pasta3___5": " ",
    "pasta3__no": "Cond Res Green Village II",
    "pasta3__ob": 215.0,
    "pasta3__te": " ",
    "regiao": "HB",
    "tipo": "CONDOMÍNIO FECHADO"
   },
   "type": "Feature"
  },
  {
   "geometry": {
    "coordinates": [
     -49.40136275619146,
     -20.843197967770625
    ],
    "type": "Point"
   },
   "id": 216,
   "properties": {
    "abrangenci": "SÃO FRANCISCO",
    "arquivo": "REGUL",
    "cod_abrg": "09",
    "codigo_sia": 193,
    "cras": "CRAS Novo Mundo",
    "fid": 216,
    "fid_1": 216,
    "fid_1_1": 7,
    "globalid_1": "16f7f00e-4a81-4c12-a8f9-78700a0aa2ba",
    "nome": "Vivendas - Jd",
    "nome_comp": "Jd Vivendas",
    "num_bairro": 46,
    "objectid_1": 288,
    "objectid_2": 9,
    "pasta3___1": "Vivendas",
    "pasta3___2": " ",
    "pasta3___3": " ",
    "pasta3___4": " ",
    "pasta3___5": " ",
    "pasta3__no": "Jd Vivendas",
    "pasta3__ob": 216.0,
    "pasta3__te": " ",
    "regiao": "HB",
    "tipo": "BAIRRO"
   },
   "type": "Feature"
  },
  {
   "geometry": {
    "coordinates": [
     -49.420009073075946,
     -20.872131707704206
    ],
    "type": "Point"
   },
   "id": 217,
   "properties": {
    "abrangenci": "SÃO FRANCISCO",
    "arquivo": "REGUL",
    "cod_abrg": "09",
    "codigo_sia": 318,
    "cras": "CRAS Novo Mundo",
    "fid": 217,
    "fid_1": 217,
    "fid_1_1": 7,
    "globalid_1": "81b2c3dd-d283-4cdc-bf38-5cc3171dee7b",
    "nome": "Parque dos Pássaros",
    "nome_comp": "Pq dos Pássaros",
    "num_bairro": 49,
    "objectid_1": 305,
    "objectid_2": 9,
    "pasta3___1": " ",
    "pasta3___2": "Pássaros",
    "pasta3___3": " ",
    "pasta3___4": " ",
    "pasta3___5": " ",
    "pasta3__no": "Pq dos Pássaros",
    "pasta3__ob": 217.0,
    "pasta3__te": " ",
    "regiao": "HB",
    "tipo": "BAIRRO"
   },
   "type": "Feature"
  },
  {
   "geometry": {
    "coordinates": [
     -49.430612538807964,
     -20.884464354856142
    ],
    "type": "Point"
   },
   "id": 218,
   "properties": {
    "abrangenci": "SÃO FRANCISCO",
    "arquivo": "REGUL",
    "cod_abrg": "09",
    "codigo_sia": 319,
    "cras": "CRAS Novo Mundo",
    "fid": 218,
    "fid_1": 218,
    "fid_1_1": 7,
    "globalid_1": "d998a000-8b2b-4f8a-b57c-fb2e2a60b645",
    "nome": "San Fernando Valley",
    "nome_comp": "San Fernando Valley",
    "num_bairro": 61,
    "objectid_1": 312,
    "objectid_2": 9,
    "pasta3___1": "Fernando",
    "pasta3___2": "Valley",
    "pasta3___3": " ",
    "pasta3___4": " ",
    "pasta3___5": " ",
    "pasta3__no": "San Fernando Valley",
    "pasta3__ob": 218.0,
    "pasta3__te": "San",
    "regiao": "HB",
    "tipo": "CHÁCARAS"
   },
   "type": "Feature"
  },
  {
   "geometry": {
    "coordinates": [
     -49.37344088528126,
     -20.842055268211414
    ],
    "type": "Point"
   },
   "id": 219,
   "properties": {
    "abrangenci": "SÃO FRANCISCO",
    "arquivo": "REGUL",
    "cod_abrg": "09",
    "codigo_sia": 183,
    "cras": "CRAS Novo Mundo",
    "fid": 219,
    "fid_1": 219,
    "fid_1_1": 7,
    "globalid_1": "f331b7e4-98ff-4626-b0c4-3e6072b70223",
    "nome": "Tangará - Jardim Residencial",
    "nome_comp": "Jd Tangará",
    "num_bairro": 40,
    "objectid_1": 169,
    "objectid_2": 9,
    "pasta3___1": "Tangará",
    "pasta3___2": " ",
    "pasta3___3": " ",
    "pasta3___4": " ",
    "pasta3___5": " ",
    "pasta3__no": "Jd Tangará",
    "pasta3__ob": 219.0,
    "pasta3__te": " ",
    "regiao": "HB",
    "tipo": "BAIRRO"
   },
   "type": "Feature"
  },
  {
   "geometry": {
    "coordinates": [
     -49.41058332338657,
     -20.83819820380754
    ],
    "type": "Point"
   },
   "id": 220,
   "properties": {
    "abrangenci": "SÃO FRANCISCO",
    "arquivo": "REGUL",
    "cod_abrg": "09",
    "codigo_sia": 373,
    "cras": "CRAS Novo Mundo",
    "fid": 220,
    "fid_1": 220,
    "fid_1_1": 7,
    "globalid_1": "ae86aef8-7ce0-4d2f-b982-9b9af36c9b86",
    "nome": "Tarraf III - Jardim",
    "nome_comp": "Jd Tarraf III",
    "num_bairro": 43,
    "objectid_1": 179,
    "objectid_2": 9,
    "pasta3___1": "Tarraf",
    "pasta3___2": " ",
    "pasta3___3": " ",
    "pasta3___4": " ",
    "pasta3___5": " ",
    "pasta3__no": "Jd Tarraf III",
    "pasta3__ob": 220.0,
    "pasta3__te": " ",
    "regiao": "HB",
    "tipo": "BAIRRO"
   },
   "type": "Feature"
  },
  {
   "geometry": {
    "coordinates": [
     -49.380259455430384,
     -20.84359428801863
    ],
    "type": "Point"
   },
   "id": 221,
   "properties": {
    "abrangenci": "SÃO FRANCISCO",
    "arquivo": "REGUL",
    "cod_abrg": "09",
    "codigo_sia": 191,
    "cras": "CRAS Novo Mundo",
    "fid": 221,
    "fid_1": 221,
    "fid_1_1": 7,
    "globalid_1": "1f41fb58-d9df-4509-bbc7-a55b434f6b88",
    "nome": "São Francisco - Jd.",
    "nome_comp": "São Francisco",
    "num_bairro": 62,
    "objectid_1": 192,
    "objectid_2": 9,
    "pasta3___1": "Francisco",
    "pasta3___2": " ",
    "pasta3___3": " ",
    "pasta3___4": " ",
    "pasta3___5": " ",
    "pasta3__no": "São Francisco",
    "pasta3__ob": 221.0,
    "pasta3__te": " ",
    "regiao": "HB",
    "tipo": "BAIRRO"
   },
   "type": "Feature"
  },
  {
   "geometry": {
    "coordinates": [
     -49.39529803348525,
     -20.835932308751403
    ],
    "type": "Point"
   },
   "id": 222,
   "properties": {
    "abrangenci": "SÃO FRANCISCO",
    "arquivo": "REGUL",
    "cod_abrg": "09",
    "codigo_sia": 244,
    "cras": "CRAS Novo Mundo",
    "fid": 222,
    "fid_1": 222,
    "fid_1_1": 7,
    "globalid_1": "a05ef30c-fb64-483f-9e9b-2d71fa2188d9",
    "nome": "Morumbi - Jardim",
    "nome_comp": "Jd Morumbi",
    "num_bairro": 37,
    "objectid_1": 198,
    "objectid_2": 9,
    "pasta3___1": "Morumbi",
    "pasta3___2": " ",
    "pasta3___3": " ",
    "pasta3___4": " ",
    "pasta3___5": " ",
    "pasta3__no": "Jd Morumbi",
    "pasta3__ob": 222.0,
    "pasta3__te": " ",
    "regiao": "HB",
    "tipo": "BAIRRO"
   },
   "type": "Feature"
  },
  {
   "geometry": {
    "coordinates": [
     -49.38529308357545,
     -20.84937620764292
    ],
    "type": "Point"
   },
   "id": 223,
   "properties": {
    "abrangenci": "SÃO FRANCISCO",
    "arquivo": "REGUL",
    "cod_abrg": "09",
    "codigo_sia": 209,
    "cras": "CRAS Novo Mundo",
    "fid": 223,
    "fid_1": 223,
    "fid_1_1": 7,
    "globalid_1": "17f73c59-2099-4f35-a5af-981c2ca80a0e",
    "nome": "Alba - Jardim Residencial",
    "nome_comp": "Jd Res Alba",
    "num_bairro": 31,
    "objectid_1": 211,
    "objectid_2": 9,
    "pasta3___1": " ",
    "pasta3___2": "Alba",
    "pasta3___3": " ",
    "pasta3___4": " ",
    "pasta3___5": " ",
    "pasta3__no": "Jd Res Alba",
    "pasta3__ob": 223.0,
    "pasta3__te": " ",
    "regiao": "HB",
    "tipo": "BAIRRO"
   },
   "type": "Feature"
  },
  {
   "geometry": {
    "coordinates": [
     -49.40400330531763,
     -20.84136990367241
    ],
    "type": "Point"
   },
   "id": 224,
   "properties": {
    "abrangenci": "SÃO FRANCISCO",
    "arquivo": "REGUL",
    "cod_abrg": "09",
    "codigo_sia": 167,
    "cras": "CRAS Novo Mundo",
    "fid": 224,
    "fid_1": 224,
    "fid_1_1": 7,
    "globalid_1": "7381bd50-3cc6-4fff-807d-153594a4ec1e",
    "nome": "Aclimação - Jardim",
    "nome_comp": "Jd Aclimação",
    "num_bairro": 30,
    "objectid_1": 218,
    "objectid_2": 9,
    "pasta3___1": "Aclimação",
    "pasta3___2": " ",
    "pasta3___3": " ",
    "pasta3___4": " ",
    "pasta3___5": " ",
    "pasta3__no": "Jd Aclimação",
    "pasta3__ob": 224.0,
    "pasta3__te": " ",
    "regiao": "HB",
    "tipo": "BAIRRO"
   },
   "type": "Feature"
  },
  {
   "geometry": {
    "coordinates": [
     -49.42063856291035,
     -20.826981655198345
    ],
    "type": "Point"
   },
   "id": 225,
   "properties": {
    "abrangenci": "SÃO FRANCISCO",
    "arquivo": "REGUL",
    "cod_abrg": "09",
    "codigo_sia": 333,
    "cras": "CRAS Novo Mundo",
    "fid": 225,
    "fid_1": 225,
    "fid_1_1": 7,
    "globalid_1": "7d8b3add-6823-4853-a4d2-3e2078b93dc4",
    "nome": "UlIsses da Silveira Guimarães - Dist. Industrial",
    "nome_comp": "Distrito Industrial UlIsses da Silveira Guimarães",
    "num_bairro": 23,
    "objectid_1": 252,
    "objectid_2": 9,
    "pasta3___1": " ",
    "pasta3___2": "Ulisses",
    "pasta3___3": " ",
    "pasta3___4": "Silveira",
    "pasta3___5": "Guimarães",
    "pasta3__no": "Distrito Industrial UlIsses da Silveira Guimarães",
    "pasta3__ob": 225.0,
    "pasta3__te": " ",
    "regiao": "HB",
    "tipo": "DISTRITO INDUSTRIAL"
   },
   "type": "Feature"
  },
  {
   "geometry": {
    "coordinates": [
     -49.407369208508946,
     -20.84031283702677
    ],
    "type": "Point"
   },
   "id": 226,
   "properties": {
    "abrangenci": "SÃO FRANCISCO",
    "arquivo": "REGUL",
    "cod_abrg": "09",
    "codigo_sia": 188,
    "cras": "CRAS Novo Mundo",
    "fid": 226,
    "fid_1": 226,
    "fid_1_1": 7,
    "globalid_1": "952405d5-70d8-4ef1-8ec0-b47b6fde56cf",
    "nome": "Tarraf - Jardim",
    "nome_comp": "Jd Tarraf",
    "num_bairro": 41,
    "objectid_1": 256,
    "objectid_2": 9,
    "pasta3___1": "Tarraf",
    "pasta3___2": " ",
    "pasta3___3": " ",
    "pasta3___4": " ",
    "pasta3___5": " ",
    "pasta3__no": "Jd Tarraf",
    "pasta3__ob": 226.0,
    "pasta3__te": " ",
    "regiao": "HB",
    "tipo": "BAIRRO"
   },
   "type": "Feature"
  },
  {
   "geometry": {
    "coordinates": [
     -49.39817549170221,
     -20.842132942217198
    ],
    "type": "Point"
   },
   "id": 227,
   "properties": {
    "abrangenci": "SÃO FRANCISCO",
    "arquivo": "REGUL",
    "cod_abrg": "09",
    "codigo_sia": 5,
    "cras": "CRAS Novo Mundo",
    "fid": 227,
    "fid_1": 227,
    "fid_1_1": 7,
    "globalid_1": "a9e809a2-d812-4275-a44f-e70bce062933",
    "nome": "Universitário - Bairro",
    "nome_comp": "Universitário",
    "num_bairro": 66,
    "objectid_1": 144,
    "objectid_2": 9,
    "pasta3___1": " ",
    "pasta3___2": " ",
    "pasta3___3": " ",
    "pasta3___4": " ",
    "pasta3___5": " ",
    "pasta3__no": "Universitário",
    "pasta3__ob": 227.0,
    "pasta3__te": "Universitário",
    "regiao": "HB",
    "tipo": "BAIRRO"
   },
   "type": "Feature"
  },
  {
   "geometry": {
    "coordinates": [
     -49.4088016231387,
     -20.826746333845584
    ],
    "type": "Point"
   },
   "id": 228,
   "properties": {
    "abrangenci": "SÃO FRANCISCO",
    "arquivo": "REGUL",
    "cod_abrg": "09",
    "codigo_sia": 91,
    "cras": "CRAS Novo Mundo",
    "fid": 228,
    "fid_1": 228,
    "fid_1_1": 7,
    "globalid_1": "cb9b4c32-33a8-4ad1-8530-00d8187a6cda",
    "nome": "Maracanã - Jardim",
    "nome_comp": "Jd Maracanã",
    "num_bairro": 35,
    "objectid_1": 152,
    "objectid_2": 9,
    "pasta3___1": "Maracanã",
    "pasta3___2": " ",
    "pasta3___3": " ",
    "pasta3___4": " ",
    "pasta3___5": " ",
    "pasta3__no": "Jd Maracanã",
    "pasta3__ob": 228.0,
    "pasta3__te": " ",
    "regiao": "HB",
    "tipo": "BAIRRO"
   },
   "type": "Feature"
  },
  {
   "geometry": {
    "coordinates": [
     -49.37797486707876,
     -20.848988954869007
    ],
    "type": "Point"
   },
   "id": 229,
   "properties": {
    "abrangenci": "SÃO FRANCISCO",
    "arquivo": "REGUL",
    "cod_abrg": "09",
    "codigo_sia": 199,
    "cras": "CRAS Novo Mundo",
    "fid": 229,
    "fid_1": 229,
    "fid_1_1": 7,
    "globalid_1": "81a95e2d-d745-45f6-b707-dfbafa62be45",
    "nome": "Viena - Jardim",
    "nome_comp": "Jd Viena",
    "num_bairro": 44,
    "objectid_1": 2,
    "objectid_2": 9,
    "pasta3___1": "Viena",
    "pasta3___2": " ",
    "pasta3___3": " ",
    "pasta3___4": " ",
    "pasta3___5": " ",
    "pasta3__no": "Jd Viena",
    "pasta3__ob": 229.0,
    "pasta3__te": " ",
    "regiao": "HB",
    "tipo": "BAIRRO"
   },
   "type": "Feature"
  },
  {
   "geometry": {
    "coordinates": [
     -49.39621404396337,
     -20.838226333461854
    ],
    "type": "Point"
   },
   "id": 230,
   "properties": {
    "abrangenci": "SÃO FRANCISCO",
    "arquivo": "REGUL",
    "cod_abrg": "09",
    "codigo_sia": 198,
    "cras": "CRAS Novo Mundo",
    "fid": 230,
    "fid_1": 230,
    "fid_1_1": 7,
    "globalid_1": "5c73caac-2dd4-449a-8324-79e1b1268868",
    "nome": "Francisco Fernandes - Jd. Res.",
    "nome_comp": "Jd Francisco Fernandes",
    "num_bairro": 34,
    "objectid_1": 19,
    "objectid_2": 9,
    "pasta3___1": "Francisco",
    "pasta3___2": "Fernandes",
    "pasta3___3": " ",
    "pasta3___4": " ",
    "pasta3___5": " ",
    "pasta3__no": "Jd Francisco Fernandes",
    "pasta3__ob": 230.0,
    "pasta3__te": " ",
    "regiao": "HB",
    "tipo": "BAIRRO"
   },
   "type": "Feature"
  },
  {
   "geometry": {
    "coordinates": [
     -49.39001476247925,
     -20.83445296005184
    ],
    "type": "Point"
   },
   "id": 231,
   "properties": {
    "abrangenci": "SÃO FRANCISCO",
    "arquivo": "REGUL",
    "cod_abrg": "09",
    "codigo_sia": 90,
    "cras": "CRAS Novo Mundo",
    "fid": 231,
    "fid_1": 231,
    "fid_1_1": 7,
    "globalid_1": "16bcf640-8add-4d95-89bf-a89f89d613b2",
    "nome": "Walkiria - Jardim",
    "nome_comp": "Jd Walkiria",
    "num_bairro": 47,
    "objectid_1": 25,
    "objectid_2": 9,
    "pasta3___1": "Walkiria",
    "pasta3___2": " ",
    "pasta3___3": " ",
    "pasta3___4": " ",
    "pasta3___5": " ",
    "pasta3__no": "Jd Walkiria",
    "pasta3__ob": 231.0,
    "pasta3__te": " ",
    "regiao": "HB",
    "tipo": "BAIRRO"
   },
   "type": "Feature"
  },
  {
   "geometry": {
    "coordinates": [
     -49.4140147532235,
     -20.835860356734695
    ],
    "type": "Point"
   },
   "id": 232,
   "properties": {
    "abrangenci": "SÃO FRANCISCO",
    "arquivo": "REGUL",
    "cod_abrg": "09",
    "codigo_sia": 213,
    "cras": "CRAS Novo Mundo",
    "fid": 232,
    "fid_1": 232,
    "fid_1_1": 7,
    "globalid_1": "d9bbad2b-0bba-4a58-8028-f72ae214ba2d",
    "nome": "Tarraf II - Jardim",
    "nome_comp": "Jd Tarraf II",
    "num_bairro": 42,
    "objectid_1": 30,
    "objectid_2": 9,
    "pasta3___1": "Tarraf",
    "pasta3___2": " ",
    "pasta3___3": " ",
    "pasta3___4": " ",
    "pasta3___5": " ",
    "pasta3__no": "Jd Tarraf II",
    "pasta3__ob": 232.0,
    "pasta3__te": " ",
    "regiao": "HB",
    "tipo": "BAIRRO"
   },
   "type": "Feature"
  },
  {
   "geometry": {
    "coordinates": [
     -49.40995189288819,
     -20.85577067660954
    ],
    "type": "Point"
   },
   "id": 233,
   "properties": {
    "abrangenci": "SÃO FRANCISCO",
    "arquivo": "REGUL",
    "cod_abrg": "09",
    "codigo_sia": 227,
    "cras": "CRAS Novo Mundo",
    "fid": 233,
    "fid_1": 233,
    "fid_1_1": 7,
    "globalid_1": "14efa406-b06c-4ee2-9607-d57c08512f7d",
    "nome": "Moysés Miguel Haddad - Jardim",
    "nome_comp": "Jd Moysés Miguel Haddad",
    "num_bairro": 38,
    "objectid_1": 44,
    "objectid_2": 9,
    "pasta3___1": "Moysés",
    "pasta3___2": "Miguel",
    "pasta3___3": "Haddad",
    "pasta3___4": " ",
    "pasta3___5": " ",
    "pasta3__no": "Jd Moysés Miguel Haddad",
    "pasta3__ob": 233.0,
    "pasta3__te": " ",
    "regiao": "HB",
    "tipo": "BAIRRO"
   },
   "type": "Feature"
  },
  {
   "geometry": {
    "coordinates": [
     -49.40190915135531,
     -20.84606770360005
    ],
    "type": "Point"
   },
   "id": 234,
   "properties": {
    "abrangenci": "SÃO FRANCISCO",
    "arquivo": "REGUL",
    "cod_abrg": "09",
    "codigo_sia": 556,
    "cras": "CRAS Novo Mundo",
    "fid": 234,
    "fid_1": 234,
    "fid_1_1": 7,
    "globalid_1": "1aff3859-b278-46b3-bd85-a793a72e3ec6",
    "nome": "Georgina Business Park",
    "nome_comp": "Georgina Business Park",
    "num_bairro": 26,
    "objectid_1": 229,
    "objectid_2": 9,
    "pasta3___1": " ",
    "pasta3___2": " ",
    "pasta3___3": " ",
    "pasta3___4": " ",
    "pasta3___5": " ",
    "pasta3__no": "Georgina Business Park",
    "pasta3__ob": 234.0,
    "pasta3__te": "Georgina",
    "regiao": "HB",
    "tipo": "CONDOMÍNIO FECHADO MISTO"
   },
   "type": "Feature"
  },
  {
   "geometry": {
    "coordinates": [
     -49.38764450848173,
     -20.840801892311752
    ],
    "type": "Point"
   },
   "id": 235,
   "properties": {
    "abrangenci": "SÃO FRANCISCO",
    "arquivo": "REGUL",
    "cod_abrg": "09",
    "codigo_sia": 412,
    "cras": "CRAS Novo Mundo",
    "fid": 235,
    "fid_1": 235,
    "fid_1_1": 7,
    "globalid_1": "05f37a2e-b509-4297-8c5f-2fba5d566c9a",
    "nome": "Green Village I",
    "nome_comp": "Cond Res Green Village I",
    "num_bairro": 6,
    "objectid_1": 260,
    "objectid_2": 9,
    "pasta3___1": " ",
    "pasta3___2": "Green",
    "pasta3___3": "Village",
    "pasta3___4": " ",
    "pasta3___5": " ",
    "pasta3__no": "Cond Res Green Village I",
    "pasta3__ob": 235.0,
    "pasta3__te": " ",
    "regiao": "HB",
    "tipo": "CONDOMÍNIO FECHADO"
   },
   "type": "Feature"
  },
  {
   "geometry": {
    "coordinates": [
     -49.39237414045602,
     -20.84530533812983
    ],
    "type": "Point"
   },
   "id": 236,
   "properties": {
    "abrangenci": "SÃO FRANCISCO",
    "arquivo": "REGUL",
    "cod_abrg": "09",
    "codigo_sia": 269,
    "cras": "CRAS Novo Mundo",
    "fid": 236,
    "fid_1": 236,
    "fid_1_1": 7,
    "globalid_1": "34774beb-47d5-40e3-bfb0-1d5c70ac9211",
    "nome": "Bosque das Vivendas",
    "nome_comp": "Jd Bosque das Vivendas",
    "num_bairro": 32,
    "objectid_1": 271,
    "objectid_2": 9,
    "pasta3___1": "Bosque",
    "pasta3___2": " ",
    "pasta3___3": "Vivendas",
    "pasta3___4": " ",
    "pasta3___5": " ",
    "pasta3__no": "Jd Bosque das Vivendas",
    "pasta3__ob": 236.0,
    "pasta3__te": " ",
    "regiao": "HB",
    "tipo": "JARDIM"
   },
   "type": "Feature"
  },
  {
   "geometry": {
    "coordinates": [
     -49.39746022732764,
     -20.84935291172756
    ],
    "type": "Point"
   },
   "id": 237,
   "properties": {
    "abrangenci": "SÃO FRANCISCO",
    "arquivo": " ",
    "cod_abrg": "09",
    "codigo_sia": 422,
    "cras": "CRAS Novo Mundo",
    "fid": 237,
    "fid_1": 237,
    "fid_1_1": 7,
    "globalid_1": "e24b4ca8-ac93-4d3e-b8f8-092153f0896a",
    "nome": "Cond. Res. Green Park",
    "nome_comp": "Cond Res Gren Park",
    "num_bairro": 10,
    "objectid_1": 319,
    "objectid_2": 9,
    "pasta3___1": " ",
    "pasta3___2": "Gren",
    "pasta3___3": "Park",
    "pasta3___4": " ",
    "pasta3___5": " ",
    "pasta3__no": "Cond Res Gren Park",
    "pasta3__ob": 237.0,
    "pasta3__te": " ",
    "regiao": "HB",
    "tipo": "CONDOMÍNIO FECHADO VERTICAL"
   },
   "type": "Feature"
  },
  {
   "geometry": {
    "coordinates": [
     -49.40667841121404,
     -20.86337200379318
    ],
    "type": "Point"
   },
   "id": 238,
   "properties": {
    "abrangenci": "SÃO FRANCISCO",
    "arquivo": "REGUL",
    "cod_abrg": "09",
    "codigo_sia": 341,
    "cras": "CRAS Novo Mundo",
    "fid": 238,
    "fid_1": 238,
    "fid_1_1": 7,
    "globalid_1": "65d972b4-7d78-49cd-b0f8-de0b0d9239bd",
    "nome": "Village La Montagne - Cond. Horiz.",
    "nome_comp": "Cond Res Village La Montagne",
    "num_bairro": 20,
    "objectid_1": 395,
    "objectid_2": 9,
    "pasta3___1": " ",
    "pasta3___2": "Village",
    "pasta3___3": "La",
    "pasta3___4": "Montagne",
    "pasta3___5": " ",
    "pasta3__no": "Cond Res Village La Montagne",
    "pasta3__ob": 238.0,
    "pasta3__te": " ",
    "regiao": "HB",
    "tipo": "COND. FECHADO"
   },
   "type": "Feature"
  },
  {
   "geometry": {
    "coordinates": [
     -49.39956921991168,
     -20.84876607700214
    ],
    "type": "Point"
   },
   "id": 239,
   "properties": {
    "abrangenci": "SÃO FRANCISCO",
    "arquivo": "REGUL",
    "cod_abrg": "09",
    "codigo_sia": 970,
    "cras": "CRAS Novo Mundo",
    "fid": 239,
    "fid_1": 239,
    "fid_1_1": 7,
    "globalid_1": "9da58523-9d05-43f7-b85a-820d0c94d365",
    "nome": "Coopec",
    "nome_comp": "Coopec",
    "num_bairro": 22,
    "objectid_1": 641,
    "objectid_2": 9,
    "pasta3___1": " ",
    "pasta3___2": " ",
    "pasta3___3": " ",
    "pasta3___4": " ",
    "pasta3___5": " ",
    "pasta3__no": "Coopec",
    "pasta3__ob": 239.0,
    "pasta3__te": "Coopec",
    "regiao": "HB",
    "tipo": "LOTEAMENTO FECHADO"
   },
   "type": "Feature"
  },
  {
   "geometry": {
    "coordinates": [
     -49.39059030710942,
     -20.846117659605518
    ],
    "type": "Point"
   },
   "id": 240,
   "properties": {
    "abrangenci": "SÃO FRANCISCO",
    "arquivo": "REGUL",
    "cod_abrg": "09",
    "codigo_sia": 973,
    "cras": "CRAS Novo Mundo",
    "fid": 240,
    "fid_1": 240,
    "fid_1_1": 7,
    "globalid_1": "1a80752d-c04c-4f14-b9a2-12b8d6bc2a53",
    "nome": "Cemitério Jardim da Paz",
    "nome_comp": "Cemitério Jd da Paz",
    "num_bairro": 2,
    "objectid_1": 352,
    "objectid_2": 9,
    "pasta3___1": " ",
    "pasta3___2": " ",
    "pasta3___3": "Paz",
    "pasta3___4": " ",
    "pasta3___5": " ",
    "pasta3__no": "Cemitério Jd da Paz",
    "pasta3__ob": 240.0,
    "pasta3__te": "Cemitério",
    "regiao": "HB",
    "tipo": "ÁREA INSTITUCIONAL"
   },
   "type": "Feature"
  },
  {
   "geometry": {
    "coordinates": [
     -49.425880912827296,
     -20.84021664079974
    ],
    "type": "Point"
   },
   "id": 241,
   "properties": {
    "abrangenci": "SÃO FRANCISCO",
    "arquivo": "REGUL",
    "cod_abrg": "09",
    "codigo_sia": 555,
    "cras": "CRAS Novo Mundo",
    "fid": 241,
    "fid_1": 241,
    "fid_1_1": 7,
    "globalid_1": "c9c77f54-205f-4bfe-8f26-f6e6f453b22e",
    "nome": "Parque Tecnológico Vanda Karina Simei Bolçone",
    "nome_comp": "Pq Tec V Karina Simei Bolçone",
    "num_bairro": 53,
    "objectid_1": 574,
    "objectid_2": 9,
    "pasta3___1": "Tec",
    "pasta3___2": " ",
    "pasta3___3": "Karina",
    "pasta3___4": "Simei",
    "pasta3___5": "Bolçone",
    "pasta3__no": "Pq Tec V Karina Simei Bolçone",
    "pasta3__ob": 241.0,
    "pasta3__te": " ",
    "regiao": "HB",
    "tipo": "LOTEAMENTO ABERTO"
   },
   "type": "Feature"
  },
  {
   "geometry": {
    "coordinates": [
     -49.42424994814435,
     -20.87411799826947
    ],
    "type": "Point"
   },
   "id": 242,
   "properties": {
    "abrangenci": "SÃO FRANCISCO",
    "arquivo": " ",
    "cod_abrg": "09",
    "codigo_sia": 619,
    "cras": "CRAS Novo Mundo",
    "fid": 242,
    "fid_1": 242,
    "fid_1_1": 7,
    "globalid_1": "cde44700-093a-4cda-875f-905ef24b0f48",
    "nome": "VITAGLIANO - JD",
    "nome_comp": "Jd Vitagliano",
    "num_bairro": 45,
    "objectid_1": 4482,
    "objectid_2": 9,
    "pasta3___1": "Vitagliano",
    "pasta3___2": " ",
    "pasta3___3": " ",
    "pasta3___4": " ",
    "pasta3___5": " ",
    "pasta3__no": "Jd Vitagliano",
    "pasta3__ob": 242.0,
    "pasta3__te": " ",
    "regiao": "HB",
    "tipo": "LOT"
   },
   "type": "Feature"
  },
  {
   "geometry": {
    "coordinates": [
     -49.424396637674874,
     -20.868469368679442
    ],
    "type": "Point"
   },
   "id": 243,
   "properties": {
    "abrangenci": "SÃO FRANCISCO",
    "arquivo": "REGUL",
    "cod_abrg": "09",
    "codigo_sia": 635,
    "cras": "CRAS Novo Mundo",
    "fid": 243,
    "fid_1": 243,
    "fid_1_1": 7,
    "globalid_1": "ee5d2bc6-ff58-451b-b80a-51aa4a2c5fc0",
    "nome": "Carareto - Complexo Multifuncional",
    "nome_comp": "Complexo Multifuncional Carareto",
    "num_bairro": 5,
    "objectid_1": 8641,
    "objectid_2": 9,
    "pasta3___1": "Multifuncional",
    "pasta3___2": "Carareto",
    "pasta3___3": " ",
    "pasta3___4": " ",
    "pasta3___5": " ",
    "pasta3__no": "Complexo Multifuncional Carareto",
    "pasta3__ob": 243.0,
    "pasta3__te": " ",
    "regiao": "HB",
    "tipo": " "
   },
   "type": "Feature"
  },
  {
   "geometry": {
    "coordinates": [
     -49.39122067354484,
     -20.84950220681257
    ],
    "type": "Point"
   },
   "id": 244,
   "properties": {
    "abrangenci": "SÃO FRANCISCO",
    "arquivo": " ",
    "cod_abrg": "09",
    "codigo_sia": 447,
    "cras": "CRAS Novo Mundo",
    "fid": 244,
    "fid_1": 244,
    "fid_1_1": 7,
    "globalid_1": "559425f2-d763-4b1e-9f26-3b099d68f6d6",
    "nome": "Bosque Vivendas",
    "nome_comp": "Bosque Vivendas",
    "num_bairro": 1,
    "objectid_1": 6401,
    "objectid_2": 9,
    "pasta3___1": "Vivendas",
    "pasta3___2": " ",
    "pasta3___3": " ",
    "pasta3___4": " ",
    "pasta3___5": " ",
    "pasta3__no": "Bosque Vivendas",
    "pasta3__ob": 244.0,
    "pasta3__te": "Bosque",
    "regiao": "HB",
    "tipo": " "
   },
   "type": "Feature"
  },
  {
   "geometry": {
    "coordinates": [
     -49.348793828548615,
     -20.77633426991313
    ],
    "type": "Point"
   },
   "id": 245,
   "properties": {
    "abrangenci": "LUZ DA ESPERANÇA",
    "arquivo": "REGUL",
    "cod_abrg": "28",
    "codigo_sia": 468,
    "cras": "CRAS São Deocleciano",
    "fid": 245,
    "fid_1": 245,
    "fid_1_1": 8,
    "globalid_1": "1e43b8e2-4919-4a2f-b628-297cda1cfb17",
    "nome": "Garden Village - Cond.",
    "nome_comp": "Garden Village",
    "num_bairro": 3,
    "objectid_1": 298,
    "objectid_2": 28,
    "pasta3___1": " ",
    "pasta3___2": " ",
    "pasta3___3": " ",
    "pasta3___4": " ",
    "pasta3___5": " ",
    "pasta3__no": "Garden Village",
    "pasta3__ob": 245.0,
    "pasta3__te": "Garden",
    "regiao": "Represa",
    "tipo": "CONDOMÍNIO FECHADO"
   },
   "type": "Feature"
  },
  {
   "geometry": {
    "coordinates": [
     -49.34537687766651,
     -20.78028407882128
    ],
    "type": "Point"
   },
   "id": 246,
   "properties": {
    "abrangenci": "LUZ DA ESPERANÇA",
    "arquivo": "REGUL",
    "cod_abrg": "28",
    "codigo_sia": 464,
    "cras": "CRAS São Deocleciano",
    "fid": 246,
    "fid_1": 246,
    "fid_1_1": 8,
    "globalid_1": "4869e268-3b1a-4fda-8362-58a55106ee20",
    "nome": "Jardins de Athenas",
    "nome_comp": "Jd de Athenas",
    "num_bairro": 4,
    "objectid_1": 321,
    "objectid_2": 28,
    "pasta3___1": " ",
    "pasta3___2": "Athenas",
    "pasta3___3": " ",
    "pasta3___4": " ",
    "pasta3___5": " ",
    "pasta3__no": "Jd de Athenas",
    "pasta3__ob": 246.0,
    "pasta3__te": " ",
    "regiao": "Represa",
    "tipo": "CONDOMÍNIO FECHADO"
   },
   "type": "Feature"
  },
  {
   "geometry": {
    "coordinates": [
     -49.33052003842062,
     -20.773450274638883
    ],
    "type": "Point"
   },
   "id": 247,
   "properties": {
    "abrangenci": "LUZ DA ESPERANÇA",
    "arquivo": "REGUL",
    "cod_abrg": "28",
    "codigo_sia": 406,
    "cras": "CRAS São Deocleciano",
    "fid": 247,
    "fid_1": 247,
    "fid_1_1": 8,
    "globalid_1": "363f8d9a-94b0-41b0-ad85-ba9ee991a43c",
    "nome": "LIBERDADE I - PARQUE DA",
    "nome_comp": "Pq Liberdade I",
    "num_bairro": 9,
    "objectid_1": 490,
    "objectid_2": 28,
    "pasta3___1": "Liberdade",
    "pasta3___2": " ",
    "pasta3___3": " ",
    "pasta3___4": " ",
    "pasta3___5": " ",
    "pasta3__no": "Pq Liberdade I",
    "pasta3__ob": 247.0,
    "pasta3__te": " ",
    "regiao": "Represa",
    "tipo": "LOTEAMENTO FECHADO"
   },
   "type": "Feature"
  },
  {
   "geometry": {
    "coordinates": [
     -49.328950600075146,
     -20.77168896741115
    ],
    "type": "Point"
   },
   "id": 248,
   "properties": {
    "abrangenci": "LUZ DA ESPERANÇA",
    "arquivo": "REGUL",
    "cod_abrg": "28",
    "codigo_sia": 531,
    "cras": "CRAS São Deocleciano",
    "fid": 248,
    "fid_1": 248,
    "fid_1_1": 8,
    "globalid_1": "4a78b7a6-a2ff-4e91-9a04-129ffaa5137c",
    "nome": "Liberdade VI",
    "nome_comp": "Pq Liberdade VI",
    "num_bairro": 14,
    "objectid_1": 492,
    "objectid_2": 28,
    "pasta3___1": "Liberdade",
    "pasta3___2": " ",
    "pasta3___3": " ",
    "pasta3___4": " ",
    "pasta3___5": " ",
    "pasta3__no": "Pq Liberdade VI",
    "pasta3__ob": 248.0,
    "pasta3__te": " ",
    "regiao": "Represa",
    "tipo": "LOTEAMENTO FECHADO"
   },
   "type": "Feature"
  },
  {
   "geometry": {
    "coordinates": [
     -49.340601236838566,
     -20.77996612149893
    ],
    "type": "Point"
   },
   "id": 249,
   "properties": {
    "abrangenci": "LUZ DA ESPERANÇA",
    "arquivo": "REGUL",
    "cod_abrg": "28",
    "codigo_sia": 443,
    "cras": "CRAS São Deocleciano",
    "fid": 249,
    "fid_1": 249,
    "fid_1_1": 8,
    "globalid_1": "82f31877-4403-40a6-b236-a4ab69a547bc",
    "nome": "Village Rio Preto",
    "nome_comp": "Village Damha Rio Preto",
    "num_bairro": 20,
    "objectid_1": 533,
    "objectid_2": 28,
    "pasta3___1": "Damha",
    "pasta3___2": " ",
    "pasta3___3": " ",
    "pasta3___4": " ",
    "pasta3___5": " ",
    "pasta3__no": "Village Damha Rio Preto",
    "pasta3__ob": 249.0,
    "pasta3__te": "Village",
    "regiao": "Represa",
    "tipo": "LOTEAMENTO FECHADO"
   },
   "type": "Feature"
  },
  {
   "geometry": {
    "coordinates": [
     -49.3083163095616,
     -20.76412971536725
    ],
    "type": "Point"
   },
   "id": 250,
   "properties": {
    "abrangenci": "LUZ DA ESPERANÇA",
    "arquivo": "REGUL",
    "cod_abrg": "28",
    "codigo_sia": 951,
    "cras": "CRAS São Deocleciano",
    "fid": 250,
    "fid_1": 250,
    "fid_1_1": 8,
    "globalid_1": "b45a278b-46e0-46f1-a544-2373d54ffa6b",
    "nome": "Recanto São Lucas",
    "nome_comp": "Recanto São Lucas",
    "num_bairro": 16,
    "objectid_1": 510,
    "objectid_2": 28,
    "pasta3___1": " ",
    "pasta3___2": "Lucas",
    "pasta3___3": " ",
    "pasta3___4": " ",
    "pasta3___5": " ",
    "pasta3__no": "Recanto São Lucas",
    "pasta3__ob": 250.0,
    "pasta3__te": "Recanto",
    "regiao": "Represa",
    "tipo": "REGULARIZAÇÃO FUNDIÁRIA"
   },
   "type": "Feature"
  },
  {
   "geometry": {
    "coordinates": [
     -49.318917979637426,
     -20.77297363168496
    ],
    "type": "Point"
   },
   "id": 251,
   "properties": {
    "abrangenci": "LUZ DA ESPERANÇA",
    "arquivo": "REGUL",
    "cod_abrg": "28",
    "codigo_sia": 512,
    "cras": "CRAS São Deocleciano",
    "fid": 251,
    "fid_1": 251,
    "fid_1_1": 8,
    "globalid_1": "5bca289d-11f6-4718-b1ff-691d0f6375c5",
    "nome": "Pq. Res. Luz da Esperança",
    "nome_comp": "Pq Res Luz da Esperança",
    "num_bairro": 15,
    "objectid_1": 516,
    "objectid_2": 28,
    "pasta3___1": " ",
    "pasta3___2": "Luz",
    "pasta3___3": " ",
    "pasta3___4": "Esperança",
    "pasta3___5": " ",
    "pasta3__no": "Pq Res Luz da Esperança",
    "pasta3__ob": 251.0,
    "pasta3__te": " ",
    "regiao": "Represa",
    "tipo": "BAIRRO"
   },
   "type": "Feature"
  },
  {
   "geometry": {
    "coordinates": [
     -49.34718563198915,
     -20.77813772601489
    ],
    "type": "Point"
   },
   "id": 252,
   "properties": {
    "abrangenci": "LUZ DA ESPERANÇA",
    "arquivo": "REGUL",
    "cod_abrg": "28",
    "codigo_sia": 472,
    "cras": "CRAS São Deocleciano",
    "fid": 252,
    "fid_1": 252,
    "fid_1_1": 8,
    "globalid_1": "572482fe-3a1f-4606-8f60-d7ac1c44df5d",
    "nome": "Terra Nova Rodobens R Preto - Belvedere I",
    "nome_comp": "Terra Nova - Belvedere I",
    "num_bairro": 17,
    "objectid_1": 112,
    "objectid_2": 28,
    "pasta3___1": "Nova",
    "pasta3___2": " ",
    "pasta3___3": "Belvedere",
    "pasta3___4": " ",
    "pasta3___5": " ",
    "pasta3__no": "Terra Nova - Belvedere I",
    "pasta3__ob": 252.0,
    "pasta3__te": "Terra",
    "regiao": "Represa",
    "tipo": "REGULARIZAÇÃO FUNDIÁRIA"
   },
   "type": "Feature"
  },
  {
   "geometry": {
    "coordinates": [
     -49.33204094727212,
     -20.768557982029577
    ],
    "type": "Point"
   },
   "id": 253,
   "properties": {
    "abrangenci": "LUZ DA ESPERANÇA",
    "arquivo": "REGUL",
    "cod_abrg": "28",
    "codigo_sia": 507,
    "cras": "CRAS São Deocleciano",
    "fid": 253,
    "fid_1": 253,
    "fid_1_1": 8,
    "globalid_1": "f3bada19-208a-4411-8125-6433942f3da9",
    "nome": "LIBERDADE III - PARQUE DA",
    "nome_comp": "Pq Liberdade III",
    "num_bairro": 11,
    "objectid_1": 454,
    "objectid_2": 28,
    "pasta3___1": "Liberdade",
    "pasta3___2": " ",
    "pasta3___3": " ",
    "pasta3___4": " ",
    "pasta3___5": " ",
    "pasta3__no": "Pq Liberdade III",
    "pasta3__ob": 253.0,
    "pasta3__te": " ",
    "regiao": "Represa",
    "tipo": "LOTEAMENTO FECHADO"
   },
   "type": "Feature"
  },
  {
   "geometry": {
    "coordinates": [
     -49.3336944627732,
     -20.770307224489652
    ],
    "type": "Point"
   },
   "id": 254,
   "properties": {
    "abrangenci": "LUZ DA ESPERANÇA",
    "arquivo": "REGUL",
    "cod_abrg": "28",
    "codigo_sia": 476,
    "cras": "CRAS São Deocleciano",
    "fid": 254,
    "fid_1": 254,
    "fid_1_1": 8,
    "globalid_1": "b252d5ac-a193-41a9-a734-af11215d22d7",
    "nome": "LIBERDADE II - PARQUE DA",
    "nome_comp": "Pq Liberdade II",
    "num_bairro": 10,
    "objectid_1": 455,
    "objectid_2": 28,
    "pasta3___1": "Liberdade",
    "pasta3___2": " ",
    "pasta3___3": " ",
    "pasta3___4": " ",
    "pasta3___5": " ",
    "pasta3__no": "Pq Liberdade II",
    "pasta3__ob": 254.0,
    "pasta3__te": " ",
    "regiao": "Represa",
    "tipo": "LOTEAMENTO FECHADO"
   },
   "type": "Feature"
  },
  {
   "geometry": {
    "coordinates": [
     -49.344266089730866,
     -20.775745207805826
    ],
    "type": "Point"
   },
   "id": 255,
   "properties": {
    "abrangenci": "LUZ DA ESPERANÇA",
    "arquivo": "REGUL",
    "cod_abrg": "28",
    "codigo_sia": 467,
    "cras": "CRAS São Deocleciano",
    "fid": 255,
    "fid_1": 255,
    "fid_1_1": 8,
    "globalid_1": "e779e2b6-8d5b-4434-b6ac-7f8b972bea24",
    "nome": "Village Damha Rio Preto II",
    "nome_comp": "Village Damha Rio Preto II",
    "num_bairro": 21,
    "objectid_1": 470,
    "objectid_2": 28,
    "pasta3___1": "Damha",
    "pasta3___2": " ",
    "pasta3___3": " ",
    "pasta3___4": " ",
    "pasta3___5": " ",
    "pasta3__no": "Village Damha Rio Preto II",
    "pasta3__ob": 255.0,
    "pasta3__te": "Village",
    "regiao": "Represa",
    "tipo": "LOTEAMENTO FECHADO"
   },
   "type": "Feature"
  },
  {
   "geometry": {
    "coordinates": [
     -49.32675375561573,
     -20.769536031530738
    ],
    "type": "Point"
   },
   "id": 256,
   "properties": {
    "abrangenci": "LUZ DA ESPERANÇA",
    "arquivo": "REGUL",
    "cod_abrg": "28",
    "codigo_sia": 530,
    "cras": "CRAS São Deocleciano",
    "fid": 256,
    "fid_1": 256,
    "fid_1_1": 8,
    "globalid_1": "4fdcb31c-a7c2-461a-8af7-d128eed49dbd",
    "nome": "LIBERDADE V- PARQUE DA",
    "nome_comp": "Pq Liberdade V",
    "num_bairro": 13,
    "objectid_1": 472,
    "objectid_2": 28,
    "pasta3___1": "Liberdade",
    "pasta3___2": " ",
    "pasta3___3": " ",
    "pasta3___4": " ",
    "pasta3___5": " ",
    "pasta3__no": "Pq Liberdade V",
    "pasta3__ob": 256.0,
    "pasta3__te": " ",
    "regiao": "Represa",
    "tipo": "LOTEAMENTO FECHADO"
   },
   "type": "Feature"
  },
  {
   "geometry": {
    "coordinates": [
     -49.33659158348055,
     -20.777318173516978
    ],
    "type": "Point"
   },
   "id": 257,
   "properties": {
    "abrangenci": "LUZ DA ESPERANÇA",
    "arquivo": "REGUL",
    "cod_abrg": "28",
    "codigo_sia": 523,
    "cras": "CRAS São Deocleciano",
    "fid": 257,
    "fid_1": 257,
    "fid_1_1": 8,
    "globalid_1": "e124c131-65d8-4718-8125-5a963c6c4d28",
    "nome": "Village Damha Rio Preto III",
    "nome_comp": "Village Damha Rio Preto III",
    "num_bairro": 22,
    "objectid_1": 482,
    "objectid_2": 28,
    "pasta3___1": "Damha",
    "pasta3___2": " ",
    "pasta3___3": " ",
    "pasta3___4": " ",
    "pasta3___5": " ",
    "pasta3__no": "Village Damha Rio Preto III",
    "pasta3__ob": 257.0,
    "pasta3__te": "Village",
    "regiao": "Represa",
    "tipo": "LOTEAMENTO FECHADO"
   },
   "type": "Feature"
  },
  {
   "geometry": {
    "coordinates": [
     -49.3303878905581,
     -20.76621811424312
    ],
    "type": "Point"
   },
   "id": 258,
   "properties": {
    "abrangenci": "LUZ DA ESPERANÇA",
    "arquivo": "REGUL",
    "cod_abrg": "28",
    "codigo_sia": 501,
    "cras": "CRAS São Deocleciano",
    "fid": 258,
    "fid_1": 258,
    "fid_1_1": 8,
    "globalid_1": "113e32ae-fde8-4768-b44f-a60f3ac8d0bd",
    "nome": "LIBERDADE IV - PARQUE DA",
    "nome_comp": "Pq Liberdade IV",
    "num_bairro": 12,
    "objectid_1": 484,
    "objectid_2": 28,
    "pasta3___1": "Liberdade",
    "pasta3___2": " ",
    "pasta3___3": " ",
    "pasta3___4": " ",
    "pasta3___5": " ",
    "pasta3__no": "Pq Liberdade IV",
    "pasta3__ob": 258.0,
    "pasta3__te": " ",
    "regiao": "Represa",
    "tipo": "LOTEAMENTO FECHADO"
   },
   "type": "Feature"
  },
  {
   "geometry": {
    "coordinates": [
     -49.35011326546705,
     -20.774136142235267
    ],
    "type": "Point"
   },
   "id": 259,
   "properties": {
    "abrangenci": "LUZ DA ESPERANÇA",
    "arquivo": "REGUL",
    "cod_abrg": "28",
    "codigo_sia": 479,
    "cras": "CRAS São Deocleciano",
    "fid": 259,
    "fid_1": 259,
    "fid_1_1": 8,
    "globalid_1": "fc00bce0-4551-4493-9b34-4a8919a382fe",
    "nome": "Terra Nova R Preto - Garden Village II",
    "nome_comp": "Terra Nova Garden Village II",
    "num_bairro": 18,
    "objectid_1": 108,
    "objectid_2": 28,
    "pasta3___1": "Nova",
    "pasta3___2": "Garden",
    "pasta3___3": "Village",
    "pasta3___4": " ",
    "pasta3___5": " ",
    "pasta3__no": "Terra Nova Garden Village II",
    "pasta3__ob": 259.0,
    "pasta3__te": "Terra",
    "regiao": "Represa",
    "tipo": "CONDOMÍNIO FECHADO"
   },
   "type": "Feature"
  },
  {
   "geometry": {
    "coordinates": [
     -49.3465561750649,
     -20.78302542169456
    ],
    "type": "Point"
   },
   "id": 260,
   "properties": {
    "abrangenci": "LUZ DA ESPERANÇA",
    "arquivo": "REGUL",
    "cod_abrg": "28",
    "codigo_sia": 435,
    "cras": "CRAS São Deocleciano",
    "fid": 260,
    "fid_1": 260,
    "fid_1_1": 8,
    "globalid_1": "fdad2d16-b8fc-4e11-a970-9f2700558395",
    "nome": "Village Maria Stella",
    "nome_comp": "Cond Res Village Maria Stella",
    "num_bairro": 2,
    "objectid_1": 131,
    "objectid_2": 28,
    "pasta3___1": " ",
    "pasta3___2": "Village",
    "pasta3___3": "Maria",
    "pasta3___4": "Stella",
    "pasta3___5": " ",
    "pasta3__no": "Cond Res Village Maria Stella",
    "pasta3__ob": 260.0,
    "pasta3__te": " ",
    "regiao": "Represa",
    "tipo": "CONDOMÍNIO FECHADO"
   },
   "type": "Feature"
  },
  {
   "geometry": {
    "coordinates": [
     -49.34536289411125,
     -20.78207001571349
    ],
    "type": "Point"
   },
   "id": 261,
   "properties": {
    "abrangenci": "LUZ DA ESPERANÇA",
    "arquivo": "REGUL",
    "cod_abrg": "28",
    "codigo_sia": 441,
    "cras": "CRAS São Deocleciano",
    "fid": 261,
    "fid_1": 261,
    "fid_1_1": 8,
    "globalid_1": "7f4a6098-493d-4f4d-ad38-8ce6a224e9ab",
    "nome": "Jardins de Barcelona",
    "nome_comp": "Jardins de Barcelona",
    "num_bairro": 6,
    "objectid_1": 132,
    "objectid_2": 28,
    "pasta3___1": " ",
    "pasta3___2": "Barcelona",
    "pasta3___3": " ",
    "pasta3___4": " ",
    "pasta3___5": " ",
    "pasta3__no": "Jardins de Barcelona",
    "pasta3__ob": 261.0,
    "pasta3__te": "Jardins",
    "regiao": "Represa",
    "tipo": "CONDOMÍNIO FECHADO"
   },
   "type": "Feature"
  },
  {
   "geometry": {
    "coordinates": [
     -49.34329943721344,
     -20.779927054912907
    ],
    "type": "Point"
   },
   "id": 262,
   "properties": {
    "abrangenci": "LUZ DA ESPERANÇA",
    "arquivo": "REGUL",
    "cod_abrg": "28",
    "codigo_sia": 558,
    "cras": "CRAS São Deocleciano",
    "fid": 262,
    "fid_1": 262,
    "fid_1_1": 8,
    "globalid_1": "30189a21-6a03-489f-a25f-2535fe670ffa",
    "nome": "Belvedere Mall - Centro Comercial",
    "nome_comp": "Centro Com Belvedere Mall",
    "num_bairro": 1,
    "objectid_1": 346,
    "objectid_2": 28,
    "pasta3___1": " ",
    "pasta3___2": "Belvedere",
    "pasta3___3": "Mall",
    "pasta3___4": " ",
    "pasta3___5": " ",
    "pasta3__no": "Centro Com Belvedere Mall",
    "pasta3__ob": 262.0,
    "pasta3__te": "Centro",
    "regiao": "Represa",
    "tipo": "CENTRO COMERCIAL"
   },
   "type": "Feature"
  },
  {
   "geometry": {
    "coordinates": [
     -49.323002437043286,
     -20.771050467264764
    ],
    "type": "Point"
   },
   "id": 263,
   "properties": {
    "abrangenci": "LUZ DA ESPERANÇA",
    "arquivo": "REGUL",
    "cod_abrg": "28",
    "codigo_sia": 577,
    "cras": "CRAS São Deocleciano",
    "fid": 263,
    "fid_1": 263,
    "fid_1_1": 8,
    "globalid_1": "81127b65-b5e9-4354-87bc-e1ce94d363cb",
    "nome": "Jardim Leste",
    "nome_comp": "Jd Leste",
    "num_bairro": 5,
    "objectid_1": 337,
    "objectid_2": 28,
    "pasta3___1": "Leste",
    "pasta3___2": " ",
    "pasta3___3": " ",
    "pasta3___4": " ",
    "pasta3___5": " ",
    "pasta3__no": "Jd Leste",
    "pasta3__ob": 263.0,
    "pasta3__te": " ",
    "regiao": "Represa",
    "tipo": "BAIRRO"
   },
   "type": "Feature"
  },
  {
   "geometry": {
    "coordinates": [
     -49.33067385466935,
     -20.770333862138084
    ],
    "type": "Point"
   },
   "id": 264,
   "properties": {
    "abrangenci": "LUZ DA ESPERANÇA",
    "arquivo": "REGUL",
    "cod_abrg": "28",
    "codigo_sia": 0,
    "cras": "CRAS São Deocleciano",
    "fid": 264,
    "fid_1": 264,
    "fid_1_1": 8,
    "globalid_1": "e15888d5-cc51-421b-868e-00d7f7870333",
    "nome": "Liberdade Mall",
    "nome_comp": "Liberdade Mall",
    "num_bairro": 7,
    "objectid_1": 137,
    "objectid_2": 28,
    "pasta3___1": "Mall",
    "pasta3___2": " ",
    "pasta3___3": " ",
    "pasta3___4": " ",
    "pasta3___5": " ",
    "pasta3__no": "Liberdade Mall",
    "pasta3__ob": 264.0,
    "pasta3__te": "Liberdade",
    "regiao": "Represa",
    "tipo": "REGULARIZAÇÃO FUNDIÁRIA"
   },
   "type": "Feature"
  },
  {
   "geometry": {
    "coordinates": [
     -49.33694450227344,
     -20.771744125959486
    ],
    "type": "Point"
   },
   "id": 265,
   "properties": {
    "abrangenci": "LUZ DA ESPERANÇA",
    "arquivo": "REGUL",
    "cod_abrg": "28",
    "codigo_sia": 626,
    "cras": "CRAS São Deocleciano",
    "fid": 265,
    "fid_1": 265,
    "fid_1_1": 8,
    "globalid_1": "d33adba5-6996-4811-8506-16258101ce45",
    "nome": "Urban Fortes I",
    "nome_comp": "Urban Fortes I",
    "num_bairro": 19,
    "objectid_1": 5122,
    "objectid_2": 28,
    "pasta3___1": "Fortes",
    "pasta3___2": " ",
    "pasta3___3": " ",
    "pasta3___4": " ",
    "pasta3___5": " ",
    "pasta3__no": "Urban Fortes I",
    "pasta3__ob": 265.0,
    "pasta3__te": "Urban",
    "regiao": "Represa",
    "tipo": "LOTEAMENTO FECHADO"
   },
   "type": "Feature"
  },
  {
   "geometry": {
    "coordinates": [
     -49.33851192378529,
     -20.784224564448994
    ],
    "type": "Point"
   },
   "id": 266,
   "properties": {
    "abrangenci": "LUZ DA ESPERANÇA",
    "arquivo": "REGUL",
    "cod_abrg": "28",
    "codigo_sia": 597,
    "cras": "CRAS São Deocleciano",
    "fid": 266,
    "fid_1": 266,
    "fid_1_1": 8,
    "globalid_1": "d9761f78-7e9c-4ff0-af67-8efded893337",
    "nome": "Morada Real",
    "nome_comp": "Morada Real",
    "num_bairro": 8,
    "objectid_1": 451,
    "objectid_2": 28,
    "pasta3___1": "Real",
    "pasta3___2": " ",
    "pasta3___3": " ",
    "pasta3___4": " ",
    "pasta3___5": " ",
    "pasta3__no": "Morada Real",
    "pasta3__ob": 266.0,
    "pasta3__te": "Morada",
    "regiao": "Represa",
    "tipo": "LOTEAMENTO FECHADO"
   },
   "type": "Feature"
  },
  {
   "geometry": {
    "coordinates": [
     -49.35371321588556,
     -20.763742699683487
    ],
    "type": "Point"
   },
   "id": 267,
   "properties": {
    "abrangenci": "SOLIDARIEDADE / SJRP I / FELICIDADE",
    "arquivo": "REGUL",
    "cod_abrg": "20",
    "codigo_sia": 453,
    "cras": "CRAS João Paulo II",
    "fid": 267,
    "fid_1": 267,
    "fid_1_1": 9,
    "globalid_1": "f23e26b7-264d-4645-a277-eadba8a2d56c",
    "nome": "Amazonas",
    "nome_comp": "Res Amazonas",
    "num_bairro": 27,
    "objectid_1": 314,
    "objectid_2": 20,
    "pasta3___1": "Amazonas",
    "pasta3___2": " ",
    "pasta3___3": " ",
    "pasta3___4": " ",
    "pasta3___5": " ",
    "pasta3__no": "Res Amazonas",
    "pasta3__ob": 267.0,
    "pasta3__te": " ",
    "regiao": "Bosque",
    "tipo": "LOTEAMENTO FECHADO"
   },
   "type": "Feature"
  },
  {
   "geometry": {
    "coordinates": [
     -49.35933783883804,
     -20.76681803786241
    ],
    "type": "Point"
   },
   "id": 268,
   "properties": {
    "abrangenci": "SOLIDARIEDADE / SJRP I / FELICIDADE",
    "arquivo": "REGUL",
    "cod_abrg": "20",
    "codigo_sia": 572,
    "cras": "CRAS João Paulo II",
    "fid": 268,
    "fid_1": 268,
    "fid_1_1": 9,
    "globalid_1": "4728a3f4-abe1-4e17-b75b-97c165111160",
    "nome": "Madalena - Villa",
    "nome_comp": "Madalena - Villa",
    "num_bairro": 18,
    "objectid_1": 474,
    "objectid_2": 20,
    "pasta3___1": " ",
    "pasta3___2": " ",
    "pasta3___3": " ",
    "pasta3___4": " ",
    "pasta3___5": " ",
    "pasta3__no": "Madalena - Villa",
    "pasta3__ob": 268.0,
    "pasta3__te": "Madalena",
    "regiao": "Bosque",
    "tipo": "BAIRRO"
   },
   "type": "Feature"
  },
  {
   "geometry": {
    "coordinates": [
     -49.34757508387978,
     -20.710324570510664
    ],
    "type": "Point"
   },
   "id": 269,
   "properties": {
    "abrangenci": "SOLIDARIEDADE / SJRP I / FELICIDADE",
    "arquivo": "IRREG",
    "cod_abrg": "20",
    "codigo_sia": 1019,
    "cras": "CRAS João Paulo II",
    "fid": 269,
    "fid_1": 269,
    "fid_1_1": 9,
    "globalid_1": "0184e980-9505-4465-9de9-4b84e79d8791",
    "nome": "Estancia  San Carlo",
    "nome_comp": "Est  San Carlo",
    "num_bairro": 9,
    "objectid_1": 483,
    "objectid_2": 20,
    "pasta3___1": "San",
    "pasta3___2": "Carlo",
    "pasta3___3": " ",
    "pasta3___4": " ",
    "pasta3___5": " ",
    "pasta3__no": "Est  San Carlo",
    "pasta3__ob": 269.0,
    "pasta3__te": " ",
    "regiao": "Bosque",
    "tipo": "REGULARIZAÇÃO FUNDIÁRIA"
   },
   "type": "Feature"
  },
  {
   "geometry": {
    "coordinates": [
     -49.36838765854155,
     -20.749184389218367
    ],
    "type": "Point"
   },
   "id": 270,
   "properties": {
    "abrangenci": "SOLIDARIEDADE / SJRP I / FELICIDADE",
    "arquivo": "REGUL",
    "cod_abrg": "20",
    "codigo_sia": 571,
    "cras": "CRAS João Paulo II",
    "fid": 270,
    "fid_1": 270,
    "fid_1_1": 9,
    "globalid_1": "42e33e5f-ff40-4069-b7bd-85f2c8a5aa60",
    "nome": "Res. da Solidariedade - Pq",
    "nome_comp": "Res da Solidariedade - Pq",
    "num_bairro": 25,
    "objectid_1": 502,
    "objectid_2": 20,
    "pasta3___1": " ",
    "pasta3___2": "Solidariedade",
    "pasta3___3": " ",
    "pasta3___4": " ",
    "pasta3___5": " ",
    "pasta3__no": "Res da Solidariedade - Pq",
    "pasta3__ob": 270.0,
    "pasta3__te": " ",
    "regiao": "Bosque",
    "tipo": "BAIRRO"
   },
   "type": "Feature"
  },
  {
   "geometry": {
    "coordinates": [
     -49.342459097016246,
     -20.74551472162271
    ],
    "type": "Point"
   },
   "id": 271,
   "properties": {
    "abrangenci": "SOLIDARIEDADE / SJRP I / FELICIDADE",
    "arquivo": "REGUL",
    "cod_abrg": "20",
    "codigo_sia": 927,
    "cras": "CRAS João Paulo II",
    "fid": 271,
    "fid_1": 271,
    "fid_1_1": 9,
    "globalid_1": "95d9e52b-4368-4623-ba1c-842f9ac836ff",
    "nome": "Primavera I - Est.",
    "nome_comp": "Est Primavera I",
    "num_bairro": 22,
    "objectid_1": 504,
    "objectid_2": 20,
    "pasta3___1": "Primavera",
    "pasta3___2": " ",
    "pasta3___3": " ",
    "pasta3___4": " ",
    "pasta3___5": " ",
    "pasta3__no": "Est Primavera I",
    "pasta3__ob": 271.0,
    "pasta3__te": " ",
    "regiao": "Bosque",
    "tipo": "REGULARIZAÇÃO FUNDIÁRIA"
   },
   "type": "Feature"
  },
  {
   "geometry": {
    "coordinates": [
     -49.34407544685942,
     -20.74178546974311
    ],
    "type": "Point"
   },
   "id": 272,
   "properties": {
    "abrangenci": "SOLIDARIEDADE / SJRP I / FELICIDADE",
    "arquivo": "REGUL",
    "cod_abrg": "20",
    "codigo_sia": 905,
    "cras": "CRAS João Paulo II",
    "fid": 272,
    "fid_1": 272,
    "fid_1_1": 9,
    "globalid_1": "0122873e-abfd-4c6d-a2bb-e20640f397ed",
    "nome": "Primavera - Est.",
    "nome_comp": "Est Primavera",
    "num_bairro": 8,
    "objectid_1": 511,
    "objectid_2": 20,
    "pasta3___1": "Primavera",
    "pasta3___2": " ",
    "pasta3___3": " ",
    "pasta3___4": " ",
    "pasta3___5": " ",
    "pasta3__no": "Est Primavera",
    "pasta3__ob": 272.0,
    "pasta3__te": " ",
    "regiao": "Bosque",
    "tipo": "REGULARIZAÇÃO FUNDIÁRIA"
   },
   "type": "Feature"
  },
  {
   "geometry": {
    "coordinates": [
     -49.36570161310164,
     -20.756214523949666
    ],
    "type": "Point"
   },
   "id": 273,
   "properties": {
    "abrangenci": "SOLIDARIEDADE / SJRP I / FELICIDADE",
    "arquivo": "REGUL",
    "cod_abrg": "20",
    "codigo_sia": 347,
    "cras": "CRAS João Paulo II",
    "fid": 273,
    "fid_1": 273,
    "fid_1_1": 9,
    "globalid_1": "c1c98c5a-e558-4b78-a079-b0d83246ff3f",
    "nome": "Res. Santa Ana",
    "nome_comp": "Res Santa Ana",
    "num_bairro": 26,
    "objectid_1": 525,
    "objectid_2": 20,
    "pasta3___1": "Santa",
    "pasta3___2": "Ana",
    "pasta3___3": " ",
    "pasta3___4": " ",
    "pasta3___5": " ",
    "pasta3__no": "Res Santa Ana",
    "pasta3__ob": 273.0,
    "pasta3__te": " ",
    "regiao": "Bosque",
    "tipo": "BAIRRO"
   },
   "type": "Feature"
  },
  {
   "geometry": {
    "coordinates": [
     -49.356714299920924,
     -20.764806858576794
    ],
    "type": "Point"
   },
   "id": 274,
   "properties": {
    "abrangenci": "SOLIDARIEDADE / SJRP I / FELICIDADE",
    "arquivo": "REGUL",
    "cod_abrg": "20",
    "codigo_sia": 452,
    "cras": "CRAS João Paulo II",
    "fid": 274,
    "fid_1": 274,
    "fid_1_1": 9,
    "globalid_1": "59d6a4e7-8b5e-4cc2-8e18-5166811c4c93",
    "nome": "Machado I - Res.",
    "nome_comp": "Res Machado I",
    "num_bairro": 17,
    "objectid_1": 463,
    "objectid_2": 20,
    "pasta3___1": "Machado",
    "pasta3___2": " ",
    "pasta3___3": " ",
    "pasta3___4": " ",
    "pasta3___5": " ",
    "pasta3__no": "Res Machado I",
    "pasta3__ob": 274.0,
    "pasta3__te": " ",
    "regiao": "Bosque",
    "tipo": "BAIRRO"
   },
   "type": "Feature"
  },
  {
   "geometry": {
    "coordinates": [
     -49.35188291723002,
     -20.742879289926215
    ],
    "type": "Point"
   },
   "id": 275,
   "properties": {
    "abrangenci": "SOLIDARIEDADE / SJRP I / FELICIDADE",
    "arquivo": "IRREG",
    "cod_abrg": "20",
    "codigo_sia": 1034,
    "cras": "CRAS João Paulo II",
    "fid": 275,
    "fid_1": 275,
    "fid_1_1": 9,
    "globalid_1": "14db00a6-7cd7-458b-89a6-20e855be21be",
    "nome": "Santa Clara I e II",
    "nome_comp": "Est Santa Clara I e II",
    "num_bairro": 11,
    "objectid_1": 412,
    "objectid_2": 20,
    "pasta3___1": "Santa",
    "pasta3___2": "Clara",
    "pasta3___3": " ",
    "pasta3___4": " ",
    "pasta3___5": " ",
    "pasta3__no": "Est Santa Clara I e II",
    "pasta3__ob": 275.0,
    "pasta3__te": " ",
    "regiao": "Bosque",
    "tipo": "REGULARIZAÇÃO FUNDIÁRIA"
   },
   "type": "Feature"
  },
  {
   "geometry": {
    "coordinates": [
     -49.360473695785885,
     -20.750772536922227
    ],
    "type": "Point"
   },
   "id": 276,
   "properties": {
    "abrangenci": "SOLIDARIEDADE / SJRP I / FELICIDADE",
    "arquivo": "IRREG",
    "cod_abrg": "20",
    "codigo_sia": 1013,
    "cras": "CRAS João Paulo II",
    "fid": 276,
    "fid_1": 276,
    "fid_1_1": 9,
    "globalid_1": "766a9cae-4534-4a22-bfae-c68f758bf52e",
    "nome": "Santa Ana",
    "nome_comp": "Est Santa Ana",
    "num_bairro": 10,
    "objectid_1": 413,
    "objectid_2": 20,
    "pasta3___1": "Santa",
    "pasta3___2": "Ana",
    "pasta3___3": " ",
    "pasta3___4": " ",
    "pasta3___5": " ",
    "pasta3__no": "Est Santa Ana",
    "pasta3__ob": 276.0,
    "pasta3__te": " ",
    "regiao": "Bosque",
    "tipo": "REGULARIZAÇÃO FUNDIÁRIA"
   },
   "type": "Feature"
  },
  {
   "geometry": {
    "coordinates": [
     -49.349149616149234,
     -20.704404594135408
    ],
    "type": "Point"
   },
   "id": 277,
   "properties": {
    "abrangenci": "SOLIDARIEDADE / SJRP I / FELICIDADE",
    "arquivo": "IRREG",
    "cod_abrg": "20",
    "codigo_sia": 1022,
    "cras": "CRAS João Paulo II",
    "fid": 277,
    "fid_1": 277,
    "fid_1_1": 9,
    "globalid_1": "30c5ed19-89e0-43bb-a9eb-1acab4b7a67e",
    "nome": "Estancia São Carlos",
    "nome_comp": "Est São Carlos",
    "num_bairro": 13,
    "objectid_1": 416,
    "objectid_2": 20,
    "pasta3___1": " ",
    "pasta3___2": "Carlos",
    "pasta3___3": " ",
    "pasta3___4": " ",
    "pasta3___5": " ",
    "pasta3__no": "Est São Carlos",
    "pasta3__ob": 277.0,
    "pasta3__te": " ",
    "regiao": "Bosque",
    "tipo": "REGULARIZAÇÃO FUNDIÁRIA"
   },
   "type": "Feature"
  },
  {
   "geometry": {
    "coordinates": [
     -49.343072507883406,
     -20.686454844427647
    ],
    "type": "Point"
   },
   "id": 278,
   "properties": {
    "abrangenci": "SOLIDARIEDADE / SJRP I / FELICIDADE",
    "arquivo": "IRREG",
    "cod_abrg": "20",
    "codigo_sia": 1026,
    "cras": "CRAS João Paulo II",
    "fid": 278,
    "fid_1": 278,
    "fid_1_1": 9,
    "globalid_1": "829429b5-0464-42ee-9bec-7196d383e394",
    "nome": "Estancia Verão",
    "nome_comp": "Est Verão",
    "num_bairro": 14,
    "objectid_1": 421,
    "objectid_2": 20,
    "pasta3___1": "Verão",
    "pasta3___2": " ",
    "pasta3___3": " ",
    "pasta3___4": " ",
    "pasta3___5": " ",
    "pasta3__no": "Est Verão",
    "pasta3__ob": 278.0,
    "pasta3__te": " ",
    "regiao": "Bosque",
    "tipo": "REGULARIZAÇÃO FUNDIÁRIA"
   },
   "type": "Feature"
  },
  {
   "geometry": {
    "coordinates": [
     -49.36667077217557,
     -20.72821124262231
    ],
    "type": "Point"
   },
   "id": 279,
   "properties": {
    "abrangenci": "SOLIDARIEDADE / SJRP I / FELICIDADE",
    "arquivo": "IRREG",
    "cod_abrg": "20",
    "codigo_sia": 1008,
    "cras": "CRAS João Paulo II",
    "fid": 279,
    "fid_1": 279,
    "fid_1_1": 9,
    "globalid_1": "403e38f3-a841-4398-84be-0438bad3a0eb",
    "nome": "Estancia Vitória",
    "nome_comp": "Est Vitória",
    "num_bairro": 15,
    "objectid_1": 423,
    "objectid_2": 20,
    "pasta3___1": "Vitória",
    "pasta3___2": " ",
    "pasta3___3": " ",
    "pasta3___4": " ",
    "pasta3___5": " ",
    "pasta3__no": "Est Vitória",
    "pasta3__ob": 279.0,
    "pasta3__te": " ",
    "regiao": "Bosque",
    "tipo": "REGULARIZAÇÃO FUNDIÁRIA"
   },
   "type": "Feature"
  },
  {
   "geometry": {
    "coordinates": [
     -49.36833325650954,
     -20.757728553664094
    ],
    "type": "Point"
   },
   "id": 280,
   "properties": {
    "abrangenci": "SOLIDARIEDADE / SJRP I / FELICIDADE",
    "arquivo": "REGUL",
    "cod_abrg": "20",
    "codigo_sia": 909,
    "cras": "CRAS João Paulo II",
    "fid": 280,
    "fid_1": 280,
    "fid_1_1": 9,
    "globalid_1": "133fdd17-8d1f-467a-9a07-39c35e36ebbc",
    "nome": "Marisa Cristina II - Lot.",
    "nome_comp": "Lot Marisa Cristina II",
    "num_bairro": 20,
    "objectid_1": 465,
    "objectid_2": 20,
    "pasta3___1": "Marisa",
    "pasta3___2": "Cristina",
    "pasta3___3": " ",
    "pasta3___4": " ",
    "pasta3___5": " ",
    "pasta3__no": "Lot Marisa Cristina II",
    "pasta3__ob": 280.0,
    "pasta3__te": " ",
    "regiao": "Bosque",
    "tipo": "CONDOMÍNIO FECHADO"
   },
   "type": "Feature"
  },
  {
   "geometry": {
    "coordinates": [
     -49.36938914094399,
     -20.758226969616242
    ],
    "type": "Point"
   },
   "id": 281,
   "properties": {
    "abrangenci": "SOLIDARIEDADE / SJRP I / FELICIDADE",
    "arquivo": "REGUL",
    "cod_abrg": "20",
    "codigo_sia": 908,
    "cras": "CRAS João Paulo II",
    "fid": 281,
    "fid_1": 281,
    "fid_1_1": 9,
    "globalid_1": "64154a79-6360-49f4-981e-caf9dc0404cf",
    "nome": "Marisa Cristina I - Lot.",
    "nome_comp": "Lot Marisa Cristina I",
    "num_bairro": 19,
    "objectid_1": 476,
    "objectid_2": 20,
    "pasta3___1": "Marisa",
    "pasta3___2": "Cristina",
    "pasta3___3": " ",
    "pasta3___4": " ",
    "pasta3___5": " ",
    "pasta3__no": "Lot Marisa Cristina I",
    "pasta3__ob": 281.0,
    "pasta3__te": " ",
    "regiao": "Bosque",
    "tipo": "CONDOMÍNIO FECHADO"
   },
   "type": "Feature"
  },
  {
   "geometry": {
    "coordinates": [
     -49.34221890168978,
     -20.742422440015545
    ],
    "type": "Point"
   },
   "id": 282,
   "properties": {
    "abrangenci": "SOLIDARIEDADE / SJRP I / FELICIDADE",
    "arquivo": "REGUL",
    "cod_abrg": "20",
    "codigo_sia": 917,
    "cras": "CRAS João Paulo II",
    "fid": 282,
    "fid_1": 282,
    "fid_1_1": 9,
    "globalid_1": "a57f121c-4a53-4746-afe1-2b17d448e7c7",
    "nome": "Primavera IV - Est.",
    "nome_comp": "Est Primavera IV",
    "num_bairro": 24,
    "objectid_1": 579,
    "objectid_2": 20,
    "pasta3___1": "Primavera",
    "pasta3___2": " ",
    "pasta3___3": " ",
    "pasta3___4": " ",
    "pasta3___5": " ",
    "pasta3__no": "Est Primavera IV",
    "pasta3__ob": 282.0,
    "pasta3__te": " ",
    "regiao": "Bosque",
    "tipo": "REGULARIZAÇÃO FUNDIÁRIA"
   },
   "type": "Feature"
  },
  {
   "geometry": {
    "coordinates": [
     -49.35677730014165,
     -20.7558269947375
    ],
    "type": "Point"
   },
   "id": 283,
   "properties": {
    "abrangenci": "SOLIDARIEDADE / SJRP I / FELICIDADE",
    "arquivo": "REGUL",
    "cod_abrg": "20",
    "codigo_sia": 352,
    "cras": "CRAS João Paulo II",
    "fid": 283,
    "fid_1": 283,
    "fid_1_1": 9,
    "globalid_1": "c502f11d-f4e7-4f36-b2a3-c1472e64e83d",
    "nome": "Felicidade - Jardim",
    "nome_comp": "Jd Felicidade",
    "num_bairro": 16,
    "objectid_1": 378,
    "objectid_2": 20,
    "pasta3___1": "Felicidade",
    "pasta3___2": " ",
    "pasta3___3": " ",
    "pasta3___4": " ",
    "pasta3___5": " ",
    "pasta3__no": "Jd Felicidade",
    "pasta3__ob": 283.0,
    "pasta3__te": " ",
    "regiao": "Bosque",
    "tipo": "BAIRRO"
   },
   "type": "Feature"
  },
  {
   "geometry": {
    "coordinates": [
     -49.35730152731573,
     -20.723003306519114
    ],
    "type": "Point"
   },
   "id": 284,
   "properties": {
    "abrangenci": "SOLIDARIEDADE / SJRP I / FELICIDADE",
    "arquivo": "REGUL",
    "cod_abrg": "20",
    "codigo_sia": 289,
    "cras": "CRAS João Paulo II",
    "fid": 284,
    "fid_1": 284,
    "fid_1_1": 9,
    "globalid_1": "bdf02a32-fe1e-4e21-b001-f07beed5e7c6",
    "nome": "Estância Gramado",
    "nome_comp": "Est Gramado",
    "num_bairro": 7,
    "objectid_1": 627,
    "objectid_2": 20,
    "pasta3___1": "Gramado",
    "pasta3___2": " ",
    "pasta3___3": " ",
    "pasta3___4": " ",
    "pasta3___5": " ",
    "pasta3__no": "Est Gramado",
    "pasta3__ob": 284.0,
    "pasta3__te": " ",
    "regiao": "Bosque",
    "tipo": "CHÁCARAS"
   },
   "type": "Feature"
  },
  {
   "geometry": {
    "coordinates": [
     -49.347955446488385,
     -20.72818379529075
    ],
    "type": "Point"
   },
   "id": 285,
   "properties": {
    "abrangenci": "SOLIDARIEDADE / SJRP I / FELICIDADE",
    "arquivo": "REGUL",
    "cod_abrg": "20",
    "codigo_sia": 922,
    "cras": "CRAS João Paulo II",
    "fid": 285,
    "fid_1": 285,
    "fid_1_1": 9,
    "globalid_1": "39493428-5b32-4b4f-9980-d8b662a19072",
    "nome": "Santo Antonio - Estância",
    "nome_comp": "Est Santo Antonio",
    "num_bairro": 12,
    "objectid_1": 628,
    "objectid_2": 20,
    "pasta3___1": "Santo",
    "pasta3___2": "Antonio",
    "pasta3___3": " ",
    "pasta3___4": " ",
    "pasta3___5": " ",
    "pasta3__no": "Est Santo Antonio",
    "pasta3__ob": 285.0,
    "pasta3__te": " ",
    "regiao": "Bosque",
    "tipo": "REGULARIZAÇÃO FUNDIÁRIA"
   },
   "type": "Feature"
  },
  {
   "geometry": {
    "coordinates": [
     -49.34639218599208,
     -20.748602741700363
    ],
    "type": "Point"
   },
   "id": 286,
   "properties": {
    "abrangenci": "SOLIDARIEDADE / SJRP I / FELICIDADE",
    "arquivo": "REGUL",
    "cod_abrg": "20",
    "codigo_sia": 338,
    "cras": "CRAS João Paulo II",
    "fid": 286,
    "fid_1": 286,
    "fid_1_1": 9,
    "globalid_1": "1f2b8e4a-0f48-4da9-a6cb-cd706e89f259",
    "nome": "Felicidade - Chac. Rec.",
    "nome_comp": "Chac de Recreio Felicidade",
    "num_bairro": 2,
    "objectid_1": 642,
    "objectid_2": 20,
    "pasta3___1": " ",
    "pasta3___2": "Recreio",
    "pasta3___3": "Felicidade",
    "pasta3___4": " ",
    "pasta3___5": " ",
    "pasta3__no": "Chac de Recreio Felicidade",
    "pasta3__ob": 286.0,
    "pasta3__te": " ",
    "regiao": "Bosque",
    "tipo": "CHÁCARAS"
   },
   "type": "Feature"
  },
  {
   "geometry": {
    "coordinates": [
     -49.362809745688715,
     -20.75393908657532
    ],
    "type": "Point"
   },
   "id": 287,
   "properties": {
    "abrangenci": "SOLIDARIEDADE / SJRP I / FELICIDADE",
    "arquivo": "REGUL",
    "cod_abrg": "20",
    "codigo_sia": 931,
    "cras": "CRAS João Paulo II",
    "fid": 287,
    "fid_1": 287,
    "fid_1_1": 9,
    "globalid_1": "a4a49048-78e2-4e61-83f8-b7b59a0f9aa1",
    "nome": "Cavalari I - Est.",
    "nome_comp": "Est Cavalari I",
    "num_bairro": 6,
    "objectid_1": 329,
    "objectid_2": 20,
    "pasta3___1": "Cavalari",
    "pasta3___2": " ",
    "pasta3___3": " ",
    "pasta3___4": " ",
    "pasta3___5": " ",
    "pasta3__no": "Est Cavalari I",
    "pasta3__ob": 287.0,
    "pasta3__te": " ",
    "regiao": "Bosque",
    "tipo": "REGULARIZAÇÃO FUNDIÁRIA"
   },
   "type": "Feature"
  },
  {
   "geometry": {
    "coordinates": [
     -49.36273692093588,
     -20.762667082173987
    ],
    "type": "Point"
   },
   "id": 288,
   "properties": {
    "abrangenci": "SOLIDARIEDADE / SJRP I / FELICIDADE",
    "arquivo": "REGUL",
    "cod_abrg": "20",
    "codigo_sia": 260,
    "cras": "CRAS João Paulo II",
    "fid": 288,
    "fid_1": 288,
    "fid_1_1": 9,
    "globalid_1": "6c40f890-38e7-43cf-b4f3-d815565cdf83",
    "nome": "São José do Rio Preto I",
    "nome_comp": "São José do Rio Preto I",
    "num_bairro": 28,
    "objectid_1": 206,
    "objectid_2": 20,
    "pasta3___1": "José",
    "pasta3___2": " ",
    "pasta3___3": " ",
    "pasta3___4": " ",
    "pasta3___5": " ",
    "pasta3__no": "São José do Rio Preto I",
    "pasta3__ob": 288.0,
    "pasta3__te": "São",
    "regiao": "Bosque",
    "tipo": "BAIRRO"
   },
   "type": "Feature"
  },
  {
   "geometry": {
    "coordinates": [
     -49.342850668655984,
     -20.742293431999645
    ],
    "type": "Point"
   },
   "id": 289,
   "properties": {
    "abrangenci": "SOLIDARIEDADE / SJRP I / FELICIDADE",
    "arquivo": "REGUL",
    "cod_abrg": "20",
    "codigo_sia": 928,
    "cras": "CRAS João Paulo II",
    "fid": 289,
    "fid_1": 289,
    "fid_1_1": 9,
    "globalid_1": "fb6d65ae-eb1b-4fd4-9036-41a433047252",
    "nome": "Primavera III - Est.",
    "nome_comp": "Est Primavera III",
    "num_bairro": 23,
    "objectid_1": 563,
    "objectid_2": 20,
    "pasta3___1": "Primavera",
    "pasta3___2": " ",
    "pasta3___3": " ",
    "pasta3___4": " ",
    "pasta3___5": " ",
    "pasta3__no": "Est Primavera III",
    "pasta3__ob": 289.0,
    "pasta3__te": " ",
    "regiao": "Bosque",
    "tipo": "REGULARIZAÇÃO FUNDIÁRIA"
   },
   "type": "Feature"
  },
  {
   "geometry": {
    "coordinates": [
     -49.35500649734146,
     -20.75915819383642
    ],
    "type": "Point"
   },
   "id": 290,
   "properties": {
    "abrangenci": "SOLIDARIEDADE / SJRP I / FELICIDADE",
    "arquivo": "IRREG",
    "cod_abrg": "20",
    "codigo_sia": 1103,
    "cras": "CRAS João Paulo II",
    "fid": 290,
    "fid_1": 290,
    "fid_1_1": 9,
    "globalid_1": "54b70fe9-1d90-426b-affd-27ddf463ead3",
    "nome": "Cavalari III",
    "nome_comp": "Cavalari III",
    "num_bairro": 1,
    "objectid_1": 565,
    "objectid_2": 20,
    "pasta3___1": " ",
    "pasta3___2": " ",
    "pasta3___3": " ",
    "pasta3___4": " ",
    "pasta3___5": " ",
    "pasta3__no": "Cavalari III",
    "pasta3__ob": 290.0,
    "pasta3__te": "Cavalari",
    "regiao": "Bosque",
    "tipo": "BAIRRO"
   },
   "type": "Feature"
  },
  {
   "geometry": {
    "coordinates": [
     -49.34977888427835,
     -20.761108501812764
    ],
    "type": "Point"
   },
   "id": 291,
   "properties": {
    "abrangenci": "SOLIDARIEDADE / SJRP I / FELICIDADE",
    "arquivo": "REGUL",
    "cod_abrg": "20",
    "codigo_sia": 561,
    "cras": "CRAS João Paulo II",
    "fid": 291,
    "fid_1": 291,
    "fid_1_1": 9,
    "globalid_1": "e7dc2a35-8a59-4a62-904b-c2a825c45c79",
    "nome": "Monterey - Lot. Res.",
    "nome_comp": "Lot Res Monterey",
    "num_bairro": 21,
    "objectid_1": 566,
    "objectid_2": 20,
    "pasta3___1": " ",
    "pasta3___2": "Monterey",
    "pasta3___3": " ",
    "pasta3___4": " ",
    "pasta3___5": " ",
    "pasta3__no": "Lot Res Monterey",
    "pasta3__ob": 291.0,
    "pasta3__te": " ",
    "regiao": "Bosque",
    "tipo": "BAIRRO"
   },
   "type": "Feature"
  },
  {
   "geometry": {
    "coordinates": [
     -49.353855937092256,
     -20.737743031121486
    ],
    "type": "Point"
   },
   "id": 292,
   "properties": {
    "abrangenci": "SOLIDARIEDADE / SJRP I / FELICIDADE",
    "arquivo": "REGUL",
    "cod_abrg": "20",
    "codigo_sia": 273,
    "cras": "CRAS João Paulo II",
    "fid": 292,
    "fid_1": 292,
    "fid_1_1": 9,
    "globalid_1": "01d1b283-861e-40db-a476-9f558c7cec9e",
    "nome": "Bosque Verde - Estância",
    "nome_comp": "Est Bosque Verde",
    "num_bairro": 5,
    "objectid_1": 142,
    "objectid_2": 20,
    "pasta3___1": "Bosque",
    "pasta3___2": "Verde",
    "pasta3___3": " ",
    "pasta3___4": " ",
    "pasta3___5": " ",
    "pasta3__no": "Est Bosque Verde",
    "pasta3__ob": 292.0,
    "pasta3__te": " ",
    "regiao": "Bosque",
    "tipo": "CHÁCARAS"
   },
   "type": "Feature"
  },
  {
   "geometry": {
    "coordinates": [
     -49.34124030179683,
     -20.730737888023445
    ],
    "type": "Point"
   },
   "id": 293,
   "properties": {
    "abrangenci": "SOLIDARIEDADE / SJRP I / FELICIDADE",
    "arquivo": "REGUL",
    "cod_abrg": "20",
    "codigo_sia": 256,
    "cras": "CRAS João Paulo II",
    "fid": 293,
    "fid_1": 293,
    "fid_1_1": 9,
    "globalid_1": "84286e2a-ccb1-42a1-8a85-2ab531e7499c",
    "nome": "Carlos Arnaldo Silva - Dist. Ind.  Dr.",
    "nome_comp": "Distrito Industrial Carlos Arnaldo Silva",
    "num_bairro": 4,
    "objectid_1": 7,
    "objectid_2": 20,
    "pasta3___1": " ",
    "pasta3___2": "Carlos",
    "pasta3___3": "Arnaldo",
    "pasta3___4": "Silva",
    "pasta3___5": " ",
    "pasta3__no": "Distrito Industrial Carlos Arnaldo Silva",
    "pasta3__ob": 293.0,
    "pasta3__te": " ",
    "regiao": "Bosque",
    "tipo": "DISTRITO INDUSTRIAL"
   },
   "type": "Feature"
  },
  {
   "geometry": {
    "coordinates": [
     -49.3575987492524,
     -20.74294832878541
    ],
    "type": "Point"
   },
   "id": 294,
   "properties": {
    "abrangenci": "SOLIDARIEDADE / SJRP I / FELICIDADE",
    "arquivo": "REGUL",
    "cod_abrg": "20",
    "codigo_sia": 957,
    "cras": "CRAS João Paulo II",
    "fid": 294,
    "fid_1": 294,
    "fid_1_1": 9,
    "globalid_1": "55c262dc-a322-4c84-85f4-e20130e7ac97",
    "nome": "Chác. São Jorge",
    "nome_comp": "Chac São Jorge",
    "num_bairro": 3,
    "objectid_1": 6082,
    "objectid_2": 20,
    "pasta3___1": " ",
    "pasta3___2": "Jorge",
    "pasta3___3": " ",
    "pasta3___4": " ",
    "pasta3___5": " ",
    "pasta3__no": "Chac São Jorge",
    "pasta3__ob": 294.0,
    "pasta3__te": " ",
    "regiao": "Bosque",
    "tipo": "REGULARIZAÇÃO FUNDIÁRIA"
   },
   "type": "Feature"
  },
  {
   "geometry": {
    "coordinates": [
     -49.34185029788054,
     -20.755568893103828
    ],
    "type": "Point"
   },
   "id": 295,
   "properties": {
    "abrangenci": "LEALDADE E AMIZADE",
    "arquivo": "REGUL",
    "cod_abrg": "27",
    "codigo_sia": 487,
    "cras": "CRAS Lealdade e Amizade",
    "fid": 295,
    "fid_1": 295,
    "fid_1_1": 10,
    "globalid_1": "4b882ee0-efef-4ea1-9a45-711a8301a17d",
    "nome": "Res. Alta Vista",
    "nome_comp": "Res Alta Vista",
    "num_bairro": 8,
    "objectid_1": 528,
    "objectid_2": 27,
    "pasta3___1": "Alta",
    "pasta3___2": "Vista",
    "pasta3___3": " ",
    "pasta3___4": " ",
    "pasta3___5": " ",
    "pasta3__no": "Res Alta Vista",
    "pasta3__ob": 295.0,
    "pasta3__te": " ",
    "regiao": "Talhado",
    "tipo": "LOTEAMENTO FECHADO"
   },
   "type": "Feature"
  },
  {
   "geometry": {
    "coordinates": [
     -49.321476048692425,
     -20.758274300211806
    ],
    "type": "Point"
   },
   "id": 296,
   "properties": {
    "abrangenci": "LEALDADE E AMIZADE",
    "arquivo": " ",
    "cod_abrg": "27",
    "codigo_sia": 578,
    "cras": "CRAS Lealdade e Amizade",
    "fid": 296,
    "fid_1": 296,
    "fid_1_1": 10,
    "globalid_1": "f5449a2a-ee32-4a69-b3b2-c087c5f59825",
    "nome": "MARIA SERANTES - LOT. PQ",
    "nome_comp": "Lot Pq Maria Serantes",
    "num_bairro": 4,
    "objectid_1": 488,
    "objectid_2": 27,
    "pasta3___1": " ",
    "pasta3___2": "Maria",
    "pasta3___3": "Serantes",
    "pasta3___4": " ",
    "pasta3___5": " ",
    "pasta3__no": "Lot Pq Maria Serantes",
    "pasta3__ob": 296.0,
    "pasta3__te": " ",
    "regiao": "Talhado",
    "tipo": "BAIRRO"
   },
   "type": "Feature"
  },
  {
   "geometry": {
    "coordinates": [
     -49.33097404423394,
     -20.755590711723865
    ],
    "type": "Point"
   },
   "id": 297,
   "properties": {
    "abrangenci": "LEALDADE E AMIZADE",
    "arquivo": "REGUL",
    "cod_abrg": "27",
    "codigo_sia": 525,
    "cras": "CRAS Lealdade e Amizade",
    "fid": 297,
    "fid_1": 297,
    "fid_1_1": 10,
    "globalid_1": "eadc9c61-d8de-4bc3-805c-35a77c1e6649",
    "nome": "Pq. da Lealdade",
    "nome_comp": "Pq da Lealdade",
    "num_bairro": 7,
    "objectid_1": 494,
    "objectid_2": 27,
    "pasta3___1": " ",
    "pasta3___2": "Lealdade",
    "pasta3___3": " ",
    "pasta3___4": " ",
    "pasta3___5": " ",
    "pasta3__no": "Pq da Lealdade",
    "pasta3__ob": 297.0,
    "pasta3__te": " ",
    "regiao": "Talhado",
    "tipo": "BAIRRO"
   },
   "type": "Feature"
  },
  {
   "geometry": {
    "coordinates": [
     -49.32372883012591,
     -20.756628748354167
    ],
    "type": "Point"
   },
   "id": 298,
   "properties": {
    "abrangenci": "LEALDADE E AMIZADE",
    "arquivo": "REGUL",
    "cod_abrg": "27",
    "codigo_sia": 524,
    "cras": "CRAS Lealdade e Amizade",
    "fid": 298,
    "fid_1": 298,
    "fid_1_1": 10,
    "globalid_1": "4237d08c-570e-423c-a00d-8a3861f89935",
    "nome": "Pq. da Amizade",
    "nome_comp": "Pq da Amizade",
    "num_bairro": 6,
    "objectid_1": 530,
    "objectid_2": 27,
    "pasta3___1": " ",
    "pasta3___2": "Amizade",
    "pasta3___3": " ",
    "pasta3___4": " ",
    "pasta3___5": " ",
    "pasta3__no": "Pq da Amizade",
    "pasta3__ob": 298.0,
    "pasta3__te": " ",
    "regiao": "Talhado",
    "tipo": "BAIRRO"
   },
   "type": "Feature"
  },
  {
   "geometry": {
    "coordinates": [
     -49.33083958812927,
     -20.748744435708602
    ],
    "type": "Point"
   },
   "id": 299,
   "properties": {
    "abrangenci": "LEALDADE E AMIZADE",
    "arquivo": "REGUL",
    "cod_abrg": "27",
    "codigo_sia": 586,
    "cras": "CRAS Lealdade e Amizade",
    "fid": 299,
    "fid_1": 299,
    "fid_1_1": 10,
    "globalid_1": "93281f2b-b71c-494c-8250-4ce1810c8d8d",
    "nome": "SetValley",
    "nome_comp": "SetValley",
    "num_bairro": 10,
    "objectid_1": 604,
    "objectid_2": 27,
    "pasta3___1": " ",
    "pasta3___2": " ",
    "pasta3___3": " ",
    "pasta3___4": " ",
    "pasta3___5": " ",
    "pasta3__no": "SetValley",
    "pasta3__ob": 299.0,
    "pasta3__te": "SetValley",
    "regiao": "Talhado",
    "tipo": "BAIRRO"
   },
   "type": "Feature"
  },
  {
   "geometry": {
    "coordinates": [
     -49.33324018403215,
     -20.7606805552414
    ],
    "type": "Point"
   },
   "id": 300,
   "properties": {
    "abrangenci": "LEALDADE E AMIZADE",
    "arquivo": "IRREG",
    "cod_abrg": "27",
    "codigo_sia": 1096,
    "cras": "CRAS Lealdade e Amizade",
    "fid": 300,
    "fid_1": 300,
    "fid_1_1": 10,
    "globalid_1": "b4697523-7f30-474c-a53c-e3149fc43415",
    "nome": "Santa Rita - Chácara",
    "nome_comp": "Chac Santa Rita",
    "num_bairro": 2,
    "objectid_1": 643,
    "objectid_2": 27,
    "pasta3___1": "Santa",
    "pasta3___2": "Rita",
    "pasta3___3": " ",
    "pasta3___4": " ",
    "pasta3___5": " ",
    "pasta3__no": "Chac Santa Rita",
    "pasta3__ob": 300.0,
    "pasta3__te": " ",
    "regiao": "Talhado",
    "tipo": "REGULARIZAÇÃO FUNDIÁRIA"
   },
   "type": "Feature"
  },
  {
   "geometry": {
    "coordinates": [
     -49.336051727520626,
     -20.747490029900018
    ],
    "type": "Point"
   },
   "id": 301,
   "properties": {
    "abrangenci": "LEALDADE E AMIZADE",
    "arquivo": "REGUL",
    "cod_abrg": "27",
    "codigo_sia": 355,
    "cras": "CRAS Lealdade e Amizade",
    "fid": 301,
    "fid_1": 301,
    "fid_1_1": 10,
    "globalid_1": "43e2182e-87d7-4d6e-91e7-b5c8b466335e",
    "nome": "Auferville V",
    "nome_comp": "Res Auferville V",
    "num_bairro": 9,
    "objectid_1": 53,
    "objectid_2": 27,
    "pasta3___1": "Auferville",
    "pasta3___2": " ",
    "pasta3___3": " ",
    "pasta3___4": " ",
    "pasta3___5": " ",
    "pasta3__no": "Res Auferville V",
    "pasta3__ob": 301.0,
    "pasta3__te": " ",
    "regiao": "Talhado",
    "tipo": "BAIRRO"
   },
   "type": "Feature"
  },
  {
   "geometry": {
    "coordinates": [
     -49.343610430493065,
     -20.76635456712131
    ],
    "type": "Point"
   },
   "id": 302,
   "properties": {
    "abrangenci": "LEALDADE E AMIZADE",
    "arquivo": "REGUL",
    "cod_abrg": "27",
    "codigo_sia": 612,
    "cras": "CRAS Lealdade e Amizade",
    "fid": 302,
    "fid_1": 302,
    "fid_1_1": 10,
    "globalid_1": "e7aa437e-8b1e-46af-ba45-f83379841bcd",
    "nome": "Maisparque Rio Preto",
    "nome_comp": "MaisPq Rio Preto",
    "num_bairro": 5,
    "objectid_1": 2562,
    "objectid_2": 27,
    "pasta3___1": " ",
    "pasta3___2": " ",
    "pasta3___3": " ",
    "pasta3___4": " ",
    "pasta3___5": " ",
    "pasta3__no": "MaisPq Rio Preto",
    "pasta3__ob": 302.0,
    "pasta3__te": "Mais Parque",
    "regiao": "Talhado",
    "tipo": " "
   },
   "type": "Feature"
  },
  {
   "geometry": {
    "coordinates": [
     -49.32843003436706,
     -20.74239625712555
    ],
    "type": "Point"
   },
   "id": 303,
   "properties": {
    "abrangenci": "LEALDADE E AMIZADE",
    "arquivo": "REGUL",
    "cod_abrg": "27",
    "codigo_sia": 609,
    "cras": "CRAS Lealdade e Amizade",
    "fid": 303,
    "fid_1": 303,
    "fid_1_1": 10,
    "globalid_1": "9998244c-4586-4785-84c4-7d29580ddee2",
    "nome": "Setvalley III",
    "nome_comp": "Setvalley III",
    "num_bairro": 12,
    "objectid_1": 2257,
    "objectid_2": 27,
    "pasta3___1": " ",
    "pasta3___2": " ",
    "pasta3___3": " ",
    "pasta3___4": " ",
    "pasta3___5": " ",
    "pasta3__no": "Setvalley III",
    "pasta3__ob": 303.0,
    "pasta3__te": "Setvalley",
    "regiao": "Talhado",
    "tipo": "BAIRRO"
   },
   "type": "Feature"
  },
  {
   "geometry": {
    "coordinates": [
     -49.33263175184513,
     -20.744471345524026
    ],
    "type": "Point"
   },
   "id": 304,
   "properties": {
    "abrangenci": "LEALDADE E AMIZADE",
    "arquivo": " ",
    "cod_abrg": "27",
    "codigo_sia": 615,
    "cras": "CRAS Lealdade e Amizade",
    "fid": 304,
    "fid_1": 304,
    "fid_1_1": 10,
    "globalid_1": "dfcd199b-c904-4071-8d14-5a734a04b140",
    "nome": "Setvalley II",
    "nome_comp": "Setvalley II",
    "num_bairro": 11,
    "objectid_1": 5761,
    "objectid_2": 27,
    "pasta3___1": " ",
    "pasta3___2": " ",
    "pasta3___3": " ",
    "pasta3___4": " ",
    "pasta3___5": " ",
    "pasta3__no": "Setvalley II",
    "pasta3__ob": 304.0,
    "pasta3__te": "Setvalley",
    "regiao": "Talhado",
    "tipo": "BAIRRO"
   },
   "type": "Feature"
  },
  {
   "geometry": {
    "coordinates": [
     -49.32034998728436,
     -20.759960741973448
    ],
    "type": "Point"
   },
   "id": 305,
   "properties": {
    "abrangenci": "LEALDADE E AMIZADE",
    "arquivo": " ",
    "cod_abrg": "27",
    "codigo_sia": 642,
    "cras": "CRAS Lealdade e Amizade",
    "fid": 305,
    "fid_1": 305,
    "fid_1_1": 10,
    "globalid_1": "8fef9b13-f851-4385-9ef0-8553fa5f3ba7",
    "nome": "Jardins de Montalcino",
    "nome_comp": "Jardins de Montalcino",
    "num_bairro": 3,
    "objectid_1": 10561,
    "objectid_2": 27,
    "pasta3___1": " ",
    "pasta3___2": "Montalcino",
    "pasta3___3": " ",
    "pasta3___4": " ",
    "pasta3___5": " ",
    "pasta3__no": "Jardins de Montalcino",
    "pasta3__ob": 305.0,
    "pasta3__te": "Jardins",
    "regiao": "Talhado",
    "tipo": " "
   },
   "type": "Feature"
  },
  {
   "geometry": {
    "coordinates": [
     -49.3317326726551,
     -20.753143557584433
    ],
    "type": "Point"
   },
   "id": 306,
   "properties": {
    "abrangenci": "LEALDADE E AMIZADE",
    "arquivo": " ",
    "cod_abrg": "27",
    "codigo_sia": 637,
    "cras": "CRAS Lealdade e Amizade",
    "fid": 306,
    "fid_1": 306,
    "fid_1_1": 10,
    "globalid_1": "8958c7a9-eb39-4382-b3c7-71b9661d70e5",
    "nome": "Augusto da Silva",
    "nome_comp": "Augusto da Silva",
    "num_bairro": 1,
    "objectid_1": 8961,
    "objectid_2": 27,
    "pasta3___1": " ",
    "pasta3___2": "Silva",
    "pasta3___3": " ",
    "pasta3___4": " ",
    "pasta3___5": " ",
    "pasta3__no": "Augusto da Silva",
    "pasta3__ob": 306.0,
    "pasta3__te": "Augusto",
    "regiao": "Talhado",
    "tipo": "Desmembramento"
   },
   "type": "Feature"
  },
  {
   "geometry": {
    "coordinates": [
     -49.391376557652,
     -20.78200168635802
    ],
    "type": "Point"
   },
   "id": 307,
   "properties": {
    "abrangenci": "VILA MAYOR",
    "arquivo": "REGUL",
    "cod_abrg": "16",
    "codigo_sia": 233,
    "cras": "CRAS Antunes",
    "fid": 307,
    "fid_1": 307,
    "fid_1_1": 11,
    "globalid_1": "5cf4f91d-da75-4b92-b6b3-048e46981ea9",
    "nome": "NONAKA - JD.",
    "nome_comp": "Nonaka",
    "num_bairro": 13,
    "objectid_1": 505,
    "objectid_2": 16,
    "pasta3___1": " ",
    "pasta3___2": " ",
    "pasta3___3": " ",
    "pasta3___4": " ",
    "pasta3___5": " ",
    "pasta3__no": "Nonaka",
    "pasta3__ob": 307.0,
    "pasta3__te": "Nonaka",
    "regiao": "Pinheirinho",
    "tipo": "BAIRRO"
   },
   "type": "Feature"
  },
  {
   "geometry": {
    "coordinates": [
     -49.39202143280354,
     -20.78187085085481
    ],
    "type": "Point"
   },
   "id": 308,
   "properties": {
    "abrangenci": "VILA MAYOR",
    "arquivo": "REGUL",
    "cod_abrg": "16",
    "codigo_sia": 208,
    "cras": "CRAS Antunes",
    "fid": 308,
    "fid_1": 308,
    "fid_1_1": 11,
    "globalid_1": "46d4c20b-bc7b-4004-8810-a886d1e19a32",
    "nome": "ITAPEMA II - JD.",
    "nome_comp": "Itapema II",
    "num_bairro": 7,
    "objectid_1": 508,
    "objectid_2": 16,
    "pasta3___1": " ",
    "pasta3___2": " ",
    "pasta3___3": " ",
    "pasta3___4": " ",
    "pasta3___5": " ",
    "pasta3__no": "Itapema II",
    "pasta3__ob": 308.0,
    "pasta3__te": "Itapema",
    "regiao": "Pinheirinho",
    "tipo": "BAIRRO"
   },
   "type": "Feature"
  },
  {
   "geometry": {
    "coordinates": [
     -49.380844227608925,
     -20.786613518825803
    ],
    "type": "Point"
   },
   "id": 309,
   "properties": {
    "abrangenci": "VILA MAYOR",
    "arquivo": "REGUL",
    "cod_abrg": "16",
    "codigo_sia": 465,
    "cras": "CRAS Antunes",
    "fid": 309,
    "fid_1": 309,
    "fid_1_1": 11,
    "globalid_1": "2e7ab7f9-1f7a-46b6-b888-9a045858be93",
    "nome": "Village Rio da Prata",
    "nome_comp": "Village Rio da Prata",
    "num_bairro": 24,
    "objectid_1": 553,
    "objectid_2": 16,
    "pasta3___1": "Rio",
    "pasta3___2": " ",
    "pasta3___3": "Prata",
    "pasta3___4": " ",
    "pasta3___5": " ",
    "pasta3__no": "Village Rio da Prata",
    "pasta3__ob": 309.0,
    "pasta3__te": "Village",
    "regiao": "Pinheirinho",
    "tipo": "CONDOMÍNIO FECHADO"
   },
   "type": "Feature"
  },
  {
   "geometry": {
    "coordinates": [
     -49.39812048714172,
     -20.7767125045918
    ],
    "type": "Point"
   },
   "id": 310,
   "properties": {
    "abrangenci": "VILA MAYOR",
    "arquivo": " ",
    "cod_abrg": "16",
    "codigo_sia": 562,
    "cras": "CRAS Antunes",
    "fid": 310,
    "fid_1": 310,
    "fid_1_1": 11,
    "globalid_1": "d427d8f6-942f-405e-ba9d-385d786fb4da",
    "nome": "Rio Corais - Parque",
    "nome_comp": "Pq Rio Corais",
    "num_bairro": 14,
    "objectid_1": 127,
    "objectid_2": 16,
    "pasta3___1": "Rio",
    "pasta3___2": "Corais",
    "pasta3___3": " ",
    "pasta3___4": " ",
    "pasta3___5": " ",
    "pasta3__no": "Pq Rio Corais",
    "pasta3__ob": 310.0,
    "pasta3__te": " ",
    "regiao": "Pinheirinho",
    "tipo": "CONDOMÍNIO FECHADO VERTICAL"
   },
   "type": "Feature"
  },
  {
   "geometry": {
    "coordinates": [
     -49.39045817268492,
     -20.782739514029792
    ],
    "type": "Point"
   },
   "id": 311,
   "properties": {
    "abrangenci": "VILA MAYOR",
    "arquivo": "REGUL",
    "cod_abrg": "16",
    "codigo_sia": 517,
    "cras": "CRAS Antunes",
    "fid": 311,
    "fid_1": 311,
    "fid_1_1": 11,
    "globalid_1": "d91284ee-5268-4e08-8b7e-b9f447fdf032",
    "nome": "Estraviz -Lot.",
    "nome_comp": "Lot Estraviz",
    "num_bairro": 3,
    "objectid_1": 401,
    "objectid_2": 16,
    "pasta3___1": "Estraviz",
    "pasta3___2": " ",
    "pasta3___3": " ",
    "pasta3___4": " ",
    "pasta3___5": " ",
    "pasta3__no": "Lot Estraviz",
    "pasta3__ob": 311.0,
    "pasta3__te": " ",
    "regiao": "Pinheirinho",
    "tipo": "BAIRRO"
   },
   "type": "Feature"
  },
  {
   "geometry": {
    "coordinates": [
     -49.3896027235185,
     -20.78245329110225
    ],
    "type": "Point"
   },
   "id": 312,
   "properties": {
    "abrangenci": "VILA MAYOR",
    "arquivo": "REGUL",
    "cod_abrg": "16",
    "codigo_sia": 236,
    "cras": "CRAS Antunes",
    "fid": 312,
    "fid_1": 312,
    "fid_1_1": 11,
    "globalid_1": "aea16bb1-3f19-4eeb-a775-de946eeeef94",
    "nome": "IELAR - JD.",
    "nome_comp": "Ielar",
    "num_bairro": 6,
    "objectid_1": 284,
    "objectid_2": 16,
    "pasta3___1": " ",
    "pasta3___2": " ",
    "pasta3___3": " ",
    "pasta3___4": " ",
    "pasta3___5": " ",
    "pasta3__no": "Ielar",
    "pasta3__ob": 312.0,
    "pasta3__te": "Ielar",
    "regiao": "Pinheirinho",
    "tipo": "BAIRRO"
   },
   "type": "Feature"
  },
  {
   "geometry": {
    "coordinates": [
     -49.39045852476303,
     -20.77890952963373
    ],
    "type": "Point"
   },
   "id": 313,
   "properties": {
    "abrangenci": "VILA MAYOR",
    "arquivo": "REGUL",
    "cod_abrg": "16",
    "codigo_sia": 353,
    "cras": "CRAS Antunes",
    "fid": 313,
    "fid_1": 313,
    "fid_1_1": 11,
    "globalid_1": "3ceb8a8e-a150-408a-bd0b-c1d99b09d779",
    "nome": "Santa Inês - Res",
    "nome_comp": "Res Santa Inês",
    "num_bairro": 19,
    "objectid_1": 608,
    "objectid_2": 16,
    "pasta3___1": "Santa",
    "pasta3___2": "Inês",
    "pasta3___3": " ",
    "pasta3___4": " ",
    "pasta3___5": " ",
    "pasta3__no": "Res Santa Inês",
    "pasta3__ob": 313.0,
    "pasta3__te": " ",
    "regiao": "Pinheirinho",
    "tipo": "BAIRRO"
   },
   "type": "Feature"
  },
  {
   "geometry": {
    "coordinates": [
     -49.39983048202128,
     -20.779396312509938
    ],
    "type": "Point"
   },
   "id": 314,
   "properties": {
    "abrangenci": "VILA MAYOR",
    "arquivo": "REGUL",
    "cod_abrg": "16",
    "codigo_sia": 223,
    "cras": "CRAS Antunes",
    "fid": 314,
    "fid_1": 314,
    "fid_1_1": 11,
    "globalid_1": "63bc88cf-271b-4a80-bb12-0d6ab44ac59e",
    "nome": "Ana Célia",
    "nome_comp": "Res Ana Célia",
    "num_bairro": 17,
    "objectid_1": 155,
    "objectid_2": 16,
    "pasta3___1": "Ana",
    "pasta3___2": "Célia",
    "pasta3___3": " ",
    "pasta3___4": " ",
    "pasta3___5": " ",
    "pasta3__no": "Res Ana Célia",
    "pasta3__ob": 314.0,
    "pasta3__te": " ",
    "regiao": "Pinheirinho",
    "tipo": "BAIRRO"
   },
   "type": "Feature"
  },
  {
   "geometry": {
    "coordinates": [
     -49.39386521625854,
     -20.778681639770944
    ],
    "type": "Point"
   },
   "id": 315,
   "properties": {
    "abrangenci": "VILA MAYOR",
    "arquivo": "REGUL",
    "cod_abrg": "16",
    "codigo_sia": 203,
    "cras": "CRAS Antunes",
    "fid": 315,
    "fid_1": 315,
    "fid_1_1": 11,
    "globalid_1": "a283dae3-6eae-4afe-a380-f8f357ae137a",
    "nome": "Braga - Jardim",
    "nome_comp": "Jd Braga",
    "num_bairro": 8,
    "objectid_1": 174,
    "objectid_2": 16,
    "pasta3___1": "Braga",
    "pasta3___2": " ",
    "pasta3___3": " ",
    "pasta3___4": " ",
    "pasta3___5": " ",
    "pasta3__no": "Jd Braga",
    "pasta3__ob": 315.0,
    "pasta3__te": " ",
    "regiao": "Pinheirinho",
    "tipo": "BAIRRO"
   },
   "type": "Feature"
  },
  {
   "geometry": {
    "coordinates": [
     -49.3880914986901,
     -20.781808517553806
    ],
    "type": "Point"
   },
   "id": 316,
   "properties": {
    "abrangenci": "VILA MAYOR",
    "arquivo": "REGUL",
    "cod_abrg": "16",
    "codigo_sia": 63,
    "cras": "CRAS Antunes",
    "fid": 316,
    "fid_1": 316,
    "fid_1_1": 11,
    "globalid_1": "03685b0e-a653-4cdd-a605-1d6e6c5dfa0d",
    "nome": "Mayor - Vila",
    "nome_comp": "Vila Mayor",
    "num_bairro": 22,
    "objectid_1": 209,
    "objectid_2": 16,
    "pasta3___1": "Mayor",
    "pasta3___2": " ",
    "pasta3___3": " ",
    "pasta3___4": " ",
    "pasta3___5": " ",
    "pasta3__no": "Vila Mayor",
    "pasta3__ob": 316.0,
    "pasta3__te": " ",
    "regiao": "Pinheirinho",
    "tipo": "BAIRRO"
   },
   "type": "Feature"
  },
  {
   "geometry": {
    "coordinates": [
     -49.388890956884545,
     -20.785634131839977
    ],
    "type": "Point"
   },
   "id": 317,
   "properties": {
    "abrangenci": "VILA MAYOR",
    "arquivo": "REGUL",
    "cod_abrg": "16",
    "codigo_sia": 111,
    "cras": "CRAS Antunes",
    "fid": 317,
    "fid_1": 317,
    "fid_1_1": 11,
    "globalid_1": "fd623fc1-762e-474c-b8cb-1b1087ec835e",
    "nome": "Mugnaini - Jardim",
    "nome_comp": "Jd Mugnaini",
    "num_bairro": 10,
    "objectid_1": 217,
    "objectid_2": 16,
    "pasta3___1": "Mugnaini",
    "pasta3___2": " ",
    "pasta3___3": " ",
    "pasta3___4": " ",
    "pasta3___5": " ",
    "pasta3__no": "Jd Mugnaini",
    "pasta3__ob": 317.0,
    "pasta3__te": " ",
    "regiao": "Pinheirinho",
    "tipo": "BAIRRO"
   },
   "type": "Feature"
  },
  {
   "geometry": {
    "coordinates": [
     -49.386298026311444,
     -20.769224021310624
    ],
    "type": "Point"
   },
   "id": 318,
   "properties": {
    "abrangenci": "VILA MAYOR",
    "arquivo": "REGUL",
    "cod_abrg": "16",
    "codigo_sia": 0,
    "cras": "CRAS Antunes",
    "fid": 318,
    "fid_1": 318,
    "fid_1_1": 11,
    "globalid_1": "cb020a06-b4fc-4fc4-99c6-8a0e6af86bfe",
    "nome": "Shopping Cidade Norte",
    "nome_comp": "Shopping Cidade Norte",
    "num_bairro": 20,
    "objectid_1": 224,
    "objectid_2": 16,
    "pasta3___1": "Cidade",
    "pasta3___2": "Norte",
    "pasta3___3": " ",
    "pasta3___4": " ",
    "pasta3___5": " ",
    "pasta3__no": "Shopping Cidade Norte",
    "pasta3__ob": 318.0,
    "pasta3__te": "Shopping",
    "regiao": "Pinheirinho",
    "tipo": "REGULARIZAÇÃO FUNDIÁRIA"
   },
   "type": "Feature"
  },
  {
   "geometry": {
    "coordinates": [
     -49.38643455609176,
     -20.779509505462563
    ],
    "type": "Point"
   },
   "id": 319,
   "properties": {
    "abrangenci": "VILA MAYOR",
    "arquivo": "REGUL",
    "cod_abrg": "16",
    "codigo_sia": 362,
    "cras": "CRAS Antunes",
    "fid": 319,
    "fid_1": 319,
    "fid_1_1": 11,
    "globalid_1": "4f6d6d57-1a5e-46d0-a43a-12c16ba7e0cc",
    "nome": "Heitor José Eiras Garcia II - Minid. Ind. Dr.",
    "nome_comp": "Heitor José Eiras Garcia II",
    "num_bairro": 5,
    "objectid_1": 554,
    "objectid_2": 16,
    "pasta3___1": " ",
    "pasta3___2": "Eiras",
    "pasta3___3": "Garcia",
    "pasta3___4": " ",
    "pasta3___5": " ",
    "pasta3__no": "Heitor José Eiras Garcia II",
    "pasta3__ob": 319.0,
    "pasta3__te": "Heitor",
    "regiao": "Pinheirinho",
    "tipo": "MINI DISTRITO"
   },
   "type": "Feature"
  },
  {
   "geometry": {
    "coordinates": [
     -49.386828741872385,
     -20.780977371376324
    ],
    "type": "Point"
   },
   "id": 320,
   "properties": {
    "abrangenci": "VILA MAYOR",
    "arquivo": "REGUL",
    "cod_abrg": "16",
    "codigo_sia": 361,
    "cras": "CRAS Antunes",
    "fid": 320,
    "fid_1": 320,
    "fid_1_1": 11,
    "globalid_1": "884ac352-2a7f-49d7-9491-a24898d50ef6",
    "nome": "Heitor José Eiras Garcia I - Minid. Ind. Dr.",
    "nome_comp": "Heitor José Eiras Garcia I",
    "num_bairro": 4,
    "objectid_1": 556,
    "objectid_2": 16,
    "pasta3___1": " ",
    "pasta3___2": "Eiras",
    "pasta3___3": "Garcia",
    "pasta3___4": " ",
    "pasta3___5": " ",
    "pasta3__no": "Heitor José Eiras Garcia I",
    "pasta3__ob": 320.0,
    "pasta3__te": "Heitor",
    "regiao": "Pinheirinho",
    "tipo": "MINI DISTRITO"
   },
   "type": "Feature"
  },
  {
   "geometry": {
    "coordinates": [
     -49.387206175460086,
     -20.779929326838776
    ],
    "type": "Point"
   },
   "id": 321,
   "properties": {
    "abrangenci": "VILA MAYOR",
    "arquivo": "REGUL",
    "cod_abrg": "16",
    "codigo_sia": 110,
    "cras": "CRAS Antunes",
    "fid": 321,
    "fid_1": 321,
    "fid_1_1": 11,
    "globalid_1": "f6b9b832-f364-4431-8b74-de5879339dc5",
    "nome": "Paraíso - Jardim",
    "nome_comp": "Jd Paraíso",
    "num_bairro": 11,
    "objectid_1": 557,
    "objectid_2": 16,
    "pasta3___1": "Paraíso",
    "pasta3___2": " ",
    "pasta3___3": " ",
    "pasta3___4": " ",
    "pasta3___5": " ",
    "pasta3__no": "Jd Paraíso",
    "pasta3__ob": 321.0,
    "pasta3__te": " ",
    "regiao": "Pinheirinho",
    "tipo": "BAIRRO"
   },
   "type": "Feature"
  },
  {
   "geometry": {
    "coordinates": [
     -49.38774779052923,
     -20.7741067967953
    ],
    "type": "Point"
   },
   "id": 322,
   "properties": {
    "abrangenci": "VILA MAYOR",
    "arquivo": "REGUL",
    "cod_abrg": "16",
    "codigo_sia": 200,
    "cras": "CRAS Antunes",
    "fid": 322,
    "fid_1": 322,
    "fid_1_1": 11,
    "globalid_1": "9adb4b39-75ee-4978-af54-ac1f9ca7c3c5",
    "nome": "Dom Lafayete Libânio - Pq. Res.",
    "nome_comp": "Dom Lafayete Libânio",
    "num_bairro": 2,
    "objectid_1": 95,
    "objectid_2": 16,
    "pasta3___1": "Lafayete",
    "pasta3___2": "Libânio",
    "pasta3___3": " ",
    "pasta3___4": " ",
    "pasta3___5": " ",
    "pasta3__no": "Dom Lafayete Libânio",
    "pasta3__ob": 322.0,
    "pasta3__te": "Dom",
    "regiao": "Pinheirinho",
    "tipo": "BAIRRO"
   },
   "type": "Feature"
  },
  {
   "geometry": {
    "coordinates": [
     -49.385128333631116,
     -20.77936615128684
    ],
    "type": "Point"
   },
   "id": 323,
   "properties": {
    "abrangenci": "VILA MAYOR",
    "arquivo": "REGUL",
    "cod_abrg": "16",
    "codigo_sia": 80,
    "cras": "CRAS Antunes",
    "fid": 323,
    "fid_1": 323,
    "fid_1_1": 11,
    "globalid_1": "55aac194-666d-44b0-9640-f7a430b3f5a6",
    "nome": "Tranquilidade - Chácaras",
    "nome_comp": "Chac Tranquilidade",
    "num_bairro": 1,
    "objectid_1": 139,
    "objectid_2": 16,
    "pasta3___1": "Tranquilidade",
    "pasta3___2": " ",
    "pasta3___3": " ",
    "pasta3___4": " ",
    "pasta3___5": " ",
    "pasta3__no": "Chac Tranquilidade",
    "pasta3__ob": 323.0,
    "pasta3__te": " ",
    "regiao": "Pinheirinho",
    "tipo": "CHÁCARAS"
   },
   "type": "Feature"
  },
  {
   "geometry": {
    "coordinates": [
     -49.395750583662036,
     -20.78197293064664
    ],
    "type": "Point"
   },
   "id": 324,
   "properties": {
    "abrangenci": "VILA MAYOR",
    "arquivo": "REGUL",
    "cod_abrg": "16",
    "codigo_sia": 196,
    "cras": "CRAS Antunes",
    "fid": 324,
    "fid_1": 324,
    "fid_1_1": 11,
    "globalid_1": "4adae9d8-8647-49f7-b0f0-bb112e4cd093",
    "nome": "MIGUELZINHO - VILA",
    "nome_comp": "Vila Miguelzinho",
    "num_bairro": 23,
    "objectid_1": 147,
    "objectid_2": 16,
    "pasta3___1": "Miguelzinho",
    "pasta3___2": " ",
    "pasta3___3": " ",
    "pasta3___4": " ",
    "pasta3___5": " ",
    "pasta3__no": "Vila Miguelzinho",
    "pasta3__ob": 324.0,
    "pasta3__te": " ",
    "regiao": "Pinheirinho",
    "tipo": "BAIRRO"
   },
   "type": "Feature"
  },
  {
   "geometry": {
    "coordinates": [
     -49.38536063874407,
     -20.783588016751224
    ],
    "type": "Point"
   },
   "id": 325,
   "properties": {
    "abrangenci": "VILA MAYOR",
    "arquivo": "REGUL",
    "cod_abrg": "16",
    "codigo_sia": 185,
    "cras": "CRAS Antunes",
    "fid": 325,
    "fid_1": 325,
    "fid_1_1": 11,
    "globalid_1": "5ddb81a2-6cdb-4154-ae73-f0872b863408",
    "nome": "Vale do Sol - Jd. Res.",
    "nome_comp": "Jd Vale do Sol",
    "num_bairro": 12,
    "objectid_1": 12,
    "objectid_2": 16,
    "pasta3___1": "Vale",
    "pasta3___2": " ",
    "pasta3___3": "Sol",
    "pasta3___4": " ",
    "pasta3___5": " ",
    "pasta3__no": "Jd Vale do Sol",
    "pasta3__ob": 325.0,
    "pasta3__te": " ",
    "regiao": "Pinheirinho",
    "tipo": "BAIRRO"
   },
   "type": "Feature"
  },
  {
   "geometry": {
    "coordinates": [
     -49.39684959370452,
     -20.777392145779142
    ],
    "type": "Point"
   },
   "id": 326,
   "properties": {
    "abrangenci": "VILA MAYOR",
    "arquivo": "REGUL",
    "cod_abrg": "16",
    "codigo_sia": 263,
    "cras": "CRAS Antunes",
    "fid": 326,
    "fid_1": 326,
    "fid_1_1": 11,
    "globalid_1": "a5fcb3b9-7a39-48ab-8ea0-50a3af509843",
    "nome": "Ana Célia II",
    "nome_comp": "Res Ana Célia II",
    "num_bairro": 18,
    "objectid_1": 59,
    "objectid_2": 16,
    "pasta3___1": "Ana",
    "pasta3___2": "Célia",
    "pasta3___3": " ",
    "pasta3___4": " ",
    "pasta3___5": " ",
    "pasta3__no": "Res Ana Célia II",
    "pasta3__ob": 326.0,
    "pasta3__te": " ",
    "regiao": "Pinheirinho",
    "tipo": "BAIRRO"
   },
   "type": "Feature"
  },
  {
   "geometry": {
    "coordinates": [
     -49.392166967082524,
     -20.772892929808563
    ],
    "type": "Point"
   },
   "id": 327,
   "properties": {
    "abrangenci": "VILA MAYOR",
    "arquivo": "REGUL",
    "cod_abrg": "16",
    "codigo_sia": 342,
    "cras": "CRAS Antunes",
    "fid": 327,
    "fid_1": 327,
    "fid_1_1": 11,
    "globalid_1": "8734d2f7-6e53-4700-ba01-8c8786cb04d8",
    "nome": "Alto das Andorinhas",
    "nome_comp": "Res Alto das Andorinhas",
    "num_bairro": 16,
    "objectid_1": 71,
    "objectid_2": 16,
    "pasta3___1": "Alto",
    "pasta3___2": " ",
    "pasta3___3": "Andorinhas",
    "pasta3___4": " ",
    "pasta3___5": " ",
    "pasta3__no": "Res Alto das Andorinhas",
    "pasta3__ob": 327.0,
    "pasta3__te": " ",
    "regiao": "Pinheirinho",
    "tipo": "BAIRRO"
   },
   "type": "Feature"
  },
  {
   "geometry": {
    "coordinates": [
     -49.3918123828995,
     -20.7801986125488
    ],
    "type": "Point"
   },
   "id": 328,
   "properties": {
    "abrangenci": "VILA MAYOR",
    "arquivo": "REGUL",
    "cod_abrg": "16",
    "codigo_sia": 163,
    "cras": "CRAS Antunes",
    "fid": 328,
    "fid_1": 328,
    "fid_1_1": 11,
    "globalid_1": "827c0733-81c6-44db-82b4-e9c7cc6ace01",
    "nome": "Itapema - Jardim",
    "nome_comp": "Jd Itapema",
    "num_bairro": 9,
    "objectid_1": 87,
    "objectid_2": 16,
    "pasta3___1": "Itapema",
    "pasta3___2": " ",
    "pasta3___3": " ",
    "pasta3___4": " ",
    "pasta3___5": " ",
    "pasta3__no": "Jd Itapema",
    "pasta3__ob": 328.0,
    "pasta3__te": " ",
    "regiao": "Pinheirinho",
    "tipo": "BAIRRO"
   },
   "type": "Feature"
  },
  {
   "geometry": {
    "coordinates": [
     -49.379844611818925,
     -20.78494776552001
    ],
    "type": "Point"
   },
   "id": 329,
   "properties": {
    "abrangenci": "VILA MAYOR",
    "arquivo": "REGUL",
    "cod_abrg": "16",
    "codigo_sia": 510,
    "cras": "CRAS Antunes",
    "fid": 329,
    "fid_1": 329,
    "fid_1_1": 11,
    "globalid_1": "b6f140e4-2c3c-4b73-9733-ea752bdd9f54",
    "nome": "Spazio Rio Fraser",
    "nome_comp": "Spazio Rio Frazer",
    "num_bairro": 21,
    "objectid_1": 588,
    "objectid_2": 16,
    "pasta3___1": " ",
    "pasta3___2": "Frazer",
    "pasta3___3": " ",
    "pasta3___4": " ",
    "pasta3___5": " ",
    "pasta3__no": "Spazio Rio Frazer",
    "pasta3__ob": 329.0,
    "pasta3__te": "Spazio",
    "regiao": "Pinheirinho",
    "tipo": "CONDOMÍNIO FECHADO VERTICAL"
   },
   "type": "Feature"
  },
  {
   "geometry": {
    "coordinates": [
     -49.396918925771324,
     -20.780207460716777
    ],
    "type": "Point"
   },
   "id": 330,
   "properties": {
    "abrangenci": "VILA MAYOR",
    "arquivo": "REGUL",
    "cod_abrg": "16",
    "codigo_sia": 622,
    "cras": "CRAS Antunes",
    "fid": 330,
    "fid_1": 330,
    "fid_1_1": 11,
    "globalid_1": "fc7b9270-c8b2-410d-828c-58ed1294e0dc",
    "nome": "Recanto do Sol",
    "nome_comp": "Recanto do Sol",
    "num_bairro": 15,
    "objectid_1": 5121,
    "objectid_2": 16,
    "pasta3___1": " ",
    "pasta3___2": "Sol",
    "pasta3___3": " ",
    "pasta3___4": " ",
    "pasta3___5": " ",
    "pasta3__no": "Recanto do Sol",
    "pasta3__ob": 330.0,
    "pasta3__te": "Recanto",
    "regiao": "Pinheirinho",
    "tipo": "LOTEAMENTO HABITACIONAL"
   },
   "type": "Feature"
  },
  {
   "geometry": {
    "coordinates": [
     -49.43473604657247,
     -20.784140041449334
    ],
    "type": "Point"
   },
   "id": 331,
   "properties": {
    "abrangenci": "GABRIELA",
    "arquivo": "REGUL",
    "cod_abrg": "25",
    "codigo_sia": 448,
    "cras": "CRAS Jardim Belo Horizonte",
    "fid": 331,
    "fid_1": 331,
    "fid_1_1": 12,
    "globalid_1": "a1074ea6-cca8-4b5c-aa87-e0c98c1f9ee5",
    "nome": "Cj Hab. S J do Rio Preto J",
    "nome_comp": "Cj Hab SJRP J",
    "num_bairro": 2,
    "objectid_1": 268,
    "objectid_2": 25,
    "pasta3___1": " ",
    "pasta3___2": "Rio Preto",
    "pasta3___3": " ",
    "pasta3___4": " ",
    "pasta3___5": " ",
    "pasta3__no": "Cj Hab SJRP J",
    "pasta3__ob": 331.0,
    "pasta3__te": " ",
    "regiao": "Cidade da Criança",
    "tipo": "BAIRRO"
   },
   "type": "Feature"
  },
  {
   "geometry": {
    "coordinates": [
     -49.43230922930835,
     -20.795340548590072
    ],
    "type": "Point"
   },
   "id": 332,
   "properties": {
    "abrangenci": "GABRIELA",
    "arquivo": "REGUL",
    "cod_abrg": "25",
    "codigo_sia": 574,
    "cras": "CRAS Jardim Belo Horizonte",
    "fid": 332,
    "fid_1": 332,
    "fid_1_1": 12,
    "globalid_1": "b568aa02-b9e9-4072-a39d-aa2d15f8ace5",
    "nome": "Ary Attab II - Lot",
    "nome_comp": "Lot Ary Attab II",
    "num_bairro": 1,
    "objectid_1": 297,
    "objectid_2": 25,
    "pasta3___1": "Ary",
    "pasta3___2": "Attab",
    "pasta3___3": " ",
    "pasta3___4": " ",
    "pasta3___5": " ",
    "pasta3__no": "Lot Ary Attab II",
    "pasta3__ob": 332.0,
    "pasta3__te": " ",
    "regiao": "Cidade da Criança",
    "tipo": "BAIRRO"
   },
   "type": "Feature"
  },
  {
   "geometry": {
    "coordinates": [
     -49.4314028464458,
     -20.797485563568216
    ],
    "type": "Point"
   },
   "id": 333,
   "properties": {
    "abrangenci": "GABRIELA",
    "arquivo": "REGUL",
    "cod_abrg": "25",
    "codigo_sia": 339,
    "cras": "CRAS Jardim Belo Horizonte",
    "fid": 333,
    "fid_1": 333,
    "fid_1_1": 12,
    "globalid_1": "cee99683-9b7a-4cc2-87fb-4b08d0bdb4d4",
    "nome": "Antonieta - Jardim",
    "nome_comp": "Jd Antonieta",
    "num_bairro": 3,
    "objectid_1": 193,
    "objectid_2": 25,
    "pasta3___1": "Antonieta",
    "pasta3___2": " ",
    "pasta3___3": " ",
    "pasta3___4": " ",
    "pasta3___5": " ",
    "pasta3__no": "Jd Antonieta",
    "pasta3__ob": 333.0,
    "pasta3__te": " ",
    "regiao": "Cidade da Criança",
    "tipo": "BAIRRO"
   },
   "type": "Feature"
  },
  {
   "geometry": {
    "coordinates": [
     -49.445768083004374,
     -20.788332336505917
    ],
    "type": "Point"
   },
   "id": 334,
   "properties": {
    "abrangenci": "GABRIELA",
    "arquivo": "REGUL",
    "cod_abrg": "25",
    "codigo_sia": 488,
    "cras": "CRAS Jardim Belo Horizonte",
    "fid": 334,
    "fid_1": 334,
    "fid_1_1": 12,
    "globalid_1": "0c98ccda-8161-4cd5-b9dd-be1cb7a1c53e",
    "nome": "Res. Santa Cruz",
    "nome_comp": "Res Santa Cruz",
    "num_bairro": 7,
    "objectid_1": 568,
    "objectid_2": 25,
    "pasta3___1": "Santa",
    "pasta3___2": "Cruz",
    "pasta3___3": " ",
    "pasta3___4": " ",
    "pasta3___5": " ",
    "pasta3__no": "Res Santa Cruz",
    "pasta3__ob": 334.0,
    "pasta3__te": " ",
    "regiao": "Cidade da Criança",
    "tipo": "BAIRRO"
   },
   "type": "Feature"
  },
  {
   "geometry": {
    "coordinates": [
     -49.436163371606554,
     -20.792933400778615
    ],
    "type": "Point"
   },
   "id": 335,
   "properties": {
    "abrangenci": "GABRIELA",
    "arquivo": "REGUL",
    "cod_abrg": "25",
    "codigo_sia": 365,
    "cras": "CRAS Jardim Belo Horizonte",
    "fid": 335,
    "fid_1": 335,
    "fid_1_1": 12,
    "globalid_1": "61d25168-638d-47f4-9e6e-36e9aae47ade",
    "nome": "Nato Vetorasso",
    "nome_comp": "Res Nato Vetorasso",
    "num_bairro": 10,
    "objectid_1": 261,
    "objectid_2": 25,
    "pasta3___1": "Nato",
    "pasta3___2": "Vetorasso",
    "pasta3___3": " ",
    "pasta3___4": " ",
    "pasta3___5": " ",
    "pasta3__no": "Res Nato Vetorasso",
    "pasta3__ob": 335.0,
    "pasta3__te": " ",
    "regiao": "Cidade da Criança",
    "tipo": "BAIRRO"
   },
   "type": "Feature"
  },
  {
   "geometry": {
    "coordinates": [
     -49.42768878206739,
     -20.79275365207891
    ],
    "type": "Point"
   },
   "id": 336,
   "properties": {
    "abrangenci": "GABRIELA",
    "arquivo": "REGUL",
    "cod_abrg": "25",
    "codigo_sia": 293,
    "cras": "CRAS Jardim Belo Horizonte",
    "fid": 336,
    "fid_1": 336,
    "fid_1_1": 12,
    "globalid_1": "d14ef384-823f-4fc1-a93a-d0c90f254f06",
    "nome": "Residêncial Gabriella",
    "nome_comp": "Res Gabriella",
    "num_bairro": 8,
    "objectid_1": 119,
    "objectid_2": 25,
    "pasta3___1": "Gabriella",
    "pasta3___2": " ",
    "pasta3___3": " ",
    "pasta3___4": " ",
    "pasta3___5": " ",
    "pasta3__no": "Res Gabriella",
    "pasta3__ob": 336.0,
    "pasta3__te": " ",
    "regiao": "Cidade da Criança",
    "tipo": "BAIRRO"
   },
   "type": "Feature"
  },
  {
   "geometry": {
    "coordinates": [
     -49.43086984681159,
     -20.787939379523756
    ],
    "type": "Point"
   },
   "id": 337,
   "properties": {
    "abrangenci": "GABRIELA",
    "arquivo": "REGUL",
    "cod_abrg": "25",
    "codigo_sia": 346,
    "cras": "CRAS Jardim Belo Horizonte",
    "fid": 337,
    "fid_1": 337,
    "fid_1_1": 12,
    "globalid_1": "e08db389-9715-435f-a31c-a8ead3fe0e5c",
    "nome": "Monte Verde",
    "nome_comp": "Res Monte Verde",
    "num_bairro": 9,
    "objectid_1": 34,
    "objectid_2": 25,
    "pasta3___1": "Monte",
    "pasta3___2": "Verde",
    "pasta3___3": " ",
    "pasta3___4": " ",
    "pasta3___5": " ",
    "pasta3__no": "Res Monte Verde",
    "pasta3__ob": 337.0,
    "pasta3__te": " ",
    "regiao": "Cidade da Criança",
    "tipo": "BAIRRO"
   },
   "type": "Feature"
  },
  {
   "geometry": {
    "coordinates": [
     -49.43984017046487,
     -20.787666457643716
    ],
    "type": "Point"
   },
   "id": 338,
   "properties": {
    "abrangenci": "GABRIELA",
    "arquivo": "REGUL",
    "cod_abrg": "25",
    "codigo_sia": 407,
    "cras": "CRAS Jardim Belo Horizonte",
    "fid": 338,
    "fid_1": 338,
    "fid_1_1": 12,
    "globalid_1": "26466136-5e9b-4357-8288-754c142c86df",
    "nome": "AROEIRAS II - PARQUE DAS",
    "nome_comp": "Pq Aroeiras II",
    "num_bairro": 6,
    "objectid_1": 69,
    "objectid_2": 25,
    "pasta3___1": "Aroeiras",
    "pasta3___2": " ",
    "pasta3___3": " ",
    "pasta3___4": " ",
    "pasta3___5": " ",
    "pasta3__no": "Pq Aroeiras II",
    "pasta3__ob": 338.0,
    "pasta3__te": " ",
    "regiao": "Cidade da Criança",
    "tipo": "BAIRRO"
   },
   "type": "Feature"
  },
  {
   "geometry": {
    "coordinates": [
     -49.43282751924511,
     -20.78617392011367
    ],
    "type": "Point"
   },
   "id": 339,
   "properties": {
    "abrangenci": "GABRIELA",
    "arquivo": "REGUL",
    "cod_abrg": "25",
    "codigo_sia": 344,
    "cras": "CRAS Jardim Belo Horizonte",
    "fid": 339,
    "fid_1": 339,
    "fid_1_1": 12,
    "globalid_1": "ee3d7ee4-5de9-457a-8574-b1422056c43e",
    "nome": "Parque das Aroeiras",
    "nome_comp": "Pq Aroeiras",
    "num_bairro": 5,
    "objectid_1": 203,
    "objectid_2": 25,
    "pasta3___1": "Aroeiras",
    "pasta3___2": " ",
    "pasta3___3": " ",
    "pasta3___4": " ",
    "pasta3___5": " ",
    "pasta3__no": "Pq Aroeiras",
    "pasta3__ob": 339.0,
    "pasta3__te": " ",
    "regiao": "Cidade da Criança",
    "tipo": "BAIRRO"
   },
   "type": "Feature"
  },
  {
   "geometry": {
    "coordinates": [
     -49.44120506154847,
     -20.785076498078755
    ],
    "type": "Point"
   },
   "id": 340,
   "properties": {
    "abrangenci": "GABRIELA",
    "arquivo": "REGUL",
    "cod_abrg": "25",
    "codigo_sia": 504,
    "cras": "CRAS Jardim Belo Horizonte",
    "fid": 340,
    "fid_1": 340,
    "fid_1_1": 12,
    "globalid_1": "24d4056d-c02c-4cfe-b0c1-c7831f043d4f",
    "nome": "Mirante",
    "nome_comp": "Mirante",
    "num_bairro": 4,
    "objectid_1": 501,
    "objectid_2": 25,
    "pasta3___1": " ",
    "pasta3___2": " ",
    "pasta3___3": " ",
    "pasta3___4": " ",
    "pasta3___5": " ",
    "pasta3__no": "Mirante",
    "pasta3__ob": 340.0,
    "pasta3__te": "Mirante",
    "regiao": "Cidade da Criança",
    "tipo": "RESIDENCIAL"
   },
   "type": "Feature"
  },
  {
   "geometry": {
    "coordinates": [
     -49.43632437324145,
     -20.76333054917081
    ],
    "type": "Point"
   },
   "id": 341,
   "properties": {
    "abrangenci": "SOLO SAGRADO",
    "arquivo": "REGUL",
    "cod_abrg": "02",
    "codigo_sia": 936,
    "cras": "CRAS Solo Sagrado",
    "fid": 341,
    "fid_1": 341,
    "fid_1_1": 13,
    "globalid_1": "f6930085-c279-4849-b023-260404a0d74c",
    "nome": "N.S. Aparecida - Mirassolândia",
    "nome_comp": "NS Aparecida - Mirassolândia",
    "num_bairro": 11,
    "objectid_1": 498,
    "objectid_2": 2,
    "pasta3___1": "Aparecida",
    "pasta3___2": " ",
    "pasta3___3": " ",
    "pasta3___4": " ",
    "pasta3___5": " ",
    "pasta3__no": "NS Aparecida - Mirassolândia",
    "pasta3__ob": 341.0,
    "pasta3__te": " ",
    "regiao": "Pinheirinho",
    "tipo": "REGULARIZAÇÃO FUNDIÁRIA"
   },
   "type": "Feature"
  },
  {
   "geometry": {
    "coordinates": [
     -49.45342904850274,
     -20.731153434471988
    ],
    "type": "Point"
   },
   "id": 342,
   "properties": {
    "abrangenci": "SOLO SAGRADO",
    "arquivo": "REGUL",
    "cod_abrg": "02",
    "codigo_sia": 930,
    "cras": "CRAS Solo Sagrado",
    "fid": 342,
    "fid_1": 342,
    "fid_1_1": 13,
    "globalid_1": "1bbeaa60-2d77-43b9-821d-09a4a9a86c44",
    "nome": "Santa  Edwirges II - Lot.",
    "nome_comp": "Lot Santa  Edwirges II",
    "num_bairro": 20,
    "objectid_1": 535,
    "objectid_2": 2,
    "pasta3___1": "Santa",
    "pasta3___2": "Edwirges",
    "pasta3___3": " ",
    "pasta3___4": " ",
    "pasta3___5": " ",
    "pasta3__no": "Lot Santa  Edwirges II",
    "pasta3__ob": 342.0,
    "pasta3__te": " ",
    "regiao": "Pinheirinho",
    "tipo": "REGULARIZAÇÃO FUNDIÁRIA"
   },
   "type": "Feature"
  },
  {
   "geometry": {
    "coordinates": [
     -49.448911106814215,
     -20.730730336455213
    ],
    "type": "Point"
   },
   "id": 343,
   "properties": {
    "abrangenci": "SOLO SAGRADO",
    "arquivo": "REGUL",
    "cod_abrg": "02",
    "codigo_sia": 929,
    "cras": "CRAS Solo Sagrado",
    "fid": 343,
    "fid_1": 343,
    "fid_1_1": 13,
    "globalid_1": "f63636ad-5ea9-4fcc-bd71-a8b79692c5c3",
    "nome": "Santa  Edwirges I - Lot.",
    "nome_comp": "Lot Santa  Edwirges I",
    "num_bairro": 19,
    "objectid_1": 542,
    "objectid_2": 2,
    "pasta3___1": "Santa",
    "pasta3___2": "Edwirges",
    "pasta3___3": " ",
    "pasta3___4": " ",
    "pasta3___5": " ",
    "pasta3__no": "Lot Santa  Edwirges I",
    "pasta3__ob": 343.0,
    "pasta3__te": " ",
    "regiao": "Pinheirinho",
    "tipo": "REGULARIZAÇÃO FUNDIÁRIA"
   },
   "type": "Feature"
  },
  {
   "geometry": {
    "coordinates": [
     -49.40672006905435,
     -20.779292755267903
    ],
    "type": "Point"
   },
   "id": 344,
   "properties": {
    "abrangenci": "SOLO SAGRADO",
    "arquivo": "REGUL",
    "cod_abrg": "02",
    "codigo_sia": 414,
    "cras": "CRAS Solo Sagrado",
    "fid": 344,
    "fid_1": 344,
    "fid_1_1": 13,
    "globalid_1": "d8ed4eff-f44c-4a19-94b2-183b161716f3",
    "nome": "Solo Sagrado -  Minidist. Ind.",
    "nome_comp": "Solo Sagrado",
    "num_bairro": 21,
    "objectid_1": 544,
    "objectid_2": 2,
    "pasta3___1": "Sagrado",
    "pasta3___2": " ",
    "pasta3___3": " ",
    "pasta3___4": " ",
    "pasta3___5": " ",
    "pasta3__no": "Solo Sagrado",
    "pasta3__ob": 344.0,
    "pasta3__te": "Solo",
    "regiao": "Pinheirinho",
    "tipo": "BAIRRO"
   },
   "type": "Feature"
  },
  {
   "geometry": {
    "coordinates": [
     -49.43485996239335,
     -20.766386031551384
    ],
    "type": "Point"
   },
   "id": 345,
   "properties": {
    "abrangenci": "SOLO SAGRADO",
    "arquivo": "REGUL",
    "cod_abrg": "02",
    "codigo_sia": 581,
    "cras": "CRAS Solo Sagrado",
    "fid": 345,
    "fid_1": 345,
    "fid_1_1": 13,
    "globalid_1": "2f2dad6d-5dda-42dd-90df-c78342e9e67c",
    "nome": "São ThomaZ II",
    "nome_comp": "Res São Thomaz II",
    "num_bairro": 18,
    "objectid_1": 545,
    "objectid_2": 2,
    "pasta3___1": " ",
    "pasta3___2": "Thomaz",
    "pasta3___3": " ",
    "pasta3___4": " ",
    "pasta3___5": " ",
    "pasta3__no": "Res São Thomaz II",
    "pasta3__ob": 345.0,
    "pasta3__te": " ",
    "regiao": "Pinheirinho",
    "tipo": "BAIRRO"
   },
   "type": "Feature"
  },
  {
   "geometry": {
    "coordinates": [
     -49.43342717498324,
     -20.73383557648782
    ],
    "type": "Point"
   },
   "id": 346,
   "properties": {
    "abrangenci": "SOLO SAGRADO",
    "arquivo": "IRREG",
    "cod_abrg": "02",
    "codigo_sia": 946,
    "cras": "CRAS Solo Sagrado",
    "fid": 346,
    "fid_1": 346,
    "fid_1_1": 13,
    "globalid_1": "947db42a-cd46-481e-abe6-e56e9e41ab4a",
    "nome": "Pousada dos Pássaros",
    "nome_comp": "Pousada dos Pássaros",
    "num_bairro": 13,
    "objectid_1": 580,
    "objectid_2": 2,
    "pasta3___1": " ",
    "pasta3___2": "Pássaros",
    "pasta3___3": " ",
    "pasta3___4": " ",
    "pasta3___5": " ",
    "pasta3__no": "Pousada dos Pássaros",
    "pasta3__ob": 346.0,
    "pasta3__te": "Pousada",
    "regiao": "Pinheirinho",
    "tipo": "REGULARIZAÇÃO FUNDIÁRIA"
   },
   "type": "Feature"
  },
  {
   "geometry": {
    "coordinates": [
     -49.44090622603423,
     -20.7295626448707
    ],
    "type": "Point"
   },
   "id": 347,
   "properties": {
    "abrangenci": "SOLO SAGRADO",
    "arquivo": "IRREG",
    "cod_abrg": "02",
    "codigo_sia": 945,
    "cras": "CRAS Solo Sagrado",
    "fid": 347,
    "fid_1": 347,
    "fid_1_1": 13,
    "globalid_1": "3f29dae6-07e0-402e-b0c9-23c422800f82",
    "nome": "Todos os Santos",
    "nome_comp": "Cond Todos os Santos",
    "num_bairro": 4,
    "objectid_1": 266,
    "objectid_2": 2,
    "pasta3___1": "Todos",
    "pasta3___2": " ",
    "pasta3___3": "Santos",
    "pasta3___4": " ",
    "pasta3___5": " ",
    "pasta3__no": "Cond Todos os Santos",
    "pasta3__ob": 347.0,
    "pasta3__te": " ",
    "regiao": "Pinheirinho",
    "tipo": "REGULARIZAÇÃO FUNDIÁRIA"
   },
   "type": "Feature"
  },
  {
   "geometry": {
    "coordinates": [
     -49.44172641100854,
     -20.7238098253986
    ],
    "type": "Point"
   },
   "id": 348,
   "properties": {
    "abrangenci": "SOLO SAGRADO",
    "arquivo": "REGUL",
    "cod_abrg": "02",
    "codigo_sia": 591,
    "cras": "CRAS Solo Sagrado",
    "fid": 348,
    "fid_1": 348,
    "fid_1_1": 13,
    "globalid_1": "7f149fc4-446f-4718-ab98-50827145c215",
    "nome": "Eco Parque Empresarial Norte",
    "nome_comp": "Eco Pq Empresarial Norte",
    "num_bairro": 5,
    "objectid_1": 344,
    "objectid_2": 2,
    "pasta3___1": " ",
    "pasta3___2": "Empresarial",
    "pasta3___3": "Norte",
    "pasta3___4": " ",
    "pasta3___5": " ",
    "pasta3__no": "Eco Pq Empresarial Norte",
    "pasta3__ob": 348.0,
    "pasta3__te": "Eco",
    "regiao": "Pinheirinho",
    "tipo": "DISTRITO INDUSTRIAL"
   },
   "type": "Feature"
  },
  {
   "geometry": {
    "coordinates": [
     -49.40950127776107,
     -20.78243770851995
    ],
    "type": "Point"
   },
   "id": 349,
   "properties": {
    "abrangenci": "SOLO SAGRADO",
    "arquivo": "REGUL",
    "cod_abrg": "02",
    "codigo_sia": 243,
    "cras": "CRAS Solo Sagrado",
    "fid": 349,
    "fid_1": 349,
    "fid_1_1": 13,
    "globalid_1": "d360b11d-5fa5-4ecb-88f1-77134f9eb416",
    "nome": "Solo Sagrado - Bairro",
    "nome_comp": "Solo Sagrado",
    "num_bairro": 22,
    "objectid_1": 379,
    "objectid_2": 2,
    "pasta3___1": "Sagrado",
    "pasta3___2": " ",
    "pasta3___3": " ",
    "pasta3___4": " ",
    "pasta3___5": " ",
    "pasta3__no": "Solo Sagrado",
    "pasta3__ob": 349.0,
    "pasta3__te": "Solo",
    "regiao": "Pinheirinho",
    "tipo": "BAIRRO"
   },
   "type": "Feature"
  },
  {
   "geometry": {
    "coordinates": [
     -49.434749530336944,
     -20.76477172318211
    ],
    "type": "Point"
   },
   "id": 350,
   "properties": {
    "abrangenci": "SOLO SAGRADO",
    "arquivo": "REGUL",
    "cod_abrg": "02",
    "codigo_sia": 522,
    "cras": "CRAS Solo Sagrado",
    "fid": 350,
    "fid_1": 350,
    "fid_1_1": 13,
    "globalid_1": "1f459560-adf4-4e46-a353-486a75371b72",
    "nome": "São Thomaz",
    "nome_comp": "Res São Thomaz",
    "num_bairro": 17,
    "objectid_1": 591,
    "objectid_2": 2,
    "pasta3___1": " ",
    "pasta3___2": "Thomaz",
    "pasta3___3": " ",
    "pasta3___4": " ",
    "pasta3___5": " ",
    "pasta3__no": "Res São Thomaz",
    "pasta3__ob": 350.0,
    "pasta3__te": " ",
    "regiao": "Pinheirinho",
    "tipo": "BAIRRO"
   },
   "type": "Feature"
  },
  {
   "geometry": {
    "coordinates": [
     -49.41975429501006,
     -20.774163313446465
    ],
    "type": "Point"
   },
   "id": 351,
   "properties": {
    "abrangenci": "SOLO SAGRADO",
    "arquivo": "REGUL",
    "cod_abrg": "02",
    "codigo_sia": 442,
    "cras": "CRAS Solo Sagrado",
    "fid": 351,
    "fid_1": 351,
    "fid_1_1": 13,
    "globalid_1": "ee7ff490-1d66-4729-872c-06986a472bfa",
    "nome": "Mafalda II",
    "nome_comp": "Vila Mafalda II",
    "num_bairro": 24,
    "objectid_1": 307,
    "objectid_2": 2,
    "pasta3___1": "Mafalda",
    "pasta3___2": " ",
    "pasta3___3": " ",
    "pasta3___4": " ",
    "pasta3___5": " ",
    "pasta3__no": "Vila Mafalda II",
    "pasta3__ob": 351.0,
    "pasta3__te": " ",
    "regiao": "Pinheirinho",
    "tipo": "BAIRRO"
   },
   "type": "Feature"
  },
  {
   "geometry": {
    "coordinates": [
     -49.42870653738126,
     -20.75184782206219
    ],
    "type": "Point"
   },
   "id": 352,
   "properties": {
    "abrangenci": "SOLO SAGRADO",
    "arquivo": "REGUL",
    "cod_abrg": "02",
    "codigo_sia": 903,
    "cras": "CRAS Solo Sagrado",
    "fid": 352,
    "fid_1": 352,
    "fid_1_1": 13,
    "globalid_1": "6c68c70f-7573-41bd-a6d7-50a3c76942cb",
    "nome": "Alvorada - Est.",
    "nome_comp": "Est Alvorada",
    "num_bairro": 1,
    "objectid_1": 311,
    "objectid_2": 2,
    "pasta3___1": "Alvorada",
    "pasta3___2": " ",
    "pasta3___3": " ",
    "pasta3___4": " ",
    "pasta3___5": " ",
    "pasta3__no": "Est Alvorada",
    "pasta3__ob": 352.0,
    "pasta3__te": " ",
    "regiao": "Pinheirinho",
    "tipo": "REGULARIZAÇÃO FUNDIÁRIA"
   },
   "type": "Feature"
  },
  {
   "geometry": {
    "coordinates": [
     -49.41549320368709,
     -20.776412141576554
    ],
    "type": "Point"
   },
   "id": 353,
   "properties": {
    "abrangenci": "SOLO SAGRADO",
    "arquivo": "REGUL",
    "cod_abrg": "02",
    "codigo_sia": 259,
    "cras": "CRAS Solo Sagrado",
    "fid": 353,
    "fid_1": 353,
    "fid_1_1": 13,
    "globalid_1": "c8b855d5-b6ff-442b-a152-a1d7bbaa2922",
    "nome": "Solo Sagrado I - Bairro",
    "nome_comp": "Solo Sagrado I",
    "num_bairro": 23,
    "objectid_1": 251,
    "objectid_2": 2,
    "pasta3___1": "Sagrado",
    "pasta3___2": " ",
    "pasta3___3": " ",
    "pasta3___4": " ",
    "pasta3___5": " ",
    "pasta3__no": "Solo Sagrado I",
    "pasta3__ob": 353.0,
    "pasta3__te": "Solo",
    "regiao": "Pinheirinho",
    "tipo": "BAIRRO"
   },
   "type": "Feature"
  },
  {
   "geometry": {
    "coordinates": [
     -49.424374092082566,
     -20.77387308777373
    ],
    "type": "Point"
   },
   "id": 354,
   "properties": {
    "abrangenci": "SOLO SAGRADO",
    "arquivo": "REGUL",
    "cod_abrg": "02",
    "codigo_sia": 559,
    "cras": "CRAS Solo Sagrado",
    "fid": 354,
    "fid_1": 354,
    "fid_1_1": 13,
    "globalid_1": "ca3feb3e-9c9a-4c9b-a0f7-38a1c8b59555",
    "nome": "Flórida Park",
    "nome_comp": "Res Flórida Park",
    "num_bairro": 15,
    "objectid_1": 120,
    "objectid_2": 2,
    "pasta3___1": "Flórida",
    "pasta3___2": "Park",
    "pasta3___3": " ",
    "pasta3___4": " ",
    "pasta3___5": " ",
    "pasta3__no": "Res Flórida Park",
    "pasta3__ob": 354.0,
    "pasta3__te": " ",
    "regiao": "Pinheirinho",
    "tipo": "BAIRRO"
   },
   "type": "Feature"
  },
  {
   "geometry": {
    "coordinates": [
     -49.42094311446059,
     -20.77063598963653
    ],
    "type": "Point"
   },
   "id": 355,
   "properties": {
    "abrangenci": "SOLO SAGRADO",
    "arquivo": "REGUL",
    "cod_abrg": "02",
    "codigo_sia": 324,
    "cras": "CRAS Solo Sagrado",
    "fid": 355,
    "fid_1": 355,
    "fid_1_1": 13,
    "globalid_1": "eb6f27ad-0925-4495-b21e-31bdb068436c",
    "nome": "Floresta Park - Cond. Est.",
    "nome_comp": "Floresta Park",
    "num_bairro": 7,
    "objectid_1": 124,
    "objectid_2": 2,
    "pasta3___1": "Park",
    "pasta3___2": " ",
    "pasta3___3": " ",
    "pasta3___4": " ",
    "pasta3___5": " ",
    "pasta3__no": "Floresta Park",
    "pasta3__ob": 355.0,
    "pasta3__te": "Floresta",
    "regiao": "Pinheirinho",
    "tipo": "CHÁCARAS"
   },
   "type": "Feature"
  },
  {
   "geometry": {
    "coordinates": [
     -49.411565909563826,
     -20.78692475052996
    ],
    "type": "Point"
   },
   "id": 356,
   "properties": {
    "abrangenci": "SOLO SAGRADO",
    "arquivo": "REGUL",
    "cod_abrg": "02",
    "codigo_sia": 219,
    "cras": "CRAS Solo Sagrado",
    "fid": 356,
    "fid_1": 356,
    "fid_1_1": 13,
    "globalid_1": "e127a773-4cd0-422a-87d4-f03f896dcaf3",
    "nome": "Laranjeiras",
    "nome_comp": "Res Laranjeiras",
    "num_bairro": 16,
    "objectid_1": 57,
    "objectid_2": 2,
    "pasta3___1": "Laranjeiras",
    "pasta3___2": " ",
    "pasta3___3": " ",
    "pasta3___4": " ",
    "pasta3___5": " ",
    "pasta3__no": "Res Laranjeiras",
    "pasta3__ob": 356.0,
    "pasta3__te": " ",
    "regiao": "Pinheirinho",
    "tipo": "BAIRRO"
   },
   "type": "Feature"
  },
  {
   "geometry": {
    "coordinates": [
     -49.414545633084494,
     -20.783601761079225
    ],
    "type": "Point"
   },
   "id": 357,
   "properties": {
    "abrangenci": "SOLO SAGRADO",
    "arquivo": "REGUL",
    "cod_abrg": "02",
    "codigo_sia": 416,
    "cras": "CRAS Solo Sagrado",
    "fid": 357,
    "fid_1": 357,
    "fid_1_1": 13,
    "globalid_1": "bf10fc6f-5a1a-4f2f-a663-a10f3abf5655",
    "nome": "ASTÚRIAS - JARDIM",
    "nome_comp": "Jd Astúrias",
    "num_bairro": 8,
    "objectid_1": 58,
    "objectid_2": 2,
    "pasta3___1": "Astúrias",
    "pasta3___2": " ",
    "pasta3___3": " ",
    "pasta3___4": " ",
    "pasta3___5": " ",
    "pasta3__no": "Jd Astúrias",
    "pasta3__ob": 357.0,
    "pasta3__te": " ",
    "regiao": "Pinheirinho",
    "tipo": "BAIRRO"
   },
   "type": "Feature"
  },
  {
   "geometry": {
    "coordinates": [
     -49.44082496941182,
     -20.76044599074563
    ],
    "type": "Point"
   },
   "id": 358,
   "properties": {
    "abrangenci": "SOLO SAGRADO",
    "arquivo": "REGUL",
    "cod_abrg": "02",
    "codigo_sia": 954,
    "cras": "CRAS Solo Sagrado",
    "fid": 358,
    "fid_1": 358,
    "fid_1_1": 13,
    "globalid_1": "6892dd29-3a49-4a3b-83b5-602e33c0dfd5",
    "nome": "Bela Vista - Mirassolãndia",
    "nome_comp": "Bela Vista - Mirassolândia",
    "num_bairro": 3,
    "objectid_1": 3201,
    "objectid_2": 2,
    "pasta3___1": "Vista",
    "pasta3___2": " ",
    "pasta3___3": " ",
    "pasta3___4": " ",
    "pasta3___5": " ",
    "pasta3__no": "Bela Vista - Mirassolândia",
    "pasta3__ob": 358.0,
    "pasta3__te": "Bela",
    "regiao": "Pinheirinho",
    "tipo": "REGULARIZAÇÃO FUNDIÁRIA"
   },
   "type": "Feature"
  },
  {
   "geometry": {
    "coordinates": [
     -49.43151881055943,
     -20.73805359258443
    ],
    "type": "Point"
   },
   "id": 359,
   "properties": {
    "abrangenci": "SOLO SAGRADO",
    "arquivo": "REGUL",
    "cod_abrg": "02",
    "codigo_sia": 950,
    "cras": "CRAS Solo Sagrado",
    "fid": 359,
    "fid_1": 359,
    "fid_1_1": 13,
    "globalid_1": "361a5c1b-0af0-4cfa-9d33-79c892c48b83",
    "nome": "Luiza",
    "nome_comp": "Luiza",
    "num_bairro": 10,
    "objectid_1": 449,
    "objectid_2": 2,
    "pasta3___1": " ",
    "pasta3___2": " ",
    "pasta3___3": " ",
    "pasta3___4": " ",
    "pasta3___5": " ",
    "pasta3__no": "Luiza",
    "pasta3__ob": 359.0,
    "pasta3__te": "Luiza",
    "regiao": "Pinheirinho",
    "tipo": "REGULARIZAÇÃO FUNDIÁRIA"
   },
   "type": "Feature"
  },
  {
   "geometry": {
    "coordinates": [
     -49.43619937477491,
     -20.753476636161658
    ],
    "type": "Point"
   },
   "id": 360,
   "properties": {
    "abrangenci": "SOLO SAGRADO",
    "arquivo": "REGUL",
    "cod_abrg": "02",
    "codigo_sia": 592,
    "cras": "CRAS Solo Sagrado",
    "fid": 360,
    "fid_1": 360,
    "fid_1_1": 13,
    "globalid_1": "4fbfff30-cbac-47bb-aa93-35440b59954d",
    "nome": "Dignidade - Pq. Res.",
    "nome_comp": "Pq Res Dignidade",
    "num_bairro": 14,
    "objectid_1": 323,
    "objectid_2": 2,
    "pasta3___1": " ",
    "pasta3___2": "Dignidade",
    "pasta3___3": " ",
    "pasta3___4": " ",
    "pasta3___5": " ",
    "pasta3__no": "Pq Res Dignidade",
    "pasta3__ob": 360.0,
    "pasta3__te": " ",
    "regiao": "Pinheirinho",
    "tipo": "LOTEAMENTO FECHADO"
   },
   "type": "Feature"
  },
  {
   "geometry": {
    "coordinates": [
     -49.42161848623732,
     -20.76718596275868
    ],
    "type": "Point"
   },
   "id": 361,
   "properties": {
    "abrangenci": "SOLO SAGRADO",
    "arquivo": "REGUL",
    "cod_abrg": "02",
    "codigo_sia": 944,
    "cras": "CRAS Solo Sagrado",
    "fid": 361,
    "fid_1": 361,
    "fid_1_1": 13,
    "globalid_1": "c1b1dcd7-2cb2-4d71-a0ac-a352a536b32e",
    "nome": "Estancia Vista Bonita",
    "nome_comp": "Est Vista Bonita",
    "num_bairro": 6,
    "objectid_1": 422,
    "objectid_2": 2,
    "pasta3___1": "Vista",
    "pasta3___2": "Bonita",
    "pasta3___3": " ",
    "pasta3___4": " ",
    "pasta3___5": " ",
    "pasta3__no": "Est Vista Bonita",
    "pasta3__ob": 361.0,
    "pasta3__te": " ",
    "regiao": "Pinheirinho",
    "tipo": "REGULARIZAÇÃO FUNDIÁRIA"
   },
   "type": "Feature"
  },
  {
   "geometry": {
    "coordinates": [
     -49.43560453170886,
     -20.768865161610734
    ],
    "type": "Point"
   },
   "id": 362,
   "properties": {
    "abrangenci": "SOLO SAGRADO",
    "arquivo": "REGUL",
    "cod_abrg": "02",
    "codigo_sia": 596,
    "cras": "CRAS Solo Sagrado",
    "fid": 362,
    "fid_1": 362,
    "fid_1_1": 13,
    "globalid_1": "67525e1b-e40d-4ec9-a442-cb1e258b56ad",
    "nome": "Jardim Campo Belo",
    "nome_comp": "Jd Campo Belo",
    "num_bairro": 9,
    "objectid_1": 357,
    "objectid_2": 2,
    "pasta3___1": "Campo",
    "pasta3___2": "Belo",
    "pasta3___3": " ",
    "pasta3___4": " ",
    "pasta3___5": " ",
    "pasta3__no": "Jd Campo Belo",
    "pasta3__ob": 362.0,
    "pasta3__te": " ",
    "regiao": "Pinheirinho",
    "tipo": "BAIRRO"
   },
   "type": "Feature"
  },
  {
   "geometry": {
    "coordinates": [
     -49.431391446879736,
     -20.743524581470517
    ],
    "type": "Point"
   },
   "id": 363,
   "properties": {
    "abrangenci": "SOLO SAGRADO",
    "arquivo": " ",
    "cod_abrg": "02",
    "codigo_sia": 0,
    "cras": "CRAS Solo Sagrado",
    "fid": 363,
    "fid_1": 363,
    "fid_1_1": 13,
    "globalid_1": "30e38083-cb6c-4d98-9f24-350286aa6a23",
    "nome": "Alvorada II - Est.",
    "nome_comp": "Est Alvorada II",
    "num_bairro": 2,
    "objectid_1": 7682,
    "objectid_2": 2,
    "pasta3___1": "Alvorada",
    "pasta3___2": " ",
    "pasta3___3": " ",
    "pasta3___4": " ",
    "pasta3___5": " ",
    "pasta3__no": "Est Alvorada II",
    "pasta3__ob": 363.0,
    "pasta3__te": " ",
    "regiao": "Pinheirinho",
    "tipo": " "
   },
   "type": "Feature"
  },
  {
   "geometry": {
    "coordinates": [
     -49.440874592929674,
     -20.756207482370296
    ],
    "type": "Point"
   },
   "id": 364,
   "properties": {
    "abrangenci": "SOLO SAGRADO",
    "arquivo": "REGUL",
    "cod_abrg": "02",
    "codigo_sia": 632,
    "cras": "CRAS Solo Sagrado",
    "fid": 364,
    "fid_1": 364,
    "fid_1_1": 13,
    "globalid_1": "d379fdf0-264b-4997-a7bb-61279095f46a",
    "nome": "Parque Residencial Edson Baffi",
    "nome_comp": "Pq Res Edson Baffi",
    "num_bairro": 12,
    "objectid_1": 7361,
    "objectid_2": 2,
    "pasta3___1": " ",
    "pasta3___2": "Edson",
    "pasta3___3": "Baffi",
    "pasta3___4": " ",
    "pasta3___5": " ",
    "pasta3__no": "Pq Res Edson Baffi",
    "pasta3__ob": 364.0,
    "pasta3__te": " ",
    "regiao": "Pinheirinho",
    "tipo": "Loteamento"
   },
   "type": "Feature"
  },
  {
   "geometry": {
    "coordinates": [
     -49.39565362962858,
     -20.747398645087962
    ],
    "type": "Point"
   },
   "id": 365,
   "properties": {
    "abrangenci": "PARQUE DA CIDADANIA",
    "arquivo": "REGUL",
    "cod_abrg": "17",
    "codigo_sia": 516,
    "cras": "CRAS Cidadania",
    "fid": 365,
    "fid_1": 365,
    "fid_1_1": 14,
    "globalid_1": "ebfb69bf-a983-4453-acc7-aae2a74d40e0",
    "nome": "Morada do Sol",
    "nome_comp": "Morada do Sol",
    "num_bairro": 1,
    "objectid_1": 523,
    "objectid_2": 17,
    "pasta3___1": " ",
    "pasta3___2": " ",
    "pasta3___3": " ",
    "pasta3___4": " ",
    "pasta3___5": " ",
    "pasta3__no": "Morada do Sol",
    "pasta3__ob": 365.0,
    "pasta3__te": "Morada",
    "regiao": "CEU",
    "tipo": "BAIRRO"
   },
   "type": "Feature"
  },
  {
   "geometry": {
    "coordinates": [
     -49.408527716282016,
     -20.754800586160393
    ],
    "type": "Point"
   },
   "id": 367,
   "properties": {
    "abrangenci": "PARQUE DA CIDADANIA",
    "arquivo": "REGUL",
    "cod_abrg": "17",
    "codigo_sia": 620,
    "cras": "CRAS Cidadania",
    "fid": 367,
    "fid_1": 367,
    "fid_1_1": 14,
    "globalid_1": "0475fb47-0971-4fbf-8e20-f68d4fc092c5",
    "nome": "Setparque Horizonte",
    "nome_comp": "SetPq Horizonte",
    "num_bairro": 3,
    "objectid_1": 6081,
    "objectid_2": 17,
    "pasta3___1": "Horizonte",
    "pasta3___2": " ",
    "pasta3___3": " ",
    "pasta3___4": " ",
    "pasta3___5": " ",
    "pasta3__no": "SetPq Horizonte",
    "pasta3__ob": 367.0,
    "pasta3__te": "SetPq",
    "regiao": "CEU",
    "tipo": "BAIRRO"
   },
   "type": "Feature"
  },
  {
   "geometry": {
    "coordinates": [
     -49.40412084006976,
     -20.74515107191101
    ],
    "type": "Point"
   },
   "id": 368,
   "properties": {
    "abrangenci": "NOVA ESPERANÇA",
    "arquivo": "REGUL",
    "cod_abrg": "26",
    "codigo_sia": 573,
    "cras": "CRAS Cidadania",
    "fid": 368,
    "fid_1": 368,
    "fid_1_1": 15,
    "globalid_1": "0eec6970-f97b-42ba-bf95-513894ee9413",
    "nome": "Vila Lobos - Res.",
    "nome_comp": "Res Vila Lobos",
    "num_bairro": 6,
    "objectid_1": 487,
    "objectid_2": 26,
    "pasta3___1": "Vila",
    "pasta3___2": "Lobos",
    "pasta3___3": " ",
    "pasta3___4": " ",
    "pasta3___5": " ",
    "pasta3__no": "Res Vila Lobos",
    "pasta3__ob": 368.0,
    "pasta3__te": " ",
    "regiao": "CEU",
    "tipo": "BAIRRO"
   },
   "type": "Feature"
  },
  {
   "geometry": {
    "coordinates": [
     -49.40417626216897,
     -20.741320322758767
    ],
    "type": "Point"
   },
   "id": 369,
   "properties": {
    "abrangenci": "NOVA ESPERANÇA",
    "arquivo": "REGUL",
    "cod_abrg": "26",
    "codigo_sia": 580,
    "cras": "CRAS Cidadania",
    "fid": 369,
    "fid_1": 369,
    "fid_1_1": 15,
    "globalid_1": "951c799c-3e32-48ee-b543-cfc8bad45a49",
    "nome": "Cidade Alta - Res.",
    "nome_comp": "Res Cidade Alta",
    "num_bairro": 5,
    "objectid_1": 348,
    "objectid_2": 26,
    "pasta3___1": "Cidade",
    "pasta3___2": "Alta",
    "pasta3___3": " ",
    "pasta3___4": " ",
    "pasta3___5": " ",
    "pasta3__no": "Res Cidade Alta",
    "pasta3__ob": 369.0,
    "pasta3__te": " ",
    "regiao": "CEU",
    "tipo": "BAIRRO"
   },
   "type": "Feature"
  },
  {
   "geometry": {
    "coordinates": [
     -49.408867569270136,
     -20.745077702320817
    ],
    "type": "Point"
   },
   "id": 370,
   "properties": {
    "abrangenci": "NOVA ESPERANÇA",
    "arquivo": "REGUL",
    "cod_abrg": "26",
    "codigo_sia": 493,
    "cras": "CRAS Cidadania",
    "fid": 370,
    "fid_1": 370,
    "fid_1_1": 15,
    "globalid_1": "d2e89cf0-e7bf-461f-ada3-7c2d053206de",
    "nome": "Pq. Nova Esperança",
    "nome_comp": "Pq Nova Esperança",
    "num_bairro": 4,
    "objectid_1": 623,
    "objectid_2": 26,
    "pasta3___1": "Nova",
    "pasta3___2": "Esperança",
    "pasta3___3": " ",
    "pasta3___4": " ",
    "pasta3___5": " ",
    "pasta3__no": "Pq Nova Esperança",
    "pasta3__ob": 370.0,
    "pasta3__te": " ",
    "regiao": "CEU",
    "tipo": "BAIRRO"
   },
   "type": "Feature"
  },
  {
   "geometry": {
    "coordinates": [
     -49.3947301572407,
     -20.74353274400388
    ],
    "type": "Point"
   },
   "id": 371,
   "properties": {
    "abrangenci": "NOVA ESPERANÇA",
    "arquivo": "IRREG",
    "cod_abrg": "26",
    "codigo_sia": 1113,
    "cras": "CRAS Cidadania",
    "fid": 371,
    "fid_1": 371,
    "fid_1_1": 15,
    "globalid_1": "584d5db7-1d97-48b6-889b-62902adf8cc8",
    "nome": "Chácaras São Pedro II",
    "nome_comp": "Chac São Pedro II",
    "num_bairro": 1,
    "objectid_1": 438,
    "objectid_2": 26,
    "pasta3___1": " ",
    "pasta3___2": "Pedro",
    "pasta3___3": " ",
    "pasta3___4": " ",
    "pasta3___5": " ",
    "pasta3__no": "Chac São Pedro II",
    "pasta3__ob": 371.0,
    "pasta3__te": " ",
    "regiao": "CEU",
    "tipo": "REGULARIZAÇÃO FUNDIÁRIA"
   },
   "type": "Feature"
  },
  {
   "geometry": {
    "coordinates": [
     -49.396262987230216,
     -20.74027049321875
    ],
    "type": "Point"
   },
   "id": 372,
   "properties": {
    "abrangenci": "NOVA ESPERANÇA",
    "arquivo": "IRREG",
    "cod_abrg": "26",
    "codigo_sia": 0,
    "cras": "CRAS Cidadania",
    "fid": 372,
    "fid_1": 372,
    "fid_1_1": 15,
    "globalid_1": "108dd0e8-663d-4b59-bacd-23ff1b769694",
    "nome": "Chácaras São Pedro III",
    "nome_comp": "Chac São Pedro III",
    "num_bairro": 2,
    "objectid_1": 434,
    "objectid_2": 26,
    "pasta3___1": " ",
    "pasta3___2": "Pedro",
    "pasta3___3": " ",
    "pasta3___4": " ",
    "pasta3___5": " ",
    "pasta3__no": "Chac São Pedro III",
    "pasta3__ob": 372.0,
    "pasta3__te": " ",
    "regiao": "CEU",
    "tipo": "REGULARIZAÇÃO FUNDIÁRIA"
   },
   "type": "Feature"
  },
  {
   "geometry": {
    "coordinates": [
     -49.40164892058279,
     -20.74017703930356
    ],
    "type": "Point"
   },
   "id": 373,
   "properties": {
    "abrangenci": "NOVA ESPERANÇA",
    "arquivo": "IRREG",
    "cod_abrg": "26",
    "codigo_sia": 0,
    "cras": "CRAS Cidadania",
    "fid": 373,
    "fid_1": 373,
    "fid_1_1": 15,
    "globalid_1": "d305e8fa-17f1-499c-b8b8-a552cb1b38ae",
    "nome": "Chácaras São Pedro IV",
    "nome_comp": "Chac São Pedro IV",
    "num_bairro": 3,
    "objectid_1": 435,
    "objectid_2": 26,
    "pasta3___1": " ",
    "pasta3___2": "Pedro",
    "pasta3___3": " ",
    "pasta3___4": " ",
    "pasta3___5": " ",
    "pasta3__no": "Chac São Pedro IV",
    "pasta3__ob": 373.0,
    "pasta3__te": " ",
    "regiao": "CEU",
    "tipo": "REGULARIZAÇÃO FUNDIÁRIA"
   },
   "type": "Feature"
  },
  {
   "geometry": {
    "coordinates": [
     -49.356502475308716,
     -20.824574516582125
    ],
    "type": "Point"
   },
   "id": 374,
   "properties": {
    "abrangenci": "CAIC",
    "arquivo": "REGUL",
    "cod_abrg": "24",
    "codigo_sia": 160,
    "cras": "CRAS Vila Toninho",
    "fid": 374,
    "fid_1": 374,
    "fid_1_1": 16,
    "globalid_1": "449eb985-8d4f-4985-9270-346911402f34",
    "nome": "Romano Calil - Residencial",
    "nome_comp": "Pq Res Romano Calil",
    "num_bairro": 14,
    "objectid_1": 541,
    "objectid_2": 24,
    "pasta3___1": " ",
    "pasta3___2": "Romano",
    "pasta3___3": "Calil",
    "pasta3___4": " ",
    "pasta3___5": " ",
    "pasta3__no": "Pq Res Romano Calil",
    "pasta3__ob": 374.0,
    "pasta3__te": " ",
    "regiao": "Vila Toninho",
    "tipo": "LOTEAMENTO FECHADO"
   },
   "type": "Feature"
  },
  {
   "geometry": {
    "coordinates": [
     -49.3510001927395,
     -20.824530402627587
    ],
    "type": "Point"
   },
   "id": 375,
   "properties": {
    "abrangenci": "CAIC",
    "arquivo": "REGUL",
    "cod_abrg": "24",
    "codigo_sia": 387,
    "cras": "CRAS Vila Toninho",
    "fid": 375,
    "fid_1": 375,
    "fid_1_1": 16,
    "globalid_1": "be0eb174-0e85-413b-b2c5-df3f8f1213a9",
    "nome": "Moreno - Jd",
    "nome_comp": "Jd Moreno",
    "num_bairro": 6,
    "objectid_1": 520,
    "objectid_2": 24,
    "pasta3___1": "Moreno",
    "pasta3___2": " ",
    "pasta3___3": " ",
    "pasta3___4": " ",
    "pasta3___5": " ",
    "pasta3__no": "Jd Moreno",
    "pasta3__ob": 375.0,
    "pasta3__te": " ",
    "regiao": "Vila Toninho",
    "tipo": "BAIRRO"
   },
   "type": "Feature"
  },
  {
   "geometry": {
    "coordinates": [
     -49.352130112784245,
     -20.828382913024598
    ],
    "type": "Point"
   },
   "id": 376,
   "properties": {
    "abrangenci": "CAIC",
    "arquivo": "REGUL",
    "cod_abrg": "24",
    "codigo_sia": 248,
    "cras": "CRAS Vila Toninho",
    "fid": 376,
    "fid_1": 376,
    "fid_1_1": 16,
    "globalid_1": "30f4f6a9-4754-4cd7-b24c-02d5c2ed149c",
    "nome": "Guiomar Assad Calil - CAIC -  Conj. Hab.",
    "nome_comp": "Guiomar Assad Calil",
    "num_bairro": 3,
    "objectid_1": 54,
    "objectid_2": 24,
    "pasta3___1": "Assad",
    "pasta3___2": "Calil",
    "pasta3___3": " ",
    "pasta3___4": " ",
    "pasta3___5": " ",
    "pasta3__no": "Guiomar Assad Calil",
    "pasta3__ob": 376.0,
    "pasta3__te": "Guiomar",
    "regiao": "Vila Toninho",
    "tipo": "Conjunto Habitacional"
   },
   "type": "Feature"
  },
  {
   "geometry": {
    "coordinates": [
     -49.35560045294098,
     -20.83023919842251
    ],
    "type": "Point"
   },
   "id": 377,
   "properties": {
    "abrangenci": "CAIC",
    "arquivo": "REGUL",
    "cod_abrg": "24",
    "codigo_sia": 469,
    "cras": "CRAS Vila Toninho",
    "fid": 377,
    "fid_1": 377,
    "fid_1_1": 16,
    "globalid_1": "4d040e59-a261-4f87-bda6-4c92c4129547",
    "nome": "Quinta da Mata",
    "nome_comp": "Res Quinta da Mata",
    "num_bairro": 16,
    "objectid_1": 577,
    "objectid_2": 24,
    "pasta3___1": "Quinta",
    "pasta3___2": " ",
    "pasta3___3": "Mata",
    "pasta3___4": " ",
    "pasta3___5": " ",
    "pasta3__no": "Res Quinta da Mata",
    "pasta3__ob": 377.0,
    "pasta3__te": " ",
    "regiao": "Vila Toninho",
    "tipo": "LOTEAMENTO FECHADO"
   },
   "type": "Feature"
  },
  {
   "geometry": {
    "coordinates": [
     -49.350465191039966,
     -20.826801160183763
    ],
    "type": "Point"
   },
   "id": 378,
   "properties": {
    "abrangenci": "CAIC",
    "arquivo": "REGUL",
    "cod_abrg": "24",
    "codigo_sia": 541,
    "cras": "CRAS Vila Toninho",
    "fid": 378,
    "fid_1": 378,
    "fid_1_1": 16,
    "globalid_1": "ed5105e2-ef11-4047-b23e-7a59773147e7",
    "nome": "Vitória São Judas",
    "nome_comp": "Cond Vitória São Judas",
    "num_bairro": 1,
    "objectid_1": 331,
    "objectid_2": 24,
    "pasta3___1": "Vitória",
    "pasta3___2": "São",
    "pasta3___3": "Judas",
    "pasta3___4": " ",
    "pasta3___5": " ",
    "pasta3__no": "Cond Vitória São Judas",
    "pasta3__ob": 378.0,
    "pasta3__te": " ",
    "regiao": "Vila Toninho",
    "tipo": "CONDOMÍNIO FECHADO VERTICAL"
   },
   "type": "Feature"
  },
  {
   "geometry": {
    "coordinates": [
     -49.348706099201934,
     -20.832225332139302
    ],
    "type": "Point"
   },
   "id": 379,
   "properties": {
    "abrangenci": "CAIC",
    "arquivo": "REGUL",
    "cod_abrg": "24",
    "codigo_sia": 461,
    "cras": "CRAS Vila Toninho",
    "fid": 379,
    "fid_1": 379,
    "fid_1_1": 16,
    "globalid_1": "a8b0ee2e-1272-47ab-a6b2-f5acc05d2d6a",
    "nome": "Lauriano Tebar II",
    "nome_comp": "Pq Res Lauriano Tebar II",
    "num_bairro": 15,
    "objectid_1": 489,
    "objectid_2": 24,
    "pasta3___1": " ",
    "pasta3___2": "Lauriano",
    "pasta3___3": "Tebar",
    "pasta3___4": " ",
    "pasta3___5": " ",
    "pasta3__no": "Pq Res Lauriano Tebar II",
    "pasta3__ob": 379.0,
    "pasta3__te": " ",
    "regiao": "Vila Toninho",
    "tipo": "LOTEAMENTO FECHADO"
   },
   "type": "Feature"
  },
  {
   "geometry": {
    "coordinates": [
     -49.3532142912556,
     -20.818614754326255
    ],
    "type": "Point"
   },
   "id": 380,
   "properties": {
    "abrangenci": "CAIC",
    "arquivo": "REGUL",
    "cod_abrg": "24",
    "codigo_sia": 29,
    "cras": "CRAS Vila Toninho",
    "fid": 380,
    "fid_1": 380,
    "fid_1_1": 16,
    "globalid_1": "7a3f6ef3-739a-4752-ac56-f53bf2f4a5dc",
    "nome": "Hipódromo - Vila",
    "nome_comp": "Vila Hipódromo",
    "num_bairro": 18,
    "objectid_1": 263,
    "objectid_2": 24,
    "pasta3___1": "Hipódromo",
    "pasta3___2": " ",
    "pasta3___3": " ",
    "pasta3___4": " ",
    "pasta3___5": " ",
    "pasta3__no": "Vila Hipódromo",
    "pasta3__ob": 380.0,
    "pasta3__te": " ",
    "regiao": "Vila Toninho",
    "tipo": "BAIRRO"
   },
   "type": "Feature"
  },
  {
   "geometry": {
    "coordinates": [
     -49.3496111937971,
     -20.83558179998633
    ],
    "type": "Point"
   },
   "id": 381,
   "properties": {
    "abrangenci": "CAIC",
    "arquivo": "REGUL",
    "cod_abrg": "24",
    "codigo_sia": 246,
    "cras": "CRAS Vila Toninho",
    "fid": 381,
    "fid_1": 381,
    "fid_1_1": 16,
    "globalid_1": "a9e8fb72-5829-43c8-9932-e0a32db3f178",
    "nome": "Cristo Rei - Conj. Hab.",
    "nome_comp": "Cristo Rei",
    "num_bairro": 2,
    "objectid_1": 381,
    "objectid_2": 24,
    "pasta3___1": "Rei",
    "pasta3___2": " ",
    "pasta3___3": " ",
    "pasta3___4": " ",
    "pasta3___5": " ",
    "pasta3__no": "Cristo Rei",
    "pasta3__ob": 381.0,
    "pasta3__te": "Cristo",
    "regiao": "Vila Toninho",
    "tipo": "BAIRRO"
   },
   "type": "Feature"
  },
  {
   "geometry": {
    "coordinates": [
     -49.35842574136726,
     -20.82865970260372
    ],
    "type": "Point"
   },
   "id": 382,
   "properties": {
    "abrangenci": "CAIC",
    "arquivo": "REGUL",
    "cod_abrg": "24",
    "codigo_sia": 169,
    "cras": "CRAS Vila Toninho",
    "fid": 382,
    "fid_1": 382,
    "fid_1_1": 16,
    "globalid_1": "52138519-10db-47ba-8c67-fae9ff32e23f",
    "nome": "Campo Verde -  Pq. Ind.",
    "nome_comp": "Pq Industrial Campo Verde",
    "num_bairro": 13,
    "objectid_1": 274,
    "objectid_2": 24,
    "pasta3___1": " ",
    "pasta3___2": "Campo",
    "pasta3___3": "Verde",
    "pasta3___4": " ",
    "pasta3___5": " ",
    "pasta3__no": "Pq Industrial Campo Verde",
    "pasta3__ob": 382.0,
    "pasta3__te": " ",
    "regiao": "Vila Toninho",
    "tipo": "BAIRRO"
   },
   "type": "Feature"
  },
  {
   "geometry": {
    "coordinates": [
     -49.35310268800522,
     -20.814284334129262
    ],
    "type": "Point"
   },
   "id": 383,
   "properties": {
    "abrangenci": "CAIC",
    "arquivo": "REGUL",
    "cod_abrg": "24",
    "codigo_sia": 168,
    "cras": "CRAS Vila Toninho",
    "fid": 383,
    "fid_1": 383,
    "fid_1_1": 16,
    "globalid_1": "e4c9a453-2f4c-45bc-a0d6-62e2c6e32631",
    "nome": "Jesus Ferreira - Ret.",
    "nome_comp": "Ret Jesus Ferreira",
    "num_bairro": 10,
    "objectid_1": 283,
    "objectid_2": 24,
    "pasta3___1": "Jesus",
    "pasta3___2": "Ferreira",
    "pasta3___3": " ",
    "pasta3___4": " ",
    "pasta3___5": " ",
    "pasta3__no": "Ret Jesus Ferreira",
    "pasta3__ob": 383.0,
    "pasta3__te": " ",
    "regiao": "Vila Toninho",
    "tipo": "RETALHAMENTO"
   },
   "type": "Feature"
  },
  {
   "geometry": {
    "coordinates": [
     -49.355221206214,
     -20.81680208391104
    ],
    "type": "Point"
   },
   "id": 384,
   "properties": {
    "abrangenci": "CAIC",
    "arquivo": "REGUL",
    "cod_abrg": "24",
    "codigo_sia": 130,
    "cras": "CRAS Vila Toninho",
    "fid": 384,
    "fid_1": 384,
    "fid_1_1": 16,
    "globalid_1": "edd91806-a3c6-4e65-9caa-623fb8a9b96a",
    "nome": "Soraia - Jardim",
    "nome_comp": "Jd Soraia",
    "num_bairro": 7,
    "objectid_1": 210,
    "objectid_2": 24,
    "pasta3___1": "Soraia",
    "pasta3___2": " ",
    "pasta3___3": " ",
    "pasta3___4": " ",
    "pasta3___5": " ",
    "pasta3__no": "Jd Soraia",
    "pasta3__ob": 384.0,
    "pasta3__te": " ",
    "regiao": "Vila Toninho",
    "tipo": "BAIRRO"
   },
   "type": "Feature"
  },
  {
   "geometry": {
    "coordinates": [
     -49.35416709088451,
     -20.82134474554432
    ],
    "type": "Point"
   },
   "id": 385,
   "properties": {
    "abrangenci": "CAIC",
    "arquivo": "REGUL",
    "cod_abrg": "24",
    "codigo_sia": 30,
    "cras": "CRAS Vila Toninho",
    "fid": 385,
    "fid_1": 385,
    "fid_1_1": 16,
    "globalid_1": "22bc9ac0-dc6d-4fac-a8ff-4280c239e182",
    "nome": "São Judas Tadeu - Vila",
    "nome_comp": "Vila São Judas Tadeu",
    "num_bairro": 19,
    "objectid_1": 212,
    "objectid_2": 24,
    "pasta3___1": " ",
    "pasta3___2": "Judas",
    "pasta3___3": "Tadeu",
    "pasta3___4": " ",
    "pasta3___5": " ",
    "pasta3__no": "Vila São Judas Tadeu",
    "pasta3__ob": 385.0,
    "pasta3__te": " ",
    "regiao": "Vila Toninho",
    "tipo": "BAIRRO"
   },
   "type": "Feature"
  },
  {
   "geometry": {
    "coordinates": [
     -49.351089496082814,
     -20.820485646318875
    ],
    "type": "Point"
   },
   "id": 386,
   "properties": {
    "abrangenci": "CAIC",
    "arquivo": "REGUL",
    "cod_abrg": "24",
    "codigo_sia": 131,
    "cras": "CRAS Vila Toninho",
    "fid": 386,
    "fid_1": 386,
    "fid_1_1": 16,
    "globalid_1": "bcdf5832-5e07-477d-b685-567f407155e6",
    "nome": "Vitória Régia - Jardim",
    "nome_comp": "Jd Vitória Régia",
    "num_bairro": 8,
    "objectid_1": 245,
    "objectid_2": 24,
    "pasta3___1": "Vitória",
    "pasta3___2": "Régia",
    "pasta3___3": " ",
    "pasta3___4": " ",
    "pasta3___5": " ",
    "pasta3__no": "Jd Vitória Régia",
    "pasta3__ob": 386.0,
    "pasta3__te": " ",
    "regiao": "Vila Toninho",
    "tipo": "BAIRRO"
   },
   "type": "Feature"
  },
  {
   "geometry": {
    "coordinates": [
     -49.35111313585513,
     -20.81736264762549
    ],
    "type": "Point"
   },
   "id": 387,
   "properties": {
    "abrangenci": "CAIC",
    "arquivo": "REGUL",
    "cod_abrg": "24",
    "codigo_sia": 234,
    "cras": "CRAS Vila Toninho",
    "fid": 387,
    "fid_1": 387,
    "fid_1_1": 16,
    "globalid_1": "f7921905-2810-48dd-b336-d57bf88deb3f",
    "nome": "Zaira - Jardim",
    "nome_comp": "Jd Zaira",
    "num_bairro": 9,
    "objectid_1": 258,
    "objectid_2": 24,
    "pasta3___1": "Zaira",
    "pasta3___2": " ",
    "pasta3___3": " ",
    "pasta3___4": " ",
    "pasta3___5": " ",
    "pasta3__no": "Jd Zaira",
    "pasta3__ob": 387.0,
    "pasta3__te": " ",
    "regiao": "Vila Toninho",
    "tipo": "BAIRRO"
   },
   "type": "Feature"
  },
  {
   "geometry": {
    "coordinates": [
     -49.35554063234459,
     -20.81468976604379
    ],
    "type": "Point"
   },
   "id": 388,
   "properties": {
    "abrangenci": "CAIC",
    "arquivo": "REGUL",
    "cod_abrg": "24",
    "codigo_sia": 129,
    "cras": "CRAS Vila Toninho",
    "fid": 388,
    "fid_1": 388,
    "fid_1_1": 16,
    "globalid_1": "1e7a6b65-d304-4e1d-85c8-b8e47a85e181",
    "nome": "Gomes - Jardim dos",
    "nome_comp": "Jd Gomes",
    "num_bairro": 5,
    "objectid_1": 140,
    "objectid_2": 24,
    "pasta3___1": "Gomes",
    "pasta3___2": " ",
    "pasta3___3": " ",
    "pasta3___4": " ",
    "pasta3___5": " ",
    "pasta3__no": "Jd Gomes",
    "pasta3__ob": 388.0,
    "pasta3__te": " ",
    "regiao": "Vila Toninho",
    "tipo": "BAIRRO"
   },
   "type": "Feature"
  },
  {
   "geometry": {
    "coordinates": [
     -49.35294235420926,
     -20.83787303934332
    ],
    "type": "Point"
   },
   "id": 389,
   "properties": {
    "abrangenci": "CAIC",
    "arquivo": "REGUL",
    "cod_abrg": "24",
    "codigo_sia": 245,
    "cras": "CRAS Vila Toninho",
    "fid": 389,
    "fid_1": 389,
    "fid_1_1": 16,
    "globalid_1": "d9c8a55c-2611-4213-ae7d-ad57dc6b97c5",
    "nome": "Tancredo Neves - Minidist. Ind.",
    "nome_comp": "MD Tancredo Neves",
    "num_bairro": 11,
    "objectid_1": 39,
    "objectid_2": 24,
    "pasta3___1": "Tancredo",
    "pasta3___2": "Neves",
    "pasta3___3": " ",
    "pasta3___4": " ",
    "pasta3___5": " ",
    "pasta3__no": "MD Tancredo Neves",
    "pasta3__ob": 389.0,
    "pasta3__te": " ",
    "regiao": "Vila Toninho",
    "tipo": "MINI DISTRITO"
   },
   "type": "Feature"
  },
  {
   "geometry": {
    "coordinates": [
     -49.35312234664414,
     -20.827022938793583
    ],
    "type": "Point"
   },
   "id": 390,
   "properties": {
    "abrangenci": "CAIC",
    "arquivo": "REGUL",
    "cod_abrg": "24",
    "codigo_sia": 332,
    "cras": "CRAS Vila Toninho",
    "fid": 390,
    "fid_1": 390,
    "fid_1_1": 16,
    "globalid_1": "9d93a368-6fc7-4ef9-bcfb-c0908bf2201a",
    "nome": "GUIOMAR ASSAD CALIL - CAIC II - CONJ. HAB.",
    "nome_comp": "Guiomar Assad Calil - Caic II",
    "num_bairro": 4,
    "objectid_1": 277,
    "objectid_2": 24,
    "pasta3___1": "Assad",
    "pasta3___2": "Calil",
    "pasta3___3": " ",
    "pasta3___4": " ",
    "pasta3___5": " ",
    "pasta3__no": "Guiomar Assad Calil - Caic II",
    "pasta3__ob": 390.0,
    "pasta3__te": "Guiomar",
    "regiao": "Vila Toninho",
    "tipo": "Conjunto Habitacional"
   },
   "type": "Feature"
  },
  {
   "geometry": {
    "coordinates": [
     -49.354021243309795,
     -20.81456630731039
    ],
    "type": "Point"
   },
   "id": 391,
   "properties": {
    "abrangenci": "CAIC",
    "arquivo": " ",
    "cod_abrg": "24",
    "codigo_sia": 641,
    "cras": "CRAS Vila Toninho",
    "fid": 391,
    "fid_1": 391,
    "fid_1_1": 16,
    "globalid_1": "068c7f0b-05e3-4e17-a1fb-386a40e6fe46",
    "nome": "Guilherme Petrucci - Ret.",
    "nome_comp": "Ret Guilherme Petrucci",
    "num_bairro": 17,
    "objectid_1": 10241,
    "objectid_2": 24,
    "pasta3___1": "Guilherme",
    "pasta3___2": "Petrucci",
    "pasta3___3": " ",
    "pasta3___4": " ",
    "pasta3___5": " ",
    "pasta3__no": "Ret Guilherme Petrucci",
    "pasta3__ob": 391.0,
    "pasta3__te": " ",
    "regiao": "Vila Toninho",
    "tipo": "Retalhamento"
   },
   "type": "Feature"
  },
  {
   "geometry": {
    "coordinates": [
     -49.35414380977203,
     -20.815135942190217
    ],
    "type": "Point"
   },
   "id": 392,
   "properties": {
    "abrangenci": "CAIC",
    "arquivo": "REGUL",
    "cod_abrg": "24",
    "codigo_sia": 168,
    "cras": "CRAS Vila Toninho",
    "fid": 392,
    "fid_1": 392,
    "fid_1_1": 16,
    "globalid_1": "86321fcb-5700-4a58-8cfc-0136c819ec7c",
    "nome": "Nilza Helena",
    "nome_comp": "Nilza Helena",
    "num_bairro": 12,
    "objectid_1": 527,
    "objectid_2": 24,
    "pasta3___1": "Helena",
    "pasta3___2": " ",
    "pasta3___3": " ",
    "pasta3___4": " ",
    "pasta3___5": " ",
    "pasta3__no": "Nilza Helena",
    "pasta3__ob": 392.0,
    "pasta3__te": "Nilza",
    "regiao": "Vila Toninho",
    "tipo": "RETALHAMENTO"
   },
   "type": "Feature"
  },
  {
   "geometry": {
    "coordinates": [
     -49.432133112226495,
     -20.80254499184572
    ],
    "type": "Point"
   },
   "id": 393,
   "properties": {
    "abrangenci": "GONZAGA DE CAMPOS",
    "arquivo": "REGUL",
    "cod_abrg": "22",
    "codigo_sia": 462,
    "cras": "CRAS Jardim Belo Horizonte",
    "fid": 393,
    "fid_1": 393,
    "fid_1_1": 17,
    "globalid_1": "d9d2307e-f60c-43af-a861-96500946465d",
    "nome": "Palestra - Res",
    "nome_comp": "Res Palestra",
    "num_bairro": 9,
    "objectid_1": 524,
    "objectid_2": 22,
    "pasta3___1": "Palestra",
    "pasta3___2": " ",
    "pasta3___3": " ",
    "pasta3___4": " ",
    "pasta3___5": " ",
    "pasta3__no": "Res Palestra",
    "pasta3__ob": 393.0,
    "pasta3__te": " ",
    "regiao": "Cidade da Criança",
    "tipo": "BAIRRO"
   },
   "type": "Feature"
  },
  {
   "geometry": {
    "coordinates": [
     -49.439430621277815,
     -20.814259359539264
    ],
    "type": "Point"
   },
   "id": 394,
   "properties": {
    "abrangenci": "GONZAGA DE CAMPOS",
    "arquivo": "REGUL",
    "cod_abrg": "22",
    "codigo_sia": 202,
    "cras": "CRAS Jardim Belo Horizonte",
    "fid": 394,
    "fid_1": 394,
    "fid_1_1": 17,
    "globalid_1": "3eb4217d-f35f-4399-8ad1-38427789ef6c",
    "nome": "Jardim do Cedro - Clube de Moradia",
    "nome_comp": "Jd do Cedro",
    "num_bairro": 5,
    "objectid_1": 110,
    "objectid_2": 22,
    "pasta3___1": " ",
    "pasta3___2": "Cedro",
    "pasta3___3": " ",
    "pasta3___4": " ",
    "pasta3___5": " ",
    "pasta3__no": "Jd do Cedro",
    "pasta3__ob": 394.0,
    "pasta3__te": " ",
    "regiao": "Cidade da Criança",
    "tipo": "LOTEAMENTO FECHADO"
   },
   "type": "Feature"
  },
  {
   "geometry": {
    "coordinates": [
     -49.427826066946125,
     -20.798558687143906
    ],
    "type": "Point"
   },
   "id": 395,
   "properties": {
    "abrangenci": "GONZAGA DE CAMPOS",
    "arquivo": "REGUL",
    "cod_abrg": "22",
    "codigo_sia": 505,
    "cras": "CRAS Jardim Belo Horizonte",
    "fid": 395,
    "fid_1": 395,
    "fid_1_1": 17,
    "globalid_1": "521e80f9-67b7-4b1a-99c6-6f06732e71df",
    "nome": "J. MACEDO",
    "nome_comp": "Pq Res J Macedo",
    "num_bairro": 7,
    "objectid_1": 425,
    "objectid_2": 22,
    "pasta3___1": " ",
    "pasta3___2": "J",
    "pasta3___3": "Macedo",
    "pasta3___4": " ",
    "pasta3___5": " ",
    "pasta3__no": "Pq Res J Macedo",
    "pasta3__ob": 395.0,
    "pasta3__te": " ",
    "regiao": "Cidade da Criança",
    "tipo": "BAIRRO"
   },
   "type": "Feature"
  },
  {
   "geometry": {
    "coordinates": [
     -49.43040031561966,
     -20.80652581606647
    ],
    "type": "Point"
   },
   "id": 396,
   "properties": {
    "abrangenci": "GONZAGA DE CAMPOS",
    "arquivo": "REGUL",
    "cod_abrg": "22",
    "codigo_sia": 534,
    "cras": "CRAS Jardim Belo Horizonte",
    "fid": 396,
    "fid_1": 396,
    "fid_1_1": 17,
    "globalid_1": "a2f98bc5-b3e4-4ede-8bf6-06c9528b4e0c",
    "nome": "Jardins Rio Preto",
    "nome_comp": "Jardins Rio Preto",
    "num_bairro": 6,
    "objectid_1": 272,
    "objectid_2": 22,
    "pasta3___1": " ",
    "pasta3___2": " ",
    "pasta3___3": " ",
    "pasta3___4": " ",
    "pasta3___5": " ",
    "pasta3__no": "Jardins Rio Preto",
    "pasta3__ob": 396.0,
    "pasta3__te": "Jardins",
    "regiao": "Cidade da Criança",
    "tipo": "BAIRRO"
   },
   "type": "Feature"
  },
  {
   "geometry": {
    "coordinates": [
     -49.427220886569316,
     -20.801405676299304
    ],
    "type": "Point"
   },
   "id": 397,
   "properties": {
    "abrangenci": "GONZAGA DE CAMPOS",
    "arquivo": "REGUL",
    "cod_abrg": "22",
    "codigo_sia": 515,
    "cras": "CRAS Jardim Belo Horizonte",
    "fid": 397,
    "fid_1": 397,
    "fid_1_1": 17,
    "globalid_1": "23f6b6af-1878-4219-a7bf-8345734f82e1",
    "nome": "Ary Attab",
    "nome_comp": "Ary Attab",
    "num_bairro": 1,
    "objectid_1": 296,
    "objectid_2": 22,
    "pasta3___1": "Attab",
    "pasta3___2": " ",
    "pasta3___3": " ",
    "pasta3___4": " ",
    "pasta3___5": " ",
    "pasta3__no": "Ary Attab",
    "pasta3__ob": 397.0,
    "pasta3__te": "Ary",
    "regiao": "Cidade da Criança",
    "tipo": "BAIRRO"
   },
   "type": "Feature"
  },
  {
   "geometry": {
    "coordinates": [
     -49.42868296312238,
     -20.81207532171093
    ],
    "type": "Point"
   },
   "id": 398,
   "properties": {
    "abrangenci": "GONZAGA DE CAMPOS",
    "arquivo": "REGUL",
    "cod_abrg": "22",
    "codigo_sia": 251,
    "cras": "CRAS Jardim Belo Horizonte",
    "fid": 398,
    "fid_1": 398,
    "fid_1_1": 17,
    "globalid_1": "b4bdcf66-5326-45ac-9417-fc97257c4ced",
    "nome": "São José Operário - Vila",
    "nome_comp": "Vila São José Operário",
    "num_bairro": 10,
    "objectid_1": 207,
    "objectid_2": 22,
    "pasta3___1": " ",
    "pasta3___2": "José",
    "pasta3___3": "Operário",
    "pasta3___4": " ",
    "pasta3___5": " ",
    "pasta3__no": "Vila São José Operário",
    "pasta3__ob": 398.0,
    "pasta3__te": " ",
    "regiao": "Cidade da Criança",
    "tipo": "BAIRRO"
   },
   "type": "Feature"
  },
  {
   "geometry": {
    "coordinates": [
     -49.42601881498471,
     -20.81114862109326
    ],
    "type": "Point"
   },
   "id": 399,
   "properties": {
    "abrangenci": "GONZAGA DE CAMPOS",
    "arquivo": "REGUL",
    "cod_abrg": "22",
    "codigo_sia": 146,
    "cras": "CRAS Jardim Belo Horizonte",
    "fid": 399,
    "fid_1": 399,
    "fid_1_1": 17,
    "globalid_1": "662dbbd3-280d-4687-ad90-2d4d78788fce",
    "nome": "Gonzaga de Campos - Bairro",
    "nome_comp": "Gonzaga de Campos",
    "num_bairro": 4,
    "objectid_1": 21,
    "objectid_2": 22,
    "pasta3___1": " ",
    "pasta3___2": " ",
    "pasta3___3": " ",
    "pasta3___4": " ",
    "pasta3___5": " ",
    "pasta3__no": "Gonzaga de Campos",
    "pasta3__ob": 399.0,
    "pasta3__te": "Gonzaga",
    "regiao": "Cidade da Criança",
    "tipo": "BAIRRO"
   },
   "type": "Feature"
  },
  {
   "geometry": {
    "coordinates": [
     -49.42210856755575,
     -20.81460265750119
    ],
    "type": "Point"
   },
   "id": 400,
   "properties": {
    "abrangenci": "GONZAGA DE CAMPOS",
    "arquivo": "REGUL",
    "cod_abrg": "22",
    "codigo_sia": 180,
    "cras": "CRAS Jardim Belo Horizonte",
    "fid": 400,
    "fid_1": 400,
    "fid_1_1": 17,
    "globalid_1": "aa2e339a-6bed-493e-a455-eb683a630e95",
    "nome": "Waldemar de Oliveira Verdi - Dist. Ind.",
    "nome_comp": "Distrito Industrial Waldemar de Oliveira Verdi",
    "num_bairro": 3,
    "objectid_1": 46,
    "objectid_2": 22,
    "pasta3___1": " ",
    "pasta3___2": "Waldemar",
    "pasta3___3": " ",
    "pasta3___4": "Oliveira",
    "pasta3___5": "Verdi",
    "pasta3__no": "Distrito Industrial Waldemar de Oliveira Verdi",
    "pasta3__ob": 400.0,
    "pasta3__te": " ",
    "regiao": "Cidade da Criança",
    "tipo": "DISTRITO INDUSTRIAL"
   },
   "type": "Feature"
  },
  {
   "geometry": {
    "coordinates": [
     -49.43714384313792,
     -20.801495015670184
    ],
    "type": "Point"
   },
   "id": 401,
   "properties": {
    "abrangenci": "GONZAGA DE CAMPOS",
    "arquivo": "REGUL",
    "cod_abrg": "22",
    "codigo_sia": 610,
    "cras": "CRAS Jardim Belo Horizonte",
    "fid": 401,
    "fid_1": 401,
    "fid_1_1": 17,
    "globalid_1": "92172210-f55c-4c18-b96c-c6777872fd4e",
    "nome": "Ary Attab III",
    "nome_comp": "Ary Attab III",
    "num_bairro": 2,
    "objectid_1": 2577,
    "objectid_2": 22,
    "pasta3___1": "Attab",
    "pasta3___2": " ",
    "pasta3___3": " ",
    "pasta3___4": " ",
    "pasta3___5": " ",
    "pasta3__no": "Ary Attab III",
    "pasta3__ob": 401.0,
    "pasta3__te": "Ary",
    "regiao": "Cidade da Criança",
    "tipo": " "
   },
   "type": "Feature"
  },
  {
   "geometry": {
    "coordinates": [
     -49.4268688824414,
     -20.80352012792989
    ],
    "type": "Point"
   },
   "id": 402,
   "properties": {
    "abrangenci": "GONZAGA DE CAMPOS",
    "arquivo": "REGUL",
    "cod_abrg": "22",
    "codigo_sia": 621,
    "cras": "CRAS Jardim Belo Horizonte",
    "fid": 402,
    "fid_1": 402,
    "fid_1_1": 17,
    "globalid_1": "1f3a2352-2139-44bc-b1f6-722f8b656fff",
    "nome": "J. liso",
    "nome_comp": "Res J Liso",
    "num_bairro": 8,
    "objectid_1": 5124,
    "objectid_2": 22,
    "pasta3___1": "J",
    "pasta3___2": "Liso",
    "pasta3___3": " ",
    "pasta3___4": " ",
    "pasta3___5": " ",
    "pasta3__no": "Res J Liso",
    "pasta3__ob": 402.0,
    "pasta3__te": " ",
    "regiao": "Cidade da Criança",
    "tipo": "BAIRRO"
   },
   "type": "Feature"
  },
  {
   "geometry": {
    "coordinates": [
     -49.40526748933216,
     -20.799620232540686
    ],
    "type": "Point"
   },
   "id": 403,
   "properties": {
    "abrangenci": "VETORAZZO",
    "arquivo": "REGUL",
    "cod_abrg": "01",
    "codigo_sia": 396,
    "cras": "CRAS Eldorado",
    "fid": 403,
    "fid_1": 403,
    "fid_1_1": 18,
    "globalid_1": "a129cd6a-01fe-46b8-8afd-dd280b7009d8",
    "nome": "Orlando Santo Liquido",
    "nome_comp": "Orlando Santo Liquido",
    "num_bairro": 17,
    "objectid_1": 513,
    "objectid_2": 1,
    "pasta3___1": "Santo",
    "pasta3___2": "Liquido",
    "pasta3___3": " ",
    "pasta3___4": " ",
    "pasta3___5": " ",
    "pasta3__no": "Orlando Santo Liquido",
    "pasta3__ob": 403.0,
    "pasta3__te": "Orlando",
    "regiao": "Cidade da Criança",
    "tipo": "BAIRRO"
   },
   "type": "Feature"
  },
  {
   "geometry": {
    "coordinates": [
     -49.42643852751183,
     -20.780106304798082
    ],
    "type": "Point"
   },
   "id": 404,
   "properties": {
    "abrangenci": "VETORAZZO",
    "arquivo": "REGUL",
    "cod_abrg": "01",
    "codigo_sia": 499,
    "cras": "CRAS Jardim Belo Horizonte",
    "fid": 404,
    "fid_1": 404,
    "fid_1_1": 18,
    "globalid_1": "2aeca7b5-d996-4140-be03-10092bec85c5",
    "nome": "Res. das Americas",
    "nome_comp": "Res das Americas",
    "num_bairro": 22,
    "objectid_1": 529,
    "objectid_2": 1,
    "pasta3___1": " ",
    "pasta3___2": "Americas",
    "pasta3___3": " ",
    "pasta3___4": " ",
    "pasta3___5": " ",
    "pasta3__no": "Res das Americas",
    "pasta3__ob": 404.0,
    "pasta3__te": " ",
    "regiao": "Cidade da Criança",
    "tipo": "BAIRRO"
   },
   "type": "Feature"
  },
  {
   "geometry": {
    "coordinates": [
     -49.418093323814695,
     -20.788179684347156
    ],
    "type": "Point"
   },
   "id": 405,
   "properties": {
    "abrangenci": "VETORAZZO",
    "arquivo": "REGUL",
    "cod_abrg": "01",
    "codigo_sia": 410,
    "cras": "CRAS Jardim Belo Horizonte",
    "fid": 405,
    "fid_1": 406,
    "fid_1_1": 18,
    "globalid_1": "ab71018c-3a1a-4488-a3b1-3e4126bed424",
    "nome": "Borghese II - Conj. Res. Villa",
    "nome_comp": "Vila Borghese II",
    "num_bairro": 32,
    "objectid_1": 180,
    "objectid_2": 1,
    "pasta3___1": "Borghese",
    "pasta3___2": " ",
    "pasta3___3": " ",
    "pasta3___4": " ",
    "pasta3___5": " ",
    "pasta3__no": "Vila Borghese II",
    "pasta3__ob": 405.0,
    "pasta3__te": " ",
    "regiao": "Cidade da Criança",
    "tipo": "CONDOMÍNIO FECHADO"
   },
   "type": "Feature"
  },
  {
   "geometry": {
    "coordinates": [
     -49.42192625958895,
     -20.786261178605272
    ],
    "type": "Point"
   },
   "id": 406,
   "properties": {
    "abrangenci": "VETORAZZO",
    "arquivo": "REGUL",
    "cod_abrg": "01",
    "codigo_sia": 326,
    "cras": "CRAS Jardim Belo Horizonte",
    "fid": 406,
    "fid_1": 407,
    "fid_1_1": 18,
    "globalid_1": "576fb8f8-d6a6-4508-b374-af061bba7217",
    "nome": "Etemp - Jardim Residencial",
    "nome_comp": "Jd Etemp",
    "num_bairro": 8,
    "objectid_1": 390,
    "objectid_2": 1,
    "pasta3___1": "Etemp",
    "pasta3___2": " ",
    "pasta3___3": " ",
    "pasta3___4": " ",
    "pasta3___5": " ",
    "pasta3__no": "Jd Etemp",
    "pasta3__ob": 406.0,
    "pasta3__te": " ",
    "regiao": "Cidade da Criança",
    "tipo": "BAIRRO"
   },
   "type": "Feature"
  },
  {
   "geometry": {
    "coordinates": [
     -49.42179753869762,
     -20.79266391712709
    ],
    "type": "Point"
   },
   "id": 407,
   "properties": {
    "abrangenci": "VETORAZZO",
    "arquivo": "REGUL",
    "cod_abrg": "01",
    "codigo_sia": 241,
    "cras": "CRAS Jardim Belo Horizonte",
    "fid": 407,
    "fid_1": 408,
    "fid_1_1": 18,
    "globalid_1": "9af9d3fe-9705-439e-9a65-bdb7c92b1638",
    "nome": "Anna Angélica",
    "nome_comp": "Res Anna Angélica",
    "num_bairro": 24,
    "objectid_1": 394,
    "objectid_2": 1,
    "pasta3___1": "Anna",
    "pasta3___2": "Angélica",
    "pasta3___3": " ",
    "pasta3___4": " ",
    "pasta3___5": " ",
    "pasta3__no": "Res Anna Angélica",
    "pasta3__ob": 407.0,
    "pasta3__te": " ",
    "regiao": "Cidade da Criança",
    "tipo": "BAIRRO"
   },
   "type": "Feature"
  },
  {
   "geometry": {
    "coordinates": [
     -49.41099814593391,
     -20.794344239898813
    ],
    "type": "Point"
   },
   "id": 408,
   "properties": {
    "abrangenci": "VETORAZZO",
    "arquivo": "REGUL",
    "cod_abrg": "01",
    "codigo_sia": 595,
    "cras": "CRAS Eldorado",
    "fid": 408,
    "fid_1": 409,
    "fid_1_1": 18,
    "globalid_1": "05ebdf74-38a1-4311-b711-188c5695cfb5",
    "nome": "Eldorado 3ª Parte I-II",
    "nome_comp": "Eldorado 3ª Parte I-II",
    "num_bairro": 2,
    "objectid_1": 398,
    "objectid_2": 1,
    "pasta3___1": " ",
    "pasta3___2": " ",
    "pasta3___3": " ",
    "pasta3___4": " ",
    "pasta3___5": " ",
    "pasta3__no": "Eldorado 3ª Parte I-II",
    "pasta3__ob": 408.0,
    "pasta3__te": "Eldorado",
    "regiao": "Cidade da Criança",
    "tipo": "BAIRRO"
   },
   "type": "Feature"
  },
  {
   "geometry": {
    "coordinates": [
     -49.425468056433886,
     -20.788022204951947
    ],
    "type": "Point"
   },
   "id": 409,
   "properties": {
    "abrangenci": "VETORAZZO",
    "arquivo": "REGUL",
    "cod_abrg": "01",
    "codigo_sia": 433,
    "cras": "CRAS Jardim Belo Horizonte",
    "fid": 409,
    "fid_1": 410,
    "fid_1_1": 18,
    "globalid_1": "36638db0-b2d2-4fbf-8e58-fd39c48cb497",
    "nome": "Bianco",
    "nome_comp": "Jd Bianco",
    "num_bairro": 7,
    "objectid_1": 361,
    "objectid_2": 1,
    "pasta3___1": "Bianco",
    "pasta3___2": " ",
    "pasta3___3": " ",
    "pasta3___4": " ",
    "pasta3___5": " ",
    "pasta3__no": "Jd Bianco",
    "pasta3__ob": 409.0,
    "pasta3__te": " ",
    "regiao": "Cidade da Criança",
    "tipo": "BAIRRO"
   },
   "type": "Feature"
  },
  {
   "geometry": {
    "coordinates": [
     -49.41690567316326,
     -20.790523356214322
    ],
    "type": "Point"
   },
   "id": 410,
   "properties": {
    "abrangenci": "VETORAZZO",
    "arquivo": "REGUL",
    "cod_abrg": "01",
    "codigo_sia": 255,
    "cras": "CRAS Jardim Belo Horizonte",
    "fid": 410,
    "fid_1": 411,
    "fid_1_1": 18,
    "globalid_1": "b39d92af-0530-4e06-9234-82fe0fcd04d1",
    "nome": "HÉLIO CHERUBINI - RET.",
    "nome_comp": "Helio Cherubini",
    "num_bairro": 3,
    "objectid_1": 362,
    "objectid_2": 1,
    "pasta3___1": "Cherubini",
    "pasta3___2": " ",
    "pasta3___3": " ",
    "pasta3___4": " ",
    "pasta3___5": " ",
    "pasta3__no": "Helio Cherubini",
    "pasta3__ob": 410.0,
    "pasta3__te": "Helio",
    "regiao": "Cidade da Criança",
    "tipo": "RETALHAMENTO"
   },
   "type": "Feature"
  },
  {
   "geometry": {
    "coordinates": [
     -49.41822621440288,
     -20.785753804100423
    ],
    "type": "Point"
   },
   "id": 411,
   "properties": {
    "abrangenci": "VETORAZZO",
    "arquivo": "REGUL",
    "cod_abrg": "01",
    "codigo_sia": 411,
    "cras": "CRAS Jardim Belo Horizonte",
    "fid": 411,
    "fid_1": 412,
    "fid_1_1": 18,
    "globalid_1": "a78a070b-b3ba-4a29-937a-5d87d8b20b38",
    "nome": "Borghese III - Conj. Res. Villa",
    "nome_comp": "Vila Borghese III",
    "num_bairro": 33,
    "objectid_1": 66,
    "objectid_2": 1,
    "pasta3___1": "Borghese",
    "pasta3___2": " ",
    "pasta3___3": " ",
    "pasta3___4": " ",
    "pasta3___5": " ",
    "pasta3__no": "Vila Borghese III",
    "pasta3__ob": 411.0,
    "pasta3__te": " ",
    "regiao": "Cidade da Criança",
    "tipo": "CONDOMÍNIO FECHADO"
   },
   "type": "Feature"
  },
  {
   "geometry": {
    "coordinates": [
     -49.41946043996939,
     -20.789245543763133
    ],
    "type": "Point"
   },
   "id": 412,
   "properties": {
    "abrangenci": "VETORAZZO",
    "arquivo": "REGUL",
    "cod_abrg": "01",
    "codigo_sia": 375,
    "cras": "CRAS Jardim Belo Horizonte",
    "fid": 412,
    "fid_1": 413,
    "fid_1_1": 18,
    "globalid_1": "89e53baa-d1eb-4b7f-8d7d-d4af62530a9f",
    "nome": "Borghese I - Conj. Res. Villa",
    "nome_comp": "Vila Borghese I",
    "num_bairro": 31,
    "objectid_1": 81,
    "objectid_2": 1,
    "pasta3___1": "Borghese",
    "pasta3___2": " ",
    "pasta3___3": " ",
    "pasta3___4": " ",
    "pasta3___5": " ",
    "pasta3__no": "Vila Borghese I",
    "pasta3__ob": 412.0,
    "pasta3__te": " ",
    "regiao": "Cidade da Criança",
    "tipo": "CONDOMÍNIO FECHADO"
   },
   "type": "Feature"
  },
  {
   "geometry": {
    "coordinates": [
     -49.406892087901674,
     -20.799407590915507
    ],
    "type": "Point"
   },
   "id": 413,
   "properties": {
    "abrangenci": "VETORAZZO",
    "arquivo": "REGUL",
    "cod_abrg": "01",
    "codigo_sia": 162,
    "cras": "CRAS Eldorado",
    "fid": 413,
    "fid_1": 414,
    "fid_1_1": 18,
    "globalid_1": "7701d820-c129-497a-a9c8-ac6e01eaa6b3",
    "nome": "Santa Lúcia - Jardim",
    "nome_comp": "Jd Santa Lúcia",
    "num_bairro": 11,
    "objectid_1": 373,
    "objectid_2": 1,
    "pasta3___1": "Santa",
    "pasta3___2": "Lúcia",
    "pasta3___3": " ",
    "pasta3___4": " ",
    "pasta3___5": " ",
    "pasta3__no": "Jd Santa Lúcia",
    "pasta3__ob": 413.0,
    "pasta3__te": " ",
    "regiao": "Cidade da Criança",
    "tipo": "BAIRRO"
   },
   "type": "Feature"
  },
  {
   "geometry": {
    "coordinates": [
     -49.42358080864123,
     -20.783502282092158
    ],
    "type": "Point"
   },
   "id": 414,
   "properties": {
    "abrangenci": "VETORAZZO",
    "arquivo": "REGUL",
    "cod_abrg": "01",
    "codigo_sia": 437,
    "cras": "CRAS Jardim Belo Horizonte",
    "fid": 414,
    "fid_1": 415,
    "fid_1_1": 18,
    "globalid_1": "67a4d427-e43a-43af-b4ee-1bbbb589b2fc",
    "nome": "Maria Zorita - Res.",
    "nome_comp": "Pq Res Maria Zorita",
    "num_bairro": 21,
    "objectid_1": 292,
    "objectid_2": 1,
    "pasta3___1": " ",
    "pasta3___2": "Maria",
    "pasta3___3": "Zorita",
    "pasta3___4": " ",
    "pasta3___5": " ",
    "pasta3__no": "Pq Res Maria Zorita",
    "pasta3__ob": 414.0,
    "pasta3__te": " ",
    "regiao": "Cidade da Criança",
    "tipo": "BAIRRO"
   },
   "type": "Feature"
  },
  {
   "geometry": {
    "coordinates": [
     -49.41182722439321,
     -20.80598899571626
    ],
    "type": "Point"
   },
   "id": 415,
   "properties": {
    "abrangenci": "VETORAZZO",
    "arquivo": "IRREG",
    "cod_abrg": "01",
    "codigo_sia": 1091,
    "cras": "CRAS Jardim Belo Horizonte",
    "fid": 415,
    "fid_1": 416,
    "fid_1_1": 18,
    "globalid_1": "bf36bc86-1cd3-4703-8791-9c168fa01772",
    "nome": "Santa Catarina (Vila Itália) - Ret.",
    "nome_comp": "Ret Santa Catarina (Vila Itália)",
    "num_bairro": 30,
    "objectid_1": 618,
    "objectid_2": 1,
    "pasta3___1": "Santa",
    "pasta3___2": "Catarina",
    "pasta3___3": " ",
    "pasta3___4": " ",
    "pasta3___5": " ",
    "pasta3__no": "Ret Santa Catarina (Vila Itália)",
    "pasta3__ob": 415.0,
    "pasta3__te": " ",
    "regiao": "Cidade da Criança",
    "tipo": "CHÁCARAS"
   },
   "type": "Feature"
  },
  {
   "geometry": {
    "coordinates": [
     -49.41876039159965,
     -20.786866494732486
    ],
    "type": "Point"
   },
   "id": 416,
   "properties": {
    "abrangenci": "VETORAZZO",
    "arquivo": "REGUL",
    "cod_abrg": "01",
    "codigo_sia": 450,
    "cras": "CRAS Jardim Belo Horizonte",
    "fid": 416,
    "fid_1": 417,
    "fid_1_1": 18,
    "globalid_1": "bc7a3002-acbd-45e9-9e6d-24d2c817e59f",
    "nome": "Cj Hab. S J do Rio Preto L",
    "nome_comp": "Cj Hab SJRP L",
    "num_bairro": 1,
    "objectid_1": 318,
    "objectid_2": 1,
    "pasta3___1": " ",
    "pasta3___2": "Rio Preto",
    "pasta3___3": " ",
    "pasta3___4": " ",
    "pasta3___5": " ",
    "pasta3__no": "Cj Hab SJRP L",
    "pasta3__ob": 416.0,
    "pasta3__te": " ",
    "regiao": "Cidade da Criança",
    "tipo": "BAIRRO"
   },
   "type": "Feature"
  },
  {
   "geometry": {
    "coordinates": [
     -49.42082304727912,
     -20.78757010506941
    ],
    "type": "Point"
   },
   "id": 417,
   "properties": {
    "abrangenci": "VETORAZZO",
    "arquivo": "REGUL",
    "cod_abrg": "01",
    "codigo_sia": 285,
    "cras": "CRAS Jardim Belo Horizonte",
    "fid": 417,
    "fid_1": 418,
    "fid_1_1": 18,
    "globalid_1": "1e6eb153-9cbb-440b-8103-9ed33a6d4851",
    "nome": "Gisete - Jardim",
    "nome_comp": "Jd Gisete",
    "num_bairro": 9,
    "objectid_1": 153,
    "objectid_2": 1,
    "pasta3___1": "Gisete",
    "pasta3___2": " ",
    "pasta3___3": " ",
    "pasta3___4": " ",
    "pasta3___5": " ",
    "pasta3__no": "Jd Gisete",
    "pasta3__ob": 417.0,
    "pasta3__te": " ",
    "regiao": "Cidade da Criança",
    "tipo": "BAIRRO"
   },
   "type": "Feature"
  },
  {
   "geometry": {
    "coordinates": [
     -49.41551943518397,
     -20.790824696913223
    ],
    "type": "Point"
   },
   "id": 418,
   "properties": {
    "abrangenci": "VETORAZZO",
    "arquivo": "REGUL",
    "cod_abrg": "01",
    "codigo_sia": 225,
    "cras": "CRAS Jardim Belo Horizonte",
    "fid": 418,
    "fid_1": 419,
    "fid_1_1": 18,
    "globalid_1": "ec934182-81fb-4535-9a09-cda203c63331",
    "nome": "Atlântica",
    "nome_comp": "Jd Atlântica",
    "num_bairro": 6,
    "objectid_1": 172,
    "objectid_2": 1,
    "pasta3___1": "Atlântica",
    "pasta3___2": " ",
    "pasta3___3": " ",
    "pasta3___4": " ",
    "pasta3___5": " ",
    "pasta3__no": "Jd Atlântica",
    "pasta3__ob": 418.0,
    "pasta3__te": " ",
    "regiao": "Cidade da Criança",
    "tipo": "BAIRRO"
   },
   "type": "Feature"
  },
  {
   "geometry": {
    "coordinates": [
     -49.41907961928185,
     -20.802620711029597
    ],
    "type": "Point"
   },
   "id": 419,
   "properties": {
    "abrangenci": "VETORAZZO",
    "arquivo": "REGUL",
    "cod_abrg": "01",
    "codigo_sia": 231,
    "cras": "CRAS Jardim Belo Horizonte",
    "fid": 419,
    "fid_1": 420,
    "fid_1_1": 18,
    "globalid_1": "c0b09872-5f27-4804-9a67-82ed3b0596b1",
    "nome": "Macedo Teles I",
    "nome_comp": "Res Macedo Teles I",
    "num_bairro": 25,
    "objectid_1": 173,
    "objectid_2": 1,
    "pasta3___1": "Macedo",
    "pasta3___2": "Teles",
    "pasta3___3": " ",
    "pasta3___4": " ",
    "pasta3___5": " ",
    "pasta3__no": "Res Macedo Teles I",
    "pasta3__ob": 419.0,
    "pasta3__te": " ",
    "regiao": "Cidade da Criança",
    "tipo": "BAIRRO"
   },
   "type": "Feature"
  },
  {
   "geometry": {
    "coordinates": [
     -49.417891588984446,
     -20.78358783892448
    ],
    "type": "Point"
   },
   "id": 420,
   "properties": {
    "abrangenci": "VETORAZZO",
    "arquivo": "REGUL",
    "cod_abrg": "01",
    "codigo_sia": 417,
    "cras": "CRAS Jardim Belo Horizonte",
    "fid": 420,
    "fid_1": 421,
    "fid_1_1": 18,
    "globalid_1": "e23a7837-231f-43e8-a1f5-237c021abd98",
    "nome": "UNIVERSO - PARQUE RES.",
    "nome_comp": "Pq Universo",
    "num_bairro": 20,
    "objectid_1": 184,
    "objectid_2": 1,
    "pasta3___1": "Universo",
    "pasta3___2": " ",
    "pasta3___3": " ",
    "pasta3___4": " ",
    "pasta3___5": " ",
    "pasta3__no": "Pq Universo",
    "pasta3__ob": 420.0,
    "pasta3__te": " ",
    "regiao": "Cidade da Criança",
    "tipo": "BAIRRO"
   },
   "type": "Feature"
  },
  {
   "geometry": {
    "coordinates": [
     -49.413741860838066,
     -20.792600360752473
    ],
    "type": "Point"
   },
   "id": 421,
   "properties": {
    "abrangenci": "VETORAZZO",
    "arquivo": "REGUL",
    "cod_abrg": "01",
    "codigo_sia": 220,
    "cras": "CRAS Eldorado",
    "fid": 421,
    "fid_1": 422,
    "fid_1_1": 18,
    "globalid_1": "3619098e-383d-49da-a3ce-0a758d405548",
    "nome": "Anielli - Jardim",
    "nome_comp": "Jd Anielli",
    "num_bairro": 5,
    "objectid_1": 188,
    "objectid_2": 1,
    "pasta3___1": "Anielli",
    "pasta3___2": " ",
    "pasta3___3": " ",
    "pasta3___4": " ",
    "pasta3___5": " ",
    "pasta3__no": "Jd Anielli",
    "pasta3__ob": 421.0,
    "pasta3__te": " ",
    "regiao": "Cidade da Criança",
    "tipo": "BAIRRO"
   },
   "type": "Feature"
  },
  {
   "geometry": {
    "coordinates": [
     -49.404405307368876,
     -20.798129508288028
    ],
    "type": "Point"
   },
   "id": 422,
   "properties": {
    "abrangenci": "VETORAZZO",
    "arquivo": "REGUL",
    "cod_abrg": "01",
    "codigo_sia": 47,
    "cras": "CRAS Eldorado",
    "fid": 422,
    "fid_1": 423,
    "fid_1_1": 18,
    "globalid_1": "14a924c0-c3d6-4c8f-8794-2b54b1eecf90",
    "nome": "São Jorge - Vila",
    "nome_comp": "Vila São Jorge",
    "num_bairro": 34,
    "objectid_1": 196,
    "objectid_2": 1,
    "pasta3___1": " ",
    "pasta3___2": "Jorge",
    "pasta3___3": " ",
    "pasta3___4": " ",
    "pasta3___5": " ",
    "pasta3__no": "Vila São Jorge",
    "pasta3__ob": 422.0,
    "pasta3__te": " ",
    "regiao": "Cidade da Criança",
    "tipo": "BAIRRO"
   },
   "type": "Feature"
  },
  {
   "geometry": {
    "coordinates": [
     -49.42058029023736,
     -20.800465382258334
    ],
    "type": "Point"
   },
   "id": 423,
   "properties": {
    "abrangenci": "VETORAZZO",
    "arquivo": "REGUL",
    "cod_abrg": "01",
    "codigo_sia": 175,
    "cras": "CRAS Jardim Belo Horizonte",
    "fid": 423,
    "fid_1": 424,
    "fid_1_1": 18,
    "globalid_1": "54b3a579-afbf-4882-b53d-774ef192d923",
    "nome": "Parque do Sol",
    "nome_comp": "Pq do Sol",
    "num_bairro": 18,
    "objectid_1": 138,
    "objectid_2": 1,
    "pasta3___1": " ",
    "pasta3___2": "Sol",
    "pasta3___3": " ",
    "pasta3___4": " ",
    "pasta3___5": " ",
    "pasta3__no": "Pq do Sol",
    "pasta3__ob": 423.0,
    "pasta3__te": " ",
    "regiao": "Cidade da Criança",
    "tipo": "BAIRRO"
   },
   "type": "Feature"
  },
  {
   "geometry": {
    "coordinates": [
     -49.419924868657276,
     -20.795319011629374
    ],
    "type": "Point"
   },
   "id": 424,
   "properties": {
    "abrangenci": "VETORAZZO",
    "arquivo": "REGUL",
    "cod_abrg": "01",
    "codigo_sia": 187,
    "cras": "CRAS Jardim Belo Horizonte",
    "fid": 424,
    "fid_1": 425,
    "fid_1_1": 18,
    "globalid_1": "9fc3c680-9f13-4a8b-9953-5c343d3d16c5",
    "nome": "Jd. Belo Horizonte - ´CECAP`",
    "nome_comp": "Jd Belo Horizonte - ´CECAP`",
    "num_bairro": 14,
    "objectid_1": 107,
    "objectid_2": 1,
    "pasta3___1": "Belo",
    "pasta3___2": "Horizonte",
    "pasta3___3": " ",
    "pasta3___4": " ",
    "pasta3___5": " ",
    "pasta3__no": "Jd Belo Horizonte - ´CECAP`",
    "pasta3__ob": 424.0,
    "pasta3__te": " ",
    "regiao": "Cidade da Criança",
    "tipo": "BAIRRO"
   },
   "type": "Feature"
  },
  {
   "geometry": {
    "coordinates": [
     -49.4227262591084,
     -20.802335487635762
    ],
    "type": "Point"
   },
   "id": 425,
   "properties": {
    "abrangenci": "VETORAZZO",
    "arquivo": "REGUL",
    "cod_abrg": "01",
    "codigo_sia": 351,
    "cras": "CRAS Jardim Belo Horizonte",
    "fid": 425,
    "fid_1": 426,
    "fid_1_1": 18,
    "globalid_1": "d65ce8be-7845-46bc-b7af-9aca541302cb",
    "nome": "Rio das Flores - Res.",
    "nome_comp": "Res Rio das Flores",
    "num_bairro": 28,
    "objectid_1": 109,
    "objectid_2": 1,
    "pasta3___1": "Rio",
    "pasta3___2": " ",
    "pasta3___3": "Flores",
    "pasta3___4": " ",
    "pasta3___5": " ",
    "pasta3__no": "Res Rio das Flores",
    "pasta3__ob": 425.0,
    "pasta3__te": " ",
    "regiao": "Cidade da Criança",
    "tipo": "BAIRRO"
   },
   "type": "Feature"
  },
  {
   "geometry": {
    "coordinates": [
     -49.41491172863237,
     -20.80157319835846
    ],
    "type": "Point"
   },
   "id": 426,
   "properties": {
    "abrangenci": "VETORAZZO",
    "arquivo": "REGUL",
    "cod_abrg": "01",
    "codigo_sia": 197,
    "cras": "CRAS Jardim Belo Horizonte",
    "fid": 426,
    "fid_1": 427,
    "fid_1_1": 18,
    "globalid_1": "8f55fc95-84b7-418e-8bb6-06a26668867c",
    "nome": "Porto Seguro - Lot.",
    "nome_comp": "Lot Porto Seguro",
    "num_bairro": 15,
    "objectid_1": 116,
    "objectid_2": 1,
    "pasta3___1": "Porto",
    "pasta3___2": "Seguro",
    "pasta3___3": " ",
    "pasta3___4": " ",
    "pasta3___5": " ",
    "pasta3__no": "Lot Porto Seguro",
    "pasta3__ob": 426.0,
    "pasta3__te": " ",
    "regiao": "Cidade da Criança",
    "tipo": "BAIRRO"
   },
   "type": "Feature"
  },
  {
   "geometry": {
    "coordinates": [
     -49.42169556993058,
     -20.781167103851537
    ],
    "type": "Point"
   },
   "id": 427,
   "properties": {
    "abrangenci": "VETORAZZO",
    "arquivo": "REGUL",
    "cod_abrg": "01",
    "codigo_sia": 506,
    "cras": "CRAS Jardim Belo Horizonte",
    "fid": 427,
    "fid_1": 428,
    "fid_1_1": 18,
    "globalid_1": "c012f751-5c51-4e33-ab57-6fa09f637bb5",
    "nome": "Jardim Vista Bela",
    "nome_comp": "Res Jd Vista Bela",
    "num_bairro": 23,
    "objectid_1": 117,
    "objectid_2": 1,
    "pasta3___1": " ",
    "pasta3___2": "Vista",
    "pasta3___3": "Bela",
    "pasta3___4": " ",
    "pasta3___5": " ",
    "pasta3__no": "Res Jd Vista Bela",
    "pasta3__ob": 427.0,
    "pasta3__te": " ",
    "regiao": "Cidade da Criança",
    "tipo": "BAIRRO"
   },
   "type": "Feature"
  },
  {
   "geometry": {
    "coordinates": [
     -49.422931342734294,
     -20.801190143927784
    ],
    "type": "Point"
   },
   "id": 428,
   "properties": {
    "abrangenci": "VETORAZZO",
    "arquivo": " ",
    "cod_abrg": "01",
    "codigo_sia": 560,
    "cras": "CRAS Jardim Belo Horizonte",
    "fid": 428,
    "fid_1": 429,
    "fid_1_1": 18,
    "globalid_1": "56e7eaf7-8d0a-4822-868f-3840f6a6057b",
    "nome": "Rio das Flores II - Res.",
    "nome_comp": "Res Rio das FloRes II",
    "num_bairro": 29,
    "objectid_1": 123,
    "objectid_2": 1,
    "pasta3___1": "Rio",
    "pasta3___2": " ",
    "pasta3___3": "FloRes",
    "pasta3___4": " ",
    "pasta3___5": " ",
    "pasta3__no": "Res Rio das FloRes II",
    "pasta3__ob": 428.0,
    "pasta3__te": " ",
    "regiao": "Cidade da Criança",
    "tipo": "BAIRRO"
   },
   "type": "Feature"
  },
  {
   "geometry": {
    "coordinates": [
     -49.414189615216905,
     -20.796684539081966
    ],
    "type": "Point"
   },
   "id": 429,
   "properties": {
    "abrangenci": "VETORAZZO",
    "arquivo": "REGUL",
    "cod_abrg": "01",
    "codigo_sia": 172,
    "cras": "CRAS Jardim Belo Horizonte",
    "fid": 429,
    "fid_1": 430,
    "fid_1_1": 18,
    "globalid_1": "bb4e753e-8301-4005-b335-a18914590be8",
    "nome": "Vetorasso - Jardim",
    "nome_comp": "Jd Vetorasso",
    "num_bairro": 12,
    "objectid_1": 176,
    "objectid_2": 1,
    "pasta3___1": "Vetorasso",
    "pasta3___2": " ",
    "pasta3___3": " ",
    "pasta3___4": " ",
    "pasta3___5": " ",
    "pasta3__no": "Jd Vetorasso",
    "pasta3__ob": 429.0,
    "pasta3__te": " ",
    "regiao": "Cidade da Criança",
    "tipo": "BAIRRO"
   },
   "type": "Feature"
  },
  {
   "geometry": {
    "coordinates": [
     -49.40533014153269,
     -20.795392867895373
    ],
    "type": "Point"
   },
   "id": 430,
   "properties": {
    "abrangenci": "VETORAZZO",
    "arquivo": "REGUL",
    "cod_abrg": "01",
    "codigo_sia": 261,
    "cras": "CRAS Eldorado",
    "fid": 430,
    "fid_1": 431,
    "fid_1_1": 18,
    "globalid_1": "11f9e72d-0d16-486b-8a1d-46c13db2d918",
    "nome": "Renata Tarraf - Loteamento",
    "nome_comp": "Lot Renata Tarraf",
    "num_bairro": 16,
    "objectid_1": 6,
    "objectid_2": 1,
    "pasta3___1": "Renata",
    "pasta3___2": "Tarraf",
    "pasta3___3": " ",
    "pasta3___4": " ",
    "pasta3___5": " ",
    "pasta3__no": "Lot Renata Tarraf",
    "pasta3__ob": 430.0,
    "pasta3__te": " ",
    "regiao": "Cidade da Criança",
    "tipo": "BAIRRO"
   },
   "type": "Feature"
  },
  {
   "geometry": {
    "coordinates": [
     -49.40722895901352,
     -20.797672428749163
    ],
    "type": "Point"
   },
   "id": 431,
   "properties": {
    "abrangenci": "VETORAZZO",
    "arquivo": "REGUL",
    "cod_abrg": "01",
    "codigo_sia": 216,
    "cras": "CRAS Eldorado",
    "fid": 431,
    "fid_1": 432,
    "fid_1_1": 18,
    "globalid_1": "02420bea-7906-4b53-acb4-613461f00bdd",
    "nome": "Henriqueta - Jardim",
    "nome_comp": "Jd Henriqueta",
    "num_bairro": 10,
    "objectid_1": 20,
    "objectid_2": 1,
    "pasta3___1": "Henriqueta",
    "pasta3___2": " ",
    "pasta3___3": " ",
    "pasta3___4": " ",
    "pasta3___5": " ",
    "pasta3__no": "Jd Henriqueta",
    "pasta3__ob": 431.0,
    "pasta3__te": " ",
    "regiao": "Cidade da Criança",
    "tipo": "BAIRRO"
   },
   "type": "Feature"
  },
  {
   "geometry": {
    "coordinates": [
     -49.41008701005836,
     -20.801846474640982
    ],
    "type": "Point"
   },
   "id": 432,
   "properties": {
    "abrangenci": "VETORAZZO",
    "arquivo": "REGUL",
    "cod_abrg": "01",
    "codigo_sia": 226,
    "cras": "CRAS Jardim Belo Horizonte",
    "fid": 432,
    "fid_1": 433,
    "fid_1_1": 18,
    "globalid_1": "28d3df68-9ceb-427a-9363-1f056ab03964",
    "nome": "Lauriano Tebar Residencial",
    "nome_comp": "Pq Lauriano Tebar",
    "num_bairro": 19,
    "objectid_1": 22,
    "objectid_2": 1,
    "pasta3___1": "Lauriano",
    "pasta3___2": "Tebar",
    "pasta3___3": " ",
    "pasta3___4": " ",
    "pasta3___5": " ",
    "pasta3__no": "Pq Lauriano Tebar",
    "pasta3__ob": 432.0,
    "pasta3__te": " ",
    "regiao": "Cidade da Criança",
    "tipo": "BAIRRO"
   },
   "type": "Feature"
  },
  {
   "geometry": {
    "coordinates": [
     -49.413206475418676,
     -20.800962029673855
    ],
    "type": "Point"
   },
   "id": 433,
   "properties": {
    "abrangenci": "VETORAZZO",
    "arquivo": "REGUL",
    "cod_abrg": "01",
    "codigo_sia": 238,
    "cras": "CRAS Jardim Belo Horizonte",
    "fid": 433,
    "fid_1": 434,
    "fid_1_1": 18,
    "globalid_1": "3347da07-e272-4231-9711-6b15bc21fe19",
    "nome": "Macedo Teles II",
    "nome_comp": "Res Macedo Teles II",
    "num_bairro": 26,
    "objectid_1": 37,
    "objectid_2": 1,
    "pasta3___1": "Macedo",
    "pasta3___2": "Teles",
    "pasta3___3": " ",
    "pasta3___4": " ",
    "pasta3___5": " ",
    "pasta3__no": "Res Macedo Teles II",
    "pasta3__ob": 433.0,
    "pasta3__te": " ",
    "regiao": "Cidade da Criança",
    "tipo": "BAIRRO"
   },
   "type": "Feature"
  },
  {
   "geometry": {
    "coordinates": [
     -49.418669492624424,
     -20.791252506934544
    ],
    "type": "Point"
   },
   "id": 434,
   "properties": {
    "abrangenci": "VETORAZZO",
    "arquivo": "REGUL",
    "cod_abrg": "01",
    "codigo_sia": 212,
    "cras": "CRAS Jardim Belo Horizonte",
    "fid": 434,
    "fid_1": 435,
    "fid_1_1": 18,
    "globalid_1": "150b0510-72bc-4aea-93e0-7112d4fa2285",
    "nome": "Alice - Jardim",
    "nome_comp": "Jd Alice",
    "num_bairro": 4,
    "objectid_1": 68,
    "objectid_2": 1,
    "pasta3___1": "Alice",
    "pasta3___2": " ",
    "pasta3___3": " ",
    "pasta3___4": " ",
    "pasta3___5": " ",
    "pasta3__no": "Jd Alice",
    "pasta3__ob": 434.0,
    "pasta3__te": " ",
    "regiao": "Cidade da Criança",
    "tipo": "BAIRRO"
   },
   "type": "Feature"
  },
  {
   "geometry": {
    "coordinates": [
     -49.42735440592674,
     -20.786592723937858
    ],
    "type": "Point"
   },
   "id": 435,
   "properties": {
    "abrangenci": "VETORAZZO",
    "arquivo": "REGUL",
    "cod_abrg": "01",
    "codigo_sia": 125,
    "cras": "CRAS Jardim Belo Horizonte",
    "fid": 435,
    "fid_1": 436,
    "fid_1_1": 18,
    "globalid_1": "f09f05dd-65fc-4d1e-92b2-ef9ede00a661",
    "nome": "Jardim Vista Bela",
    "nome_comp": "Jd Vista Bela",
    "num_bairro": 13,
    "objectid_1": 621,
    "objectid_2": 1,
    "pasta3___1": "Vista",
    "pasta3___2": "Bela",
    "pasta3___3": " ",
    "pasta3___4": " ",
    "pasta3___5": " ",
    "pasta3__no": "Jd Vista Bela",
    "pasta3__ob": 435.0,
    "pasta3__te": " ",
    "regiao": "Cidade da Criança",
    "tipo": "BAIRRO"
   },
   "type": "Feature"
  },
  {
   "geometry": {
    "coordinates": [
     -49.427716453240684,
     -20.784099105895464
    ],
    "type": "Point"
   },
   "id": 436,
   "properties": {
    "abrangenci": "VETORAZZO",
    "arquivo": "REGUL",
    "cod_abrg": "01",
    "codigo_sia": 599,
    "cras": "CRAS Jardim Belo Horizonte",
    "fid": 436,
    "fid_1": 437,
    "fid_1_1": 18,
    "globalid_1": "be5aeff6-c765-4ae1-9d4d-75b0c9c22725",
    "nome": "Mário de Mattos - Res.",
    "nome_comp": "Res Mário de Mattos",
    "num_bairro": 27,
    "objectid_1": 668,
    "objectid_2": 1,
    "pasta3___1": "Mário",
    "pasta3___2": " ",
    "pasta3___3": "Mattos",
    "pasta3___4": " ",
    "pasta3___5": " ",
    "pasta3__no": "Res Mário de Mattos",
    "pasta3__ob": 436.0,
    "pasta3__te": " ",
    "regiao": "Cidade da Criança",
    "tipo": "BAIRRO"
   },
   "type": "Feature"
  },
  {
   "geometry": {
    "coordinates": [
     -49.38326379639128,
     -20.763989947040987
    ],
    "type": "Point"
   },
   "id": 437,
   "properties": {
    "abrangenci": "RENASCER",
    "arquivo": "REGUL",
    "cod_abrg": "19",
    "codigo_sia": 520,
    "cras": "CRAS Santo Antônio",
    "fid": 437,
    "fid_1": 438,
    "fid_1_1": 19,
    "globalid_1": "e93cee18-9e55-4db9-bce4-ccaeaffacbdd",
    "nome": "Pq. Rio Elba",
    "nome_comp": "Pq Rio Elba",
    "num_bairro": 17,
    "objectid_1": 500,
    "objectid_2": 19,
    "pasta3___1": "Rio",
    "pasta3___2": "Elba",
    "pasta3___3": " ",
    "pasta3___4": " ",
    "pasta3___5": " ",
    "pasta3__no": "Pq Rio Elba",
    "pasta3__ob": 437.0,
    "pasta3__te": " ",
    "regiao": "CEU",
    "tipo": "CONDOMÍNIO FECHADO VERTICAL"
   },
   "type": "Feature"
  },
  {
   "geometry": {
    "coordinates": [
     -49.38239119470749,
     -20.774957801929855
    ],
    "type": "Point"
   },
   "id": 438,
   "properties": {
    "abrangenci": "RENASCER",
    "arquivo": "REGUL",
    "cod_abrg": "19",
    "codigo_sia": 336,
    "cras": "CRAS Santo Antônio",
    "fid": 438,
    "fid_1": 439,
    "fid_1_1": 19,
    "globalid_1": "16f5d0fc-a628-4250-9b9c-0aae063aa690",
    "nome": "MARAJÓ I - JD.",
    "nome_comp": "Marajó I",
    "num_bairro": 14,
    "objectid_1": 469,
    "objectid_2": 19,
    "pasta3___1": " ",
    "pasta3___2": " ",
    "pasta3___3": " ",
    "pasta3___4": " ",
    "pasta3___5": " ",
    "pasta3__no": "Marajó I",
    "pasta3__ob": 438.0,
    "pasta3__te": "Marajó",
    "regiao": "CEU",
    "tipo": "BAIRRO"
   },
   "type": "Feature"
  },
  {
   "geometry": {
    "coordinates": [
     -49.380632330294965,
     -20.76117171701335
    ],
    "type": "Point"
   },
   "id": 439,
   "properties": {
    "abrangenci": "RENASCER",
    "arquivo": "REGUL",
    "cod_abrg": "19",
    "codigo_sia": 495,
    "cras": "CRAS Santo Antônio",
    "fid": 439,
    "fid_1": 440,
    "fid_1_1": 19,
    "globalid_1": "3a62eb4a-4737-4e22-a415-3692edcb7525",
    "nome": "Recanto Duas Vendas",
    "nome_comp": "Recanto Duas Vendas",
    "num_bairro": 18,
    "objectid_1": 503,
    "objectid_2": 19,
    "pasta3___1": "Duas",
    "pasta3___2": "Vendas",
    "pasta3___3": " ",
    "pasta3___4": " ",
    "pasta3___5": " ",
    "pasta3__no": "Recanto Duas Vendas",
    "pasta3__ob": 439.0,
    "pasta3__te": "Recanto",
    "regiao": "CEU",
    "tipo": "BAIRRO"
   },
   "type": "Feature"
  },
  {
   "geometry": {
    "coordinates": [
     -49.383382528255325,
     -20.765360140489786
    ],
    "type": "Point"
   },
   "id": 440,
   "properties": {
    "abrangenci": "RENASCER",
    "arquivo": " ",
    "cod_abrg": "19",
    "codigo_sia": 424,
    "cras": "CRAS Santo Antônio",
    "fid": 440,
    "fid_1": 441,
    "fid_1_1": 19,
    "globalid_1": "1428b4d3-635e-4e24-92c8-fc88ec7ddf97",
    "nome": "Sebastião Guilher Padilia 03 - Res.",
    "nome_comp": "Res Sebastião Guilherme Padilia 3",
    "num_bairro": 22,
    "objectid_1": 133,
    "objectid_2": 19,
    "pasta3___1": "Sebastião",
    "pasta3___2": "Guilherme",
    "pasta3___3": "Padilia",
    "pasta3___4": " ",
    "pasta3___5": " ",
    "pasta3__no": "Res Sebastião Guilherme Padilia 3",
    "pasta3__ob": 440.0,
    "pasta3__te": " ",
    "regiao": "CEU",
    "tipo": "CONDOMÍNIO FECHADO"
   },
   "type": "Feature"
  },
  {
   "geometry": {
    "coordinates": [
     -49.38336559707806,
     -20.764791763038943
    ],
    "type": "Point"
   },
   "id": 441,
   "properties": {
    "abrangenci": "RENASCER",
    "arquivo": " ",
    "cod_abrg": "19",
    "codigo_sia": 392,
    "cras": "CRAS Santo Antônio",
    "fid": 441,
    "fid_1": 442,
    "fid_1_1": 19,
    "globalid_1": "f823371f-dc9e-43b5-b8a6-24913df0bdac",
    "nome": "Sebastião Guilher Padilia 02 - Res.",
    "nome_comp": "Res Sebastião Guilherme Padilia 2",
    "num_bairro": 21,
    "objectid_1": 134,
    "objectid_2": 19,
    "pasta3___1": "Sebastião",
    "pasta3___2": "Guilherme",
    "pasta3___3": "Padilia",
    "pasta3___4": " ",
    "pasta3___5": " ",
    "pasta3__no": "Res Sebastião Guilherme Padilia 2",
    "pasta3__ob": 441.0,
    "pasta3__te": " ",
    "regiao": "CEU",
    "tipo": "CONDOMÍNIO FECHADO"
   },
   "type": "Feature"
  },
  {
   "geometry": {
    "coordinates": [
     -49.37885729835431,
     -20.749815306114115
    ],
    "type": "Point"
   },
   "id": 442,
   "properties": {
    "abrangenci": "RENASCER",
    "arquivo": "REGUL",
    "cod_abrg": "19",
    "codigo_sia": 521,
    "cras": "CRAS Santo Antônio",
    "fid": 442,
    "fid_1": 443,
    "fid_1_1": 19,
    "globalid_1": "92acfe3d-c46a-4f1c-9e14-d46907bb411c",
    "nome": "Nunes 2",
    "nome_comp": "Nunes 2",
    "num_bairro": 15,
    "objectid_1": 576,
    "objectid_2": 19,
    "pasta3___1": " ",
    "pasta3___2": " ",
    "pasta3___3": " ",
    "pasta3___4": " ",
    "pasta3___5": " ",
    "pasta3__no": "Nunes 2",
    "pasta3__ob": 442.0,
    "pasta3__te": "Nunes",
    "regiao": "CEU",
    "tipo": "BAIRRO"
   },
   "type": "Feature"
  },
  {
   "geometry": {
    "coordinates": [
     -49.38445561158747,
     -20.77545767728054
    ],
    "type": "Point"
   },
   "id": 443,
   "properties": {
    "abrangenci": "RENASCER",
    "arquivo": "REGUL",
    "cod_abrg": "19",
    "codigo_sia": 204,
    "cras": "CRAS Santo Antônio",
    "fid": 443,
    "fid_1": 444,
    "fid_1_1": 19,
    "globalid_1": "865b5b44-9a0f-44d1-ab43-f53a077710cc",
    "nome": "Marajó - Jardim",
    "nome_comp": "Jd Marajó",
    "num_bairro": 11,
    "objectid_1": 369,
    "objectid_2": 19,
    "pasta3___1": "Marajó",
    "pasta3___2": " ",
    "pasta3___3": " ",
    "pasta3___4": " ",
    "pasta3___5": " ",
    "pasta3__no": "Jd Marajó",
    "pasta3__ob": 443.0,
    "pasta3__te": " ",
    "regiao": "CEU",
    "tipo": "BAIRRO"
   },
   "type": "Feature"
  },
  {
   "geometry": {
    "coordinates": [
     -49.38272433289777,
     -20.771241006756963
    ],
    "type": "Point"
   },
   "id": 444,
   "properties": {
    "abrangenci": "RENASCER",
    "arquivo": "REGUL",
    "cod_abrg": "19",
    "codigo_sia": 370,
    "cras": "CRAS Santo Antônio",
    "fid": 444,
    "fid_1": 445,
    "fid_1_1": 19,
    "globalid_1": "9e640059-e9c2-4207-951f-1ffcbc7f9a7a",
    "nome": "JURITI - PARQUE",
    "nome_comp": "Pq Juriti",
    "num_bairro": 16,
    "objectid_1": 376,
    "objectid_2": 19,
    "pasta3___1": "Juriti",
    "pasta3___2": " ",
    "pasta3___3": " ",
    "pasta3___4": " ",
    "pasta3___5": " ",
    "pasta3__no": "Pq Juriti",
    "pasta3__ob": 444.0,
    "pasta3__te": " ",
    "regiao": "CEU",
    "tipo": "BAIRRO"
   },
   "type": "Feature"
  },
  {
   "geometry": {
    "coordinates": [
     -49.37927122244156,
     -20.75359620659994
    ],
    "type": "Point"
   },
   "id": 445,
   "properties": {
    "abrangenci": "RENASCER",
    "arquivo": " ",
    "cod_abrg": "19",
    "codigo_sia": 1010,
    "cras": "CRAS Santo Antônio",
    "fid": 445,
    "fid_1": 446,
    "fid_1_1": 19,
    "globalid_1": "2291983c-ece6-4b92-af35-b77da7fee342",
    "nome": "Suiça - Estância",
    "nome_comp": "Est Suiça",
    "num_bairro": 7,
    "objectid_1": 652,
    "objectid_2": 19,
    "pasta3___1": "Suiça",
    "pasta3___2": " ",
    "pasta3___3": " ",
    "pasta3___4": " ",
    "pasta3___5": " ",
    "pasta3__no": "Est Suiça",
    "pasta3__ob": 445.0,
    "pasta3__te": " ",
    "regiao": "CEU",
    "tipo": "REGULARIZAÇÃO FUNDIÁRIA"
   },
   "type": "Feature"
  },
  {
   "geometry": {
    "coordinates": [
     -49.38338268528545,
     -20.76425978426344
    ],
    "type": "Point"
   },
   "id": 446,
   "properties": {
    "abrangenci": "RENASCER",
    "arquivo": "REGUL",
    "cod_abrg": "19",
    "codigo_sia": 391,
    "cras": "CRAS Santo Antônio",
    "fid": 446,
    "fid_1": 447,
    "fid_1_1": 19,
    "globalid_1": "380a0f88-0c80-4b88-8bff-254bb9641458",
    "nome": "Sebastião Guilher Padilia 01 - Res.",
    "nome_comp": "Res Sebastião Guilherme Padilia 1",
    "num_bairro": 19,
    "objectid_1": 552,
    "objectid_2": 19,
    "pasta3___1": "Sebastião",
    "pasta3___2": "Guilherme",
    "pasta3___3": "Padilia",
    "pasta3___4": " ",
    "pasta3___5": " ",
    "pasta3__no": "Res Sebastião Guilherme Padilia 1",
    "pasta3__ob": 446.0,
    "pasta3__te": " ",
    "regiao": "CEU",
    "tipo": "BAIRRO"
   },
   "type": "Feature"
  },
  {
   "geometry": {
    "coordinates": [
     -49.383387013556884,
     -20.76591035157025
    ],
    "type": "Point"
   },
   "id": 447,
   "properties": {
    "abrangenci": "RENASCER",
    "arquivo": "REGUL",
    "cod_abrg": "19",
    "codigo_sia": 914,
    "cras": "CRAS Santo Antônio",
    "fid": 447,
    "fid_1": 448,
    "fid_1_1": 19,
    "globalid_1": "cc835e96-d2bc-4cbc-a32c-be3118c8a6c7",
    "nome": "Renascer - Lot. Res.",
    "nome_comp": "Res Renascer",
    "num_bairro": 20,
    "objectid_1": 135,
    "objectid_2": 19,
    "pasta3___1": "Renascer",
    "pasta3___2": " ",
    "pasta3___3": " ",
    "pasta3___4": " ",
    "pasta3___5": " ",
    "pasta3__no": "Res Renascer",
    "pasta3__ob": 447.0,
    "pasta3__te": " ",
    "regiao": "CEU",
    "tipo": "BAIRRO"
   },
   "type": "Feature"
  },
  {
   "geometry": {
    "coordinates": [
     -49.38307197762677,
     -20.76792660897247
    ],
    "type": "Point"
   },
   "id": 448,
   "properties": {
    "abrangenci": "RENASCER",
    "arquivo": "REGUL",
    "cod_abrg": "19",
    "codigo_sia": 218,
    "cras": "CRAS Santo Antônio",
    "fid": 448,
    "fid_1": 449,
    "fid_1_1": 19,
    "globalid_1": "ef5fdee4-ef31-4ae9-88ba-a548067a724f",
    "nome": "Simões - Jardim",
    "nome_comp": "Jd Simões",
    "num_bairro": 13,
    "objectid_1": 8,
    "objectid_2": 19,
    "pasta3___1": "Simões",
    "pasta3___2": " ",
    "pasta3___3": " ",
    "pasta3___4": " ",
    "pasta3___5": " ",
    "pasta3__no": "Jd Simões",
    "pasta3__ob": 448.0,
    "pasta3__te": " ",
    "regiao": "CEU",
    "tipo": "BAIRRO"
   },
   "type": "Feature"
  },
  {
   "geometry": {
    "coordinates": [
     -49.37943147399425,
     -20.762839884267976
    ],
    "type": "Point"
   },
   "id": 449,
   "properties": {
    "abrangenci": "RENASCER",
    "arquivo": "REGUL",
    "cod_abrg": "19",
    "codigo_sia": 287,
    "cras": "CRAS Santo Antônio",
    "fid": 449,
    "fid_1": 450,
    "fid_1_1": 19,
    "globalid_1": "a0f61797-900d-4585-b869-b39f77986f8d",
    "nome": "Centenário da Emancipação - Minidist. Ind.",
    "nome_comp": "Centenário da Emancipação",
    "num_bairro": 3,
    "objectid_1": 13,
    "objectid_2": 19,
    "pasta3___1": " ",
    "pasta3___2": "Emancipação",
    "pasta3___3": " ",
    "pasta3___4": " ",
    "pasta3___5": " ",
    "pasta3__no": "Centenário da Emancipação",
    "pasta3__ob": 449.0,
    "pasta3__te": "Centenário",
    "regiao": "CEU",
    "tipo": "MINI DISTRITO"
   },
   "type": "Feature"
  },
  {
   "geometry": {
    "coordinates": [
     -49.37987564435579,
     -20.765312588471943
    ],
    "type": "Point"
   },
   "id": 450,
   "properties": {
    "abrangenci": "RENASCER",
    "arquivo": "REGUL",
    "cod_abrg": "19",
    "codigo_sia": 368,
    "cras": "CRAS Santo Antônio",
    "fid": 450,
    "fid_1": 452,
    "fid_1_1": 19,
    "globalid_1": "197e5821-f2fe-43a1-9b2d-b27459740a30",
    "nome": "S. J. Rio Preto F - Duas Vendas - Conj. Hab.",
    "nome_comp": "Chac Duas Vendas",
    "num_bairro": 5,
    "objectid_1": 62,
    "objectid_2": 19,
    "pasta3___1": "Duas",
    "pasta3___2": "Vendas",
    "pasta3___3": " ",
    "pasta3___4": " ",
    "pasta3___5": " ",
    "pasta3__no": "Chac Duas Vendas",
    "pasta3__ob": 450.0,
    "pasta3__te": " ",
    "regiao": "CEU",
    "tipo": "BAIRRO"
   },
   "type": "Feature"
  },
  {
   "geometry": {
    "coordinates": [
     -49.38148059641743,
     -20.77000749584674
    ],
    "type": "Point"
   },
   "id": 451,
   "properties": {
    "abrangenci": "RENASCER",
    "arquivo": "REGUL",
    "cod_abrg": "19",
    "codigo_sia": 393,
    "cras": "CRAS Santo Antônio",
    "fid": 451,
    "fid_1": 453,
    "fid_1_1": 19,
    "globalid_1": "c1e00bd3-32c7-4548-bac3-50ca448a732f",
    "nome": "Jardim Helena",
    "nome_comp": "Jd Helena",
    "num_bairro": 10,
    "objectid_1": 397,
    "objectid_2": 19,
    "pasta3___1": "Helena",
    "pasta3___2": " ",
    "pasta3___3": " ",
    "pasta3___4": " ",
    "pasta3___5": " ",
    "pasta3__no": "Jd Helena",
    "pasta3__ob": 451.0,
    "pasta3__te": " ",
    "regiao": "CEU",
    "tipo": "JARDIM"
   },
   "type": "Feature"
  },
  {
   "geometry": {
    "coordinates": [
     -49.38491961538716,
     -20.771688319122774
    ],
    "type": "Point"
   },
   "id": 452,
   "properties": {
    "abrangenci": "RENASCER",
    "arquivo": "REGUL",
    "cod_abrg": "19",
    "codigo_sia": 613,
    "cras": "CRAS Santo Antônio",
    "fid": 452,
    "fid_1": 456,
    "fid_1_1": 19,
    "globalid_1": "7887d444-34f7-4d7e-86b1-d7a27d1eae59",
    "nome": "Alpes do Norte",
    "nome_comp": "Alpes do Norte",
    "num_bairro": 2,
    "objectid_1": 2882,
    "objectid_2": 19,
    "pasta3___1": " ",
    "pasta3___2": " ",
    "pasta3___3": " ",
    "pasta3___4": " ",
    "pasta3___5": " ",
    "pasta3__no": "Alpes do Norte",
    "pasta3__ob": 452.0,
    "pasta3__te": "Alpes",
    "regiao": "CEU",
    "tipo": "BAIRRO"
   },
   "type": "Feature"
  },
  {
   "geometry": {
    "coordinates": [
     -49.379277543314856,
     -20.769254088407035
    ],
    "type": "Point"
   },
   "id": 453,
   "properties": {
    "abrangenci": "RENASCER",
    "arquivo": "REGUL",
    "cod_abrg": "19",
    "codigo_sia": 602,
    "cras": "CRAS Santo Antônio",
    "fid": 453,
    "fid_1": 457,
    "fid_1_1": 19,
    "globalid_1": "845609da-62b7-4f41-9409-0cf51aeb10b2",
    "nome": "Jardim Paris",
    "nome_comp": "Jd Paris",
    "num_bairro": 12,
    "objectid_1": 961,
    "objectid_2": 19,
    "pasta3___1": "Paris",
    "pasta3___2": " ",
    "pasta3___3": " ",
    "pasta3___4": " ",
    "pasta3___5": " ",
    "pasta3__no": "Jd Paris",
    "pasta3__ob": 453.0,
    "pasta3__te": " ",
    "regiao": "CEU",
    "tipo": "CONDOMÍNIO FECHADO VERTICAL"
   },
   "type": "Feature"
  },
  {
   "geometry": {
    "coordinates": [
     -49.37926931646908,
     -20.77003254155926
    ],
    "type": "Point"
   },
   "id": 454,
   "properties": {
    "abrangenci": "RENASCER",
    "arquivo": " ",
    "cod_abrg": "19",
    "codigo_sia": 638,
    "cras": "CRAS Santo Antônio",
    "fid": 454,
    "fid_1": 458,
    "fid_1_1": 19,
    "globalid_1": "2ac97dd9-75fe-4ef4-8832-fd49f6dcda97",
    "nome": "Forlife Parque Norte",
    "nome_comp": "Forlife Pq Norte",
    "num_bairro": 9,
    "objectid_1": 9601,
    "objectid_2": 19,
    "pasta3___1": " ",
    "pasta3___2": " ",
    "pasta3___3": " ",
    "pasta3___4": " ",
    "pasta3___5": " ",
    "pasta3__no": "Forlife Pq Norte",
    "pasta3__ob": 454.0,
    "pasta3__te": "Forlife",
    "regiao": "CEU",
    "tipo": " "
   },
   "type": "Feature"
  },
  {
   "geometry": {
    "coordinates": [
     -49.381481725173515,
     -20.7723693769779
    ],
    "type": "Point"
   },
   "id": 455,
   "properties": {
    "abrangenci": "RENASCER",
    "arquivo": " ",
    "cod_abrg": "19",
    "codigo_sia": 639,
    "cras": "CRAS Santo Antônio",
    "fid": 455,
    "fid_1": 459,
    "fid_1_1": 19,
    "globalid_1": "5c22bc31-41bd-4bd0-bd6b-bf82a3a08a7f",
    "nome": "Forlife Cidade Norte",
    "nome_comp": "Forlife Cidade Norte",
    "num_bairro": 8,
    "objectid_1": 10562,
    "objectid_2": 19,
    "pasta3___1": " ",
    "pasta3___2": " ",
    "pasta3___3": " ",
    "pasta3___4": " ",
    "pasta3___5": " ",
    "pasta3__no": "Forlife Cidade Norte",
    "pasta3__ob": 455.0,
    "pasta3__te": "Forlife",
    "regiao": "CEU",
    "tipo": " "
   },
   "type": "Feature"
  },
  {
   "geometry": {
    "coordinates": [
     -49.38005690694472,
     -20.721970476895713
    ],
    "type": "Point"
   },
   "id": 456,
   "properties": {
    "abrangenci": "RENASCER",
    "arquivo": "REGUL",
    "cod_abrg": "19",
    "codigo_sia": 614,
    "cras": "CRAS João Paulo II",
    "fid": 456,
    "fid_1": 455,
    "fid_1_1": 19,
    "globalid_1": "0399da03-440f-4047-8f78-49b7eaff809a",
    "nome": "Egydio Zani",
    "nome_comp": "Egydio Zani",
    "num_bairro": 6,
    "objectid_1": 3841,
    "objectid_2": 19,
    "pasta3___1": "Zani",
    "pasta3___2": " ",
    "pasta3___3": " ",
    "pasta3___4": " ",
    "pasta3___5": " ",
    "pasta3__no": "Egydio Zani",
    "pasta3__ob": 456.0,
    "pasta3__te": "Egydio",
    "regiao": "Bosque",
    "tipo": "BAIRRO"
   },
   "type": "Feature"
  },
  {
   "geometry": {
    "coordinates": [
     -49.35780185035469,
     -20.772119373841633
    ],
    "type": "Point"
   },
   "id": 457,
   "properties": {
    "abrangenci": "JOÃO PAULO II / JAGUARÉ",
    "arquivo": "REGUL",
    "cod_abrg": "05",
    "codigo_sia": 327,
    "cras": "CRAS João Paulo II",
    "fid": 457,
    "fid_1": 460,
    "fid_1_1": 20,
    "globalid_1": "8f8ce771-c858-4df7-9075-7db99fd3d6e8",
    "nome": "Castelinho III - Jardim",
    "nome_comp": "Jd Castelinho III",
    "num_bairro": 5,
    "objectid_1": 406,
    "objectid_2": 5,
    "pasta3___1": "Castelinho",
    "pasta3___2": " ",
    "pasta3___3": " ",
    "pasta3___4": " ",
    "pasta3___5": " ",
    "pasta3__no": "Jd Castelinho III",
    "pasta3__ob": 457.0,
    "pasta3__te": " ",
    "regiao": "Bosque",
    "tipo": "BAIRRO"
   },
   "type": "Feature"
  },
  {
   "geometry": {
    "coordinates": [
     -49.37444653308613,
     -20.765688719462553
    ],
    "type": "Point"
   },
   "id": 458,
   "properties": {
    "abrangenci": "JOÃO PAULO II / JAGUARÉ",
    "arquivo": "REGUL",
    "cod_abrg": "05",
    "codigo_sia": 548,
    "cras": "CRAS João Paulo II",
    "fid": 458,
    "fid_1": 461,
    "fid_1_1": 20,
    "globalid_1": "abb776ff-3064-4d5d-89af-9188baa07ab6",
    "nome": "Res. Nevada",
    "nome_comp": "Res Nevada",
    "num_bairro": 31,
    "objectid_1": 519,
    "objectid_2": 5,
    "pasta3___1": "Nevada",
    "pasta3___2": " ",
    "pasta3___3": " ",
    "pasta3___4": " ",
    "pasta3___5": " ",
    "pasta3__no": "Res Nevada",
    "pasta3__ob": 458.0,
    "pasta3__te": " ",
    "regiao": "Bosque",
    "tipo": "LOTEAMENTO FECHADO"
   },
   "type": "Feature"
  },
  {
   "geometry": {
    "coordinates": [
     -49.35413622275433,
     -20.77782970016631
    ],
    "type": "Point"
   },
   "id": 459,
   "properties": {
    "abrangenci": "JOÃO PAULO II / JAGUARÉ",
    "arquivo": "REGUL",
    "cod_abrg": "05",
    "codigo_sia": 425,
    "cras": "CRAS João Paulo II",
    "fid": 459,
    "fid_1": 462,
    "fid_1_1": 20,
    "globalid_1": "b60556ce-e001-4630-8108-cb5df38e2353",
    "nome": "Valle Verde II - Res.",
    "nome_comp": "Res Valle Verde II",
    "num_bairro": 33,
    "objectid_1": 550,
    "objectid_2": 5,
    "pasta3___1": "Valle",
    "pasta3___2": "Verde",
    "pasta3___3": " ",
    "pasta3___4": " ",
    "pasta3___5": " ",
    "pasta3__no": "Res Valle Verde II",
    "pasta3__ob": 459.0,
    "pasta3__te": " ",
    "regiao": "Bosque",
    "tipo": "CONDOMÍNIO FECHADO"
   },
   "type": "Feature"
  },
  {
   "geometry": {
    "coordinates": [
     -49.35417291173502,
     -20.7783582789784
    ],
    "type": "Point"
   },
   "id": 460,
   "properties": {
    "abrangenci": "JOÃO PAULO II / JAGUARÉ",
    "arquivo": "REGUL",
    "cod_abrg": "05",
    "codigo_sia": 427,
    "cras": "CRAS João Paulo II",
    "fid": 460,
    "fid_1": 463,
    "fid_1_1": 20,
    "globalid_1": "d6af3a14-0b1a-40fd-abc8-69955dcd71bc",
    "nome": "Vale Verde III - Res",
    "nome_comp": "Res Vale Verde III",
    "num_bairro": 32,
    "objectid_1": 582,
    "objectid_2": 5,
    "pasta3___1": "Vale",
    "pasta3___2": "Verde",
    "pasta3___3": " ",
    "pasta3___4": " ",
    "pasta3___5": " ",
    "pasta3__no": "Res Vale Verde III",
    "pasta3__ob": 460.0,
    "pasta3__te": " ",
    "regiao": "Bosque",
    "tipo": "CONDOMÍNIO FECHADO"
   },
   "type": "Feature"
  },
  {
   "geometry": {
    "coordinates": [
     -49.3716100900058,
     -20.766504077646193
    ],
    "type": "Point"
   },
   "id": 461,
   "properties": {
    "abrangenci": "JOÃO PAULO II / JAGUARÉ",
    "arquivo": "REGUL",
    "cod_abrg": "05",
    "codigo_sia": 454,
    "cras": "CRAS João Paulo II",
    "fid": 461,
    "fid_1": 464,
    "fid_1_1": 20,
    "globalid_1": "b5904525-78fd-4211-b39a-55669ff45e63",
    "nome": "Res. Vitória Régia",
    "nome_comp": "Res Vitória Régia",
    "num_bairro": 34,
    "objectid_1": 606,
    "objectid_2": 5,
    "pasta3___1": "Vitória",
    "pasta3___2": "Régia",
    "pasta3___3": " ",
    "pasta3___4": " ",
    "pasta3___5": " ",
    "pasta3__no": "Res Vitória Régia",
    "pasta3__ob": 461.0,
    "pasta3__te": " ",
    "regiao": "Bosque",
    "tipo": "CONDOMÍNIO FECHADO"
   },
   "type": "Feature"
  },
  {
   "geometry": {
    "coordinates": [
     -49.37056308130387,
     -20.767415066355568
    ],
    "type": "Point"
   },
   "id": 462,
   "properties": {
    "abrangenci": "JOÃO PAULO II / JAGUARÉ",
    "arquivo": "REGUL",
    "cod_abrg": "05",
    "codigo_sia": 906,
    "cras": "CRAS João Paulo II",
    "fid": 462,
    "fid_1": 465,
    "fid_1_1": 20,
    "globalid_1": "77fd5ee3-6997-4465-ab4f-01cbaf54b426",
    "nome": "Juliana - Lot. Jd.",
    "nome_comp": "Lot Jd Juliana",
    "num_bairro": 18,
    "objectid_1": 493,
    "objectid_2": 5,
    "pasta3___1": " ",
    "pasta3___2": "Juliana",
    "pasta3___3": " ",
    "pasta3___4": " ",
    "pasta3___5": " ",
    "pasta3__no": "Lot Jd Juliana",
    "pasta3__ob": 462.0,
    "pasta3__te": " ",
    "regiao": "Bosque",
    "tipo": "BAIRRO"
   },
   "type": "Feature"
  },
  {
   "geometry": {
    "coordinates": [
     -49.36038361936697,
     -20.785172255420395
    ],
    "type": "Point"
   },
   "id": 463,
   "properties": {
    "abrangenci": "JOÃO PAULO II / JAGUARÉ",
    "arquivo": "REGUL",
    "cod_abrg": "05",
    "codigo_sia": 115,
    "cras": "CRAS João Paulo II",
    "fid": 463,
    "fid_1": 466,
    "fid_1_1": 20,
    "globalid_1": "c47ef892-4a8a-4891-b315-ebbce819f7bc",
    "nome": "Nazaré - Jardim",
    "nome_comp": "Jd Nazaré",
    "num_bairro": 10,
    "objectid_1": 89,
    "objectid_2": 5,
    "pasta3___1": "Nazaré",
    "pasta3___2": " ",
    "pasta3___3": " ",
    "pasta3___4": " ",
    "pasta3___5": " ",
    "pasta3__no": "Jd Nazaré",
    "pasta3__ob": 463.0,
    "pasta3__te": " ",
    "regiao": "Bosque",
    "tipo": "BAIRRO"
   },
   "type": "Feature"
  },
  {
   "geometry": {
    "coordinates": [
     -49.36988146285825,
     -20.76747074031779
    ],
    "type": "Point"
   },
   "id": 464,
   "properties": {
    "abrangenci": "JOÃO PAULO II / JAGUARÉ",
    "arquivo": "REGUL",
    "cod_abrg": "05",
    "codigo_sia": 907,
    "cras": "CRAS João Paulo II",
    "fid": 464,
    "fid_1": 467,
    "fid_1_1": 20,
    "globalid_1": "5b2149bd-8a28-4df5-9d56-56daf78d93f7",
    "nome": "Juliana II - Lot. Jd.",
    "nome_comp": "Lot Jd Juliana II",
    "num_bairro": 19,
    "objectid_1": 458,
    "objectid_2": 5,
    "pasta3___1": " ",
    "pasta3___2": "Juliana",
    "pasta3___3": " ",
    "pasta3___4": " ",
    "pasta3___5": " ",
    "pasta3__no": "Lot Jd Juliana II",
    "pasta3__ob": 464.0,
    "pasta3__te": " ",
    "regiao": "Bosque",
    "tipo": "BAIRRO"
   },
   "type": "Feature"
  },
  {
   "geometry": {
    "coordinates": [
     -49.36794902411623,
     -20.776576484502293
    ],
    "type": "Point"
   },
   "id": 465,
   "properties": {
    "abrangenci": "JOÃO PAULO II / JAGUARÉ",
    "arquivo": "REGUL",
    "cod_abrg": "05",
    "codigo_sia": 399,
    "cras": "CRAS João Paulo II",
    "fid": 465,
    "fid_1": 468,
    "fid_1_1": 20,
    "globalid_1": "082592eb-1d8b-4186-977c-f99ca2cdad6e",
    "nome": "João Paulo II mini 1 - Minidist. Ind.",
    "nome_comp": "MD I João Paulo II",
    "num_bairro": 23,
    "objectid_1": 407,
    "objectid_2": 5,
    "pasta3___1": " ",
    "pasta3___2": "João",
    "pasta3___3": "Paulo",
    "pasta3___4": " ",
    "pasta3___5": " ",
    "pasta3__no": "MD I João Paulo II",
    "pasta3__ob": 465.0,
    "pasta3__te": " ",
    "regiao": "Bosque",
    "tipo": "MINI DISTRITO"
   },
   "type": "Feature"
  },
  {
   "geometry": {
    "coordinates": [
     -49.36026300975107,
     -20.770820510906574
    ],
    "type": "Point"
   },
   "id": 466,
   "properties": {
    "abrangenci": "JOÃO PAULO II / JAGUARÉ",
    "arquivo": "REGUL",
    "cod_abrg": "05",
    "codigo_sia": 401,
    "cras": "CRAS João Paulo II",
    "fid": 466,
    "fid_1": 469,
    "fid_1_1": 20,
    "globalid_1": "668cb7ba-e100-4263-b537-60cf54c5a6e7",
    "nome": "João Paulo II  mini 2 - Minidistrito Ind.",
    "nome_comp": "MD II João Paulo II",
    "num_bairro": 24,
    "objectid_1": 409,
    "objectid_2": 5,
    "pasta3___1": " ",
    "pasta3___2": "João",
    "pasta3___3": "Paulo",
    "pasta3___4": " ",
    "pasta3___5": " ",
    "pasta3__no": "MD II João Paulo II",
    "pasta3__ob": 466.0,
    "pasta3__te": " ",
    "regiao": "Bosque",
    "tipo": "MINI DISTRITO"
   },
   "type": "Feature"
  },
  {
   "geometry": {
    "coordinates": [
     -49.36077250666822,
     -20.770510693114808
    ],
    "type": "Point"
   },
   "id": 467,
   "properties": {
    "abrangenci": "JOÃO PAULO II / JAGUARÉ",
    "arquivo": "REGUL",
    "cod_abrg": "05",
    "codigo_sia": 400,
    "cras": "CRAS João Paulo II",
    "fid": 467,
    "fid_1": 470,
    "fid_1_1": 20,
    "globalid_1": "9c79b9bb-c2c3-4f16-8829-dd05c0fa3b8e",
    "nome": "Ernesto Garcia Lopes - Minidistrito Ind.",
    "nome_comp": "MD Ernesto Garcia Lopes",
    "num_bairro": 21,
    "objectid_1": 410,
    "objectid_2": 5,
    "pasta3___1": "Ernesto",
    "pasta3___2": "Garcia",
    "pasta3___3": "Lopes",
    "pasta3___4": " ",
    "pasta3___5": " ",
    "pasta3__no": "MD Ernesto Garcia Lopes",
    "pasta3__ob": 467.0,
    "pasta3__te": " ",
    "regiao": "Bosque",
    "tipo": "MINI DISTRITO"
   },
   "type": "Feature"
  },
  {
   "geometry": {
    "coordinates": [
     -49.370477849991055,
     -20.77106367100439
    ],
    "type": "Point"
   },
   "id": 468,
   "properties": {
    "abrangenci": "JOÃO PAULO II / JAGUARÉ",
    "arquivo": "REGUL",
    "cod_abrg": "05",
    "codigo_sia": 901,
    "cras": "CRAS João Paulo II",
    "fid": 468,
    "fid_1": 471,
    "fid_1_1": 20,
    "globalid_1": "f394e20a-1e4f-44a3-a76c-f60324c818ff",
    "nome": "São João I - V. Elmaz",
    "nome_comp": "São João I",
    "num_bairro": 36,
    "objectid_1": 428,
    "objectid_2": 5,
    "pasta3___1": "João",
    "pasta3___2": " ",
    "pasta3___3": " ",
    "pasta3___4": " ",
    "pasta3___5": " ",
    "pasta3__no": "São João I",
    "pasta3__ob": 468.0,
    "pasta3__te": "São",
    "regiao": "Bosque",
    "tipo": "BAIRRO"
   },
   "type": "Feature"
  },
  {
   "geometry": {
    "coordinates": [
     -49.37068721503654,
     -20.771978646553844
    ],
    "type": "Point"
   },
   "id": 469,
   "properties": {
    "abrangenci": "JOÃO PAULO II / JAGUARÉ",
    "arquivo": "REGUL",
    "cod_abrg": "05",
    "codigo_sia": 933,
    "cras": "CRAS João Paulo II",
    "fid": 469,
    "fid_1": 472,
    "fid_1_1": 20,
    "globalid_1": "0c3fc864-ea44-4883-b8a2-46572282152e",
    "nome": "São João II - V. Elmaz",
    "nome_comp": "São João II",
    "num_bairro": 37,
    "objectid_1": 429,
    "objectid_2": 5,
    "pasta3___1": "João",
    "pasta3___2": " ",
    "pasta3___3": " ",
    "pasta3___4": " ",
    "pasta3___5": " ",
    "pasta3__no": "São João II",
    "pasta3__ob": 469.0,
    "pasta3__te": "São",
    "regiao": "Bosque",
    "tipo": "BAIRRO"
   },
   "type": "Feature"
  },
  {
   "geometry": {
    "coordinates": [
     -49.369611070546235,
     -20.770776876877726
    ],
    "type": "Point"
   },
   "id": 470,
   "properties": {
    "abrangenci": "JOÃO PAULO II / JAGUARÉ",
    "arquivo": "REGUL",
    "cod_abrg": "05",
    "codigo_sia": 232,
    "cras": "CRAS João Paulo II",
    "fid": 470,
    "fid_1": 473,
    "fid_1_1": 20,
    "globalid_1": "5d385c67-66e5-4350-bd03-f5aa78777ef0",
    "nome": "Flor do Bairro -Jd.",
    "nome_comp": "Jd Flor do Bairro",
    "num_bairro": 7,
    "objectid_1": 430,
    "objectid_2": 5,
    "pasta3___1": "Flor",
    "pasta3___2": " ",
    "pasta3___3": "Bairro",
    "pasta3___4": " ",
    "pasta3___5": " ",
    "pasta3__no": "Jd Flor do Bairro",
    "pasta3__ob": 470.0,
    "pasta3__te": " ",
    "regiao": "Bosque",
    "tipo": "BAIRRO"
   },
   "type": "Feature"
  },
  {
   "geometry": {
    "coordinates": [
     -49.370985840852036,
     -20.77286699259131
    ],
    "type": "Point"
   },
   "id": 471,
   "properties": {
    "abrangenci": "JOÃO PAULO II / JAGUARÉ",
    "arquivo": "REGUL",
    "cod_abrg": "05",
    "codigo_sia": 230,
    "cras": "CRAS João Paulo II",
    "fid": 471,
    "fid_1": 474,
    "fid_1_1": 20,
    "globalid_1": "e4a92c87-305b-4a0e-b482-c3f08b2cba0c",
    "nome": "São João - Estância",
    "nome_comp": "Est São João (Jaguaré)",
    "num_bairro": 3,
    "objectid_1": 431,
    "objectid_2": 5,
    "pasta3___1": " ",
    "pasta3___2": "João",
    "pasta3___3": " ",
    "pasta3___4": " ",
    "pasta3___5": " ",
    "pasta3__no": "Est São João (Jaguaré)",
    "pasta3__ob": 471.0,
    "pasta3__te": " ",
    "regiao": "Bosque",
    "tipo": "REGULARIZAÇÃO FUNDIÁRIA"
   },
   "type": "Feature"
  },
  {
   "geometry": {
    "coordinates": [
     -49.36598388767659,
     -20.7682197911593
    ],
    "type": "Point"
   },
   "id": 472,
   "properties": {
    "abrangenci": "JOÃO PAULO II / JAGUARÉ",
    "arquivo": "REGUL",
    "cod_abrg": "05",
    "codigo_sia": 329,
    "cras": "CRAS João Paulo II",
    "fid": 472,
    "fid_1": 475,
    "fid_1_1": 20,
    "globalid_1": "e85c1b45-51ec-4902-b4bc-d1e5f6f54778",
    "nome": "Garcia I - Res.",
    "nome_comp": "Res Garcia I",
    "num_bairro": 28,
    "objectid_1": 445,
    "objectid_2": 5,
    "pasta3___1": "Garcia",
    "pasta3___2": " ",
    "pasta3___3": " ",
    "pasta3___4": " ",
    "pasta3___5": " ",
    "pasta3__no": "Res Garcia I",
    "pasta3__ob": 472.0,
    "pasta3__te": " ",
    "regiao": "Bosque",
    "tipo": "BAIRRO"
   },
   "type": "Feature"
  },
  {
   "geometry": {
    "coordinates": [
     -49.36459209590502,
     -20.768622408414405
    ],
    "type": "Point"
   },
   "id": 473,
   "properties": {
    "abrangenci": "JOÃO PAULO II / JAGUARÉ",
    "arquivo": "REGUL",
    "cod_abrg": "05",
    "codigo_sia": 330,
    "cras": "CRAS João Paulo II",
    "fid": 473,
    "fid_1": 476,
    "fid_1_1": 20,
    "globalid_1": "3dc640d5-296b-49fd-813f-11e3549ff1a4",
    "nome": "Garcia II - Res.",
    "nome_comp": "Res Garcia II",
    "num_bairro": 29,
    "objectid_1": 355,
    "objectid_2": 5,
    "pasta3___1": "Garcia",
    "pasta3___2": " ",
    "pasta3___3": " ",
    "pasta3___4": " ",
    "pasta3___5": " ",
    "pasta3__no": "Res Garcia II",
    "pasta3__ob": 473.0,
    "pasta3__te": " ",
    "regiao": "Bosque",
    "tipo": "BAIRRO"
   },
   "type": "Feature"
  },
  {
   "geometry": {
    "coordinates": [
     -49.36708228199383,
     -20.78460236382268
    ],
    "type": "Point"
   },
   "id": 474,
   "properties": {
    "abrangenci": "JOÃO PAULO II / JAGUARÉ",
    "arquivo": "REGUL",
    "cod_abrg": "05",
    "codigo_sia": 323,
    "cras": "CRAS João Paulo II",
    "fid": 474,
    "fid_1": 477,
    "fid_1_1": 20,
    "globalid_1": "41b28877-0651-41d0-abb3-57ad9c591785",
    "nome": "Santa Rosa II - Jardim",
    "nome_comp": "Jd Santa Rosa II",
    "num_bairro": 11,
    "objectid_1": 366,
    "objectid_2": 5,
    "pasta3___1": "Santa",
    "pasta3___2": "Rosa",
    "pasta3___3": " ",
    "pasta3___4": " ",
    "pasta3___5": " ",
    "pasta3__no": "Jd Santa Rosa II",
    "pasta3__ob": 474.0,
    "pasta3__te": " ",
    "regiao": "Bosque",
    "tipo": "BAIRRO"
   },
   "type": "Feature"
  },
  {
   "geometry": {
    "coordinates": [
     -49.37005727166708,
     -20.77840544962346
    ],
    "type": "Point"
   },
   "id": 475,
   "properties": {
    "abrangenci": "JOÃO PAULO II / JAGUARÉ",
    "arquivo": "REGUL",
    "cod_abrg": "05",
    "codigo_sia": 164,
    "cras": "CRAS João Paulo II",
    "fid": 475,
    "fid_1": 478,
    "fid_1_1": 20,
    "globalid_1": "b5efc561-72b5-421d-9d5d-a72d36c5f2c8",
    "nome": "Seyon - Jardim",
    "nome_comp": "Jd Seyon",
    "num_bairro": 14,
    "objectid_1": 374,
    "objectid_2": 5,
    "pasta3___1": "Seyon",
    "pasta3___2": " ",
    "pasta3___3": " ",
    "pasta3___4": " ",
    "pasta3___5": " ",
    "pasta3__no": "Jd Seyon",
    "pasta3__ob": 475.0,
    "pasta3__te": " ",
    "regiao": "Bosque",
    "tipo": "BAIRRO"
   },
   "type": "Feature"
  },
  {
   "geometry": {
    "coordinates": [
     -49.372196208897385,
     -20.77896218382715
    ],
    "type": "Point"
   },
   "id": 476,
   "properties": {
    "abrangenci": "JOÃO PAULO II / JAGUARÉ",
    "arquivo": "REGUL",
    "cod_abrg": "05",
    "codigo_sia": 912,
    "cras": "CRAS João Paulo II",
    "fid": 476,
    "fid_1": 479,
    "fid_1_1": 20,
    "globalid_1": "e52c5eb5-5040-4a2a-a866-4a75bd4ad2fe",
    "nome": "Senedu - Jd.",
    "nome_comp": "Jd Senedu",
    "num_bairro": 13,
    "objectid_1": 598,
    "objectid_2": 5,
    "pasta3___1": "Senedu",
    "pasta3___2": " ",
    "pasta3___3": " ",
    "pasta3___4": " ",
    "pasta3___5": " ",
    "pasta3__no": "Jd Senedu",
    "pasta3__ob": 476.0,
    "pasta3__te": " ",
    "regiao": "Bosque",
    "tipo": "BAIRRO"
   },
   "type": "Feature"
  },
  {
   "geometry": {
    "coordinates": [
     -49.37258248109667,
     -20.777922801301752
    ],
    "type": "Point"
   },
   "id": 477,
   "properties": {
    "abrangenci": "JOÃO PAULO II / JAGUARÉ",
    "arquivo": "REGUL",
    "cod_abrg": "05",
    "codigo_sia": 321,
    "cras": "CRAS João Paulo II",
    "fid": 477,
    "fid_1": 480,
    "fid_1_1": 20,
    "globalid_1": "6b7dfd33-7c98-442e-8ec1-1e1e65fdc60d",
    "nome": "Flores II -Pq das",
    "nome_comp": "Pq das FloRes II",
    "num_bairro": 25,
    "objectid_1": 281,
    "objectid_2": 5,
    "pasta3___1": " ",
    "pasta3___2": "Flores",
    "pasta3___3": " ",
    "pasta3___4": " ",
    "pasta3___5": " ",
    "pasta3__no": "Pq das FloRes II",
    "pasta3__ob": 477.0,
    "pasta3__te": " ",
    "regiao": "Bosque",
    "tipo": "BAIRRO"
   },
   "type": "Feature"
  },
  {
   "geometry": {
    "coordinates": [
     -49.37208154802933,
     -20.766472696725643
    ],
    "type": "Point"
   },
   "id": 478,
   "properties": {
    "abrangenci": "JOÃO PAULO II / JAGUARÉ",
    "arquivo": "REGUL",
    "cod_abrg": "05",
    "codigo_sia": 911,
    "cras": "CRAS João Paulo II",
    "fid": 478,
    "fid_1": 481,
    "fid_1_1": 20,
    "globalid_1": "f9e76af7-941c-454e-97bb-7d48ae4c7ed7",
    "nome": "Azulão - Lot.",
    "nome_comp": "Lot Azulão",
    "num_bairro": 20,
    "objectid_1": 303,
    "objectid_2": 5,
    "pasta3___1": "Azulão",
    "pasta3___2": " ",
    "pasta3___3": " ",
    "pasta3___4": " ",
    "pasta3___5": " ",
    "pasta3__no": "Lot Azulão",
    "pasta3__ob": 478.0,
    "pasta3__te": " ",
    "regiao": "Bosque",
    "tipo": "BAIRRO"
   },
   "type": "Feature"
  },
  {
   "geometry": {
    "coordinates": [
     -49.37549723252841,
     -20.766559197055933
    ],
    "type": "Point"
   },
   "id": 479,
   "properties": {
    "abrangenci": "JOÃO PAULO II / JAGUARÉ",
    "arquivo": "REGUL",
    "cod_abrg": "05",
    "codigo_sia": 470,
    "cras": "CRAS João Paulo II",
    "fid": 479,
    "fid_1": 482,
    "fid_1_1": 20,
    "globalid_1": "674c9632-fd7a-492a-aee7-beaedf6c3e20",
    "nome": "Jardim Norte",
    "nome_comp": "Res Jd Norte",
    "num_bairro": 35,
    "objectid_1": 320,
    "objectid_2": 5,
    "pasta3___1": " ",
    "pasta3___2": "Norte",
    "pasta3___3": " ",
    "pasta3___4": " ",
    "pasta3___5": " ",
    "pasta3__no": "Res Jd Norte",
    "pasta3__ob": 479.0,
    "pasta3__te": " ",
    "regiao": "Bosque",
    "tipo": "BAIRRO"
   },
   "type": "Feature"
  },
  {
   "geometry": {
    "coordinates": [
     -49.37069199973324,
     -20.775714331278184
    ],
    "type": "Point"
   },
   "id": 480,
   "properties": {
    "abrangenci": "JOÃO PAULO II / JAGUARÉ",
    "arquivo": "REGUL",
    "cod_abrg": "05",
    "codigo_sia": 337,
    "cras": "CRAS João Paulo II",
    "fid": 480,
    "fid_1": 483,
    "fid_1_1": 20,
    "globalid_1": "99ed90a4-ff51-4f56-8a40-7064c864ef51",
    "nome": "Giuliane I - Minidist. Ind.",
    "nome_comp": "MD Giuliane I",
    "num_bairro": 22,
    "objectid_1": 161,
    "objectid_2": 5,
    "pasta3___1": "Giuliane",
    "pasta3___2": " ",
    "pasta3___3": " ",
    "pasta3___4": " ",
    "pasta3___5": " ",
    "pasta3__no": "MD Giuliane I",
    "pasta3__ob": 480.0,
    "pasta3__te": " ",
    "regiao": "Bosque",
    "tipo": "MINI DISTRITO"
   },
   "type": "Feature"
  },
  {
   "geometry": {
    "coordinates": [
     -49.359056277392256,
     -20.77625459093771
    ],
    "type": "Point"
   },
   "id": 481,
   "properties": {
    "abrangenci": "JOÃO PAULO II / JAGUARÉ",
    "arquivo": "REGUL",
    "cod_abrg": "05",
    "codigo_sia": 217,
    "cras": "CRAS João Paulo II",
    "fid": 481,
    "fid_1": 484,
    "fid_1_1": 20,
    "globalid_1": "41f6ba1e-5c9a-4217-b804-de2ff99613c6",
    "nome": "Bosque da Felicidade",
    "nome_comp": "Bosque da Felicidade",
    "num_bairro": 1,
    "objectid_1": 177,
    "objectid_2": 5,
    "pasta3___1": " ",
    "pasta3___2": "Felicidade",
    "pasta3___3": " ",
    "pasta3___4": " ",
    "pasta3___5": " ",
    "pasta3__no": "Bosque da Felicidade",
    "pasta3__ob": 481.0,
    "pasta3__te": "Bosque",
    "regiao": "Bosque",
    "tipo": "BAIRRO"
   },
   "type": "Feature"
  },
  {
   "geometry": {
    "coordinates": [
     -49.369865312303574,
     -20.774664364092317
    ],
    "type": "Point"
   },
   "id": 482,
   "properties": {
    "abrangenci": "JOÃO PAULO II / JAGUARÉ",
    "arquivo": "REGUL",
    "cod_abrg": "05",
    "codigo_sia": 189,
    "cras": "CRAS João Paulo II",
    "fid": 482,
    "fid_1": 485,
    "fid_1_1": 20,
    "globalid_1": "dc6bb91d-453e-4174-9fa6-0adcbb30a59c",
    "nome": "Giuliane - Jardim",
    "nome_comp": "Jd Giuliane",
    "num_bairro": 8,
    "objectid_1": 181,
    "objectid_2": 5,
    "pasta3___1": "Giuliane",
    "pasta3___2": " ",
    "pasta3___3": " ",
    "pasta3___4": " ",
    "pasta3___5": " ",
    "pasta3__no": "Jd Giuliane",
    "pasta3__ob": 482.0,
    "pasta3__te": " ",
    "regiao": "Bosque",
    "tipo": "BAIRRO"
   },
   "type": "Feature"
  },
  {
   "geometry": {
    "coordinates": [
     -49.36313170848203,
     -20.772355380837343
    ],
    "type": "Point"
   },
   "id": 483,
   "properties": {
    "abrangenci": "JOÃO PAULO II / JAGUARÉ",
    "arquivo": "REGUL",
    "cod_abrg": "05",
    "codigo_sia": 224,
    "cras": "CRAS João Paulo II",
    "fid": 483,
    "fid_1": 486,
    "fid_1_1": 20,
    "globalid_1": "a8309d28-0cd5-459c-b602-1c7cdd94bdf0",
    "nome": "João Paulo II - Jd.",
    "nome_comp": "João Paulo II",
    "num_bairro": 16,
    "objectid_1": 195,
    "objectid_2": 5,
    "pasta3___1": "Paulo",
    "pasta3___2": " ",
    "pasta3___3": " ",
    "pasta3___4": " ",
    "pasta3___5": " ",
    "pasta3__no": "João Paulo II",
    "pasta3__ob": 483.0,
    "pasta3__te": "João",
    "regiao": "Bosque",
    "tipo": "BAIRRO"
   },
   "type": "Feature"
  },
  {
   "geometry": {
    "coordinates": [
     -49.366876081123635,
     -20.78072487210427
    ],
    "type": "Point"
   },
   "id": 484,
   "properties": {
    "abrangenci": "JOÃO PAULO II / JAGUARÉ",
    "arquivo": "REGUL",
    "cod_abrg": "05",
    "codigo_sia": 194,
    "cras": "CRAS João Paulo II",
    "fid": 484,
    "fid_1": 488,
    "fid_1_1": 20,
    "globalid_1": "ea9f0af7-298a-4bb1-be17-6043d7f58088",
    "nome": "Jardim do Bosque - Pq. Res",
    "nome_comp": "Pq Res Jd do Bosque",
    "num_bairro": 27,
    "objectid_1": 226,
    "objectid_2": 5,
    "pasta3___1": " ",
    "pasta3___2": " ",
    "pasta3___3": " ",
    "pasta3___4": "Bosque",
    "pasta3___5": " ",
    "pasta3__no": "Pq Res Jd do Bosque",
    "pasta3__ob": 484.0,
    "pasta3__te": " ",
    "regiao": "Bosque",
    "tipo": "BAIRRO"
   },
   "type": "Feature"
  },
  {
   "geometry": {
    "coordinates": [
     -49.36056825256887,
     -20.777850214860912
    ],
    "type": "Point"
   },
   "id": 485,
   "properties": {
    "abrangenci": "JOÃO PAULO II / JAGUARÉ",
    "arquivo": "REGUL",
    "cod_abrg": "05",
    "codigo_sia": 210,
    "cras": "CRAS João Paulo II",
    "fid": 485,
    "fid_1": 489,
    "fid_1_1": 20,
    "globalid_1": "733ae40f-6ee8-45eb-a49b-d34d90a49146",
    "nome": "Castelinho - Pq. Res",
    "nome_comp": "Castelinho",
    "num_bairro": 2,
    "objectid_1": 228,
    "objectid_2": 5,
    "pasta3___1": " ",
    "pasta3___2": " ",
    "pasta3___3": " ",
    "pasta3___4": " ",
    "pasta3___5": " ",
    "pasta3__no": "Castelinho",
    "pasta3__ob": 485.0,
    "pasta3__te": "Castelinho",
    "regiao": "Bosque",
    "tipo": "BAIRRO"
   },
   "type": "Feature"
  },
  {
   "geometry": {
    "coordinates": [
     -49.355638706989446,
     -20.77504826260862
    ],
    "type": "Point"
   },
   "id": 486,
   "properties": {
    "abrangenci": "JOÃO PAULO II / JAGUARÉ",
    "arquivo": "REGUL",
    "cod_abrg": "05",
    "codigo_sia": 144,
    "cras": "CRAS João Paulo II",
    "fid": 486,
    "fid_1": 490,
    "fid_1_1": 20,
    "globalid_1": "064a5557-0ca3-4553-b409-7aaeac83204d",
    "nome": "Castelinho - Jardim",
    "nome_comp": "Jd Castelinho",
    "num_bairro": 4,
    "objectid_1": 149,
    "objectid_2": 5,
    "pasta3___1": "Castelinho",
    "pasta3___2": " ",
    "pasta3___3": " ",
    "pasta3___4": " ",
    "pasta3___5": " ",
    "pasta3__no": "Jd Castelinho",
    "pasta3__ob": 486.0,
    "pasta3__te": " ",
    "regiao": "Bosque",
    "tipo": "BAIRRO"
   },
   "type": "Feature"
  },
  {
   "geometry": {
    "coordinates": [
     -49.35251776634569,
     -20.772222723068243
    ],
    "type": "Point"
   },
   "id": 487,
   "properties": {
    "abrangenci": "JOÃO PAULO II / JAGUARÉ",
    "arquivo": "REGUL",
    "cod_abrg": "05",
    "codigo_sia": 179,
    "cras": "CRAS João Paulo II",
    "fid": 487,
    "fid_1": 491,
    "fid_1_1": 20,
    "globalid_1": "b92b26aa-0e0a-4744-822f-058a47704602",
    "nome": "Lago - Jardim do",
    "nome_comp": "Jd Jd do Lago",
    "num_bairro": 9,
    "objectid_1": 24,
    "objectid_2": 5,
    "pasta3___1": " ",
    "pasta3___2": " ",
    "pasta3___3": "Lago",
    "pasta3___4": " ",
    "pasta3___5": " ",
    "pasta3__no": "Jd Jd do Lago",
    "pasta3__ob": 487.0,
    "pasta3__te": " ",
    "regiao": "Bosque",
    "tipo": "LOTEAMENTO ABERTO"
   },
   "type": "Feature"
  },
  {
   "geometry": {
    "coordinates": [
     -49.36880090463976,
     -20.77373930020214
    ],
    "type": "Point"
   },
   "id": 488,
   "properties": {
    "abrangenci": "JOÃO PAULO II / JAGUARÉ",
    "arquivo": "REGUL",
    "cod_abrg": "05",
    "codigo_sia": 177,
    "cras": "CRAS João Paulo II",
    "fid": 488,
    "fid_1": 492,
    "fid_1_1": 20,
    "globalid_1": "6a52740a-525c-4cd8-a6ff-aaca54fedfaa",
    "nome": "Jaguaré",
    "nome_comp": "Pq Jaguaré",
    "num_bairro": 26,
    "objectid_1": 33,
    "objectid_2": 5,
    "pasta3___1": "Jaguaré",
    "pasta3___2": " ",
    "pasta3___3": " ",
    "pasta3___4": " ",
    "pasta3___5": " ",
    "pasta3__no": "Pq Jaguaré",
    "pasta3__ob": 488.0,
    "pasta3__te": " ",
    "regiao": "Bosque",
    "tipo": "BAIRRO"
   },
   "type": "Feature"
  },
  {
   "geometry": {
    "coordinates": [
     -49.37438966682187,
     -20.768396612581572
    ],
    "type": "Point"
   },
   "id": 489,
   "properties": {
    "abrangenci": "JOÃO PAULO II / JAGUARÉ",
    "arquivo": "REGUL",
    "cod_abrg": "05",
    "codigo_sia": 205,
    "cras": "CRAS João Paulo II",
    "fid": 489,
    "fid_1": 493,
    "fid_1_1": 20,
    "globalid_1": "ff3777f4-a203-4785-93a4-51490ea92441",
    "nome": "Elmaz - Vila",
    "nome_comp": "Vila Elmaz",
    "num_bairro": 39,
    "objectid_1": 51,
    "objectid_2": 5,
    "pasta3___1": "Elmaz",
    "pasta3___2": " ",
    "pasta3___3": " ",
    "pasta3___4": " ",
    "pasta3___5": " ",
    "pasta3__no": "Vila Elmaz",
    "pasta3__ob": 489.0,
    "pasta3__te": " ",
    "regiao": "Bosque",
    "tipo": "BAIRRO"
   },
   "type": "Feature"
  },
  {
   "geometry": {
    "coordinates": [
     -49.375048266701185,
     -20.772807556397634
    ],
    "type": "Point"
   },
   "id": 490,
   "properties": {
    "abrangenci": "JOÃO PAULO II / JAGUARÉ",
    "arquivo": "REGUL",
    "cod_abrg": "05",
    "codigo_sia": 186,
    "cras": "CRAS João Paulo II",
    "fid": 490,
    "fid_1": 494,
    "fid_1_1": 20,
    "globalid_1": "5019a1ef-cdc2-4525-84d7-c319d962ac48",
    "nome": "Clementina - Vila",
    "nome_comp": "Vila Clementina",
    "num_bairro": 38,
    "objectid_1": 72,
    "objectid_2": 5,
    "pasta3___1": "Clementina",
    "pasta3___2": " ",
    "pasta3___3": " ",
    "pasta3___4": " ",
    "pasta3___5": " ",
    "pasta3__no": "Vila Clementina",
    "pasta3__ob": 490.0,
    "pasta3__te": " ",
    "regiao": "Bosque",
    "tipo": "BAIRRO"
   },
   "type": "Feature"
  },
  {
   "geometry": {
    "coordinates": [
     -49.37444805572834,
     -20.7737656548438
    ],
    "type": "Point"
   },
   "id": 491,
   "properties": {
    "abrangenci": "JOÃO PAULO II / JAGUARÉ",
    "arquivo": "REGUL",
    "cod_abrg": "05",
    "codigo_sia": 190,
    "cras": "CRAS João Paulo II",
    "fid": 491,
    "fid_1": 495,
    "fid_1_1": 20,
    "globalid_1": "61dcb135-cdc1-4774-b1b3-ba442bd5489d",
    "nome": "Urupês - Jardim",
    "nome_comp": "Jd Urupês",
    "num_bairro": 15,
    "objectid_1": 74,
    "objectid_2": 5,
    "pasta3___1": "Urupês",
    "pasta3___2": " ",
    "pasta3___3": " ",
    "pasta3___4": " ",
    "pasta3___5": " ",
    "pasta3__no": "Jd Urupês",
    "pasta3__ob": 491.0,
    "pasta3__te": " ",
    "regiao": "Bosque",
    "tipo": "BAIRRO"
   },
   "type": "Feature"
  },
  {
   "geometry": {
    "coordinates": [
     -49.365675116950555,
     -20.77882523248626
    ],
    "type": "Point"
   },
   "id": 492,
   "properties": {
    "abrangenci": "JOÃO PAULO II / JAGUARÉ",
    "arquivo": "REGUL",
    "cod_abrg": "05",
    "codigo_sia": 254,
    "cras": "CRAS João Paulo II",
    "fid": 492,
    "fid_1": 496,
    "fid_1_1": 20,
    "globalid_1": "777cc316-918d-4616-b955-d2464dbda0f0",
    "nome": "Jardim do Bosque II",
    "nome_comp": "Res Jd do Bosque II",
    "num_bairro": 30,
    "objectid_1": 159,
    "objectid_2": 5,
    "pasta3___1": " ",
    "pasta3___2": " ",
    "pasta3___3": "Bosque",
    "pasta3___4": " ",
    "pasta3___5": " ",
    "pasta3__no": "Res Jd do Bosque II",
    "pasta3__ob": 492.0,
    "pasta3__te": " ",
    "regiao": "Bosque",
    "tipo": "BAIRRO"
   },
   "type": "Feature"
  },
  {
   "geometry": {
    "coordinates": [
     -49.370876089556646,
     -20.767136012691243
    ],
    "type": "Point"
   },
   "id": 493,
   "properties": {
    "abrangenci": "JOÃO PAULO II / JAGUARÉ",
    "arquivo": "REGUL",
    "cod_abrg": "05",
    "codigo_sia": 446,
    "cras": "CRAS João Paulo II",
    "fid": 493,
    "fid_1": 497,
    "fid_1_1": 20,
    "globalid_1": "bce1c17f-e73b-456f-8ee4-c8a80c32e6d4",
    "nome": "Jardim das Acácias",
    "nome_comp": "Jd das Acácias",
    "num_bairro": 6,
    "objectid_1": 443,
    "objectid_2": 5,
    "pasta3___1": " ",
    "pasta3___2": "Acácias",
    "pasta3___3": " ",
    "pasta3___4": " ",
    "pasta3___5": " ",
    "pasta3__no": "Jd das Acácias",
    "pasta3__ob": 493.0,
    "pasta3__te": " ",
    "regiao": "Bosque",
    "tipo": "BAIRRO"
   },
   "type": "Feature"
  },
  {
   "geometry": {
    "coordinates": [
     -49.366876540193545,
     -20.766517730227708
    ],
    "type": "Point"
   },
   "id": 494,
   "properties": {
    "abrangenci": "JOÃO PAULO II / JAGUARÉ",
    "arquivo": "Regul",
    "cod_abrg": "05",
    "codigo_sia": 633,
    "cras": "CRAS João Paulo II",
    "fid": 494,
    "fid_1": 498,
    "fid_1_1": 20,
    "globalid_1": "4769df37-38e9-421a-a85d-5f7e8a8640f8",
    "nome": "São Bento - Jd.",
    "nome_comp": "Jd São Bento",
    "num_bairro": 12,
    "objectid_1": 8004,
    "objectid_2": 5,
    "pasta3___1": " ",
    "pasta3___2": "Bento",
    "pasta3___3": " ",
    "pasta3___4": " ",
    "pasta3___5": " ",
    "pasta3__no": "Jd São Bento",
    "pasta3__ob": 494.0,
    "pasta3__te": " ",
    "regiao": "Bosque",
    "tipo": "Bairro"
   },
   "type": "Feature"
  },
  {
   "geometry": {
    "coordinates": [
     -49.38270960652093,
     -20.741768390061267
    ],
    "type": "Point"
   },
   "id": 495,
   "properties": {
    "abrangenci": "SANTO ANTÔNIO",
    "arquivo": "REGUL",
    "cod_abrg": "04",
    "codigo_sia": 527,
    "cras": "CRAS Santo Antônio",
    "fid": 495,
    "fid_1": 499,
    "fid_1_1": 21,
    "globalid_1": "b1e67952-eec8-4ece-bcbb-fef7054578fd",
    "nome": "Loteamento Jorge Rodrigues",
    "nome_comp": "Lot Jorge Rodrigues",
    "num_bairro": 20,
    "objectid_1": 467,
    "objectid_2": 4,
    "pasta3___1": "Jorge",
    "pasta3___2": "Rodrigues",
    "pasta3___3": " ",
    "pasta3___4": " ",
    "pasta3___5": " ",
    "pasta3__no": "Lot Jorge Rodrigues",
    "pasta3__ob": 495.0,
    "pasta3__te": " ",
    "regiao": "CEU",
    "tipo": "BAIRRO"
   },
   "type": "Feature"
  },
  {
   "geometry": {
    "coordinates": [
     -49.39315143162969,
     -20.72535083649244
    ],
    "type": "Point"
   },
   "id": 496,
   "properties": {
    "abrangenci": "SANTO ANTÔNIO",
    "arquivo": "IRREG",
    "cod_abrg": "04",
    "codigo_sia": 1004,
    "cras": "CRAS Santo Antônio",
    "fid": 496,
    "fid_1": 500,
    "fid_1_1": 21,
    "globalid_1": "394d5ae7-dafe-4305-b852-639e2b12421e",
    "nome": "Estancia Oásis",
    "nome_comp": "Est Oásis",
    "num_bairro": 9,
    "objectid_1": 479,
    "objectid_2": 4,
    "pasta3___1": "Oásis",
    "pasta3___2": " ",
    "pasta3___3": " ",
    "pasta3___4": " ",
    "pasta3___5": " ",
    "pasta3__no": "Est Oásis",
    "pasta3__ob": 496.0,
    "pasta3__te": " ",
    "regiao": "CEU",
    "tipo": "REGULARIZAÇÃO FUNDIÁRIA"
   },
   "type": "Feature"
  },
  {
   "geometry": {
    "coordinates": [
     -49.39239898505834,
     -20.75496994533194
    ],
    "type": "Point"
   },
   "id": 497,
   "properties": {
    "abrangenci": "SANTO ANTÔNIO",
    "arquivo": "REGUL",
    "cod_abrg": "04",
    "codigo_sia": 508,
    "cras": "CRAS Santo Antônio",
    "fid": 497,
    "fid_1": 501,
    "fid_1_1": 21,
    "globalid_1": "ea1c3330-50bb-4bcc-956f-49efafffad21",
    "nome": "Luzia Polotto",
    "nome_comp": "Res Luzia Polotto",
    "num_bairro": 22,
    "objectid_1": 480,
    "objectid_2": 4,
    "pasta3___1": "Luzia",
    "pasta3___2": "Polotto",
    "pasta3___3": " ",
    "pasta3___4": " ",
    "pasta3___5": " ",
    "pasta3__no": "Res Luzia Polotto",
    "pasta3__ob": 497.0,
    "pasta3__te": " ",
    "regiao": "CEU",
    "tipo": "BAIRRO"
   },
   "type": "Feature"
  },
  {
   "geometry": {
    "coordinates": [
     -49.38621779757934,
     -20.76082596468843
    ],
    "type": "Point"
   },
   "id": 498,
   "properties": {
    "abrangenci": "SANTO ANTÔNIO",
    "arquivo": "REGUL",
    "cod_abrg": "04",
    "codigo_sia": 529,
    "cras": "CRAS Santo Antônio",
    "fid": 498,
    "fid_1": 502,
    "fid_1_1": 21,
    "globalid_1": "bef55bcd-970f-46cb-845f-0f9e1d93d0be",
    "nome": "Rios Di Spagna",
    "nome_comp": "Rios Di Spagna",
    "num_bairro": 29,
    "objectid_1": 546,
    "objectid_2": 4,
    "pasta3___1": "Di",
    "pasta3___2": "Spagna",
    "pasta3___3": " ",
    "pasta3___4": " ",
    "pasta3___5": " ",
    "pasta3__no": "Rios Di Spagna",
    "pasta3__ob": 498.0,
    "pasta3__te": "Rios",
    "regiao": "CEU",
    "tipo": "LOTEAMENTO ABERTO"
   },
   "type": "Feature"
  },
  {
   "geometry": {
    "coordinates": [
     -49.39240314858698,
     -20.758192286253706
    ],
    "type": "Point"
   },
   "id": 499,
   "properties": {
    "abrangenci": "SANTO ANTÔNIO",
    "arquivo": "REGUL",
    "cod_abrg": "04",
    "codigo_sia": 514,
    "cras": "CRAS Santo Antônio",
    "fid": 499,
    "fid_1": 503,
    "fid_1_1": 21,
    "globalid_1": "4baa1d5a-03aa-4a0f-b220-3d7aa8477930",
    "nome": "Loteamento SetParque Avenida 2",
    "nome_comp": "Lot SetPq Avenida 2",
    "num_bairro": 21,
    "objectid_1": 459,
    "objectid_2": 4,
    "pasta3___1": "SetPq",
    "pasta3___2": "Avenida",
    "pasta3___3": " ",
    "pasta3___4": " ",
    "pasta3___5": " ",
    "pasta3__no": "Lot SetPq Avenida 2",
    "pasta3__ob": 499.0,
    "pasta3__te": " ",
    "regiao": "CEU",
    "tipo": "BAIRRO"
   },
   "type": "Feature"
  },
  {
   "geometry": {
    "coordinates": [
     -49.389678751943805,
     -20.709094733311744
    ],
    "type": "Point"
   },
   "id": 500,
   "properties": {
    "abrangenci": "SANTO ANTÔNIO",
    "arquivo": "REGUL",
    "cod_abrg": "04",
    "codigo_sia": 923,
    "cras": "CRAS Santo Antônio",
    "fid": 500,
    "fid_1": 504,
    "fid_1_1": 21,
    "globalid_1": "46b5730a-30c2-4bc5-9c42-14260dd51c11",
    "nome": "Bela Vista Ipiguá - Est.",
    "nome_comp": "Est Bela Vista Ipiguá",
    "num_bairro": 3,
    "objectid_1": 408,
    "objectid_2": 4,
    "pasta3___1": "Bela",
    "pasta3___2": "Vista",
    "pasta3___3": " ",
    "pasta3___4": " ",
    "pasta3___5": " ",
    "pasta3__no": "Est Bela Vista Ipiguá",
    "pasta3__ob": 500.0,
    "pasta3__te": " ",
    "regiao": "CEU",
    "tipo": "REGULARIZAÇÃO FUNDIÁRIA"
   },
   "type": "Feature"
  },
  {
   "geometry": {
    "coordinates": [
     -49.400142874169795,
     -20.71918703049208
    ],
    "type": "Point"
   },
   "id": 501,
   "properties": {
    "abrangenci": "SANTO ANTÔNIO",
    "arquivo": "IRREG",
    "cod_abrg": "04",
    "codigo_sia": 1002,
    "cras": "CRAS Santo Antônio",
    "fid": 501,
    "fid_1": 505,
    "fid_1_1": 21,
    "globalid_1": "bea3fe12-c5fd-416a-b23a-cdfd115745ea",
    "nome": "Estancia São Felício",
    "nome_comp": "Est São Felício",
    "num_bairro": 10,
    "objectid_1": 417,
    "objectid_2": 4,
    "pasta3___1": " ",
    "pasta3___2": "Felício",
    "pasta3___3": " ",
    "pasta3___4": " ",
    "pasta3___5": " ",
    "pasta3__no": "Est São Felício",
    "pasta3__ob": 501.0,
    "pasta3__te": " ",
    "regiao": "CEU",
    "tipo": "REGULARIZAÇÃO FUNDIÁRIA"
   },
   "type": "Feature"
  },
  {
   "geometry": {
    "coordinates": [
     -49.40207184883241,
     -20.717497310869295
    ],
    "type": "Point"
   },
   "id": 502,
   "properties": {
    "abrangenci": "SANTO ANTÔNIO",
    "arquivo": "IRREG",
    "cod_abrg": "04",
    "codigo_sia": 1001,
    "cras": "CRAS Santo Antônio",
    "fid": 502,
    "fid_1": 506,
    "fid_1_1": 21,
    "globalid_1": "bbb88245-237b-4419-9f62-31e067ce10b1",
    "nome": "Estância São Pedro (Ipiguá)",
    "nome_comp": "Est São Pedro (Ipiguá)",
    "num_bairro": 11,
    "objectid_1": 437,
    "objectid_2": 4,
    "pasta3___1": " ",
    "pasta3___2": "Pedro",
    "pasta3___3": " ",
    "pasta3___4": " ",
    "pasta3___5": " ",
    "pasta3__no": "Est São Pedro (Ipiguá)",
    "pasta3__ob": 502.0,
    "pasta3__te": " ",
    "regiao": "CEU",
    "tipo": "REGULARIZAÇÃO FUNDIÁRIA"
   },
   "type": "Feature"
  },
  {
   "geometry": {
    "coordinates": [
     -49.38403012469246,
     -20.73092877063453
    ],
    "type": "Point"
   },
   "id": 503,
   "properties": {
    "abrangenci": "SANTO ANTÔNIO",
    "arquivo": "IRREG",
    "cod_abrg": "04",
    "codigo_sia": 1072,
    "cras": "CRAS Santo Antônio",
    "fid": 503,
    "fid_1": 507,
    "fid_1_1": 21,
    "globalid_1": "1e0c559d-a79f-4455-8272-e8455b9fd7da",
    "nome": "Condomínio São Luis - Ipiguá",
    "nome_comp": "Cond São Luis - Ipiguá",
    "num_bairro": 6,
    "objectid_1": 440,
    "objectid_2": 4,
    "pasta3___1": " ",
    "pasta3___2": "Luis",
    "pasta3___3": " ",
    "pasta3___4": "Ipiguá",
    "pasta3___5": " ",
    "pasta3__no": "Cond São Luis - Ipiguá",
    "pasta3__ob": 503.0,
    "pasta3__te": " ",
    "regiao": "CEU",
    "tipo": "REGULARIZAÇÃO FUNDIÁRIA"
   },
   "type": "Feature"
  },
  {
   "geometry": {
    "coordinates": [
     -49.38637108711306,
     -20.766295695714007
    ],
    "type": "Point"
   },
   "id": 504,
   "properties": {
    "abrangenci": "SANTO ANTÔNIO",
    "arquivo": "REGUL",
    "cod_abrg": "04",
    "codigo_sia": 215,
    "cras": "CRAS Santo Antônio",
    "fid": 504,
    "fid_1": 508,
    "fid_1_1": 21,
    "globalid_1": "6f14a233-da79-4d37-a6d3-0a9834e7e826",
    "nome": "Planalto - Jardim",
    "nome_comp": "Jd Planalto",
    "num_bairro": 17,
    "objectid_1": 186,
    "objectid_2": 4,
    "pasta3___1": "Planalto",
    "pasta3___2": " ",
    "pasta3___3": " ",
    "pasta3___4": " ",
    "pasta3___5": " ",
    "pasta3__no": "Jd Planalto",
    "pasta3__ob": 504.0,
    "pasta3__te": " ",
    "regiao": "CEU",
    "tipo": "CONDOMÍNIO FECHADO VERTICAL"
   },
   "type": "Feature"
  },
  {
   "geometry": {
    "coordinates": [
     -49.38332321583533,
     -20.76048911954843
    ],
    "type": "Point"
   },
   "id": 505,
   "properties": {
    "abrangenci": "SANTO ANTÔNIO",
    "arquivo": "REGUL",
    "cod_abrg": "04",
    "codigo_sia": 590,
    "cras": "CRAS Santo Antônio",
    "fid": 505,
    "fid_1": 509,
    "fid_1_1": 21,
    "globalid_1": "7e0d59cc-e0f9-479d-b3a9-f3b5e5774373",
    "nome": "Tarraf Vila Sol Cidade Norte",
    "nome_comp": "Tarraf Vila Sol Cidade Norte",
    "num_bairro": 32,
    "objectid_1": 584,
    "objectid_2": 4,
    "pasta3___1": " ",
    "pasta3___2": " ",
    "pasta3___3": " ",
    "pasta3___4": " ",
    "pasta3___5": " ",
    "pasta3__no": "Tarraf Vila Sol Cidade Norte",
    "pasta3__ob": 505.0,
    "pasta3__te": "Tarraf",
    "regiao": "CEU",
    "tipo": "BAIRRO"
   },
   "type": "Feature"
  },
  {
   "geometry": {
    "coordinates": [
     -49.39020712972534,
     -20.75298033016436
    ],
    "type": "Point"
   },
   "id": 506,
   "properties": {
    "abrangenci": "SANTO ANTÔNIO",
    "arquivo": "REGUL",
    "cod_abrg": "04",
    "codigo_sia": 557,
    "cras": "CRAS Santo Antônio",
    "fid": 506,
    "fid_1": 510,
    "fid_1_1": 21,
    "globalid_1": "170e17ba-ac91-467b-85f8-04b25f73acb2",
    "nome": "Rios do Sul - Lot.",
    "nome_comp": "Lot Rios do Sul",
    "num_bairro": 30,
    "objectid_1": 586,
    "objectid_2": 4,
    "pasta3___1": "Rios",
    "pasta3___2": " ",
    "pasta3___3": "Sul",
    "pasta3___4": " ",
    "pasta3___5": " ",
    "pasta3__no": "Lot Rios do Sul",
    "pasta3__ob": 506.0,
    "pasta3__te": " ",
    "regiao": "CEU",
    "tipo": "BAIRRO"
   },
   "type": "Feature"
  },
  {
   "geometry": {
    "coordinates": [
     -49.38597505542612,
     -20.759026252928365
    ],
    "type": "Point"
   },
   "id": 507,
   "properties": {
    "abrangenci": "SANTO ANTÔNIO",
    "arquivo": "REGUL",
    "cod_abrg": "04",
    "codigo_sia": 913,
    "cras": "CRAS Santo Antônio",
    "fid": 507,
    "fid_1": 511,
    "fid_1_1": 21,
    "globalid_1": "ea84c1a9-c740-4395-baaf-60c60e034192",
    "nome": "Jéssica - Res.",
    "nome_comp": "Res Jéssica",
    "num_bairro": 19,
    "objectid_1": 273,
    "objectid_2": 4,
    "pasta3___1": "Jéssica",
    "pasta3___2": " ",
    "pasta3___3": " ",
    "pasta3___4": " ",
    "pasta3___5": " ",
    "pasta3__no": "Res Jéssica",
    "pasta3__ob": 507.0,
    "pasta3__te": " ",
    "regiao": "CEU",
    "tipo": "BAIRRO"
   },
   "type": "Feature"
  },
  {
   "geometry": {
    "coordinates": [
     -49.396992403087474,
     -20.76144910060635
    ],
    "type": "Point"
   },
   "id": 508,
   "properties": {
    "abrangenci": "SANTO ANTÔNIO",
    "arquivo": "REGUL",
    "cod_abrg": "04",
    "codigo_sia": 367,
    "cras": "CRAS Santo Antônio",
    "fid": 508,
    "fid_1": 512,
    "fid_1_1": 21,
    "globalid_1": "0fbcde19-2b3b-4f0c-933c-0de3e4dac39d",
    "nome": "Santo Antonio I - Centro Com . Jd",
    "nome_comp": "Centro Com Jd Santo Antonio I",
    "num_bairro": 4,
    "objectid_1": 350,
    "objectid_2": 4,
    "pasta3___1": " ",
    "pasta3___2": " ",
    "pasta3___3": "Santo",
    "pasta3___4": "Antonio",
    "pasta3___5": " ",
    "pasta3__no": "Centro Com Jd Santo Antonio I",
    "pasta3__ob": 508.0,
    "pasta3__te": "Centro",
    "regiao": "CEU",
    "tipo": "BAIRRO"
   },
   "type": "Feature"
  },
  {
   "geometry": {
    "coordinates": [
     -49.396963529411664,
     -20.75896128485934
    ],
    "type": "Point"
   },
   "id": 509,
   "properties": {
    "abrangenci": "SANTO ANTÔNIO",
    "arquivo": "REGUL",
    "cod_abrg": "04",
    "codigo_sia": 325,
    "cras": "CRAS Santo Antônio",
    "fid": 509,
    "fid_1": 513,
    "fid_1_1": 21,
    "globalid_1": "d99fbcc8-0527-467d-aafd-14c64050b3d4",
    "nome": "Santo Antonio I - Jardim",
    "nome_comp": "Santo Antônio",
    "num_bairro": 31,
    "objectid_1": 356,
    "objectid_2": 4,
    "pasta3___1": "Antônio",
    "pasta3___2": " ",
    "pasta3___3": " ",
    "pasta3___4": " ",
    "pasta3___5": " ",
    "pasta3__no": "Santo Antônio",
    "pasta3__ob": 509.0,
    "pasta3__te": " ",
    "regiao": "CEU",
    "tipo": "BAIRRO"
   },
   "type": "Feature"
  },
  {
   "geometry": {
    "coordinates": [
     -49.38890754508508,
     -20.76505756295332
    ],
    "type": "Point"
   },
   "id": 510,
   "properties": {
    "abrangenci": "SANTO ANTÔNIO",
    "arquivo": "REGUL",
    "cod_abrg": "04",
    "codigo_sia": 215,
    "cras": "CRAS Santo Antônio",
    "fid": 510,
    "fid_1": 514,
    "fid_1_1": 21,
    "globalid_1": "d998df73-d3d7-49f4-bc5d-b31d336e3c5f",
    "nome": "Rio Negro - Pq. Cond.",
    "nome_comp": "Pq Cond Rio Negro",
    "num_bairro": 28,
    "objectid_1": 36,
    "objectid_2": 4,
    "pasta3___1": "Cond",
    "pasta3___2": "Rio",
    "pasta3___3": "Negro",
    "pasta3___4": " ",
    "pasta3___5": " ",
    "pasta3__no": "Pq Cond Rio Negro",
    "pasta3__ob": 510.0,
    "pasta3__te": " ",
    "regiao": "CEU",
    "tipo": "CONDOMÍNIO FECHADO VERTICAL"
   },
   "type": "Feature"
  },
  {
   "geometry": {
    "coordinates": [
     -49.40102732700181,
     -20.75946807296433
    ],
    "type": "Point"
   },
   "id": 511,
   "properties": {
    "abrangenci": "SANTO ANTÔNIO",
    "arquivo": "REGUL",
    "cod_abrg": "04",
    "codigo_sia": 349,
    "cras": "CRAS Santo Antônio",
    "fid": 511,
    "fid_1": 515,
    "fid_1_1": 21,
    "globalid_1": "c7e75326-3851-42e3-bfce-8d9c91056402",
    "nome": "Cjto Hab Santo Antonio",
    "nome_comp": "Cj Hab Santo Antônio",
    "num_bairro": 5,
    "objectid_1": 282,
    "objectid_2": 4,
    "pasta3___1": " ",
    "pasta3___2": "Santo",
    "pasta3___3": "Antônio",
    "pasta3___4": " ",
    "pasta3___5": " ",
    "pasta3__no": "Cj Hab Santo Antônio",
    "pasta3__ob": 511.0,
    "pasta3__te": " ",
    "regiao": "CEU",
    "tipo": "BAIRRO"
   },
   "type": "Feature"
  },
  {
   "geometry": {
    "coordinates": [
     -49.393181906435345,
     -20.709642738099625
    ],
    "type": "Point"
   },
   "id": 512,
   "properties": {
    "abrangenci": "SANTO ANTÔNIO",
    "arquivo": "REGUL",
    "cod_abrg": "04",
    "codigo_sia": 910,
    "cras": "CRAS Santo Antônio",
    "fid": 512,
    "fid_1": 516,
    "fid_1_1": 21,
    "globalid_1": "a7fe966e-a1c9-43ba-bcb5-723c33772090",
    "nome": "Areia Branca",
    "nome_comp": "Areia Branca",
    "num_bairro": 2,
    "objectid_1": 609,
    "objectid_2": 4,
    "pasta3___1": "Branca",
    "pasta3___2": " ",
    "pasta3___3": " ",
    "pasta3___4": " ",
    "pasta3___5": " ",
    "pasta3__no": "Areia Branca",
    "pasta3__ob": 512.0,
    "pasta3__te": "Areia",
    "regiao": "CEU",
    "tipo": "REGULARIZAÇÃO FUNDIÁRIA"
   },
   "type": "Feature"
  },
  {
   "geometry": {
    "coordinates": [
     -49.39160151577412,
     -20.725547905300626
    ],
    "type": "Point"
   },
   "id": 513,
   "properties": {
    "abrangenci": "SANTO ANTÔNIO",
    "arquivo": "REGUL",
    "cod_abrg": "04",
    "codigo_sia": 920,
    "cras": "CRAS Santo Antônio",
    "fid": 513,
    "fid_1": 517,
    "fid_1_1": 21,
    "globalid_1": "bef2d440-4dfb-41ce-9724-d98539afe755",
    "nome": "Estância Galiléia",
    "nome_comp": "Est Galiléia",
    "num_bairro": 7,
    "objectid_1": 611,
    "objectid_2": 4,
    "pasta3___1": "Galiléia",
    "pasta3___2": " ",
    "pasta3___3": " ",
    "pasta3___4": " ",
    "pasta3___5": " ",
    "pasta3__no": "Est Galiléia",
    "pasta3__ob": 513.0,
    "pasta3__te": " ",
    "regiao": "CEU",
    "tipo": "REGULARIZAÇÃO FUNDIÁRIA"
   },
   "type": "Feature"
  },
  {
   "geometry": {
    "coordinates": [
     -49.3893918421178,
     -20.762434501670608
    ],
    "type": "Point"
   },
   "id": 514,
   "properties": {
    "abrangenci": "SANTO ANTÔNIO",
    "arquivo": "REGUL",
    "cod_abrg": "04",
    "codigo_sia": 456,
    "cras": "CRAS Santo Antônio",
    "fid": 514,
    "fid_1": 518,
    "fid_1_1": 21,
    "globalid_1": "58bf171e-9273-4a1c-bde5-666ced962b23",
    "nome": "Perdizes - Pq. das",
    "nome_comp": "Pq das Perdizes",
    "num_bairro": 24,
    "objectid_1": 315,
    "objectid_2": 4,
    "pasta3___1": " ",
    "pasta3___2": "Perdizes",
    "pasta3___3": " ",
    "pasta3___4": " ",
    "pasta3___5": " ",
    "pasta3__no": "Pq das Perdizes",
    "pasta3__ob": 514.0,
    "pasta3__te": " ",
    "regiao": "CEU",
    "tipo": "BAIRRO"
   },
   "type": "Feature"
  },
  {
   "geometry": {
    "coordinates": [
     -49.395597161645895,
     -20.722737046129573
    ],
    "type": "Point"
   },
   "id": 515,
   "properties": {
    "abrangenci": "SANTO ANTÔNIO",
    "arquivo": "IRREG",
    "cod_abrg": "04",
    "codigo_sia": 1003,
    "cras": "CRAS Santo Antônio",
    "fid": 515,
    "fid_1": 519,
    "fid_1_1": 21,
    "globalid_1": "f2303a55-8029-464d-bc9f-ed9ad61a55c7",
    "nome": "Beira Rio - Estância",
    "nome_comp": "Est Beira Rio",
    "num_bairro": 1,
    "objectid_1": 561,
    "objectid_2": 4,
    "pasta3___1": "Beira",
    "pasta3___2": "Rio",
    "pasta3___3": " ",
    "pasta3___4": " ",
    "pasta3___5": " ",
    "pasta3__no": "Est Beira Rio",
    "pasta3__ob": 515.0,
    "pasta3__te": " ",
    "regiao": "CEU",
    "tipo": "REGULARIZAÇÃO FUNDIÁRIA"
   },
   "type": "Feature"
  },
  {
   "geometry": {
    "coordinates": [
     -49.39060694507128,
     -20.71573416444764
    ],
    "type": "Point"
   },
   "id": 516,
   "properties": {
    "abrangenci": "SANTO ANTÔNIO",
    "arquivo": "REGUL",
    "cod_abrg": "04",
    "codigo_sia": 935,
    "cras": "CRAS Santo Antônio",
    "fid": 516,
    "fid_1": 520,
    "fid_1_1": 21,
    "globalid_1": "647fb192-5c99-41c4-ab16-db60c1b25035",
    "nome": "Nossa Senhora de Lourdes - Est",
    "nome_comp": "Est Nossa Senhora de Lourdes",
    "num_bairro": 23,
    "objectid_1": 572,
    "objectid_2": 4,
    "pasta3___1": "Nossa",
    "pasta3___2": "Senhora",
    "pasta3___3": " ",
    "pasta3___4": "Lourdes",
    "pasta3___5": " ",
    "pasta3__no": "Est Nossa Senhora de Lourdes",
    "pasta3__ob": 516.0,
    "pasta3__te": " ",
    "regiao": "CEU",
    "tipo": "REGULARIZAÇÃO FUNDIÁRIA"
   },
   "type": "Feature"
  },
  {
   "geometry": {
    "coordinates": [
     -49.40412576919625,
     -20.763792233549797
    ],
    "type": "Point"
   },
   "id": 517,
   "properties": {
    "abrangenci": "SANTO ANTÔNIO",
    "arquivo": "REGUL",
    "cod_abrg": "04",
    "codigo_sia": 366,
    "cras": "CRAS Santo Antônio",
    "fid": 517,
    "fid_1": 521,
    "fid_1_1": 21,
    "globalid_1": "d59a3b23-89ab-450c-8e0d-0dfe4455fda8",
    "nome": "Arroyo - Jardim",
    "nome_comp": "Jd Arroyo",
    "num_bairro": 12,
    "objectid_1": 92,
    "objectid_2": 4,
    "pasta3___1": "Arroyo",
    "pasta3___2": " ",
    "pasta3___3": " ",
    "pasta3___4": " ",
    "pasta3___5": " ",
    "pasta3__no": "Jd Arroyo",
    "pasta3__ob": 517.0,
    "pasta3__te": " ",
    "regiao": "CEU",
    "tipo": "BAIRRO"
   },
   "type": "Feature"
  },
  {
   "geometry": {
    "coordinates": [
     -49.38959598109666,
     -20.766275768845492
    ],
    "type": "Point"
   },
   "id": 518,
   "properties": {
    "abrangenci": "SANTO ANTÔNIO",
    "arquivo": "REGUL",
    "cod_abrg": "04",
    "codigo_sia": 943,
    "cras": "CRAS Santo Antônio",
    "fid": 518,
    "fid_1": 522,
    "fid_1_1": 21,
    "globalid_1": "bb9a809c-2117-4d5d-b6c6-056fb96de805",
    "nome": "Figueiredo - Res.",
    "nome_comp": "Res Figueiredo",
    "num_bairro": 26,
    "objectid_1": 125,
    "objectid_2": 4,
    "pasta3___1": "Figueiredo",
    "pasta3___2": " ",
    "pasta3___3": " ",
    "pasta3___4": " ",
    "pasta3___5": " ",
    "pasta3__no": "Res Figueiredo",
    "pasta3__ob": 518.0,
    "pasta3__te": " ",
    "regiao": "CEU",
    "tipo": "BAIRRO"
   },
   "type": "Feature"
  },
  {
   "geometry": {
    "coordinates": [
     -49.39167016603739,
     -20.76736225546599
    ],
    "type": "Point"
   },
   "id": 519,
   "properties": {
    "abrangenci": "SANTO ANTÔNIO",
    "arquivo": "REGUL",
    "cod_abrg": "04",
    "codigo_sia": 221,
    "cras": "CRAS Santo Antônio",
    "fid": 519,
    "fid_1": 523,
    "fid_1_1": 21,
    "globalid_1": "5b56d7b1-bd06-4219-a8a9-a447e8493351",
    "nome": "Manoel Del Arco - Jardim",
    "nome_comp": "Jd Manoel Del Arco",
    "num_bairro": 15,
    "objectid_1": 103,
    "objectid_2": 4,
    "pasta3___1": "Manoel",
    "pasta3___2": "Del",
    "pasta3___3": "Arco",
    "pasta3___4": " ",
    "pasta3___5": " ",
    "pasta3__no": "Jd Manoel Del Arco",
    "pasta3__ob": 519.0,
    "pasta3__te": " ",
    "regiao": "CEU",
    "tipo": "BAIRRO"
   },
   "type": "Feature"
  },
  {
   "geometry": {
    "coordinates": [
     -49.38501425952307,
     -20.757115794230213
    ],
    "type": "Point"
   },
   "id": 520,
   "properties": {
    "abrangenci": "SANTO ANTÔNIO",
    "arquivo": "REGUL",
    "cod_abrg": "04",
    "codigo_sia": 374,
    "cras": "CRAS Santo Antônio",
    "fid": 520,
    "fid_1": 524,
    "fid_1_1": 21,
    "globalid_1": "d39eb468-f44b-4ce8-834b-bd4153180529",
    "nome": "Caetano - Jd.",
    "nome_comp": "Jd Caetano",
    "num_bairro": 13,
    "objectid_1": 359,
    "objectid_2": 4,
    "pasta3___1": "Caetano",
    "pasta3___2": " ",
    "pasta3___3": " ",
    "pasta3___4": " ",
    "pasta3___5": " ",
    "pasta3__no": "Jd Caetano",
    "pasta3__ob": 520.0,
    "pasta3__te": " ",
    "regiao": "CEU",
    "tipo": "BAIRRO"
   },
   "type": "Feature"
  },
  {
   "geometry": {
    "coordinates": [
     -49.391160677033945,
     -20.75419227605252
    ],
    "type": "Point"
   },
   "id": 521,
   "properties": {
    "abrangenci": "SANTO ANTÔNIO",
    "arquivo": "REGUL",
    "cod_abrg": "04",
    "codigo_sia": 498,
    "cras": "CRAS Santo Antônio",
    "fid": 521,
    "fid_1": 525,
    "fid_1_1": 21,
    "globalid_1": "7501d9f7-c83b-4eb5-a07b-382a95a44f8d",
    "nome": "Caetano II - Jd.",
    "nome_comp": "Jd Caetano II",
    "num_bairro": 14,
    "objectid_1": 442,
    "objectid_2": 4,
    "pasta3___1": "Caetano",
    "pasta3___2": " ",
    "pasta3___3": " ",
    "pasta3___4": " ",
    "pasta3___5": " ",
    "pasta3__no": "Jd Caetano II",
    "pasta3__ob": 521.0,
    "pasta3__te": " ",
    "regiao": "CEU",
    "tipo": "BAIRRO"
   },
   "type": "Feature"
  },
  {
   "geometry": {
    "coordinates": [
     -49.38618889680818,
     -20.750447441887953
    ],
    "type": "Point"
   },
   "id": 522,
   "properties": {
    "abrangenci": "SANTO ANTÔNIO",
    "arquivo": "REGUL",
    "cod_abrg": "04",
    "codigo_sia": 343,
    "cras": "CRAS Santo Antônio",
    "fid": 522,
    "fid_1": 526,
    "fid_1_1": 21,
    "globalid_1": "07d92997-a667-40d6-8c67-b223d80a8d68",
    "nome": "Nunes",
    "nome_comp": "Jd Nunes",
    "num_bairro": 16,
    "objectid_1": 3,
    "objectid_2": 4,
    "pasta3___1": "Nunes",
    "pasta3___2": " ",
    "pasta3___3": " ",
    "pasta3___4": " ",
    "pasta3___5": " ",
    "pasta3__no": "Jd Nunes",
    "pasta3__ob": 522.0,
    "pasta3__te": " ",
    "regiao": "CEU",
    "tipo": "BAIRRO"
   },
   "type": "Feature"
  },
  {
   "geometry": {
    "coordinates": [
     -49.39151191658918,
     -20.765042872144
    ],
    "type": "Point"
   },
   "id": 523,
   "properties": {
    "abrangenci": "SANTO ANTÔNIO",
    "arquivo": "REGUL",
    "cod_abrg": "04",
    "codigo_sia": 258,
    "cras": "CRAS Santo Antônio",
    "fid": 523,
    "fid_1": 527,
    "fid_1_1": 21,
    "globalid_1": "448782f6-87ab-4bc8-b0f2-3925de328348",
    "nome": "Zé Menino - Jardim",
    "nome_comp": "Jd Zé Menino",
    "num_bairro": 18,
    "objectid_1": 4,
    "objectid_2": 4,
    "pasta3___1": "Zé",
    "pasta3___2": "Menino",
    "pasta3___3": " ",
    "pasta3___4": " ",
    "pasta3___5": " ",
    "pasta3__no": "Jd Zé Menino",
    "pasta3__ob": 523.0,
    "pasta3__te": " ",
    "regiao": "CEU",
    "tipo": "BAIRRO"
   },
   "type": "Feature"
  },
  {
   "geometry": {
    "coordinates": [
     -49.38993649080407,
     -20.71090120726686
    ],
    "type": "Point"
   },
   "id": 524,
   "properties": {
    "abrangenci": "SANTO ANTÔNIO",
    "arquivo": "REGUL",
    "cod_abrg": "04",
    "codigo_sia": 955,
    "cras": "CRAS Santo Antônio",
    "fid": 524,
    "fid_1": 528,
    "fid_1_1": 21,
    "globalid_1": "c196d180-b364-4589-854a-f66b48d920ec",
    "nome": "Estância Morada do sol",
    "nome_comp": "Est Morada do sol",
    "num_bairro": 8,
    "objectid_1": 433,
    "objectid_2": 4,
    "pasta3___1": "Morada",
    "pasta3___2": " ",
    "pasta3___3": "sol",
    "pasta3___4": " ",
    "pasta3___5": " ",
    "pasta3__no": "Est Morada do sol",
    "pasta3__ob": 524.0,
    "pasta3__te": " ",
    "regiao": "CEU",
    "tipo": "REGULARIZAÇÃO FUNDIÁRIA"
   },
   "type": "Feature"
  },
  {
   "geometry": {
    "coordinates": [
     -49.38534867969001,
     -20.726762539269437
    ],
    "type": "Point"
   },
   "id": 525,
   "properties": {
    "abrangenci": "SANTO ANTÔNIO",
    "arquivo": "REGUL",
    "cod_abrg": "04",
    "codigo_sia": 545,
    "cras": "CRAS Santo Antônio",
    "fid": 525,
    "fid_1": 529,
    "fid_1_1": 21,
    "globalid_1": "2f0422f6-f24f-49bc-8bd6-3d07cd5261c2",
    "nome": "Residencial Mais Viver S. J. R. P.",
    "nome_comp": "Res Mais Viver S J R P",
    "num_bairro": 27,
    "objectid_1": 614,
    "objectid_2": 4,
    "pasta3___1": "Mais",
    "pasta3___2": "Viver",
    "pasta3___3": " ",
    "pasta3___4": " ",
    "pasta3___5": " ",
    "pasta3__no": "Res Mais Viver S J R P",
    "pasta3__ob": 525.0,
    "pasta3__te": " ",
    "regiao": "CEU",
    "tipo": "BAIRRO"
   },
   "type": "Feature"
  },
  {
   "geometry": {
    "coordinates": [
     -49.381834244710255,
     -20.72911607969596
    ],
    "type": "Point"
   },
   "id": 526,
   "properties": {
    "abrangenci": "SANTO ANTÔNIO",
    "arquivo": "IRREG",
    "cod_abrg": "04",
    "codigo_sia": 1100,
    "cras": "CRAS Santo Antônio",
    "fid": 526,
    "fid_1": 530,
    "fid_1_1": 21,
    "globalid_1": "00189bda-95cc-40d9-bce4-027d7ca41416",
    "nome": "Recanto da Aves",
    "nome_comp": "Recanto da Aves",
    "num_bairro": 25,
    "objectid_1": 439,
    "objectid_2": 4,
    "pasta3___1": " ",
    "pasta3___2": "Aves",
    "pasta3___3": " ",
    "pasta3___4": " ",
    "pasta3___5": " ",
    "pasta3__no": "Recanto da Aves",
    "pasta3__ob": 526.0,
    "pasta3__te": "Recanto",
    "regiao": "CEU",
    "tipo": "REGULARIZAÇÃO FUNDIÁRIA"
   },
   "type": "Feature"
  },
  {
   "geometry": {
    "coordinates": [
     -49.41847781138617,
     -20.764249030569303
    ],
    "type": "Point"
   },
   "id": 527,
   "properties": {
    "abrangenci": "MARIA LÚCIA",
    "arquivo": "REGUL",
    "cod_abrg": "18",
    "codigo_sia": 535,
    "cras": "CRAS Solo Sagrado",
    "fid": 527,
    "fid_1": 531,
    "fid_1_1": 22,
    "globalid_1": "eb75a87e-0712-4b0a-bbf1-481b917b97db",
    "nome": "Nature I - Parque  Res.",
    "nome_comp": "Pq  ResNature I",
    "num_bairro": 15,
    "objectid_1": 585,
    "objectid_2": 18,
    "pasta3___1": "ResNature",
    "pasta3___2": " ",
    "pasta3___3": " ",
    "pasta3___4": " ",
    "pasta3___5": " ",
    "pasta3__no": "Pq  ResNature I",
    "pasta3__ob": 527.0,
    "pasta3__te": " ",
    "regiao": "Pinheirinho",
    "tipo": "LOTEAMENTO FECHADO"
   },
   "type": "Feature"
  },
  {
   "geometry": {
    "coordinates": [
     -49.39190959853991,
     -20.768721427497105
    ],
    "type": "Point"
   },
   "id": 528,
   "properties": {
    "abrangenci": "MARIA LÚCIA",
    "arquivo": "REGUL",
    "cod_abrg": "18",
    "codigo_sia": 494,
    "cras": "CRAS Antunes",
    "fid": 528,
    "fid_1": 532,
    "fid_1_1": 22,
    "globalid_1": "b889e38c-274e-48d8-8082-f1dd9b051e46",
    "nome": "Vista Alegre - Res.",
    "nome_comp": "Res Vista Alegre",
    "num_bairro": 20,
    "objectid_1": 600,
    "objectid_2": 18,
    "pasta3___1": "Vista",
    "pasta3___2": "Alegre",
    "pasta3___3": " ",
    "pasta3___4": " ",
    "pasta3___5": " ",
    "pasta3__no": "Res Vista Alegre",
    "pasta3__ob": 528.0,
    "pasta3__te": " ",
    "regiao": "Pinheirinho",
    "tipo": "LOTEAMENTO FECHADO"
   },
   "type": "Feature"
  },
  {
   "geometry": {
    "coordinates": [
     -49.39975699320825,
     -20.775109785940447
    ],
    "type": "Point"
   },
   "id": 529,
   "properties": {
    "abrangenci": "MARIA LÚCIA",
    "arquivo": "REGUL",
    "cod_abrg": "18",
    "codigo_sia": 579,
    "cras": "CRAS Antunes",
    "fid": 529,
    "fid_1": 533,
    "fid_1_1": 22,
    "globalid_1": "c8cf1b36-024d-4b92-adb0-737f2b40b458",
    "nome": "Rio das Pedras - Parque",
    "nome_comp": "Pq Rio das Pedras",
    "num_bairro": 19,
    "objectid_1": 537,
    "objectid_2": 18,
    "pasta3___1": "Rio",
    "pasta3___2": " ",
    "pasta3___3": "Pedras",
    "pasta3___4": " ",
    "pasta3___5": " ",
    "pasta3__no": "Pq Rio das Pedras",
    "pasta3__ob": 529.0,
    "pasta3__te": " ",
    "regiao": "Pinheirinho",
    "tipo": "BAIRRO"
   },
   "type": "Feature"
  },
  {
   "geometry": {
    "coordinates": [
     -49.418789314106114,
     -20.756233883319926
    ],
    "type": "Point"
   },
   "id": 530,
   "properties": {
    "abrangenci": "MARIA LÚCIA",
    "arquivo": "REGUL",
    "cod_abrg": "18",
    "codigo_sia": 583,
    "cras": "CRAS Solo Sagrado",
    "fid": 530,
    "fid_1": 534,
    "fid_1_1": 22,
    "globalid_1": "76f82864-18e0-4e40-b675-f00f74715b1c",
    "nome": "Maria Clara - Res.",
    "nome_comp": "Res Maria Clara",
    "num_bairro": 8,
    "objectid_1": 466,
    "objectid_2": 18,
    "pasta3___1": "Maria",
    "pasta3___2": "Clara",
    "pasta3___3": " ",
    "pasta3___4": " ",
    "pasta3___5": " ",
    "pasta3__no": "Res Maria Clara",
    "pasta3__ob": 530.0,
    "pasta3__te": " ",
    "regiao": "Pinheirinho",
    "tipo": "BAIRRO"
   },
   "type": "Feature"
  },
  {
   "geometry": {
    "coordinates": [
     -49.40955022713232,
     -20.77265067265757
    ],
    "type": "Point"
   },
   "id": 531,
   "properties": {
    "abrangenci": "MARIA LÚCIA",
    "arquivo": "REGUL",
    "cod_abrg": "18",
    "codigo_sia": 292,
    "cras": "CRAS Antunes",
    "fid": 531,
    "fid_1": 535,
    "fid_1_1": 22,
    "globalid_1": "53878e95-f97d-4984-80d4-683dbbd0d4fd",
    "nome": "EDSON PUPIM - MINIDIST. IND.",
    "nome_comp": "MD Edson Pupim",
    "num_bairro": 13,
    "objectid_1": 267,
    "objectid_2": 18,
    "pasta3___1": "Edson",
    "pasta3___2": "Pupim",
    "pasta3___3": " ",
    "pasta3___4": " ",
    "pasta3___5": " ",
    "pasta3__no": "MD Edson Pupim",
    "pasta3__ob": 531.0,
    "pasta3__te": " ",
    "regiao": "Pinheirinho",
    "tipo": "MINI DISTRITO"
   },
   "type": "Feature"
  },
  {
   "geometry": {
    "coordinates": [
     -49.422848494227594,
     -20.755642180382818
    ],
    "type": "Point"
   },
   "id": 532,
   "properties": {
    "abrangenci": "MARIA LÚCIA",
    "arquivo": "REGUL",
    "cod_abrg": "18",
    "codigo_sia": 575,
    "cras": "CRAS Solo Sagrado",
    "fid": 532,
    "fid_1": 536,
    "fid_1_1": 22,
    "globalid_1": "d4b9deba-ee94-4961-a0e8-c601f2b3ebbf",
    "nome": "Buritis - Jd. dos",
    "nome_comp": "Jd dos Buritis",
    "num_bairro": 2,
    "objectid_1": 275,
    "objectid_2": 18,
    "pasta3___1": " ",
    "pasta3___2": "Buritis",
    "pasta3___3": " ",
    "pasta3___4": " ",
    "pasta3___5": " ",
    "pasta3__no": "Jd dos Buritis",
    "pasta3__ob": 532.0,
    "pasta3__te": " ",
    "regiao": "Pinheirinho",
    "tipo": "BAIRRO"
   },
   "type": "Feature"
  },
  {
   "geometry": {
    "coordinates": [
     -49.4142120521813,
     -20.767620991306732
    ],
    "type": "Point"
   },
   "id": 533,
   "properties": {
    "abrangenci": "MARIA LÚCIA",
    "arquivo": "REGUL",
    "cod_abrg": "18",
    "codigo_sia": 428,
    "cras": "CRAS Antunes",
    "fid": 533,
    "fid_1": 537,
    "fid_1_1": 22,
    "globalid_1": "48c64d5c-b005-4fb5-829f-c1e39a2f71ea",
    "nome": "Califórnia - Res",
    "nome_comp": "Res Califórnia",
    "num_bairro": 17,
    "objectid_1": 299,
    "objectid_2": 18,
    "pasta3___1": "Califórnia",
    "pasta3___2": " ",
    "pasta3___3": " ",
    "pasta3___4": " ",
    "pasta3___5": " ",
    "pasta3__no": "Res Califórnia",
    "pasta3__ob": 533.0,
    "pasta3__te": " ",
    "regiao": "Pinheirinho",
    "tipo": "BAIRRO"
   },
   "type": "Feature"
  },
  {
   "geometry": {
    "coordinates": [
     -49.407771765019916,
     -20.7762365768253
    ],
    "type": "Point"
   },
   "id": 534,
   "properties": {
    "abrangenci": "MARIA LÚCIA",
    "arquivo": "REGUL",
    "cod_abrg": "18",
    "codigo_sia": 402,
    "cras": "CRAS Antunes",
    "fid": 534,
    "fid_1": 538,
    "fid_1_1": 22,
    "globalid_1": "b331a3c8-ec4b-4b73-973a-c51d8a0c6a80",
    "nome": "ARY ATTAB - MINIDIST. IND.",
    "nome_comp": "MD Ary Attab",
    "num_bairro": 12,
    "objectid_1": 302,
    "objectid_2": 18,
    "pasta3___1": "Ary",
    "pasta3___2": "Attab",
    "pasta3___3": " ",
    "pasta3___4": " ",
    "pasta3___5": " ",
    "pasta3__no": "MD Ary Attab",
    "pasta3__ob": 534.0,
    "pasta3__te": " ",
    "regiao": "Pinheirinho",
    "tipo": "MINI DISTRITO"
   },
   "type": "Feature"
  },
  {
   "geometry": {
    "coordinates": [
     -49.41029588080104,
     -20.77143804413254
    ],
    "type": "Point"
   },
   "id": 535,
   "properties": {
    "abrangenci": "MARIA LÚCIA",
    "arquivo": "REGUL",
    "cod_abrg": "18",
    "codigo_sia": 291,
    "cras": "CRAS Antunes",
    "fid": 535,
    "fid_1": 539,
    "fid_1_1": 22,
    "globalid_1": "9eeb3283-a533-4b00-b20f-d2f2a1328e6c",
    "nome": "MIini Distrito Ind. Anatol Konarski",
    "nome_comp": "MD Anatol Konarski",
    "num_bairro": 11,
    "objectid_1": 324,
    "objectid_2": 18,
    "pasta3___1": "Anatol",
    "pasta3___2": "Konarski",
    "pasta3___3": " ",
    "pasta3___4": " ",
    "pasta3___5": " ",
    "pasta3__no": "MD Anatol Konarski",
    "pasta3__ob": 535.0,
    "pasta3__te": " ",
    "regiao": "Pinheirinho",
    "tipo": "MINI DISTRITO"
   },
   "type": "Feature"
  },
  {
   "geometry": {
    "coordinates": [
     -49.41430300358368,
     -20.764510239179724
    ],
    "type": "Point"
   },
   "id": 536,
   "properties": {
    "abrangenci": "MARIA LÚCIA",
    "arquivo": "REGUL",
    "cod_abrg": "18",
    "codigo_sia": 463,
    "cras": "CRAS Antunes",
    "fid": 536,
    "fid_1": 540,
    "fid_1_1": 22,
    "globalid_1": "0a8c28ea-bb52-485f-8d32-053426e7f17a",
    "nome": "Bom Sucesso",
    "nome_comp": "Res Bom Sucesso",
    "num_bairro": 16,
    "objectid_1": 326,
    "objectid_2": 18,
    "pasta3___1": "Bom",
    "pasta3___2": "Sucesso",
    "pasta3___3": " ",
    "pasta3___4": " ",
    "pasta3___5": " ",
    "pasta3__no": "Res Bom Sucesso",
    "pasta3__ob": 536.0,
    "pasta3__te": " ",
    "regiao": "Pinheirinho",
    "tipo": "BAIRRO"
   },
   "type": "Feature"
  },
  {
   "geometry": {
    "coordinates": [
     -49.4096010734049,
     -20.771256632150305
    ],
    "type": "Point"
   },
   "id": 537,
   "properties": {
    "abrangenci": "MARIA LÚCIA",
    "arquivo": "REGUL",
    "cod_abrg": "18",
    "codigo_sia": 331,
    "cras": "CRAS Antunes",
    "fid": 537,
    "fid_1": 541,
    "fid_1_1": 22,
    "globalid_1": "6f06cb33-ee14-4cb0-9263-e2075f33ac6c",
    "nome": "José Felipe Antônio - Minidist. Ind.",
    "nome_comp": "MD José Felipe Antônio",
    "num_bairro": 14,
    "objectid_1": 339,
    "objectid_2": 18,
    "pasta3___1": "José",
    "pasta3___2": "Felipe",
    "pasta3___3": "Antônio",
    "pasta3___4": " ",
    "pasta3___5": " ",
    "pasta3__no": "MD José Felipe Antônio",
    "pasta3__ob": 537.0,
    "pasta3__te": " ",
    "regiao": "Pinheirinho",
    "tipo": "MINI DISTRITO"
   },
   "type": "Feature"
  },
  {
   "geometry": {
    "coordinates": [
     -49.40751673156546,
     -20.775172759813113
    ],
    "type": "Point"
   },
   "id": 538,
   "properties": {
    "abrangenci": "MARIA LÚCIA",
    "arquivo": "REGUL",
    "cod_abrg": "18",
    "codigo_sia": 283,
    "cras": "CRAS Antunes",
    "fid": 538,
    "fid_1": 542,
    "fid_1_1": 22,
    "globalid_1": "6c9fa023-290a-4cd0-b01f-c8028f3700be",
    "nome": "Oliveiras - Jardim das",
    "nome_comp": "Jd das Oliveiras",
    "num_bairro": 3,
    "objectid_1": 157,
    "objectid_2": 18,
    "pasta3___1": " ",
    "pasta3___2": "Oliveiras",
    "pasta3___3": " ",
    "pasta3___4": " ",
    "pasta3___5": " ",
    "pasta3__no": "Jd das Oliveiras",
    "pasta3__ob": 538.0,
    "pasta3__te": " ",
    "regiao": "Pinheirinho",
    "tipo": "BAIRRO"
   },
   "type": "Feature"
  },
  {
   "geometry": {
    "coordinates": [
     -49.40580466420339,
     -20.768542475976894
    ],
    "type": "Point"
   },
   "id": 539,
   "properties": {
    "abrangenci": "MARIA LÚCIA",
    "arquivo": "REGUL",
    "cod_abrg": "18",
    "codigo_sia": 266,
    "cras": "CRAS Antunes",
    "fid": 539,
    "fid_1": 543,
    "fid_1_1": 22,
    "globalid_1": "7896e125-62ac-44f7-b0c9-a17dc37258cb",
    "nome": "Maria Lúcia - Jardim",
    "nome_comp": "Jd Maria Lúcia",
    "num_bairro": 4,
    "objectid_1": 219,
    "objectid_2": 18,
    "pasta3___1": "Maria",
    "pasta3___2": "Lúcia",
    "pasta3___3": " ",
    "pasta3___4": " ",
    "pasta3___5": " ",
    "pasta3__no": "Jd Maria Lúcia",
    "pasta3__ob": 539.0,
    "pasta3__te": " ",
    "regiao": "Pinheirinho",
    "tipo": "BAIRRO"
   },
   "type": "Feature"
  },
  {
   "geometry": {
    "coordinates": [
     -49.39627416908059,
     -20.768310686889997
    ],
    "type": "Point"
   },
   "id": 540,
   "properties": {
    "abrangenci": "MARIA LÚCIA",
    "arquivo": "REGUL",
    "cod_abrg": "18",
    "codigo_sia": 371,
    "cras": "CRAS Antunes",
    "fid": 540,
    "fid_1": 544,
    "fid_1_1": 22,
    "globalid_1": "fb8d2882-3f01-4098-821d-e53075a9f23a",
    "nome": "Adail Vetorazzo - Minidist. Ind. Prof.",
    "nome_comp": "MD Adail Vetorazzo",
    "num_bairro": 10,
    "objectid_1": 148,
    "objectid_2": 18,
    "pasta3___1": "Adail",
    "pasta3___2": "Vetorazzo",
    "pasta3___3": " ",
    "pasta3___4": " ",
    "pasta3___5": " ",
    "pasta3__no": "MD Adail Vetorazzo",
    "pasta3__ob": 540.0,
    "pasta3__te": " ",
    "regiao": "Pinheirinho",
    "tipo": "MINI DISTRITO"
   },
   "type": "Feature"
  },
  {
   "geometry": {
    "coordinates": [
     -49.414801439571974,
     -20.771105788090356
    ],
    "type": "Point"
   },
   "id": 541,
   "properties": {
    "abrangenci": "MARIA LÚCIA",
    "arquivo": "REGUL",
    "cod_abrg": "18",
    "codigo_sia": 405,
    "cras": "CRAS Antunes",
    "fid": 541,
    "fid_1": 545,
    "fid_1_1": 22,
    "globalid_1": "ab86b2c6-a604-4801-b34b-14a7036246b3",
    "nome": "Colorado - Res.",
    "nome_comp": "Res Colorado",
    "num_bairro": 18,
    "objectid_1": 122,
    "objectid_2": 18,
    "pasta3___1": "Colorado",
    "pasta3___2": " ",
    "pasta3___3": " ",
    "pasta3___4": " ",
    "pasta3___5": " ",
    "pasta3__no": "Res Colorado",
    "pasta3__ob": 541.0,
    "pasta3__te": " ",
    "regiao": "Pinheirinho",
    "tipo": "BAIRRO"
   },
   "type": "Feature"
  },
  {
   "geometry": {
    "coordinates": [
     -49.40279072757737,
     -20.774679140737707
    ],
    "type": "Point"
   },
   "id": 542,
   "properties": {
    "abrangenci": "MARIA LÚCIA",
    "arquivo": "REGUL",
    "cod_abrg": "18",
    "codigo_sia": 264,
    "cras": "CRAS Antunes",
    "fid": 542,
    "fid_1": 546,
    "fid_1_1": 22,
    "globalid_1": "52db0bc2-a809-4287-b5b6-ecdaf3c879d4",
    "nome": "Antunes - Jardim",
    "nome_comp": "Jd Antunes",
    "num_bairro": 1,
    "objectid_1": 5,
    "objectid_2": 18,
    "pasta3___1": "Antunes",
    "pasta3___2": " ",
    "pasta3___3": " ",
    "pasta3___4": " ",
    "pasta3___5": " ",
    "pasta3__no": "Jd Antunes",
    "pasta3__ob": 542.0,
    "pasta3__te": " ",
    "regiao": "Pinheirinho",
    "tipo": "BAIRRO"
   },
   "type": "Feature"
  },
  {
   "geometry": {
    "coordinates": [
     -49.421998696801225,
     -20.764381239411307
    ],
    "type": "Point"
   },
   "id": 543,
   "properties": {
    "abrangenci": "MARIA LÚCIA",
    "arquivo": "REGUL",
    "cod_abrg": "18",
    "codigo_sia": 543,
    "cras": "CRAS Solo Sagrado",
    "fid": 543,
    "fid_1": 547,
    "fid_1_1": 22,
    "globalid_1": "dac69c8a-ab74-4e91-b406-d0295135a1c2",
    "nome": "Moradas Rio Preto",
    "nome_comp": "Lot Moradas Rio Preto",
    "num_bairro": 6,
    "objectid_1": 486,
    "objectid_2": 18,
    "pasta3___1": "Moradas",
    "pasta3___2": "Rio",
    "pasta3___3": "Preto",
    "pasta3___4": " ",
    "pasta3___5": " ",
    "pasta3__no": "Lot Moradas Rio Preto",
    "pasta3__ob": 543.0,
    "pasta3__te": " ",
    "regiao": "Pinheirinho",
    "tipo": "LOTEAMENTO"
   },
   "type": "Feature"
  },
  {
   "geometry": {
    "coordinates": [
     -49.420628011567,
     -20.752086367238928
    ],
    "type": "Point"
   },
   "id": 544,
   "properties": {
    "abrangenci": "MARIA LÚCIA",
    "arquivo": "REGUL",
    "cod_abrg": "18",
    "codigo_sia": 624,
    "cras": "CRAS Solo Sagrado",
    "fid": 544,
    "fid_1": 548,
    "fid_1_1": 22,
    "globalid_1": "e437621d-627d-49bb-b270-bc8dbaf91869",
    "nome": "Maria Clara 2  - Res",
    "nome_comp": "Res Maria Clara 2",
    "num_bairro": 9,
    "objectid_1": 5442,
    "objectid_2": 18,
    "pasta3___1": "Maria",
    "pasta3___2": "Clara",
    "pasta3___3": " ",
    "pasta3___4": " ",
    "pasta3___5": " ",
    "pasta3__no": "Res Maria Clara 2",
    "pasta3__ob": 544.0,
    "pasta3__te": " ",
    "regiao": "Pinheirinho",
    "tipo": "BAIRRO"
   },
   "type": "Feature"
  },
  {
   "geometry": {
    "coordinates": [
     -49.4180858829595,
     -20.766860563257197
    ],
    "type": "Point"
   },
   "id": 545,
   "properties": {
    "abrangenci": "MARIA LÚCIA",
    "arquivo": "REGUL",
    "cod_abrg": "18",
    "codigo_sia": 939,
    "cras": "CRAS Antunes",
    "fid": 545,
    "fid_1": 549,
    "fid_1_1": 22,
    "globalid_1": "dca33a22-bc88-4d41-9c24-a559f9a048cf",
    "nome": "Sto Antônio Mirassolândia - Est",
    "nome_comp": "Lot Santo Antônio Mirassolândia",
    "num_bairro": 7,
    "objectid_1": 596,
    "objectid_2": 18,
    "pasta3___1": "Santo",
    "pasta3___2": "Antônio",
    "pasta3___3": " ",
    "pasta3___4": " ",
    "pasta3___5": " ",
    "pasta3__no": "Lot Santo Antônio Mirassolândia",
    "pasta3__ob": 545.0,
    "pasta3__te": " ",
    "regiao": "Pinheirinho",
    "tipo": "REGULARIZAÇÃO FUNDIÁRIA"
   },
   "type": "Feature"
  },
  {
   "geometry": {
    "coordinates": [
     -49.41498933381422,
     -20.761538849441482
    ],
    "type": "Point"
   },
   "id": 546,
   "properties": {
    "abrangenci": "MARIA LÚCIA",
    "arquivo": "REGUL",
    "cod_abrg": "18",
    "codigo_sia": 640,
    "cras": "CRAS Antunes",
    "fid": 546,
    "fid_1": 550,
    "fid_1_1": 22,
    "globalid_1": "8e5b506a-f275-49d7-b538-86819b02eaba",
    "nome": "Forlife Grandes Lagos",
    "nome_comp": "Lot Forlife Grandes Lagos",
    "num_bairro": 5,
    "objectid_1": 9922,
    "objectid_2": 18,
    "pasta3___1": "Forlife",
    "pasta3___2": "Grandes",
    "pasta3___3": "Lagos",
    "pasta3___4": " ",
    "pasta3___5": " ",
    "pasta3__no": "Lot Forlife Grandes Lagos",
    "pasta3__ob": 546.0,
    "pasta3__te": " ",
    "regiao": "Pinheirinho",
    "tipo": "loteamento"
   },
   "type": "Feature"
  },
  {
   "geometry": {
    "coordinates": [
     -49.4215228877974,
     -20.74915765260951
    ],
    "type": "Point"
   },
   "id": 547,
   "properties": {
    "abrangenci": "MARIA LÚCIA",
    "arquivo": " ",
    "cod_abrg": "18",
    "codigo_sia": 644,
    "cras": "CRAS Solo Sagrado",
    "fid": 547,
    "fid_1": 551,
    "fid_1_1": 22,
    "globalid_1": "f9b53a6c-1ebe-40b6-9a9f-8079b56bbe8c",
    "nome": "Vista Norte - Res.",
    "nome_comp": "Res Vista Norte",
    "num_bairro": 21,
    "objectid_1": 11521,
    "objectid_2": 18,
    "pasta3___1": "Vista",
    "pasta3___2": "Norte",
    "pasta3___3": " ",
    "pasta3___4": " ",
    "pasta3___5": " ",
    "pasta3__no": "Res Vista Norte",
    "pasta3__ob": 547.0,
    "pasta3__te": " ",
    "regiao": "Pinheirinho",
    "tipo": "BAIRRO"
   },
   "type": "Feature"
  },
  {
   "geometry": {
    "coordinates": [
     -49.32091983016729,
     -20.751082324033472
    ],
    "type": "Point"
   },
   "id": 548,
   "properties": {
    "abrangenci": "TALHADO",
    "arquivo": "REGUL",
    "cod_abrg": "21",
    "codigo_sia": 239,
    "cras": "CRAS Lealdade e Amizade",
    "fid": 548,
    "fid_1": 552,
    "fid_1_1": 23,
    "globalid_1": "32da1d1d-1e63-4ec0-9c4b-4adcdacee105",
    "nome": "Nossa Senhora do Líbano",
    "nome_comp": "Nossa Senhora do Líbano",
    "num_bairro": 18,
    "objectid_1": 495,
    "objectid_2": 21,
    "pasta3___1": "Senhora",
    "pasta3___2": " ",
    "pasta3___3": "Líbano",
    "pasta3___4": " ",
    "pasta3___5": " ",
    "pasta3__no": "Nossa Senhora do Líbano",
    "pasta3__ob": 548.0,
    "pasta3__te": "Nossa",
    "regiao": "Talhado",
    "tipo": "REGULARIZAÇÃO FUNDIÁRIA"
   },
   "type": "Feature"
  },
  {
   "geometry": {
    "coordinates": [
     -49.318575253547,
     -20.74315508186581
    ],
    "type": "Point"
   },
   "id": 549,
   "properties": {
    "abrangenci": "TALHADO",
    "arquivo": "REGUL",
    "cod_abrg": "21",
    "codigo_sia": 240,
    "cras": "CRAS Lealdade e Amizade",
    "fid": 549,
    "fid_1": 553,
    "fid_1_1": 23,
    "globalid_1": "c3bb064e-6b0b-47f3-8858-795bfd272c49",
    "nome": "Terras de São José",
    "nome_comp": "Chac Recreio Terras de São José",
    "num_bairro": 4,
    "objectid_1": 547,
    "objectid_2": 21,
    "pasta3___1": "Recreio",
    "pasta3___2": "Terras",
    "pasta3___3": " ",
    "pasta3___4": " ",
    "pasta3___5": " ",
    "pasta3__no": "Chac Recreio Terras de São José",
    "pasta3__ob": 549.0,
    "pasta3__te": " ",
    "regiao": "Talhado",
    "tipo": "CHÁCARAS"
   },
   "type": "Feature"
  },
  {
   "geometry": {
    "coordinates": [
     -49.29892889787349,
     -20.704742008450793
    ],
    "type": "Point"
   },
   "id": 550,
   "properties": {
    "abrangenci": "TALHADO",
    "arquivo": "IRREG",
    "cod_abrg": "21",
    "codigo_sia": 1028,
    "cras": "CRAS Lealdade e Amizade",
    "fid": 550,
    "fid_1": 554,
    "fid_1_1": 23,
    "globalid_1": "a2c21951-375e-4e43-98cf-795f603009d5",
    "nome": "Estancia San Luiz II",
    "nome_comp": "Est San Luiz II",
    "num_bairro": 11,
    "objectid_1": 414,
    "objectid_2": 21,
    "pasta3___1": "San",
    "pasta3___2": "Luiz",
    "pasta3___3": " ",
    "pasta3___4": " ",
    "pasta3___5": " ",
    "pasta3__no": "Est San Luiz II",
    "pasta3__ob": 550.0,
    "pasta3__te": " ",
    "regiao": "Talhado",
    "tipo": "REGULARIZAÇÃO FUNDIÁRIA"
   },
   "type": "Feature"
  },
  {
   "geometry": {
    "coordinates": [
     -49.330462619182036,
     -20.699475174343004
    ],
    "type": "Point"
   },
   "id": 551,
   "properties": {
    "abrangenci": "TALHADO",
    "arquivo": "IRREG",
    "cod_abrg": "21",
    "codigo_sia": 1025,
    "cras": "CRAS Lealdade e Amizade",
    "fid": 551,
    "fid_1": 555,
    "fid_1_1": 23,
    "globalid_1": "ac842c10-1e70-4130-85e3-0505f3b7ffac",
    "nome": "Estancia São Manoel",
    "nome_comp": "Est São Manoel",
    "num_bairro": 15,
    "objectid_1": 420,
    "objectid_2": 21,
    "pasta3___1": " ",
    "pasta3___2": "Manoel",
    "pasta3___3": " ",
    "pasta3___4": " ",
    "pasta3___5": " ",
    "pasta3__no": "Est São Manoel",
    "pasta3__ob": 551.0,
    "pasta3__te": " ",
    "regiao": "Talhado",
    "tipo": "REGULARIZAÇÃO FUNDIÁRIA"
   },
   "type": "Feature"
  },
  {
   "geometry": {
    "coordinates": [
     -49.293633408343155,
     -20.706784167024733
    ],
    "type": "Point"
   },
   "id": 552,
   "properties": {
    "abrangenci": "TALHADO",
    "arquivo": "REGUL",
    "cod_abrg": "21",
    "codigo_sia": 4,
    "cras": "CRAS Lealdade e Amizade",
    "fid": 552,
    "fid_1": 556,
    "fid_1_1": 23,
    "globalid_1": "e3536ce6-f81e-4950-a85f-7d1707a5d53d",
    "nome": "Talhado - Distrito",
    "nome_comp": "Talhado",
    "num_bairro": 21,
    "objectid_1": 384,
    "objectid_2": 21,
    "pasta3___1": " ",
    "pasta3___2": " ",
    "pasta3___3": " ",
    "pasta3___4": " ",
    "pasta3___5": " ",
    "pasta3__no": "Talhado",
    "pasta3__ob": 552.0,
    "pasta3__te": "Talhado",
    "regiao": "Talhado",
    "tipo": "DISTRITO SEDE"
   },
   "type": "Feature"
  },
  {
   "geometry": {
    "coordinates": [
     -49.30679517193056,
     -20.743330438702642
    ],
    "type": "Point"
   },
   "id": 553,
   "properties": {
    "abrangenci": "TALHADO",
    "arquivo": " ",
    "cod_abrg": "21",
    "codigo_sia": 1032,
    "cras": "CRAS Lealdade e Amizade",
    "fid": 553,
    "fid_1": 557,
    "fid_1_1": 23,
    "globalid_1": "9c489bfe-1ad6-40bd-aa2f-299abd9ccb43",
    "nome": "Pingo D´agua I - Estância",
    "nome_comp": "Est Pingo D´agua I",
    "num_bairro": 10,
    "objectid_1": 657,
    "objectid_2": 21,
    "pasta3___1": "Pingo",
    "pasta3___2": "D´agua",
    "pasta3___3": " ",
    "pasta3___4": " ",
    "pasta3___5": " ",
    "pasta3__no": "Est Pingo D´agua I",
    "pasta3__ob": 553.0,
    "pasta3__te": " ",
    "regiao": "Talhado",
    "tipo": "REGULARIZAÇÃO FUNDIÁRIA"
   },
   "type": "Feature"
  },
  {
   "geometry": {
    "coordinates": [
     -49.29814630630365,
     -20.69067778519033
    ],
    "type": "Point"
   },
   "id": 554,
   "properties": {
    "abrangenci": "TALHADO",
    "arquivo": "REGUL",
    "cod_abrg": "21",
    "codigo_sia": 916,
    "cras": "CRAS Lealdade e Amizade",
    "fid": 554,
    "fid_1": 558,
    "fid_1_1": 23,
    "globalid_1": "b8ccb804-9194-4bba-9891-3473fb4bd518",
    "nome": "São Luiz I - Estância",
    "nome_comp": "Est São Luiz I",
    "num_bairro": 20,
    "objectid_1": 662,
    "objectid_2": 21,
    "pasta3___1": " ",
    "pasta3___2": "Luiz",
    "pasta3___3": " ",
    "pasta3___4": " ",
    "pasta3___5": " ",
    "pasta3__no": "Est São Luiz I",
    "pasta3__ob": 554.0,
    "pasta3__te": " ",
    "regiao": "Talhado",
    "tipo": "CHÁCARAS"
   },
   "type": "Feature"
  },
  {
   "geometry": {
    "coordinates": [
     -49.29772143213992,
     -20.69330235706659
    ],
    "type": "Point"
   },
   "id": 555,
   "properties": {
    "abrangenci": "TALHADO",
    "arquivo": "IRREG",
    "cod_abrg": "21",
    "codigo_sia": 1028,
    "cras": "CRAS Lealdade e Amizade",
    "fid": 555,
    "fid_1": 559,
    "fid_1_1": 23,
    "globalid_1": "93b473be-0e01-45bc-abaf-56ad905ed64c",
    "nome": "São Luiz II - Estância",
    "nome_comp": "Est São Luiz II",
    "num_bairro": 1,
    "objectid_1": 663,
    "objectid_2": 21,
    "pasta3___1": " ",
    "pasta3___2": "Luiz",
    "pasta3___3": " ",
    "pasta3___4": " ",
    "pasta3___5": " ",
    "pasta3__no": "Est São Luiz II",
    "pasta3__ob": 555.0,
    "pasta3__te": " ",
    "regiao": "Talhado",
    "tipo": "REGULARIZAÇÃO FUNDIÁRIA"
   },
   "type": "Feature"
  },
  {
   "geometry": {
    "coordinates": [
     -49.301857489948326,
     -20.6929063081037
    ],
    "type": "Point"
   },
   "id": 556,
   "properties": {
    "abrangenci": "TALHADO",
    "arquivo": "IRREG",
    "cod_abrg": "21",
    "codigo_sia": 1031,
    "cras": "CRAS Lealdade e Amizade",
    "fid": 556,
    "fid_1": 560,
    "fid_1_1": 23,
    "globalid_1": "3ed3845a-5cd1-4f3a-b1a2-397485db819f",
    "nome": "São Luiz III - Estância",
    "nome_comp": "Est São Luiz III",
    "num_bairro": 14,
    "objectid_1": 664,
    "objectid_2": 21,
    "pasta3___1": " ",
    "pasta3___2": "Luiz",
    "pasta3___3": " ",
    "pasta3___4": " ",
    "pasta3___5": " ",
    "pasta3__no": "Est São Luiz III",
    "pasta3__ob": 556.0,
    "pasta3__te": " ",
    "regiao": "Talhado",
    "tipo": "REGULARIZAÇÃO FUNDIÁRIA"
   },
   "type": "Feature"
  },
  {
   "geometry": {
    "coordinates": [
     -49.2960250574144,
     -20.704331766155025
    ],
    "type": "Point"
   },
   "id": 557,
   "properties": {
    "abrangenci": "TALHADO",
    "arquivo": "REGUL",
    "cod_abrg": "21",
    "codigo_sia": 924,
    "cras": "CRAS Lealdade e Amizade",
    "fid": 557,
    "fid_1": 561,
    "fid_1_1": 23,
    "globalid_1": "6b0bab67-ee70-4db0-b030-6805ea04a3d6",
    "nome": "San Luiz I - Est.",
    "nome_comp": "Est San Luiz I",
    "num_bairro": 19,
    "objectid_1": 589,
    "objectid_2": 21,
    "pasta3___1": "San",
    "pasta3___2": "Luiz",
    "pasta3___3": " ",
    "pasta3___4": " ",
    "pasta3___5": " ",
    "pasta3__no": "Est San Luiz I",
    "pasta3__ob": 557.0,
    "pasta3__te": " ",
    "regiao": "Talhado",
    "tipo": "REGULARIZAÇÃO FUNDIÁRIA"
   },
   "type": "Feature"
  },
  {
   "geometry": {
    "coordinates": [
     -49.3352221061677,
     -20.70900105121439
    ],
    "type": "Point"
   },
   "id": 558,
   "properties": {
    "abrangenci": "TALHADO",
    "arquivo": "REGUL",
    "cod_abrg": "21",
    "codigo_sia": 921,
    "cras": "CRAS Lealdade e Amizade",
    "fid": 558,
    "fid_1": 562,
    "fid_1_1": 23,
    "globalid_1": "d234e51a-d68b-4257-835d-593d9ae9a395",
    "nome": "São Judas Tadeu - Est.",
    "nome_comp": "Est São Judas Tadeu",
    "num_bairro": 13,
    "objectid_1": 286,
    "objectid_2": 21,
    "pasta3___1": " ",
    "pasta3___2": "Judas",
    "pasta3___3": "Tadeu",
    "pasta3___4": " ",
    "pasta3___5": " ",
    "pasta3__no": "Est São Judas Tadeu",
    "pasta3__ob": 558.0,
    "pasta3__te": " ",
    "regiao": "Talhado",
    "tipo": "REGULARIZAÇÃO FUNDIÁRIA"
   },
   "type": "Feature"
  },
  {
   "geometry": {
    "coordinates": [
     -49.318244141955525,
     -20.731540700882476
    ],
    "type": "Point"
   },
   "id": 559,
   "properties": {
    "abrangenci": "TALHADO",
    "arquivo": "REGUL",
    "cod_abrg": "21",
    "codigo_sia": 937,
    "cras": "CRAS Lealdade e Amizade",
    "fid": 559,
    "fid_1": 563,
    "fid_1_1": 23,
    "globalid_1": "5afc3ec7-4a56-4e71-b669-7d56f90e8280",
    "nome": "Sossego - Condomínio",
    "nome_comp": "Cond Sossego",
    "num_bairro": 7,
    "objectid_1": 619,
    "objectid_2": 21,
    "pasta3___1": "Sossego",
    "pasta3___2": " ",
    "pasta3___3": " ",
    "pasta3___4": " ",
    "pasta3___5": " ",
    "pasta3__no": "Cond Sossego",
    "pasta3__ob": 559.0,
    "pasta3__te": " ",
    "regiao": "Talhado",
    "tipo": "REGULARIZAÇÃO FUNDIÁRIA"
   },
   "type": "Feature"
  },
  {
   "geometry": {
    "coordinates": [
     -49.33585408672357,
     -20.70494264224883
    ],
    "type": "Point"
   },
   "id": 560,
   "properties": {
    "abrangenci": "TALHADO",
    "arquivo": "IRREG",
    "cod_abrg": "21",
    "codigo_sia": 1023,
    "cras": "CRAS Lealdade e Amizade",
    "fid": 560,
    "fid_1": 564,
    "fid_1_1": 23,
    "globalid_1": "97372575-20be-406f-aa67-fc8532050931",
    "nome": "Estância Santa Paula",
    "nome_comp": "Est Santa Paula",
    "num_bairro": 12,
    "objectid_1": 630,
    "objectid_2": 21,
    "pasta3___1": "Santa",
    "pasta3___2": "Paula",
    "pasta3___3": " ",
    "pasta3___4": " ",
    "pasta3___5": " ",
    "pasta3__no": "Est Santa Paula",
    "pasta3__ob": 560.0,
    "pasta3__te": " ",
    "regiao": "Talhado",
    "tipo": "REGULARIZAÇÃO FUNDIÁRIA"
   },
   "type": "Feature"
  },
  {
   "geometry": {
    "coordinates": [
     -49.330551543708665,
     -20.703297205311234
    ],
    "type": "Point"
   },
   "id": 561,
   "properties": {
    "abrangenci": "TALHADO",
    "arquivo": "IRREG",
    "cod_abrg": "21",
    "codigo_sia": 1024,
    "cras": "CRAS Lealdade e Amizade",
    "fid": 561,
    "fid_1": 565,
    "fid_1_1": 23,
    "globalid_1": "cc5b4ff4-176f-47fa-a26f-e0ecc90a16e9",
    "nome": "Vera Cruz - Estância",
    "nome_comp": "Est Vera Cruz",
    "num_bairro": 17,
    "objectid_1": 631,
    "objectid_2": 21,
    "pasta3___1": "Vera",
    "pasta3___2": "Cruz",
    "pasta3___3": " ",
    "pasta3___4": " ",
    "pasta3___5": " ",
    "pasta3__no": "Est Vera Cruz",
    "pasta3__ob": 561.0,
    "pasta3__te": " ",
    "regiao": "Talhado",
    "tipo": "REGULARIZAÇÃO FUNDIÁRIA"
   },
   "type": "Feature"
  },
  {
   "geometry": {
    "coordinates": [
     -49.3331560285301,
     -20.719500320194
    ],
    "type": "Point"
   },
   "id": 562,
   "properties": {
    "abrangenci": "TALHADO",
    "arquivo": "IRREG",
    "cod_abrg": "21",
    "codigo_sia": 1017,
    "cras": "CRAS Lealdade e Amizade",
    "fid": 562,
    "fid_1": 566,
    "fid_1_1": 23,
    "globalid_1": "c9b9ece4-fc20-4caf-b805-7d073f1d038c",
    "nome": "Do Pica Pau Amarelo - Cond. Est.",
    "nome_comp": "Do Pica Pau Amarelo",
    "num_bairro": 8,
    "objectid_1": 635,
    "objectid_2": 21,
    "pasta3___1": "Pica",
    "pasta3___2": "Pau",
    "pasta3___3": "Amarelo",
    "pasta3___4": " ",
    "pasta3___5": " ",
    "pasta3__no": "Do Pica Pau Amarelo",
    "pasta3__ob": 562.0,
    "pasta3__te": " ",
    "regiao": "Talhado",
    "tipo": "REGULARIZAÇÃO FUNDIÁRIA"
   },
   "type": "Feature"
  },
  {
   "geometry": {
    "coordinates": [
     -49.33414541607419,
     -20.730616335101487
    ],
    "type": "Point"
   },
   "id": 563,
   "properties": {
    "abrangenci": "TALHADO",
    "arquivo": "REGUL",
    "cod_abrg": "21",
    "codigo_sia": 272,
    "cras": "CRAS Lealdade e Amizade",
    "fid": 563,
    "fid_1": 567,
    "fid_1_1": 23,
    "globalid_1": "d50be864-0f1d-4e05-b1df-424955bb0e97",
    "nome": "Parque do Sabiá - Chac. Rec.",
    "nome_comp": "Chac de Rec Pq do Sabiá",
    "num_bairro": 5,
    "objectid_1": 636,
    "objectid_2": 21,
    "pasta3___1": " ",
    "pasta3___2": "Rec",
    "pasta3___3": " ",
    "pasta3___4": " ",
    "pasta3___5": "Sabiá",
    "pasta3__no": "Chac de Rec Pq do Sabiá",
    "pasta3__ob": 563.0,
    "pasta3__te": " ",
    "regiao": "Talhado",
    "tipo": "CHÁCARAS"
   },
   "type": "Feature"
  },
  {
   "geometry": {
    "coordinates": [
     -49.315240623010695,
     -20.732061003037266
    ],
    "type": "Point"
   },
   "id": 564,
   "properties": {
    "abrangenci": "TALHADO",
    "arquivo": "IRREG",
    "cod_abrg": "21",
    "codigo_sia": 1021,
    "cras": "CRAS Lealdade e Amizade",
    "fid": 564,
    "fid_1": 568,
    "fid_1_1": 23,
    "globalid_1": "a103891b-a241-42a5-a63b-b44d695b4763",
    "nome": "Terras de São Lucas",
    "nome_comp": "Terras de São Lucas",
    "num_bairro": 22,
    "objectid_1": 649,
    "objectid_2": 21,
    "pasta3___1": " ",
    "pasta3___2": " ",
    "pasta3___3": " ",
    "pasta3___4": " ",
    "pasta3___5": " ",
    "pasta3__no": "Terras de São Lucas",
    "pasta3__ob": 564.0,
    "pasta3__te": "Terras",
    "regiao": "Talhado",
    "tipo": "CHÁCARAS"
   },
   "type": "Feature"
  },
  {
   "geometry": {
    "coordinates": [
     -49.307559727815324,
     -20.72056256613796
    ],
    "type": "Point"
   },
   "id": 565,
   "properties": {
    "abrangenci": "TALHADO",
    "arquivo": "IRREG",
    "cod_abrg": "21",
    "codigo_sia": 1031,
    "cras": "CRAS Lealdade e Amizade",
    "fid": 565,
    "fid_1": 569,
    "fid_1_1": 23,
    "globalid_1": "5ee366e5-dd84-43f2-9d50-4bac9f27a262",
    "nome": "Estancia São Roque",
    "nome_comp": "Est São Roque",
    "num_bairro": 16,
    "objectid_1": 650,
    "objectid_2": 21,
    "pasta3___1": " ",
    "pasta3___2": "Roque",
    "pasta3___3": " ",
    "pasta3___4": " ",
    "pasta3___5": " ",
    "pasta3__no": "Est São Roque",
    "pasta3__ob": 565.0,
    "pasta3__te": " ",
    "regiao": "Talhado",
    "tipo": "REGULARIZAÇÃO FUNDIÁRIA"
   },
   "type": "Feature"
  },
  {
   "geometry": {
    "coordinates": [
     -49.30620163383411,
     -20.745296317669116
    ],
    "type": "Point"
   },
   "id": 566,
   "properties": {
    "abrangenci": "TALHADO",
    "arquivo": " ",
    "cod_abrg": "21",
    "codigo_sia": 1033,
    "cras": "CRAS Lealdade e Amizade",
    "fid": 566,
    "fid_1": 570,
    "fid_1_1": 23,
    "globalid_1": "8bea1965-4200-4fb3-ac86-a2ee44808b8e",
    "nome": "Pingo D`agua II - Estância",
    "nome_comp": "Est Pingo D`agua II",
    "num_bairro": 9,
    "objectid_1": 656,
    "objectid_2": 21,
    "pasta3___1": "Pingo",
    "pasta3___2": "D`agua",
    "pasta3___3": " ",
    "pasta3___4": " ",
    "pasta3___5": " ",
    "pasta3__no": "Est Pingo D`agua II",
    "pasta3__ob": 566.0,
    "pasta3__te": " ",
    "regiao": "Talhado",
    "tipo": "CHÁCARAS"
   },
   "type": "Feature"
  },
  {
   "geometry": {
    "coordinates": [
     -49.294136450371354,
     -20.704569987488348
    ],
    "type": "Point"
   },
   "id": 567,
   "properties": {
    "abrangenci": "TALHADO",
    "arquivo": "REGUL",
    "cod_abrg": "21",
    "codigo_sia": 553,
    "cras": "CRAS Lealdade e Amizade",
    "fid": 567,
    "fid_1": 571,
    "fid_1_1": 23,
    "globalid_1": "7832bf5a-4b62-483f-9bfa-b40d175385c8",
    "nome": "Talhado",
    "nome_comp": "Talhado",
    "num_bairro": 6,
    "objectid_1": 403,
    "objectid_2": 21,
    "pasta3___1": " ",
    "pasta3___2": "Rio Preto",
    "pasta3___3": " ",
    "pasta3___4": " ",
    "pasta3___5": " ",
    "pasta3__no": "Cj Hab SJRP O",
    "pasta3__ob": 567.0,
    "pasta3__te": " ",
    "regiao": "Talhado",
    "tipo": "BAIRRO"
   },
   "type": "Feature"
  },
  {
   "geometry": {
    "coordinates": [
     -49.33279817299379,
     -20.733535283833913
    ],
    "type": "Point"
   },
   "id": 568,
   "properties": {
    "abrangenci": "TALHADO",
    "arquivo": "REGUL",
    "cod_abrg": "21",
    "codigo_sia": 617,
    "cras": "CRAS Lealdade e Amizade",
    "fid": 568,
    "fid_1": 572,
    "fid_1_1": 23,
    "globalid_1": "199b3180-71b6-4963-8725-7c87fcbef8af",
    "nome": "Centro Empresarial BR 153",
    "nome_comp": "Centro Empresarial BR153",
    "num_bairro": 3,
    "objectid_1": 4481,
    "objectid_2": 21,
    "pasta3___1": "Empresarial",
    "pasta3___2": "BR153",
    "pasta3___3": " ",
    "pasta3___4": " ",
    "pasta3___5": " ",
    "pasta3__no": "Centro Empresarial BR153",
    "pasta3__ob": 568.0,
    "pasta3__te": "Centro",
    "regiao": "Talhado",
    "tipo": "Bairro Comercial"
   },
   "type": "Feature"
  },
  {
   "geometry": {
    "coordinates": [
     -49.3214472069796,
     -20.709680186851422
    ],
    "type": "Point"
   },
   "id": 569,
   "properties": {
    "abrangenci": "TALHADO",
    "arquivo": " ",
    "cod_abrg": "21",
    "codigo_sia": 1152,
    "cras": "CRAS Lealdade e Amizade",
    "fid": 569,
    "fid_1": 573,
    "fid_1_1": 23,
    "globalid_1": "ace809f6-ef85-4ea4-977a-4d3b2a74550b",
    "nome": "Raquel",
    "nome_comp": "Raquel",
    "num_bairro": 2,
    "objectid_1": 7681,
    "objectid_2": 21,
    "pasta3___1": " ",
    "pasta3___2": " ",
    "pasta3___3": " ",
    "pasta3___4": " ",
    "pasta3___5": " ",
    "pasta3__no": "Raquel",
    "pasta3__ob": 569.0,
    "pasta3__te": "Raquel",
    "regiao": "Talhado",
    "tipo": " "
   },
   "type": "Feature"
  },
  {
   "geometry": {
    "coordinates": [
     -49.34222531759478,
     -20.89160896706892
    ],
    "type": "Point"
   },
   "id": 570,
   "properties": {
    "abrangenci": "FRATERNIDADE",
    "arquivo": "REGUL",
    "cod_abrg": "29",
    "codigo_sia": 471,
    "cras": "CRAS Schmitt",
    "fid": 570,
    "fid_1": 574,
    "fid_1_1": 24,
    "globalid_1": "958193b6-09a3-4ab4-838c-ac6d65cc4ddc",
    "nome": "Cortina D' Ampezzo",
    "nome_comp": "Res Cortina D' Ampezzo",
    "num_bairro": 8,
    "objectid_1": 491,
    "objectid_2": 29,
    "pasta3___1": "Cortina",
    "pasta3___2": " ",
    "pasta3___3": " ",
    "pasta3___4": " ",
    "pasta3___5": " ",
    "pasta3__no": "Res Cortina D' Ampezzo",
    "pasta3__ob": 570.0,
    "pasta3__te": " ",
    "regiao": "Schimitt",
    "tipo": "CHÁCARAS"
   },
   "type": "Feature"
  },
  {
   "geometry": {
    "coordinates": [
     -49.330125041151696,
     -20.88397559230932
    ],
    "type": "Point"
   },
   "id": 571,
   "properties": {
    "abrangenci": "FRATERNIDADE",
    "arquivo": "REGUL",
    "cod_abrg": "29",
    "codigo_sia": 276,
    "cras": "CRAS Schmitt",
    "fid": 571,
    "fid_1": 575,
    "fid_1_1": 24,
    "globalid_1": "5da87ab0-6e54-4dfe-9ee1-0f813e68d21c",
    "nome": "VENEZA - EST. JD.",
    "nome_comp": "Chac Nova Veneza",
    "num_bairro": 3,
    "objectid_1": 450,
    "objectid_2": 29,
    "pasta3___1": "Veneza",
    "pasta3___2": "JD",
    "pasta3___3": " ",
    "pasta3___4": " ",
    "pasta3___5": " ",
    "pasta3__no": "Est VENEZA  JD",
    "pasta3__ob": 571.0,
    "pasta3__te": " ",
    "regiao": "Schimitt",
    "tipo": "CHÁCARAS"
   },
   "type": "Feature"
  },
  {
   "geometry": {
    "coordinates": [
     -49.34132958341911,
     -20.874212607834735
    ],
    "type": "Point"
   },
   "id": 572,
   "properties": {
    "abrangenci": "FRATERNIDADE",
    "arquivo": " ",
    "cod_abrg": "29",
    "codigo_sia": 570,
    "cras": "CRAS Schmitt",
    "fid": 572,
    "fid_1": 576,
    "fid_1_1": 24,
    "globalid_1": "04d6c08d-c28d-4151-9e19-3d48efc8b93d",
    "nome": "Fraternidade - Pq. Res. da",
    "nome_comp": "Pq Res da Fraternidade",
    "num_bairro": 5,
    "objectid_1": 411,
    "objectid_2": 29,
    "pasta3___1": " ",
    "pasta3___2": " ",
    "pasta3___3": "Fraternidade",
    "pasta3___4": " ",
    "pasta3___5": " ",
    "pasta3__no": "Pq Res da Fraternidade",
    "pasta3__ob": 572.0,
    "pasta3__te": " ",
    "regiao": "Schimitt",
    "tipo": "LOTEAMENTO FECHADO"
   },
   "type": "Feature"
  },
  {
   "geometry": {
    "coordinates": [
     -49.327114840455565,
     -20.87809816659811
    ],
    "type": "Point"
   },
   "id": 573,
   "properties": {
    "abrangenci": "FRATERNIDADE",
    "arquivo": "IRREG",
    "cod_abrg": "29",
    "codigo_sia": 1097,
    "cras": "CRAS Schmitt",
    "fid": 573,
    "fid_1": 577,
    "fid_1_1": 24,
    "globalid_1": "25ab0f41-3617-444e-8fcd-cccb8a1a8a2f",
    "nome": "Vila Velha",
    "nome_comp": "Vila Velha",
    "num_bairro": 9,
    "objectid_1": 599,
    "objectid_2": 29,
    "pasta3___1": "Velha",
    "pasta3___2": " ",
    "pasta3___3": " ",
    "pasta3___4": " ",
    "pasta3___5": " ",
    "pasta3__no": "Vila Velha",
    "pasta3__ob": 573.0,
    "pasta3__te": " ",
    "regiao": "Schimitt",
    "tipo": "REGULARIZAÇÃO FUNDIÁRIA"
   },
   "type": "Feature"
  },
  {
   "geometry": {
    "coordinates": [
     -49.333750658591406,
     -20.8747749718806
    ],
    "type": "Point"
   },
   "id": 574,
   "properties": {
    "abrangenci": "FRATERNIDADE",
    "arquivo": "REGUL",
    "cod_abrg": "29",
    "codigo_sia": 601,
    "cras": "CRAS Schmitt",
    "fid": 574,
    "fid_1": 578,
    "fid_1_1": 24,
    "globalid_1": "d7947aef-c13c-437f-927e-3961c3ff1529",
    "nome": "Fraternidade 3 - Pq. Res. da",
    "nome_comp": "Pq Res da Fraternidade III",
    "num_bairro": 7,
    "objectid_1": 626,
    "objectid_2": 29,
    "pasta3___1": " ",
    "pasta3___2": " ",
    "pasta3___3": "Fraternidade",
    "pasta3___4": " ",
    "pasta3___5": " ",
    "pasta3__no": "Pq Res da Fraternidade III",
    "pasta3__ob": 574.0,
    "pasta3__te": " ",
    "regiao": "Schimitt",
    "tipo": "BAIRRO"
   },
   "type": "Feature"
  },
  {
   "geometry": {
    "coordinates": [
     -49.34377217890555,
     -20.90020760218246
    ],
    "type": "Point"
   },
   "id": 575,
   "properties": {
    "abrangenci": "FRATERNIDADE",
    "arquivo": "REGUL",
    "cod_abrg": "29",
    "codigo_sia": 518,
    "cras": "CRAS Schmitt",
    "fid": 575,
    "fid_1": 579,
    "fid_1_1": 24,
    "globalid_1": "7bce4be4-2cc4-47d5-b8f6-b644d21453a2",
    "nome": "João Bernardino de  Souza - Chacara de Rec.",
    "nome_comp": "Chac Rec João Bernardino de  Souza",
    "num_bairro": 1,
    "objectid_1": 648,
    "objectid_2": 29,
    "pasta3___1": " ",
    "pasta3___2": "João",
    "pasta3___3": "Bernardino",
    "pasta3___4": " ",
    "pasta3___5": "Souza",
    "pasta3__no": "Chac Rec João Bernardino de  Souza",
    "pasta3__ob": 575.0,
    "pasta3__te": " ",
    "regiao": "Schimitt",
    "tipo": "REGULARIZAÇÃO FUNDIÁRIA"
   },
   "type": "Feature"
  },
  {
   "geometry": {
    "coordinates": [
     -49.32198847886463,
     -20.885143520260904
    ],
    "type": "Point"
   },
   "id": 576,
   "properties": {
    "abrangenci": "FRATERNIDADE",
    "arquivo": "IRREG",
    "cod_abrg": "29",
    "codigo_sia": 1056,
    "cras": "CRAS Schmitt",
    "fid": 576,
    "fid_1": 580,
    "fid_1_1": 24,
    "globalid_1": "0884e2ff-e198-43f3-8b24-b3beebed62e5",
    "nome": "Estância Nova Veneza",
    "nome_comp": "Est Nova Veneza",
    "num_bairro": 4,
    "objectid_1": 654,
    "objectid_2": 29,
    "pasta3___1": "Nova",
    "pasta3___2": "Veneza",
    "pasta3___3": " ",
    "pasta3___4": " ",
    "pasta3___5": " ",
    "pasta3__no": "Est Nova Veneza",
    "pasta3__ob": 576.0,
    "pasta3__te": " ",
    "regiao": "Schimitt",
    "tipo": "REGULARIZAÇÃO FUNDIÁRIA"
   },
   "type": "Feature"
  },
  {
   "geometry": {
    "coordinates": [
     -49.338382874411344,
     -20.87744087238296
    ],
    "type": "Point"
   },
   "id": 577,
   "properties": {
    "abrangenci": "FRATERNIDADE",
    "arquivo": "REGUL",
    "cod_abrg": "29",
    "codigo_sia": 600,
    "cras": "CRAS Schmitt",
    "fid": 577,
    "fid_1": 581,
    "fid_1_1": 24,
    "globalid_1": "313824ea-0beb-4ae0-af76-7c636cb3c119",
    "nome": "Fraternidade 2 - Pq. Res. da",
    "nome_comp": "Pq Res da Fraternidade 2",
    "num_bairro": 6,
    "objectid_1": 559,
    "objectid_2": 29,
    "pasta3___1": " ",
    "pasta3___2": " ",
    "pasta3___3": "Fraternidade",
    "pasta3___4": " ",
    "pasta3___5": " ",
    "pasta3__no": "Pq Res da Fraternidade 2",
    "pasta3__ob": 577.0,
    "pasta3__te": " ",
    "regiao": "Schimitt",
    "tipo": "BAIRRO"
   },
   "type": "Feature"
  },
  {
   "geometry": {
    "coordinates": [
     -49.345327881853,
     -20.884339073979337
    ],
    "type": "Point"
   },
   "id": 578,
   "properties": {
    "abrangenci": "FRATERNIDADE",
    "arquivo": "REGUL",
    "cod_abrg": "29",
    "codigo_sia": 631,
    "cras": "CRAS Schmitt",
    "fid": 578,
    "fid_1": 582,
    "fid_1_1": 24,
    "globalid_1": "9367a527-1bfa-403d-8f2c-51f3fd4ec666",
    "nome": "Eplatz Rio Preto",
    "nome_comp": "Eplatz Rio Preto",
    "num_bairro": 2,
    "objectid_1": 7041,
    "objectid_2": 29,
    "pasta3___1": " ",
    "pasta3___2": " ",
    "pasta3___3": " ",
    "pasta3___4": " ",
    "pasta3___5": " ",
    "pasta3__no": "Eplatz Rio Preto",
    "pasta3__ob": 578.0,
    "pasta3__te": "Eplatz",
    "regiao": "Schimitt",
    "tipo": " "
   },
   "type": "Feature"
  },
  {
   "geometry": {
    "coordinates": [
     -49.33284097480199,
     -20.810935571447686
    ],
    "type": "Point"
   },
   "id": 579,
   "properties": {
    "abrangenci": "SÃO DEOCLECIANO",
    "arquivo": "REGUL",
    "cod_abrg": "06",
    "codigo_sia": 459,
    "cras": "CRAS São Deocleciano",
    "fid": 579,
    "fid_1": 583,
    "fid_1_1": 25,
    "globalid_1": "fa541d46-81d5-4ab8-bfa1-96eb2f14045a",
    "nome": "Damha V - Pq. Res.",
    "nome_comp": "Pq Res Damha V",
    "num_bairro": 25,
    "objectid_1": 276,
    "objectid_2": 6,
    "pasta3___1": " ",
    "pasta3___2": "Damha",
    "pasta3___3": " ",
    "pasta3___4": " ",
    "pasta3___5": " ",
    "pasta3__no": "Pq Res Damha V",
    "pasta3__ob": 579.0,
    "pasta3__te": " ",
    "regiao": "Represa",
    "tipo": "LOTEAMENTO FECHADO"
   },
   "type": "Feature"
  },
  {
   "geometry": {
    "coordinates": [
     -49.3256254956413,
     -20.808579595899737
    ],
    "type": "Point"
   },
   "id": 580,
   "properties": {
    "abrangenci": "SÃO DEOCLECIANO",
    "arquivo": "REGUL",
    "cod_abrg": "06",
    "codigo_sia": 477,
    "cras": "CRAS São Deocleciano",
    "fid": 580,
    "fid_1": 584,
    "fid_1_1": 25,
    "globalid_1": "d94a0db1-2cd2-41f5-bc37-92c20156fed7",
    "nome": "Damha VI - Pq. Res.",
    "nome_comp": "Pq Res Damha VI",
    "num_bairro": 26,
    "objectid_1": 279,
    "objectid_2": 6,
    "pasta3___1": " ",
    "pasta3___2": "Damha",
    "pasta3___3": " ",
    "pasta3___4": " ",
    "pasta3___5": " ",
    "pasta3__no": "Pq Res Damha VI",
    "pasta3__ob": 580.0,
    "pasta3__te": " ",
    "regiao": "Represa",
    "tipo": "LOTEAMENTO FECHADO"
   },
   "type": "Feature"
  },
  {
   "geometry": {
    "coordinates": [
     -49.33697660623294,
     -20.80782986824468
    ],
    "type": "Point"
   },
   "id": 581,
   "properties": {
    "abrangenci": "SÃO DEOCLECIANO",
    "arquivo": "REGUL",
    "cod_abrg": "06",
    "codigo_sia": 500,
    "cras": "CRAS São Deocleciano",
    "fid": 581,
    "fid_1": 585,
    "fid_1_1": 25,
    "globalid_1": "06938e93-38c2-441b-b442-1d884d033262",
    "nome": "Gaivota II",
    "nome_comp": "Gaivota II",
    "num_bairro": 11,
    "objectid_1": 300,
    "objectid_2": 6,
    "pasta3___1": " ",
    "pasta3___2": " ",
    "pasta3___3": " ",
    "pasta3___4": " ",
    "pasta3___5": " ",
    "pasta3__no": "Gaivota II",
    "pasta3__ob": 581.0,
    "pasta3__te": "Gaivota",
    "regiao": "Represa",
    "tipo": "LOTEAMENTO FECHADO"
   },
   "type": "Feature"
  },
  {
   "geometry": {
    "coordinates": [
     -49.338761107808565,
     -20.802708690979255
    ],
    "type": "Point"
   },
   "id": 582,
   "properties": {
    "abrangenci": "SÃO DEOCLECIANO",
    "arquivo": "REGUL",
    "cod_abrg": "06",
    "codigo_sia": 438,
    "cras": "CRAS São Deocleciano",
    "fid": 582,
    "fid_1": 586,
    "fid_1_1": 25,
    "globalid_1": "a85efa8e-0a2c-42d6-b544-efbc95f78db4",
    "nome": "Gaivota I",
    "nome_comp": "Gaivota I",
    "num_bairro": 10,
    "objectid_1": 306,
    "objectid_2": 6,
    "pasta3___1": " ",
    "pasta3___2": " ",
    "pasta3___3": " ",
    "pasta3___4": " ",
    "pasta3___5": " ",
    "pasta3__no": "Gaivota I",
    "pasta3__ob": 582.0,
    "pasta3__te": "Gaivota",
    "regiao": "Represa",
    "tipo": "LOTEAMENTO FECHADO"
   },
   "type": "Feature"
  },
  {
   "geometry": {
    "coordinates": [
     -49.33924194994763,
     -20.795938118324734
    ],
    "type": "Point"
   },
   "id": 583,
   "properties": {
    "abrangenci": "SÃO DEOCLECIANO",
    "arquivo": "REGUL",
    "cod_abrg": "06",
    "codigo_sia": 280,
    "cras": "CRAS São Deocleciano",
    "fid": 583,
    "fid_1": 587,
    "fid_1_1": 25,
    "globalid_1": "53b555b1-ca91-479b-b240-c491e5100b04",
    "nome": "Recanto dos Eduardos - Est",
    "nome_comp": "Recanto dos Eduardos",
    "num_bairro": 29,
    "objectid_1": 507,
    "objectid_2": 6,
    "pasta3___1": " ",
    "pasta3___2": "Eduardos",
    "pasta3___3": " ",
    "pasta3___4": " ",
    "pasta3___5": " ",
    "pasta3__no": "Recanto dos Eduardos",
    "pasta3__ob": 583.0,
    "pasta3__te": "Recanto",
    "regiao": "Represa",
    "tipo": "LOTEAMENTO FECHADO"
   },
   "type": "Feature"
  },
  {
   "geometry": {
    "coordinates": [
     -49.35373134394419,
     -20.808223641540945
    ],
    "type": "Point"
   },
   "id": 584,
   "properties": {
    "abrangenci": "SÃO DEOCLECIANO",
    "arquivo": "REGUL",
    "cod_abrg": "06",
    "codigo_sia": 503,
    "cras": "CRAS São Deocleciano",
    "fid": 584,
    "fid_1": 588,
    "fid_1_1": 25,
    "globalid_1": "cdb42cb4-22cf-4078-b21f-4224a2446c67",
    "nome": "Village Rio Volga",
    "nome_comp": "Village Rio Volga",
    "num_bairro": 44,
    "objectid_1": 549,
    "objectid_2": 6,
    "pasta3___1": "Rio",
    "pasta3___2": "Volga",
    "pasta3___3": " ",
    "pasta3___4": " ",
    "pasta3___5": " ",
    "pasta3__no": "Village Rio Volga",
    "pasta3__ob": 584.0,
    "pasta3__te": "Village",
    "regiao": "Represa",
    "tipo": "CONDOMÍNIO FECHADO"
   },
   "type": "Feature"
  },
  {
   "geometry": {
    "coordinates": [
     -49.34914852545679,
     -20.808676884205305
    ],
    "type": "Point"
   },
   "id": 585,
   "properties": {
    "abrangenci": "SÃO DEOCLECIANO",
    "arquivo": "REGUL",
    "cod_abrg": "06",
    "codigo_sia": 482,
    "cras": "CRAS São Deocleciano",
    "fid": 585,
    "fid_1": 589,
    "fid_1_1": 25,
    "globalid_1": "422d7ee0-4b16-4b59-9e43-ed81c7757dbc",
    "nome": "Village Rio Sena",
    "nome_comp": "Village Rio Sena",
    "num_bairro": 43,
    "objectid_1": 587,
    "objectid_2": 6,
    "pasta3___1": "Rio",
    "pasta3___2": "Sena",
    "pasta3___3": " ",
    "pasta3___4": " ",
    "pasta3___5": " ",
    "pasta3__no": "Village Rio Sena",
    "pasta3__ob": 585.0,
    "pasta3__te": "Village",
    "regiao": "Represa",
    "tipo": "CONDOMÍNIO FECHADO"
   },
   "type": "Feature"
  },
  {
   "geometry": {
    "coordinates": [
     -49.352244014075865,
     -20.7810973599254
    ],
    "type": "Point"
   },
   "id": 586,
   "properties": {
    "abrangenci": "SÃO DEOCLECIANO",
    "arquivo": "REGUL",
    "cod_abrg": "06",
    "codigo_sia": 436,
    "cras": "CRAS São Deocleciano",
    "fid": 586,
    "fid_1": 590,
    "fid_1_1": 25,
    "globalid_1": "474d03da-7698-4cc9-9319-8544d9d0aa3d",
    "nome": "Res. Vila Felicitá",
    "nome_comp": "Res Vila Felicitá",
    "num_bairro": 32,
    "objectid_1": 603,
    "objectid_2": 6,
    "pasta3___1": "Vila",
    "pasta3___2": "Felicitá",
    "pasta3___3": " ",
    "pasta3___4": " ",
    "pasta3___5": " ",
    "pasta3__no": "Res Vila Felicitá",
    "pasta3__ob": 586.0,
    "pasta3__te": " ",
    "regiao": "Represa",
    "tipo": "CONDOMÍNIO FECHADO VERTICAL"
   },
   "type": "Feature"
  },
  {
   "geometry": {
    "coordinates": [
     -49.3218697221771,
     -20.801313017523537
    ],
    "type": "Point"
   },
   "id": 587,
   "properties": {
    "abrangenci": "SÃO DEOCLECIANO",
    "arquivo": "REGUL",
    "cod_abrg": "06",
    "codigo_sia": 585,
    "cras": "CRAS São Deocleciano",
    "fid": 587,
    "fid_1": 591,
    "fid_1_1": 25,
    "globalid_1": "1ddf5c4d-ba4e-4580-9c8f-12ce2a0dc02e",
    "nome": "Maria Julia",
    "nome_comp": "Res Maria Julia",
    "num_bairro": 21,
    "objectid_1": 473,
    "objectid_2": 6,
    "pasta3___1": "Maria",
    "pasta3___2": "Julia",
    "pasta3___3": " ",
    "pasta3___4": " ",
    "pasta3___5": " ",
    "pasta3__no": "Res Maria Julia",
    "pasta3__ob": 587.0,
    "pasta3__te": " ",
    "regiao": "Represa",
    "tipo": "BAIRRO"
   },
   "type": "Feature"
  },
  {
   "geometry": {
    "coordinates": [
     -49.331036332165276,
     -20.795677164109556
    ],
    "type": "Point"
   },
   "id": 588,
   "properties": {
    "abrangenci": "SÃO DEOCLECIANO",
    "arquivo": "REGUL",
    "cod_abrg": "06",
    "codigo_sia": 538,
    "cras": "CRAS São Deocleciano",
    "fid": 588,
    "fid_1": 592,
    "fid_1_1": 25,
    "globalid_1": "923305e8-3c95-4035-a00c-9fd9e756b57e",
    "nome": "Villa Cassini - Loteamento",
    "nome_comp": "Lot Villa Cassin",
    "num_bairro": 20,
    "objectid_1": 475,
    "objectid_2": 6,
    "pasta3___1": "Villa",
    "pasta3___2": "Cassin",
    "pasta3___3": " ",
    "pasta3___4": " ",
    "pasta3___5": " ",
    "pasta3__no": "Lot Villa Cassin",
    "pasta3__ob": 588.0,
    "pasta3__te": " ",
    "regiao": "Represa",
    "tipo": "BAIRRO"
   },
   "type": "Feature"
  },
  {
   "geometry": {
    "coordinates": [
     -49.350645605847554,
     -20.784130460214584
    ],
    "type": "Point"
   },
   "id": 589,
   "properties": {
    "abrangenci": "SÃO DEOCLECIANO",
    "arquivo": "REGUL",
    "cod_abrg": "06",
    "codigo_sia": 440,
    "cras": "CRAS São Deocleciano",
    "fid": 589,
    "fid_1": 593,
    "fid_1_1": 25,
    "globalid_1": "96424750-3284-4a85-855f-a0a69972da60",
    "nome": "Res. Santa Filomena",
    "nome_comp": "Res Santa Filomena",
    "num_bairro": 31,
    "objectid_1": 499,
    "objectid_2": 6,
    "pasta3___1": "Santa",
    "pasta3___2": "Filomena",
    "pasta3___3": " ",
    "pasta3___4": " ",
    "pasta3___5": " ",
    "pasta3__no": "Res Santa Filomena",
    "pasta3__ob": 589.0,
    "pasta3__te": " ",
    "regiao": "Represa",
    "tipo": "BAIRRO"
   },
   "type": "Feature"
  },
  {
   "geometry": {
    "coordinates": [
     -49.34910558960289,
     -20.788186077308147
    ],
    "type": "Point"
   },
   "id": 590,
   "properties": {
    "abrangenci": "SÃO DEOCLECIANO",
    "arquivo": "REGUL",
    "cod_abrg": "06",
    "codigo_sia": 451,
    "cras": "CRAS São Deocleciano",
    "fid": 590,
    "fid_1": 594,
    "fid_1_1": 25,
    "globalid_1": "b0d9192c-c7b3-406b-9d4b-0ae00c4fb0c7",
    "nome": "Vila Flora",
    "nome_comp": "Vila Flora",
    "num_bairro": 40,
    "objectid_1": 456,
    "objectid_2": 6,
    "pasta3___1": "Flora",
    "pasta3___2": " ",
    "pasta3___3": " ",
    "pasta3___4": " ",
    "pasta3___5": " ",
    "pasta3__no": "Vila Flora",
    "pasta3__ob": 590.0,
    "pasta3__te": " ",
    "regiao": "Represa",
    "tipo": "BAIRRO"
   },
   "type": "Feature"
  },
  {
   "geometry": {
    "coordinates": [
     -49.336261149285825,
     -20.822170954240228
    ],
    "type": "Point"
   },
   "id": 591,
   "properties": {
    "abrangenci": "SÃO DEOCLECIANO",
    "arquivo": "REGUL",
    "cod_abrg": "06",
    "codigo_sia": 434,
    "cras": "CRAS São Deocleciano",
    "fid": 591,
    "fid_1": 595,
    "fid_1_1": 25,
    "globalid_1": "21e07270-4365-4595-bbd0-7aa14a229ef9",
    "nome": "Damha IV - Pq. Res.",
    "nome_comp": "Pq Res Damha IV",
    "num_bairro": 24,
    "objectid_1": 328,
    "objectid_2": 6,
    "pasta3___1": " ",
    "pasta3___2": "Damha",
    "pasta3___3": " ",
    "pasta3___4": " ",
    "pasta3___5": " ",
    "pasta3__no": "Pq Res Damha IV",
    "pasta3__ob": 591.0,
    "pasta3__te": " ",
    "regiao": "Represa",
    "tipo": "LOTEAMENTO FECHADO"
   },
   "type": "Feature"
  },
  {
   "geometry": {
    "coordinates": [
     -49.3054448922847,
     -20.79025574759137
    ],
    "type": "Point"
   },
   "id": 592,
   "properties": {
    "abrangenci": "SÃO DEOCLECIANO",
    "arquivo": "IRREG",
    "cod_abrg": "06",
    "codigo_sia": 1040,
    "cras": "CRAS São Deocleciano",
    "fid": 592,
    "fid_1": 596,
    "fid_1_1": 25,
    "globalid_1": "97f73280-e169-4b57-bb37-65593a0baccf",
    "nome": "Estância São João I",
    "nome_comp": "Est São João I",
    "num_bairro": 8,
    "objectid_1": 419,
    "objectid_2": 6,
    "pasta3___1": " ",
    "pasta3___2": "João",
    "pasta3___3": " ",
    "pasta3___4": " ",
    "pasta3___5": " ",
    "pasta3__no": "Est São João I",
    "pasta3__ob": 592.0,
    "pasta3__te": " ",
    "regiao": "Represa",
    "tipo": "REGULARIZAÇÃO FUNDIÁRIA"
   },
   "type": "Feature"
  },
  {
   "geometry": {
    "coordinates": [
     -49.335104252835166,
     -20.79502522314722
    ],
    "type": "Point"
   },
   "id": 593,
   "properties": {
    "abrangenci": "SÃO DEOCLECIANO",
    "arquivo": "REGUL",
    "cod_abrg": "06",
    "codigo_sia": 519,
    "cras": "CRAS São Deocleciano",
    "fid": 593,
    "fid_1": 597,
    "fid_1_1": 25,
    "globalid_1": "375af989-8f7a-4910-b14e-3b39cef290a7",
    "nome": "Complexo Rios Di Italia",
    "nome_comp": "Complexo Rios  Di Italia",
    "num_bairro": 4,
    "objectid_1": 338,
    "objectid_2": 6,
    "pasta3___1": "Rios",
    "pasta3___2": " ",
    "pasta3___3": "Italia",
    "pasta3___4": " ",
    "pasta3___5": " ",
    "pasta3__no": "Complexo Rios  Di Italia",
    "pasta3__ob": 593.0,
    "pasta3__te": "Complexo",
    "regiao": "Represa",
    "tipo": "CONDOMÍNIO FECHADO VERTICAL"
   },
   "type": "Feature"
  },
  {
   "geometry": {
    "coordinates": [
     -49.344834954287776,
     -20.812409730317082
    ],
    "type": "Point"
   },
   "id": 594,
   "properties": {
    "abrangenci": "SÃO DEOCLECIANO",
    "arquivo": "REGUL",
    "cod_abrg": "06",
    "codigo_sia": 274,
    "cras": "CRAS São Deocleciano",
    "fid": 594,
    "fid_1": 598,
    "fid_1_1": 25,
    "globalid_1": "fd548e47-59af-4d74-86aa-7a11115a2759",
    "nome": "Damha - Pq. Res.",
    "nome_comp": "Pq Res Damha",
    "num_bairro": 23,
    "objectid_1": 446,
    "objectid_2": 6,
    "pasta3___1": " ",
    "pasta3___2": "Damha",
    "pasta3___3": " ",
    "pasta3___4": " ",
    "pasta3___5": " ",
    "pasta3__no": "Pq Res Damha",
    "pasta3__ob": 594.0,
    "pasta3__te": " ",
    "regiao": "Represa",
    "tipo": "LOTEAMENTO FECHADO"
   },
   "type": "Feature"
  },
  {
   "geometry": {
    "coordinates": [
     -49.35194665247353,
     -20.793109885684387
    ],
    "type": "Point"
   },
   "id": 595,
   "properties": {
    "abrangenci": "SÃO DEOCLECIANO",
    "arquivo": "REGUL",
    "cod_abrg": "06",
    "codigo_sia": 364,
    "cras": "CRAS São Deocleciano",
    "fid": 595,
    "fid_1": 599,
    "fid_1_1": 25,
    "globalid_1": "a9c33253-42b8-434f-a333-ecbf02f8dfdd",
    "nome": "Marambaia - Jardim",
    "nome_comp": "Jd Marambaia",
    "num_bairro": 16,
    "objectid_1": 383,
    "objectid_2": 6,
    "pasta3___1": "Marambaia",
    "pasta3___2": " ",
    "pasta3___3": " ",
    "pasta3___4": " ",
    "pasta3___5": " ",
    "pasta3__no": "Jd Marambaia",
    "pasta3__ob": 595.0,
    "pasta3__te": " ",
    "regiao": "Represa",
    "tipo": "BAIRRO"
   },
   "type": "Feature"
  },
  {
   "geometry": {
    "coordinates": [
     -49.331853841789204,
     -20.801563715495508
    ],
    "type": "Point"
   },
   "id": 596,
   "properties": {
    "abrangenci": "SÃO DEOCLECIANO",
    "arquivo": " ",
    "cod_abrg": "06",
    "codigo_sia": 533,
    "cras": "CRAS São Deocleciano",
    "fid": 596,
    "fid_1": 600,
    "fid_1_1": 25,
    "globalid_1": "69f4054d-9733-49ae-83e8-3f8233a85c60",
    "nome": "Giardino - Casas de Veneza",
    "nome_comp": "Giardino - Casas de Veneza",
    "num_bairro": 13,
    "objectid_1": 105,
    "objectid_2": 6,
    "pasta3___1": " ",
    "pasta3___2": " ",
    "pasta3___3": " ",
    "pasta3___4": " ",
    "pasta3___5": " ",
    "pasta3__no": "Giardino - Casas de Veneza",
    "pasta3__ob": 596.0,
    "pasta3__te": "Giardino",
    "regiao": "Represa",
    "tipo": "CONDOMÍNIO FECHADO"
   },
   "type": "Feature"
  },
  {
   "geometry": {
    "coordinates": [
     -49.33185220420284,
     -20.80326200084524
    ],
    "type": "Point"
   },
   "id": 597,
   "properties": {
    "abrangenci": "SÃO DEOCLECIANO",
    "arquivo": " ",
    "cod_abrg": "06",
    "codigo_sia": 532,
    "cras": "CRAS São Deocleciano",
    "fid": 597,
    "fid_1": 601,
    "fid_1_1": 25,
    "globalid_1": "6b424167-ca3d-4b8b-b4ee-17dd66625e04",
    "nome": "Giardino - Casas de Florença",
    "nome_comp": "Giardino - Casas de Florença",
    "num_bairro": 12,
    "objectid_1": 106,
    "objectid_2": 6,
    "pasta3___1": " ",
    "pasta3___2": " ",
    "pasta3___3": " ",
    "pasta3___4": " ",
    "pasta3___5": " ",
    "pasta3__no": "Giardino - Casas de Florença",
    "pasta3__ob": 597.0,
    "pasta3__te": "Giardino",
    "regiao": "Represa",
    "tipo": "CONDOMÍNIO FECHADO"
   },
   "type": "Feature"
  },
  {
   "geometry": {
    "coordinates": [
     -49.33461721745092,
     -20.802348645753018
    ],
    "type": "Point"
   },
   "id": 598,
   "properties": {
    "abrangenci": "SÃO DEOCLECIANO",
    "arquivo": "REGUL",
    "cod_abrg": "06",
    "codigo_sia": 537,
    "cras": "CRAS São Deocleciano",
    "fid": 598,
    "fid_1": 602,
    "fid_1_1": 25,
    "globalid_1": "d1c1ff11-fe2f-4240-a0b4-789b591b73b2",
    "nome": "Figueira ll - Lot. Res.",
    "nome_comp": "Lot Res Figueira II",
    "num_bairro": 19,
    "objectid_1": 129,
    "objectid_2": 6,
    "pasta3___1": " ",
    "pasta3___2": "Figueira",
    "pasta3___3": " ",
    "pasta3___4": " ",
    "pasta3___5": " ",
    "pasta3__no": "Lot Res Figueira II",
    "pasta3__ob": 598.0,
    "pasta3__te": " ",
    "regiao": "Represa",
    "tipo": "LOTEAMENTO FECHADO"
   },
   "type": "Feature"
  },
  {
   "geometry": {
    "coordinates": [
     -49.31818633444652,
     -20.79254478076821
    ],
    "type": "Point"
   },
   "id": 599,
   "properties": {
    "abrangenci": "SÃO DEOCLECIANO",
    "arquivo": "IRREG",
    "cod_abrg": "06",
    "codigo_sia": 1037,
    "cras": "CRAS São Deocleciano",
    "fid": 599,
    "fid_1": 603,
    "fid_1_1": 25,
    "globalid_1": "84254d49-198a-4e40-b64d-f1c094781f6e",
    "nome": "Yvonne - Estância",
    "nome_comp": "Est Yvonne",
    "num_bairro": 9,
    "objectid_1": 404,
    "objectid_2": 6,
    "pasta3___1": "Yvonne",
    "pasta3___2": " ",
    "pasta3___3": " ",
    "pasta3___4": " ",
    "pasta3___5": " ",
    "pasta3__no": "Est Yvonne",
    "pasta3__ob": 599.0,
    "pasta3__te": " ",
    "regiao": "Represa",
    "tipo": "REGULARIZAÇÃO FUNDIÁRIA"
   },
   "type": "Feature"
  },
  {
   "geometry": {
    "coordinates": [
     -49.31388515970688,
     -20.79263162652505
    ],
    "type": "Point"
   },
   "id": 600,
   "properties": {
    "abrangenci": "SÃO DEOCLECIANO",
    "arquivo": "IRREG",
    "cod_abrg": "06",
    "codigo_sia": 1038,
    "cras": "CRAS São Deocleciano",
    "fid": 600,
    "fid_1": 604,
    "fid_1_1": 25,
    "globalid_1": "f4b4e23d-4439-4575-9498-eff29cde33a6",
    "nome": "Recanto Feliz",
    "nome_comp": "Chac  Recanto Feliz",
    "num_bairro": 2,
    "objectid_1": 405,
    "objectid_2": 6,
    "pasta3___1": "Recanto",
    "pasta3___2": "Feliz",
    "pasta3___3": " ",
    "pasta3___4": " ",
    "pasta3___5": " ",
    "pasta3__no": "Chac  Recanto Feliz",
    "pasta3__ob": 600.0,
    "pasta3__te": " ",
    "regiao": "Represa",
    "tipo": "REGULARIZAÇÃO FUNDIÁRIA"
   },
   "type": "Feature"
  },
  {
   "geometry": {
    "coordinates": [
     -49.349145509485666,
     -20.793540049044452
    ],
    "type": "Point"
   },
   "id": 601,
   "properties": {
    "abrangenci": "SÃO DEOCLECIANO",
    "arquivo": "REGUL",
    "cod_abrg": "06",
    "codigo_sia": 449,
    "cras": "CRAS São Deocleciano",
    "fid": 601,
    "fid_1": 605,
    "fid_1_1": 25,
    "globalid_1": "afdff604-a219-42bd-961d-ec6322445e07",
    "nome": "Cj. Hab.S J do Rio Preto K",
    "nome_comp": "Cj Hab SJRP K",
    "num_bairro": 3,
    "objectid_1": 343,
    "objectid_2": 6,
    "pasta3___1": " ",
    "pasta3___2": "Rio Preto",
    "pasta3___3": " ",
    "pasta3___4": " ",
    "pasta3___5": " ",
    "pasta3__no": "Cj Hab SJRP K",
    "pasta3__ob": 601.0,
    "pasta3__te": " ",
    "regiao": "Represa",
    "tipo": "BAIRRO"
   },
   "type": "Feature"
  },
  {
   "geometry": {
    "coordinates": [
     -49.35309796498432,
     -20.79069664084866
    ],
    "type": "Point"
   },
   "id": 602,
   "properties": {
    "abrangenci": "SÃO DEOCLECIANO",
    "arquivo": "REGUL",
    "cod_abrg": "06",
    "codigo_sia": 376,
    "cras": "CRAS São Deocleciano",
    "fid": 602,
    "fid_1": 606,
    "fid_1_1": 25,
    "globalid_1": "ade54717-6f0a-4c5b-8574-7d133d568153",
    "nome": "Jardim Anice",
    "nome_comp": "Jd Anice",
    "num_bairro": 14,
    "objectid_1": 360,
    "objectid_2": 6,
    "pasta3___1": "Anice",
    "pasta3___2": " ",
    "pasta3___3": " ",
    "pasta3___4": " ",
    "pasta3___5": " ",
    "pasta3__no": "Jd Anice",
    "pasta3__ob": 602.0,
    "pasta3__te": " ",
    "regiao": "Represa",
    "tipo": "BAIRRO"
   },
   "type": "Feature"
  },
  {
   "geometry": {
    "coordinates": [
     -49.342423469095685,
     -20.792338796780204
    ],
    "type": "Point"
   },
   "id": 603,
   "properties": {
    "abrangenci": "SÃO DEOCLECIANO",
    "arquivo": "REGUL",
    "cod_abrg": "06",
    "codigo_sia": 271,
    "cras": "CRAS São Deocleciano",
    "fid": 603,
    "fid_1": 607,
    "fid_1_1": 25,
    "globalid_1": "db3bde9e-f496-498a-b6c9-452939f92b50",
    "nome": "São Deocleciano III - Conj. Hab.",
    "nome_comp": "São Deocleciano III",
    "num_bairro": 38,
    "objectid_1": 364,
    "objectid_2": 6,
    "pasta3___1": "Deocleciano",
    "pasta3___2": " ",
    "pasta3___3": " ",
    "pasta3___4": " ",
    "pasta3___5": " ",
    "pasta3__no": "São Deocleciano III",
    "pasta3__ob": 603.0,
    "pasta3__te": " ",
    "regiao": "Represa",
    "tipo": "BAIRRO"
   },
   "type": "Feature"
  },
  {
   "geometry": {
    "coordinates": [
     -49.3430377906476,
     -20.81918532865647
    ],
    "type": "Point"
   },
   "id": 604,
   "properties": {
    "abrangenci": "SÃO DEOCLECIANO",
    "arquivo": "REGUL",
    "cod_abrg": "06",
    "codigo_sia": 282,
    "cras": "CRAS São Deocleciano",
    "fid": 604,
    "fid_1": 608,
    "fid_1_1": 25,
    "globalid_1": "ca6b11ff-0a9f-4d9f-91c0-361e8ee0b826",
    "nome": "Jardins - RESIDENCIAL",
    "nome_comp": "Res Jardins",
    "num_bairro": 33,
    "objectid_1": 368,
    "objectid_2": 6,
    "pasta3___1": "Jardins",
    "pasta3___2": " ",
    "pasta3___3": " ",
    "pasta3___4": " ",
    "pasta3___5": " ",
    "pasta3__no": "Res Jardins",
    "pasta3__ob": 604.0,
    "pasta3__te": " ",
    "regiao": "Represa",
    "tipo": "BAIRRO"
   },
   "type": "Feature"
  },
  {
   "geometry": {
    "coordinates": [
     -49.32582606483856,
     -20.795687430752913
    ],
    "type": "Point"
   },
   "id": 605,
   "properties": {
    "abrangenci": "SÃO DEOCLECIANO",
    "arquivo": "REGUL",
    "cod_abrg": "06",
    "codigo_sia": 281,
    "cras": "CRAS São Deocleciano",
    "fid": 605,
    "fid_1": 609,
    "fid_1_1": 25,
    "globalid_1": "dc4aeaf3-b5a6-4e43-90a5-3142eb266f41",
    "nome": "Santa Helena - Estância",
    "nome_comp": "Chac Santa Helena",
    "num_bairro": 1,
    "objectid_1": 595,
    "objectid_2": 6,
    "pasta3___1": "Santa",
    "pasta3___2": "Helena",
    "pasta3___3": " ",
    "pasta3___4": " ",
    "pasta3___5": " ",
    "pasta3__no": "Chac Santa Helena",
    "pasta3__ob": 605.0,
    "pasta3__te": " ",
    "regiao": "Represa",
    "tipo": "CHÁCARAS"
   },
   "type": "Feature"
  },
  {
   "geometry": {
    "coordinates": [
     -49.34555395667226,
     -20.8045071299408
    ],
    "type": "Point"
   },
   "id": 606,
   "properties": {
    "abrangenci": "SÃO DEOCLECIANO",
    "arquivo": "REGUL",
    "cod_abrg": "06",
    "codigo_sia": 419,
    "cras": "CRAS São Deocleciano",
    "fid": 606,
    "fid_1": 610,
    "fid_1_1": 25,
    "globalid_1": "a5a592a7-7753-4f44-be0f-72a07155205b",
    "nome": "VISTA ALEGRE - JARDIM",
    "nome_comp": "Jd Vista Alegre",
    "num_bairro": 17,
    "objectid_1": 291,
    "objectid_2": 6,
    "pasta3___1": "Vista",
    "pasta3___2": "Alegre",
    "pasta3___3": " ",
    "pasta3___4": " ",
    "pasta3___5": " ",
    "pasta3__no": "Jd Vista Alegre",
    "pasta3__ob": 606.0,
    "pasta3__te": " ",
    "regiao": "Represa",
    "tipo": "BAIRRO"
   },
   "type": "Feature"
  },
  {
   "geometry": {
    "coordinates": [
     -49.308065954921396,
     -20.78799996025015
    ],
    "type": "Point"
   },
   "id": 607,
   "properties": {
    "abrangenci": "SÃO DEOCLECIANO",
    "arquivo": "IRREG",
    "cod_abrg": "06",
    "codigo_sia": 1039,
    "cras": "CRAS São Deocleciano",
    "fid": 607,
    "fid_1": 611,
    "fid_1_1": 25,
    "globalid_1": "7ad36649-5ab4-43be-bec9-d4d2e1a3d498",
    "nome": "São João - Est.",
    "nome_comp": "Est São João (São Deocleciano)",
    "num_bairro": 7,
    "objectid_1": 629,
    "objectid_2": 6,
    "pasta3___1": " ",
    "pasta3___2": "João",
    "pasta3___3": " ",
    "pasta3___4": " ",
    "pasta3___5": " ",
    "pasta3__no": "Est São João (São Deocleciano)",
    "pasta3__ob": 607.0,
    "pasta3__te": " ",
    "regiao": "Represa",
    "tipo": "REGULARIZAÇÃO FUNDIÁRIA"
   },
   "type": "Feature"
  },
  {
   "geometry": {
    "coordinates": [
     -49.35257864535439,
     -20.781993238135797
    ],
    "type": "Point"
   },
   "id": 608,
   "properties": {
    "abrangenci": "SÃO DEOCLECIANO",
    "arquivo": "REGUL",
    "cod_abrg": "06",
    "codigo_sia": 262,
    "cras": "CRAS São Deocleciano",
    "fid": 608,
    "fid_1": 612,
    "fid_1_1": 25,
    "globalid_1": "0ef7c8a6-848a-4a9a-accf-9428e5834a21",
    "nome": "Jandira",
    "nome_comp": "Jd Jandira",
    "num_bairro": 15,
    "objectid_1": 341,
    "objectid_2": 6,
    "pasta3___1": "Jandira",
    "pasta3___2": " ",
    "pasta3___3": " ",
    "pasta3___4": " ",
    "pasta3___5": " ",
    "pasta3__no": "Jd Jandira",
    "pasta3__ob": 608.0,
    "pasta3__te": " ",
    "regiao": "Represa",
    "tipo": "BAIRRO"
   },
   "type": "Feature"
  },
  {
   "geometry": {
    "coordinates": [
     -49.3407151189117,
     -20.78912160496085
    ],
    "type": "Point"
   },
   "id": 609,
   "properties": {
    "abrangenci": "SÃO DEOCLECIANO",
    "arquivo": "REGUL",
    "cod_abrg": "06",
    "codigo_sia": 253,
    "cras": "CRAS São Deocleciano",
    "fid": 609,
    "fid_1": 613,
    "fid_1_1": 25,
    "globalid_1": "b8a7b1cc-b162-48b3-97d9-69252c12b01e",
    "nome": "São Deocleciano II - Conj. Hab.",
    "nome_comp": "São Deocleciano II",
    "num_bairro": 37,
    "objectid_1": 185,
    "objectid_2": 6,
    "pasta3___1": "Deocleciano",
    "pasta3___2": " ",
    "pasta3___3": " ",
    "pasta3___4": " ",
    "pasta3___5": " ",
    "pasta3__no": "São Deocleciano II",
    "pasta3__ob": 609.0,
    "pasta3__te": " ",
    "regiao": "Represa",
    "tipo": "BAIRRO"
   },
   "type": "Feature"
  },
  {
   "geometry": {
    "coordinates": [
     -49.34555791265825,
     -20.79057305289385
    ],
    "type": "Point"
   },
   "id": 610,
   "properties": {
    "abrangenci": "SÃO DEOCLECIANO",
    "arquivo": "REGUL",
    "cod_abrg": "06",
    "codigo_sia": 229,
    "cras": "CRAS São Deocleciano",
    "fid": 610,
    "fid_1": 614,
    "fid_1_1": 25,
    "globalid_1": "d95d8ae9-af39-4047-ba95-1eb1980b2265",
    "nome": "São Deocleciano - Conj. Hab.",
    "nome_comp": "São Deocleciano",
    "num_bairro": 36,
    "objectid_1": 189,
    "objectid_2": 6,
    "pasta3___1": "Deocleciano",
    "pasta3___2": " ",
    "pasta3___3": " ",
    "pasta3___4": " ",
    "pasta3___5": " ",
    "pasta3__no": "São Deocleciano",
    "pasta3__ob": 610.0,
    "pasta3__te": " ",
    "regiao": "Represa",
    "tipo": "BAIRRO"
   },
   "type": "Feature"
  },
  {
   "geometry": {
    "coordinates": [
     -49.335474519106384,
     -20.816160926116897
    ],
    "type": "Point"
   },
   "id": 611,
   "properties": {
    "abrangenci": "SÃO DEOCLECIANO",
    "arquivo": "REGUL",
    "cod_abrg": "06",
    "codigo_sia": 395,
    "cras": "CRAS São Deocleciano",
    "fid": 611,
    "fid_1": 615,
    "fid_1_1": 25,
    "globalid_1": "52402b78-346c-46af-b1a5-908f40bfce2c",
    "nome": "Marcia",
    "nome_comp": "Res Marcia",
    "num_bairro": 34,
    "objectid_1": 215,
    "objectid_2": 6,
    "pasta3___1": "Marcia",
    "pasta3___2": " ",
    "pasta3___3": " ",
    "pasta3___4": " ",
    "pasta3___5": " ",
    "pasta3__no": "Res Marcia",
    "pasta3__ob": 611.0,
    "pasta3__te": " ",
    "regiao": "Represa",
    "tipo": "BAIRRO"
   },
   "type": "Feature"
  },
  {
   "geometry": {
    "coordinates": [
     -49.349318073223124,
     -20.804985662749896
    ],
    "type": "Point"
   },
   "id": 612,
   "properties": {
    "abrangenci": "SÃO DEOCLECIANO",
    "arquivo": "REGUL",
    "cod_abrg": "06",
    "codigo_sia": 159,
    "cras": "CRAS São Deocleciano",
    "fid": 612,
    "fid_1": 616,
    "fid_1_1": 25,
    "globalid_1": "bf76b554-d787-448b-b651-ccf4f627482b",
    "nome": "Yolanda - Jardim",
    "nome_comp": "Jd Yolanda",
    "num_bairro": 18,
    "objectid_1": 242,
    "objectid_2": 6,
    "pasta3___1": "Yolanda",
    "pasta3___2": " ",
    "pasta3___3": " ",
    "pasta3___4": " ",
    "pasta3___5": " ",
    "pasta3__no": "Jd Yolanda",
    "pasta3__ob": 612.0,
    "pasta3__te": " ",
    "regiao": "Represa",
    "tipo": "BAIRRO"
   },
   "type": "Feature"
  },
  {
   "geometry": {
    "coordinates": [
     -49.35090281142567,
     -20.808807889072085
    ],
    "type": "Point"
   },
   "id": 613,
   "properties": {
    "abrangenci": "SÃO DEOCLECIANO",
    "arquivo": "REGUL",
    "cod_abrg": "06",
    "codigo_sia": 284,
    "cras": "CRAS São Deocleciano",
    "fid": 613,
    "fid_1": 617,
    "fid_1_1": 25,
    "globalid_1": "b374cd91-9bca-42ad-8f20-752299c2d855",
    "nome": "Três Marias",
    "nome_comp": "Res Três Marias",
    "num_bairro": 35,
    "objectid_1": 91,
    "objectid_2": 6,
    "pasta3___1": "Três",
    "pasta3___2": "Marias",
    "pasta3___3": " ",
    "pasta3___4": " ",
    "pasta3___5": " ",
    "pasta3__no": "Res Três Marias",
    "pasta3__ob": 613.0,
    "pasta3__te": " ",
    "regiao": "Represa",
    "tipo": "BAIRRO"
   },
   "type": "Feature"
  },
  {
   "geometry": {
    "coordinates": [
     -49.350557019181736,
     -20.78690319947678
    ],
    "type": "Point"
   },
   "id": 614,
   "properties": {
    "abrangenci": "SÃO DEOCLECIANO",
    "arquivo": " ",
    "cod_abrg": "06",
    "codigo_sia": 582,
    "cras": "CRAS São Deocleciano",
    "fid": 614,
    "fid_1": 618,
    "fid_1_1": 25,
    "globalid_1": "2b89bdf3-c4a3-4fd4-9bc5-d840463dfa56",
    "nome": "Pleno Vila Flora",
    "nome_comp": "Pleno Vila Flora",
    "num_bairro": 28,
    "objectid_1": 126,
    "objectid_2": 6,
    "pasta3___1": "Vila",
    "pasta3___2": "Flora",
    "pasta3___3": " ",
    "pasta3___4": " ",
    "pasta3___5": " ",
    "pasta3__no": "Pleno Vila Flora",
    "pasta3__ob": 614.0,
    "pasta3__te": "Pleno",
    "regiao": "Represa",
    "tipo": "BAIRRO"
   },
   "type": "Feature"
  },
  {
   "geometry": {
    "coordinates": [
     -49.28861919765349,
     -20.78964086377011
    ],
    "type": "Point"
   },
   "id": 615,
   "properties": {
    "abrangenci": "SÃO DEOCLECIANO",
    "arquivo": "REGUL",
    "cod_abrg": "06",
    "codigo_sia": 290,
    "cras": "CRAS São Deocleciano",
    "fid": 615,
    "fid_1": 619,
    "fid_1_1": 25,
    "globalid_1": "3508e236-3e20-4b1e-98a0-f4f942df26c8",
    "nome": "Estância do Pica-Pau Amarelo",
    "nome_comp": "Est do Pica-Pau Amarelo",
    "num_bairro": 6,
    "objectid_1": 128,
    "objectid_2": 6,
    "pasta3___1": " ",
    "pasta3___2": "Pica-Pau",
    "pasta3___3": "Amarelo",
    "pasta3___4": " ",
    "pasta3___5": " ",
    "pasta3__no": "Est do Pica-Pau Amarelo",
    "pasta3__ob": 615.0,
    "pasta3__te": " ",
    "regiao": "Represa",
    "tipo": "CHÁCARAS"
   },
   "type": "Feature"
  },
  {
   "geometry": {
    "coordinates": [
     -49.34666638298689,
     -20.797577932828066
    ],
    "type": "Point"
   },
   "id": 616,
   "properties": {
    "abrangenci": "SÃO DEOCLECIANO",
    "arquivo": "REGUL",
    "cod_abrg": "06",
    "codigo_sia": 328,
    "cras": "CRAS São Deocleciano",
    "fid": 616,
    "fid_1": 620,
    "fid_1_1": 25,
    "globalid_1": "d9d64e0d-398a-4e32-a4df-b48cd8f9fe3c",
    "nome": "São Miguel",
    "nome_comp": "Pq São Miguel",
    "num_bairro": 27,
    "objectid_1": 80,
    "objectid_2": 6,
    "pasta3___1": " ",
    "pasta3___2": "Miguel",
    "pasta3___3": " ",
    "pasta3___4": " ",
    "pasta3___5": " ",
    "pasta3__no": "Pq São Miguel",
    "pasta3__ob": 616.0,
    "pasta3__te": " ",
    "regiao": "Represa",
    "tipo": "BAIRRO"
   },
   "type": "Feature"
  },
  {
   "geometry": {
    "coordinates": [
     -49.35193124883282,
     -20.804649007971705
    ],
    "type": "Point"
   },
   "id": 617,
   "properties": {
    "abrangenci": "SÃO DEOCLECIANO",
    "arquivo": " ",
    "cod_abrg": "06",
    "codigo_sia": 616,
    "cras": "CRAS São Deocleciano",
    "fid": 617,
    "fid_1": 621,
    "fid_1_1": 25,
    "globalid_1": "34ba9692-1af8-4fe1-9683-0e16f9ea1aff",
    "nome": "Spazio Rio Pérola",
    "nome_comp": "Spazio Rio Pérola",
    "num_bairro": 39,
    "objectid_1": 4161,
    "objectid_2": 6,
    "pasta3___1": " ",
    "pasta3___2": "Pérola",
    "pasta3___3": " ",
    "pasta3___4": " ",
    "pasta3___5": " ",
    "pasta3__no": "Spazio Rio Pérola",
    "pasta3__ob": 617.0,
    "pasta3__te": "Spazio",
    "regiao": "Represa",
    "tipo": "Empreendimento"
   },
   "type": "Feature"
  },
  {
   "geometry": {
    "coordinates": [
     -49.34643358519761,
     -20.7858723986812
    ],
    "type": "Point"
   },
   "id": 618,
   "properties": {
    "abrangenci": "SÃO DEOCLECIANO",
    "arquivo": "REGUL",
    "cod_abrg": "06",
    "codigo_sia": 618,
    "cras": "CRAS São Deocleciano",
    "fid": 618,
    "fid_1": 622,
    "fid_1_1": 25,
    "globalid_1": "fe6dd0a4-d73c-4a4b-b827-b074f63b78e6",
    "nome": "João Tajara - Dr.",
    "nome_comp": "Dr João Tajara",
    "num_bairro": 5,
    "objectid_1": 4801,
    "objectid_2": 6,
    "pasta3___1": "João",
    "pasta3___2": "Tajara",
    "pasta3___3": " ",
    "pasta3___4": " ",
    "pasta3___5": " ",
    "pasta3__no": "Dr João Tajara",
    "pasta3__ob": 618.0,
    "pasta3__te": " ",
    "regiao": "Represa",
    "tipo": "RES"
   },
   "type": "Feature"
  },
  {
   "geometry": {
    "coordinates": [
     -49.32895017570553,
     -20.80377528287154
    ],
    "type": "Point"
   },
   "id": 619,
   "properties": {
    "abrangenci": "SÃO DEOCLECIANO",
    "arquivo": " ",
    "cod_abrg": "06",
    "codigo_sia": 625,
    "cras": "CRAS São Deocleciano",
    "fid": 619,
    "fid_1": 623,
    "fid_1_1": 25,
    "globalid_1": "1fdb4efb-ad8f-4bc7-b405-4a2aec4e9fd6",
    "nome": "Pompéia - Vila",
    "nome_comp": "Vila Pompéia",
    "num_bairro": 41,
    "objectid_1": 5441,
    "objectid_2": 6,
    "pasta3___1": "Pompéia",
    "pasta3___2": " ",
    "pasta3___3": " ",
    "pasta3___4": " ",
    "pasta3___5": " ",
    "pasta3__no": "Vila Pompéia",
    "pasta3__ob": 619.0,
    "pasta3__te": " ",
    "regiao": "Represa",
    "tipo": "BAIRRO"
   },
   "type": "Feature"
  },
  {
   "geometry": {
    "coordinates": [
     -49.32801553646233,
     -20.80660381475453
    ],
    "type": "Point"
   },
   "id": 620,
   "properties": {
    "abrangenci": "SÃO DEOCLECIANO",
    "arquivo": "REGUL",
    "cod_abrg": "06",
    "codigo_sia": 608,
    "cras": "CRAS São Deocleciano",
    "fid": 620,
    "fid_1": 624,
    "fid_1_1": 25,
    "globalid_1": "6e863e56-2808-4fb3-8f69-27597b58b63b",
    "nome": "Village Imperial Residence",
    "nome_comp": "Village Imperial Residence",
    "num_bairro": 42,
    "objectid_1": 5446,
    "objectid_2": 6,
    "pasta3___1": "Imperial",
    "pasta3___2": "Residence",
    "pasta3___3": " ",
    "pasta3___4": " ",
    "pasta3___5": " ",
    "pasta3__no": "Village Imperial Residence",
    "pasta3__ob": 620.0,
    "pasta3__te": " ",
    "regiao": "Represa",
    "tipo": "BAIRRO"
   },
   "type": "Feature"
  },
  {
   "geometry": {
    "coordinates": [
     -49.351671799027024,
     -20.791271724751983
    ],
    "type": "Point"
   },
   "id": 621,
   "properties": {
    "abrangenci": "SÃO DEOCLECIANO",
    "arquivo": "REGUL",
    "cod_abrg": "06",
    "codigo_sia": 584,
    "cras": "CRAS São Deocleciano",
    "fid": 621,
    "fid_1": 625,
    "fid_1_1": 25,
    "globalid_1": "5b8ddfff-91ee-4ea6-b07c-e3915c00cc36",
    "nome": "Parque BR - Empr e Log",
    "nome_comp": "Pq BR-Empr e Logística",
    "num_bairro": 22,
    "objectid_1": 594,
    "objectid_2": 6,
    "pasta3___1": "BR",
    "pasta3___2": " ",
    "pasta3___3": "Logística",
    "pasta3___4": " ",
    "pasta3___5": " ",
    "pasta3__no": "Pq BR-Empr e Logística",
    "pasta3__ob": 621.0,
    "pasta3__te": " ",
    "regiao": "Represa",
    "tipo": "BAIRRO"
   },
   "type": "Feature"
  },
  {
   "geometry": {
    "coordinates": [
     -49.327214766995795,
     -20.80008024977831
    ],
    "type": "Point"
   },
   "id": 622,
   "properties": {
    "abrangenci": "SÃO DEOCLECIANO",
    "arquivo": " ",
    "cod_abrg": "06",
    "codigo_sia": 643,
    "cras": "CRAS São Deocleciano",
    "fid": 622,
    "fid_1": 627,
    "fid_1_1": 25,
    "globalid_1": "9439e303-d5c6-4ddd-bd08-8dfc04c47f74",
    "nome": "Ascolo Martin, Res. e Empr.",
    "nome_comp": "Res e Empresarial Ascolo Martin",
    "num_bairro": 30,
    "objectid_1": 10881,
    "objectid_2": 6,
    "pasta3___1": " ",
    "pasta3___2": "Empresarial",
    "pasta3___3": "Ascolo",
    "pasta3___4": "Martin",
    "pasta3___5": " ",
    "pasta3__no": "Res e Empresarial Ascolo Martin",
    "pasta3__ob": 622.0,
    "pasta3__te": " ",
    "regiao": "Represa",
    "tipo": "REGUL"
   },
   "type": "Feature"
  },
  {
   "geometry": {
    "coordinates": [
     -49.327139645934274,
     -20.863175831567762
    ],
    "type": "Point"
   },
   "id": 623,
   "properties": {
    "abrangenci": "ENGENHEIRO SCHMITT",
    "arquivo": "REGUL",
    "cod_abrg": "14",
    "codigo_sia": 490,
    "cras": "CRAS Schmitt",
    "fid": 623,
    "fid_1": 630,
    "fid_1_1": 26,
    "globalid_1": "5176e4c6-4e57-4477-ad6e-044507cb5734",
    "nome": "Pq. Res. Buona Vita",
    "nome_comp": "Pq Res Buona Vita",
    "num_bairro": 21,
    "objectid_1": 514,
    "objectid_2": 14,
    "pasta3___1": " ",
    "pasta3___2": "Buona",
    "pasta3___3": "Vita",
    "pasta3___4": " ",
    "pasta3___5": " ",
    "pasta3__no": "Pq Res Buona Vita",
    "pasta3__ob": 623.0,
    "pasta3__te": " ",
    "regiao": "Schimitt",
    "tipo": "LOTEAMENTO FECHADO"
   },
   "type": "Feature"
  },
  {
   "geometry": {
    "coordinates": [
     -49.33351590400304,
     -20.85990061632852
    ],
    "type": "Point"
   },
   "id": 624,
   "properties": {
    "abrangenci": "ENGENHEIRO SCHMITT",
    "arquivo": "REGUL",
    "cod_abrg": "14",
    "codigo_sia": 566,
    "cras": "CRAS Schmitt",
    "fid": 624,
    "fid_1": 631,
    "fid_1_1": 26,
    "globalid_1": "ce920cae-5dd0-4495-adea-b1e07d1a9cd4",
    "nome": "Empresarial Spotti - Lot.",
    "nome_comp": "Lot Empresarial Spotti",
    "num_bairro": 7,
    "objectid_1": 448,
    "objectid_2": 14,
    "pasta3___1": "Empresarial",
    "pasta3___2": "Spotti",
    "pasta3___3": " ",
    "pasta3___4": " ",
    "pasta3___5": " ",
    "pasta3__no": "Lot Empresarial Spotti",
    "pasta3__ob": 624.0,
    "pasta3__te": " ",
    "regiao": "Schimitt",
    "tipo": "BAIRRO"
   },
   "type": "Feature"
  },
  {
   "geometry": {
    "coordinates": [
     -49.322355061233864,
     -20.850908754695897
    ],
    "type": "Point"
   },
   "id": 625,
   "properties": {
    "abrangenci": "ENGENHEIRO SCHMITT",
    "arquivo": "IRREG",
    "cod_abrg": "14",
    "codigo_sia": 1045,
    "cras": "CRAS Schmitt",
    "fid": 625,
    "fid_1": 632,
    "fid_1_1": 26,
    "globalid_1": "f0423a83-cb23-4592-a043-304069808d21",
    "nome": "São Francisco",
    "nome_comp": "São Francisco",
    "num_bairro": 28,
    "objectid_1": 418,
    "objectid_2": 14,
    "pasta3___1": "Francisco",
    "pasta3___2": " ",
    "pasta3___3": " ",
    "pasta3___4": " ",
    "pasta3___5": " ",
    "pasta3__no": "São Francisco",
    "pasta3__ob": 625.0,
    "pasta3__te": " ",
    "regiao": "Schimitt",
    "tipo": "REGULARIZAÇÃO FUNDIÁRIA"
   },
   "type": "Feature"
  },
  {
   "geometry": {
    "coordinates": [
     -49.31893452788362,
     -20.848877065205684
    ],
    "type": "Point"
   },
   "id": 626,
   "properties": {
    "abrangenci": "ENGENHEIRO SCHMITT",
    "arquivo": "REGUL",
    "cod_abrg": "14",
    "codigo_sia": 568,
    "cras": "CRAS Schmitt",
    "fid": 626,
    "fid_1": 633,
    "fid_1_1": 26,
    "globalid_1": "60f27af0-e31b-4eb6-8f87-3a00d918159e",
    "nome": "Maria Adelia - Res.",
    "nome_comp": "Res Maria Adelia",
    "num_bairro": 16,
    "objectid_1": 461,
    "objectid_2": 14,
    "pasta3___1": "Maria",
    "pasta3___2": "Adelia",
    "pasta3___3": " ",
    "pasta3___4": " ",
    "pasta3___5": " ",
    "pasta3__no": "Res Maria Adelia",
    "pasta3__ob": 626.0,
    "pasta3__te": " ",
    "regiao": "Schimitt",
    "tipo": "BAIRRO"
   },
   "type": "Feature"
  },
  {
   "geometry": {
    "coordinates": [
     -49.30580982583735,
     -20.867153791077765
    ],
    "type": "Point"
   },
   "id": 627,
   "properties": {
    "abrangenci": "ENGENHEIRO SCHMITT",
    "arquivo": "REGUL",
    "cod_abrg": "14",
    "codigo_sia": 536,
    "cras": "CRAS Schmitt",
    "fid": 627,
    "fid_1": 634,
    "fid_1_1": 26,
    "globalid_1": "83db5b79-8619-44a4-8ab5-8d43311b5007",
    "nome": "Maza - Loteamento",
    "nome_comp": "Lot Maza",
    "num_bairro": 15,
    "objectid_1": 569,
    "objectid_2": 14,
    "pasta3___1": "Maza",
    "pasta3___2": " ",
    "pasta3___3": " ",
    "pasta3___4": " ",
    "pasta3___5": " ",
    "pasta3__no": "Lot Maza",
    "pasta3__ob": 627.0,
    "pasta3__te": " ",
    "regiao": "Schimitt",
    "tipo": "LOTEAMENTO FECHADO"
   },
   "type": "Feature"
  },
  {
   "geometry": {
    "coordinates": [
     -49.308755854987176,
     -20.863821890428465
    ],
    "type": "Point"
   },
   "id": 628,
   "properties": {
    "abrangenci": "ENGENHEIRO SCHMITT",
    "arquivo": "REGUL",
    "cod_abrg": "14",
    "codigo_sia": 439,
    "cras": "CRAS Schmitt",
    "fid": 628,
    "fid_1": 635,
    "fid_1_1": 26,
    "globalid_1": "e64eac22-f891-4706-84ea-7a4c6321ec5f",
    "nome": "Res. Antoniassi",
    "nome_comp": "Res Antoniassi",
    "num_bairro": 23,
    "objectid_1": 575,
    "objectid_2": 14,
    "pasta3___1": "Antoniassi",
    "pasta3___2": " ",
    "pasta3___3": " ",
    "pasta3___4": " ",
    "pasta3___5": " ",
    "pasta3__no": "Res Antoniassi",
    "pasta3__ob": 628.0,
    "pasta3__te": " ",
    "regiao": "Schimitt",
    "tipo": "BAIRRO"
   },
   "type": "Feature"
  },
  {
   "geometry": {
    "coordinates": [
     -49.31599042856566,
     -20.871288712784953
    ],
    "type": "Point"
   },
   "id": 629,
   "properties": {
    "abrangenci": "ENGENHEIRO SCHMITT",
    "arquivo": "REGUL",
    "cod_abrg": "14",
    "codigo_sia": 379,
    "cras": "CRAS Schmitt",
    "fid": 629,
    "fid_1": 636,
    "fid_1_1": 26,
    "globalid_1": "c2529ad3-4678-4b60-87d4-24b0b39bfcf7",
    "nome": "Bela Vista 2ª Parte - Chac.",
    "nome_comp": "Chac Bela Vista 2ª Parte",
    "num_bairro": 5,
    "objectid_1": 270,
    "objectid_2": 14,
    "pasta3___1": "Bela",
    "pasta3___2": "Vista",
    "pasta3___3": " ",
    "pasta3___4": " ",
    "pasta3___5": " ",
    "pasta3__no": "Chac Bela Vista 2ª Parte",
    "pasta3__ob": 629.0,
    "pasta3__te": " ",
    "regiao": "Schimitt",
    "tipo": "CHÁCARAS"
   },
   "type": "Feature"
  },
  {
   "geometry": {
    "coordinates": [
     -49.322083569160654,
     -20.86636528122124
    ],
    "type": "Point"
   },
   "id": 630,
   "properties": {
    "abrangenci": "ENGENHEIRO SCHMITT",
    "arquivo": "REGUL",
    "cod_abrg": "14",
    "codigo_sia": 378,
    "cras": "CRAS Schmitt",
    "fid": 630,
    "fid_1": 637,
    "fid_1_1": 26,
    "globalid_1": "3c8f5182-d626-47e7-8f7c-693808a1dfad",
    "nome": "Bela Vista 1ª Parte - Chac.",
    "nome_comp": "Chac Bela Vista 1ª Parte",
    "num_bairro": 4,
    "objectid_1": 345,
    "objectid_2": 14,
    "pasta3___1": "Bela",
    "pasta3___2": "Vista",
    "pasta3___3": " ",
    "pasta3___4": " ",
    "pasta3___5": " ",
    "pasta3__no": "Chac Bela Vista 1ª Parte",
    "pasta3__ob": 630.0,
    "pasta3__te": " ",
    "regiao": "Schimitt",
    "tipo": "CHÁCARAS"
   },
   "type": "Feature"
  },
  {
   "geometry": {
    "coordinates": [
     -49.30734402642812,
     -20.86492778855087
    ],
    "type": "Point"
   },
   "id": 631,
   "properties": {
    "abrangenci": "ENGENHEIRO SCHMITT",
    "arquivo": "REGUL",
    "cod_abrg": "14",
    "codigo_sia": 354,
    "cras": "CRAS Schmitt",
    "fid": 631,
    "fid_1": 638,
    "fid_1_1": 26,
    "globalid_1": "818e6dfe-a407-4455-ba75-dfa72ebce4ea",
    "nome": "Schmidt - Jardim",
    "nome_comp": "Jd Schmidt",
    "num_bairro": 13,
    "objectid_1": 372,
    "objectid_2": 14,
    "pasta3___1": "Schmidt",
    "pasta3___2": " ",
    "pasta3___3": " ",
    "pasta3___4": " ",
    "pasta3___5": " ",
    "pasta3__no": "Jd Schmidt",
    "pasta3__ob": 631.0,
    "pasta3__te": " ",
    "regiao": "Schimitt",
    "tipo": "BAIRRO"
   },
   "type": "Feature"
  },
  {
   "geometry": {
    "coordinates": [
     -49.32988846428748,
     -20.85797719410563
    ],
    "type": "Point"
   },
   "id": 632,
   "properties": {
    "abrangenci": "ENGENHEIRO SCHMITT",
    "arquivo": "REGUL",
    "cod_abrg": "14",
    "codigo_sia": 528,
    "cras": "CRAS Schmitt",
    "fid": 632,
    "fid_1": 639,
    "fid_1_1": 26,
    "globalid_1": "4addb61f-88b1-4e33-9542-5e79fd6551f2",
    "nome": "Santa Regina - Res",
    "nome_comp": "Res Santa Regina",
    "num_bairro": 24,
    "objectid_1": 590,
    "objectid_2": 14,
    "pasta3___1": "Santa",
    "pasta3___2": "Regina",
    "pasta3___3": " ",
    "pasta3___4": " ",
    "pasta3___5": " ",
    "pasta3__no": "Res Santa Regina",
    "pasta3__ob": 632.0,
    "pasta3__te": " ",
    "regiao": "Schimitt",
    "tipo": "BAIRRO"
   },
   "type": "Feature"
  },
  {
   "geometry": {
    "coordinates": [
     -49.31581756601443,
     -20.85024216619859
    ],
    "type": "Point"
   },
   "id": 633,
   "properties": {
    "abrangenci": "ENGENHEIRO SCHMITT",
    "arquivo": "REGUL",
    "cod_abrg": "14",
    "codigo_sia": 932,
    "cras": "CRAS Schmitt",
    "fid": 633,
    "fid_1": 640,
    "fid_1_1": 26,
    "globalid_1": "f9335f82-96b8-4ef7-aacb-d8a59e42b35e",
    "nome": "Manacás - Est.",
    "nome_comp": "Est Manacás",
    "num_bairro": 11,
    "objectid_1": 285,
    "objectid_2": 14,
    "pasta3___1": "Manacás",
    "pasta3___2": " ",
    "pasta3___3": " ",
    "pasta3___4": " ",
    "pasta3___5": " ",
    "pasta3__no": "Est Manacás",
    "pasta3__ob": 633.0,
    "pasta3__te": " ",
    "regiao": "Schimitt",
    "tipo": "REGULARIZAÇÃO FUNDIÁRIA"
   },
   "type": "Feature"
  },
  {
   "geometry": {
    "coordinates": [
     -49.31483248764605,
     -20.8528614337374
    ],
    "type": "Point"
   },
   "id": 634,
   "properties": {
    "abrangenci": "ENGENHEIRO SCHMITT",
    "arquivo": "REGUL",
    "cod_abrg": "14",
    "codigo_sia": 904,
    "cras": "CRAS Schmitt",
    "fid": 634,
    "fid_1": 641,
    "fid_1_1": 26,
    "globalid_1": "436a5006-859d-4ce2-b161-c34ad584ee5b",
    "nome": "Santa Catarina - Est.",
    "nome_comp": "Est Santa Catarina",
    "num_bairro": 25,
    "objectid_1": 287,
    "objectid_2": 14,
    "pasta3___1": "Santa",
    "pasta3___2": "Catarina",
    "pasta3___3": " ",
    "pasta3___4": " ",
    "pasta3___5": " ",
    "pasta3__no": "Est Santa Catarina",
    "pasta3__ob": 634.0,
    "pasta3__te": " ",
    "regiao": "Schimitt",
    "tipo": "REGULARIZAÇÃO FUNDIÁRIA"
   },
   "type": "Feature"
  },
  {
   "geometry": {
    "coordinates": [
     -49.31319938395855,
     -20.88084475791854
    ],
    "type": "Point"
   },
   "id": 635,
   "properties": {
    "abrangenci": "ENGENHEIRO SCHMITT",
    "arquivo": "IRREG",
    "cod_abrg": "14",
    "codigo_sia": 1020,
    "cras": "CRAS Schmitt",
    "fid": 635,
    "fid_1": 642,
    "fid_1_1": 26,
    "globalid_1": "cdd351ce-e526-42b3-a340-df46c899b47e",
    "nome": "Sossego - Chácara",
    "nome_comp": "Chac Sossego",
    "num_bairro": 6,
    "objectid_1": 617,
    "objectid_2": 14,
    "pasta3___1": "Sossego",
    "pasta3___2": " ",
    "pasta3___3": " ",
    "pasta3___4": " ",
    "pasta3___5": " ",
    "pasta3__no": "Chac Sossego",
    "pasta3__ob": 635.0,
    "pasta3__te": " ",
    "regiao": "Schimitt",
    "tipo": "CHÁCARAS"
   },
   "type": "Feature"
  },
  {
   "geometry": {
    "coordinates": [
     -49.31455054010548,
     -20.8631773402338
    ],
    "type": "Point"
   },
   "id": 636,
   "properties": {
    "abrangenci": "ENGENHEIRO SCHMITT",
    "arquivo": "REGUL",
    "cod_abrg": "14",
    "codigo_sia": 460,
    "cras": "CRAS Schmitt",
    "fid": 636,
    "fid_1": 643,
    "fid_1_1": 26,
    "globalid_1": "27ffb395-7e00-4613-960d-3f735eb936ba",
    "nome": "Amoras - Pq. das",
    "nome_comp": "Pq das Amoras",
    "num_bairro": 19,
    "objectid_1": 309,
    "objectid_2": 14,
    "pasta3___1": " ",
    "pasta3___2": "Amoras",
    "pasta3___3": " ",
    "pasta3___4": " ",
    "pasta3___5": " ",
    "pasta3__no": "Pq das Amoras",
    "pasta3__ob": 636.0,
    "pasta3__te": " ",
    "regiao": "Schimitt",
    "tipo": "BAIRRO"
   },
   "type": "Feature"
  },
  {
   "geometry": {
    "coordinates": [
     -49.30785406686535,
     -20.861877639665174
    ],
    "type": "Point"
   },
   "id": 637,
   "properties": {
    "abrangenci": "ENGENHEIRO SCHMITT",
    "arquivo": "REFUN",
    "cod_abrg": "14",
    "codigo_sia": 948,
    "cras": "CRAS Schmitt",
    "fid": 637,
    "fid_1": 644,
    "fid_1_1": 26,
    "globalid_1": "255ed81a-f719-413c-9626-50b980121b73",
    "nome": "Ana Claudia",
    "nome_comp": "Ana Claudia",
    "num_bairro": 3,
    "objectid_1": 310,
    "objectid_2": 14,
    "pasta3___1": "Claudia",
    "pasta3___2": " ",
    "pasta3___3": " ",
    "pasta3___4": " ",
    "pasta3___5": " ",
    "pasta3__no": "Ana Claudia",
    "pasta3__ob": 637.0,
    "pasta3__te": "Ana",
    "regiao": "Schimitt",
    "tipo": "CHÁCARAS"
   },
   "type": "Feature"
  },
  {
   "geometry": {
    "coordinates": [
     -49.318817305572054,
     -20.854793043348042
    ],
    "type": "Point"
   },
   "id": 638,
   "properties": {
    "abrangenci": "ENGENHEIRO SCHMITT",
    "arquivo": "REGUL",
    "cod_abrg": "14",
    "codigo_sia": 497,
    "cras": "CRAS Schmitt",
    "fid": 638,
    "fid_1": 645,
    "fid_1_1": 26,
    "globalid_1": "dcf72288-15b1-4a1b-bc84-40ad7a2cdc66",
    "nome": "Amoras II - Pq. das",
    "nome_comp": "Pq das Amoras II",
    "num_bairro": 20,
    "objectid_1": 313,
    "objectid_2": 14,
    "pasta3___1": " ",
    "pasta3___2": "Amoras",
    "pasta3___3": " ",
    "pasta3___4": " ",
    "pasta3___5": " ",
    "pasta3__no": "Pq das Amoras II",
    "pasta3__ob": 638.0,
    "pasta3__te": " ",
    "regiao": "Schimitt",
    "tipo": "BAIRRO"
   },
   "type": "Feature"
  },
  {
   "geometry": {
    "coordinates": [
     -49.32137613424819,
     -20.846387601446658
    ],
    "type": "Point"
   },
   "id": 639,
   "properties": {
    "abrangenci": "ENGENHEIRO SCHMITT",
    "arquivo": "REGUL",
    "cod_abrg": "14",
    "codigo_sia": 513,
    "cras": "CRAS Schmitt",
    "fid": 639,
    "fid_1": 646,
    "fid_1_1": 26,
    "globalid_1": "ccb0a74a-5e42-455e-be96-bb8428ef345b",
    "nome": "Fazenda Rio Preto",
    "nome_comp": "Fazenda Rio Preto",
    "num_bairro": 12,
    "objectid_1": 332,
    "objectid_2": 14,
    "pasta3___1": "Rio",
    "pasta3___2": "Preto",
    "pasta3___3": " ",
    "pasta3___4": " ",
    "pasta3___5": " ",
    "pasta3__no": "Fazenda Rio Preto",
    "pasta3__ob": 639.0,
    "pasta3__te": "Fazenda",
    "regiao": "Schimitt",
    "tipo": "BAIRRO"
   },
   "type": "Feature"
  },
  {
   "geometry": {
    "coordinates": [
     -49.29256947035966,
     -20.862850596907847
    ],
    "type": "Point"
   },
   "id": 640,
   "properties": {
    "abrangenci": "ENGENHEIRO SCHMITT",
    "arquivo": "IRREG",
    "cod_abrg": "14",
    "codigo_sia": 1054,
    "cras": "CRAS Schmitt",
    "fid": 640,
    "fid_1": 647,
    "fid_1_1": 26,
    "globalid_1": "c8926a56-1618-4c64-a6c6-3e571955bbfc",
    "nome": "Estância Eden Leste",
    "nome_comp": "Est Eden Leste",
    "num_bairro": 10,
    "objectid_1": 653,
    "objectid_2": 14,
    "pasta3___1": "Eden",
    "pasta3___2": "Leste",
    "pasta3___3": " ",
    "pasta3___4": " ",
    "pasta3___5": " ",
    "pasta3__no": "Est Eden Leste",
    "pasta3__ob": 640.0,
    "pasta3__te": " ",
    "regiao": "Schimitt",
    "tipo": "REGULARIZAÇÃO FUNDIÁRIA"
   },
   "type": "Feature"
  },
  {
   "geometry": {
    "coordinates": [
     -49.304214090628975,
     -20.870623755563074
    ],
    "type": "Point"
   },
   "id": 641,
   "properties": {
    "abrangenci": "ENGENHEIRO SCHMITT",
    "arquivo": "IRREG",
    "cod_abrg": "14",
    "codigo_sia": 1053,
    "cras": "CRAS Schmitt",
    "fid": 641,
    "fid_1": 648,
    "fid_1_1": 26,
    "globalid_1": "04e13046-98ae-43c4-9498-8f3a8dc2b445",
    "nome": "Chácara Pazzotti",
    "nome_comp": "Chac Pazzotti",
    "num_bairro": 1,
    "objectid_1": 655,
    "objectid_2": 14,
    "pasta3___1": "Pazzotti",
    "pasta3___2": " ",
    "pasta3___3": " ",
    "pasta3___4": " ",
    "pasta3___5": " ",
    "pasta3__no": "Chac Pazzotti",
    "pasta3__ob": 641.0,
    "pasta3__te": " ",
    "regiao": "Schimitt",
    "tipo": "REGULARIZAÇÃO FUNDIÁRIA"
   },
   "type": "Feature"
  },
  {
   "geometry": {
    "coordinates": [
     -49.31041246109029,
     -20.86789787441344
    ],
    "type": "Point"
   },
   "id": 642,
   "properties": {
    "abrangenci": "ENGENHEIRO SCHMITT",
    "arquivo": "REGUL",
    "cod_abrg": "14",
    "codigo_sia": 2,
    "cras": "CRAS Schmitt",
    "fid": 642,
    "fid_1": 649,
    "fid_1_1": 26,
    "globalid_1": "ea235606-e3aa-4ae5-a03e-66d7568dd244",
    "nome": "Engenheiro Schmitt - Distrito",
    "nome_comp": "Engenheiro Schmitt",
    "num_bairro": 9,
    "objectid_1": 175,
    "objectid_2": 14,
    "pasta3___1": "Schmitt",
    "pasta3___2": " ",
    "pasta3___3": " ",
    "pasta3___4": " ",
    "pasta3___5": " ",
    "pasta3__no": "Engenheiro Schmitt",
    "pasta3__ob": 642.0,
    "pasta3__te": "Engenheiro",
    "regiao": "Schimitt",
    "tipo": "DISTRITO SEDE"
   },
   "type": "Feature"
  },
  {
   "geometry": {
    "coordinates": [
     -49.29420224293122,
     -20.832707549565697
    ],
    "type": "Point"
   },
   "id": 643,
   "properties": {
    "abrangenci": "ENGENHEIRO SCHMITT",
    "arquivo": "REGUL",
    "cod_abrg": "14",
    "codigo_sia": 941,
    "cras": "CRAS Schmitt",
    "fid": 643,
    "fid_1": 650,
    "fid_1_1": 26,
    "globalid_1": "5d4767f2-b157-4a02-b3a3-4205d3dcff0a",
    "nome": "Primavera II - Estância",
    "nome_comp": "Est Primavera II",
    "num_bairro": 22,
    "objectid_1": 555,
    "objectid_2": 14,
    "pasta3___1": "Primavera",
    "pasta3___2": " ",
    "pasta3___3": " ",
    "pasta3___4": " ",
    "pasta3___5": " ",
    "pasta3__no": "Est Primavera II",
    "pasta3__ob": 643.0,
    "pasta3__te": " ",
    "regiao": "Schimitt",
    "tipo": "REGULARIZAÇÃO FUNDIÁRIA"
   },
   "type": "Feature"
  },
  {
   "geometry": {
    "coordinates": [
     -49.315490337010154,
     -20.847747905327967
    ],
    "type": "Point"
   },
   "id": 644,
   "properties": {
    "abrangenci": "ENGENHEIRO SCHMITT",
    "arquivo": "REGUL",
    "cod_abrg": "14",
    "codigo_sia": 934,
    "cras": "CRAS Schmitt",
    "fid": 644,
    "fid_1": 651,
    "fid_1_1": 26,
    "globalid_1": "4d396731-2687-4405-9ef5-d661fe816c37",
    "nome": "Nossa Senhora de Fátima - Est",
    "nome_comp": "Est Nossa Senhora de Fátima",
    "num_bairro": 18,
    "objectid_1": 571,
    "objectid_2": 14,
    "pasta3___1": "Nossa",
    "pasta3___2": "Senhora",
    "pasta3___3": " ",
    "pasta3___4": "Fátima",
    "pasta3___5": " ",
    "pasta3__no": "Est Nossa Senhora de Fátima",
    "pasta3__ob": 644.0,
    "pasta3__te": " ",
    "regiao": "Schimitt",
    "tipo": "REGULARIZAÇÃO FUNDIÁRIA"
   },
   "type": "Feature"
  },
  {
   "geometry": {
    "coordinates": [
     -49.31773268935514,
     -20.859422908034205
    ],
    "type": "Point"
   },
   "id": 645,
   "properties": {
    "abrangenci": "ENGENHEIRO SCHMITT",
    "arquivo": "REGUL",
    "cod_abrg": "14",
    "codigo_sia": 544,
    "cras": "CRAS Schmitt",
    "fid": 645,
    "fid_1": 652,
    "fid_1_1": 26,
    "globalid_1": "41b70c0a-c2a2-4f6a-8ecc-a331c75fd133",
    "nome": "Ideal Life Ecolazer Resid",
    "nome_comp": "Lot Res Ideal Life Ecolazer",
    "num_bairro": 14,
    "objectid_1": 485,
    "objectid_2": 14,
    "pasta3___1": " ",
    "pasta3___2": "Ideal",
    "pasta3___3": "Life",
    "pasta3___4": "Ecolazer",
    "pasta3___5": " ",
    "pasta3__no": "Lot Res Ideal Life Ecolazer",
    "pasta3__ob": 645.0,
    "pasta3__te": " ",
    "regiao": "Schimitt",
    "tipo": "LOTEAMENTO FECHADO"
   },
   "type": "Feature"
  },
  {
   "geometry": {
    "coordinates": [
     -49.32246645847253,
     -20.852897782206234
    ],
    "type": "Point"
   },
   "id": 646,
   "properties": {
    "abrangenci": "ENGENHEIRO SCHMITT",
    "arquivo": "REGUL",
    "cod_abrg": "14",
    "codigo_sia": 956,
    "cras": "CRAS Schmitt",
    "fid": 646,
    "fid_1": 653,
    "fid_1_1": 26,
    "globalid_1": "b1a6eb5f-d5cd-4d66-971a-6515ed6a07f4",
    "nome": "Santa Maria - Schmitt",
    "nome_comp": "Santa Maria - Schmitt",
    "num_bairro": 27,
    "objectid_1": 660,
    "objectid_2": 14,
    "pasta3___1": "Maria",
    "pasta3___2": " ",
    "pasta3___3": " ",
    "pasta3___4": " ",
    "pasta3___5": " ",
    "pasta3__no": "Santa Maria - Schmitt",
    "pasta3__ob": 646.0,
    "pasta3__te": "Santa",
    "regiao": "Schimitt",
    "tipo": "REGULARIZAÇÃO FUNDIÁRIA"
   },
   "type": "Feature"
  },
  {
   "geometry": {
    "coordinates": [
     -49.33187475221329,
     -20.86122923133983
    ],
    "type": "Point"
   },
   "id": 647,
   "properties": {
    "abrangenci": "ENGENHEIRO SCHMITT",
    "arquivo": "REGUL",
    "cod_abrg": "14",
    "codigo_sia": 598,
    "cras": "CRAS Schmitt",
    "fid": 647,
    "fid_1": 654,
    "fid_1_1": 26,
    "globalid_1": "1aa0f659-c310-46eb-85f5-0c2a8fec3cb3",
    "nome": "Empresarial Spotti II",
    "nome_comp": "Empresarial Spotti II",
    "num_bairro": 8,
    "objectid_1": 620,
    "objectid_2": 14,
    "pasta3___1": "Spotti",
    "pasta3___2": " ",
    "pasta3___3": " ",
    "pasta3___4": " ",
    "pasta3___5": " ",
    "pasta3__no": "Empresarial Spotti II",
    "pasta3__ob": 647.0,
    "pasta3__te": "Empresarial",
    "regiao": "Schimitt",
    "tipo": "CONDOMÍNIO EMPRESARIAL"
   },
   "type": "Feature"
  },
  {
   "geometry": {
    "coordinates": [
     -49.32571465842307,
     -20.8482986744367
    ],
    "type": "Point"
   },
   "id": 648,
   "properties": {
    "abrangenci": "ENGENHEIRO SCHMITT",
    "arquivo": "IRREG",
    "cod_abrg": "14",
    "codigo_sia": 959,
    "cras": "CRAS Schmitt",
    "fid": 648,
    "fid_1": 655,
    "fid_1_1": 26,
    "globalid_1": "2be161d7-825a-4678-a1f8-2a04352d661a",
    "nome": "Santa Luzia",
    "nome_comp": "Santa Luzia",
    "num_bairro": 26,
    "objectid_1": 415,
    "objectid_2": 14,
    "pasta3___1": "Luzia",
    "pasta3___2": " ",
    "pasta3___3": " ",
    "pasta3___4": " ",
    "pasta3___5": " ",
    "pasta3__no": "Santa Luzia",
    "pasta3__ob": 648.0,
    "pasta3__te": "Santa",
    "regiao": "Schimitt",
    "tipo": "REGULARIZAÇÃO FUNDIÁRIA"
   },
   "type": "Feature"
  },
  {
   "geometry": {
    "coordinates": [
     -49.32133133081022,
     -20.851979307926854
    ],
    "type": "Point"
   },
   "id": 649,
   "properties": {
    "abrangenci": "ENGENHEIRO SCHMITT",
    "arquivo": " ",
    "cod_abrg": "14",
    "codigo_sia": 0,
    "cras": "CRAS Schmitt",
    "fid": 649,
    "fid_1": 656,
    "fid_1_1": 26,
    "globalid_1": "3f507a2a-696c-4e27-ae7f-a6b9e71998ec",
    "nome": "Meu Chão-Recanto",
    "nome_comp": "Meu Chão-Recanto",
    "num_bairro": 17,
    "objectid_1": 8003,
    "objectid_2": 14,
    "pasta3___1": "Chão",
    "pasta3___2": " ",
    "pasta3___3": " ",
    "pasta3___4": " ",
    "pasta3___5": " ",
    "pasta3__no": "Meu Chão-Recanto",
    "pasta3__ob": 649.0,
    "pasta3__te": "Meu",
    "regiao": "Schimitt",
    "tipo": " "
   },
   "type": "Feature"
  },
  {
   "geometry": {
    "coordinates": [
     -49.32669476156703,
     -20.851857022917233
    ],
    "type": "Point"
   },
   "id": 650,
   "properties": {
    "abrangenci": "ENGENHEIRO SCHMITT",
    "arquivo": " ",
    "cod_abrg": "14",
    "codigo_sia": 0,
    "cras": "CRAS Schmitt",
    "fid": 650,
    "fid_1": 657,
    "fid_1_1": 26,
    "globalid_1": "ad093851-3531-4f6a-bc67-b19c7315b63f",
    "nome": "Schmitt West",
    "nome_comp": "Schmitt West",
    "num_bairro": 30,
    "objectid_1": 8001,
    "objectid_2": 14,
    "pasta3___1": "West",
    "pasta3___2": " ",
    "pasta3___3": " ",
    "pasta3___4": " ",
    "pasta3___5": " ",
    "pasta3__no": "Schmitt West",
    "pasta3__ob": 650.0,
    "pasta3__te": "Schmitt",
    "regiao": "Schimitt",
    "tipo": " "
   },
   "type": "Feature"
  },
  {
   "geometry": {
    "coordinates": [
     -49.32810134673227,
     -20.85157441052814
    ],
    "type": "Point"
   },
   "id": 651,
   "properties": {
    "abrangenci": "ENGENHEIRO SCHMITT",
    "arquivo": "IRREG",
    "cod_abrg": "14",
    "codigo_sia": 1043,
    "cras": "CRAS Schmitt",
    "fid": 651,
    "fid_1": 658,
    "fid_1_1": 26,
    "globalid_1": "686322d7-6b86-44dc-b9ce-0c66dcfe6754",
    "nome": "Estância Pazzotti",
    "nome_comp": "Est Pazzotti",
    "num_bairro": 2,
    "objectid_1": 666,
    "objectid_2": 14,
    "pasta3___1": "Pazzotti",
    "pasta3___2": " ",
    "pasta3___3": " ",
    "pasta3___4": " ",
    "pasta3___5": " ",
    "pasta3__no": "Est Pazzotti",
    "pasta3__ob": 651.0,
    "pasta3__te": " ",
    "regiao": "Schimitt",
    "tipo": "REGULARIZAÇÃO FUNDIÁRIA"
   },
   "type": "Feature"
  },
  {
   "geometry": {
    "coordinates": [
     -49.30355053389058,
     -20.875063180427414
    ],
    "type": "Point"
   },
   "id": 652,
   "properties": {
    "abrangenci": "ENGENHEIRO SCHMITT",
    "arquivo": "REGUL",
    "cod_abrg": "14",
    "codigo_sia": 611,
    "cras": "CRAS Schmitt",
    "fid": 652,
    "fid_1": 659,
    "fid_1_1": 26,
    "globalid_1": "c729e40b-afcc-4555-8ed7-ea797b9c3c53",
    "nome": "Setjardim Engenheiro Schmitt",
    "nome_comp": "SetJjardim Engenheiro Schmitt",
    "num_bairro": 31,
    "objectid_1": 2561,
    "objectid_2": 14,
    "pasta3___1": "Engenheiro",
    "pasta3___2": "Schmitt",
    "pasta3___3": " ",
    "pasta3___4": " ",
    "pasta3___5": " ",
    "pasta3__no": "SetJjardim Engenheiro Schmitt",
    "pasta3__ob": 652.0,
    "pasta3__te": "SetJjardim",
    "regiao": "Schimitt",
    "tipo": " "
   },
   "type": "Feature"
  },
  {
   "geometry": {
    "coordinates": [
     -49.312626363810054,
     -20.865604293651728
    ],
    "type": "Point"
   },
   "id": 653,
   "properties": {
    "abrangenci": "ENGENHEIRO SCHMITT",
    "arquivo": " ",
    "cod_abrg": "14",
    "codigo_sia": 961,
    "cras": "CRAS Schmitt",
    "fid": 653,
    "fid_1": 660,
    "fid_1_1": 26,
    "globalid_1": "8e0625a9-d613-48d5-b69b-7509abd67af3",
    "nome": "São João Pitangueiras",
    "nome_comp": "São João Pitangueiras",
    "num_bairro": 29,
    "objectid_1": 10563,
    "objectid_2": 14,
    "pasta3___1": "João",
    "pasta3___2": "Pitangueiras",
    "pasta3___3": " ",
    "pasta3___4": " ",
    "pasta3___5": " ",
    "pasta3__no": "São João Pitangueiras",
    "pasta3__ob": 653.0,
    "pasta3__te": "São",
    "regiao": "Schimitt",
    "tipo": "Regularização"
   },
   "type": "Feature"
  },
  {
   "geometry": {
    "coordinates": [
     -49.33928284423595,
     -20.829874219158487
    ],
    "type": "Point"
   },
   "id": 654,
   "properties": {
    "abrangenci": "VILA TONINHO",
    "arquivo": "REGUL",
    "cod_abrg": "12",
    "codigo_sia": 486,
    "cras": "CRAS Vila Toninho",
    "fid": 654,
    "fid_1": 661,
    "fid_1_1": 27,
    "globalid_1": "2b686d17-3184-45c4-a0a9-796f72dab6df",
    "nome": "Recanto do Lago",
    "nome_comp": "Recanto do Lago",
    "num_bairro": 10,
    "objectid_1": 301,
    "objectid_2": 12,
    "pasta3___1": " ",
    "pasta3___2": " ",
    "pasta3___3": " ",
    "pasta3___4": " ",
    "pasta3___5": " ",
    "pasta3__no": "Recanto do Lago",
    "pasta3__ob": 654.0,
    "pasta3__te": "Recanto",
    "regiao": "Vila Toninho",
    "tipo": "LOTEAMENTO FECHADO"
   },
   "type": "Feature"
  },
  {
   "geometry": {
    "coordinates": [
     -49.32933536438668,
     -20.824139851733314
    ],
    "type": "Point"
   },
   "id": 655,
   "properties": {
    "abrangenci": "VILA TONINHO",
    "arquivo": "REGUL",
    "cod_abrg": "12",
    "codigo_sia": 569,
    "cras": "CRAS Vila Toninho",
    "fid": 655,
    "fid_1": 662,
    "fid_1_1": 27,
    "globalid_1": "6a0133d2-b703-4a9e-be33-922d5cff92d1",
    "nome": "Quinta do Lago Residence",
    "nome_comp": "Quinta do Lago Residence",
    "num_bairro": 9,
    "objectid_1": 512,
    "objectid_2": 12,
    "pasta3___1": " ",
    "pasta3___2": " ",
    "pasta3___3": "Residence",
    "pasta3___4": " ",
    "pasta3___5": " ",
    "pasta3__no": "Quinta do Lago Residence",
    "pasta3__ob": 655.0,
    "pasta3__te": "Quinta",
    "regiao": "Vila Toninho",
    "tipo": "LOTEAMENTO FECHADO"
   },
   "type": "Feature"
  },
  {
   "geometry": {
    "coordinates": [
     -49.34642725304646,
     -20.842357844992627
    ],
    "type": "Point"
   },
   "id": 656,
   "properties": {
    "abrangenci": "VILA TONINHO",
    "arquivo": "REGUL",
    "cod_abrg": "12",
    "codigo_sia": 485,
    "cras": "CRAS Vila Toninho",
    "fid": 656,
    "fid_1": 663,
    "fid_1_1": 27,
    "globalid_1": "7b974d6d-5bba-48c1-9f39-2ca2f6ec23eb",
    "nome": "Terra Nostra Cambui - Cond. Res.",
    "nome_comp": "Cond Res Terra Nostra Cambui",
    "num_bairro": 3,
    "objectid_1": 593,
    "objectid_2": 12,
    "pasta3___1": " ",
    "pasta3___2": "Terra",
    "pasta3___3": "Nostra",
    "pasta3___4": "Cambui",
    "pasta3___5": " ",
    "pasta3__no": "Cond Res Terra Nostra Cambui",
    "pasta3__ob": 656.0,
    "pasta3__te": " ",
    "regiao": "Vila Toninho",
    "tipo": "CONDOMÍNIO FECHADO"
   },
   "type": "Feature"
  },
  {
   "geometry": {
    "coordinates": [
     -49.34479484623815,
     -20.839767531747494
    ],
    "type": "Point"
   },
   "id": 657,
   "properties": {
    "abrangenci": "VILA TONINHO",
    "arquivo": " ",
    "cod_abrg": "12",
    "codigo_sia": 483,
    "cras": "CRAS Vila Toninho",
    "fid": 657,
    "fid_1": 664,
    "fid_1_1": 27,
    "globalid_1": "6b3693ed-959d-4dea-b977-e7367b88c00b",
    "nome": "Via Veneto",
    "nome_comp": "Via Veneto",
    "num_bairro": 14,
    "objectid_1": 615,
    "objectid_2": 12,
    "pasta3___1": "Veneto",
    "pasta3___2": " ",
    "pasta3___3": " ",
    "pasta3___4": " ",
    "pasta3___5": " ",
    "pasta3__no": "Via Veneto",
    "pasta3__ob": 657.0,
    "pasta3__te": " ",
    "regiao": "Vila Toninho",
    "tipo": "CONDOMÍNIO FECHADO"
   },
   "type": "Feature"
  },
  {
   "geometry": {
    "coordinates": [
     -49.333018141515424,
     -20.85512052150096
    ],
    "type": "Point"
   },
   "id": 658,
   "properties": {
    "abrangenci": "VILA TONINHO",
    "arquivo": "REGUL",
    "cod_abrg": "12",
    "codigo_sia": 567,
    "cras": "CRAS Vila Toninho",
    "fid": 658,
    "fid_1": 665,
    "fid_1_1": 27,
    "globalid_1": "3d35eecc-12b4-476c-9675-84cf5d0ff370",
    "nome": "Vila Verde - Res.",
    "nome_comp": "Res Vila Verde",
    "num_bairro": 16,
    "objectid_1": 464,
    "objectid_2": 12,
    "pasta3___1": "Vila",
    "pasta3___2": "Verde",
    "pasta3___3": " ",
    "pasta3___4": " ",
    "pasta3___5": " ",
    "pasta3__no": "Res Vila Verde",
    "pasta3__ob": 658.0,
    "pasta3__te": " ",
    "regiao": "Vila Toninho",
    "tipo": "BAIRRO"
   },
   "type": "Feature"
  },
  {
   "geometry": {
    "coordinates": [
     -49.33988574890481,
     -20.83516104962093
    ],
    "type": "Point"
   },
   "id": 659,
   "properties": {
    "abrangenci": "VILA TONINHO",
    "arquivo": " ",
    "cod_abrg": "12",
    "codigo_sia": 389,
    "cras": "CRAS Vila Toninho",
    "fid": 659,
    "fid_1": 666,
    "fid_1_1": 27,
    "globalid_1": "9316a7f8-b613-4700-a09e-92a3cddfb32a",
    "nome": "Chacara Jóckey Club",
    "nome_comp": "Chac Jóckey Club",
    "num_bairro": 2,
    "objectid_1": 426,
    "objectid_2": 12,
    "pasta3___1": "Jóckey",
    "pasta3___2": "Club",
    "pasta3___3": " ",
    "pasta3___4": " ",
    "pasta3___5": " ",
    "pasta3__no": "Chac Jóckey Club",
    "pasta3__ob": 659.0,
    "pasta3__te": " ",
    "regiao": "Vila Toninho",
    "tipo": "CHÁCARAS"
   },
   "type": "Feature"
  },
  {
   "geometry": {
    "coordinates": [
     -49.361257835376186,
     -20.852726909866877
    ],
    "type": "Point"
   },
   "id": 660,
   "properties": {
    "abrangenci": "VILA TONINHO",
    "arquivo": "REGUL",
    "cod_abrg": "12",
    "codigo_sia": 552,
    "cras": "CRAS Vila Toninho",
    "fid": 660,
    "fid_1": 667,
    "fid_1_1": 27,
    "globalid_1": "06979496-4b3f-44e5-b9a8-67a9743ffbda",
    "nome": "Setsul - Res.",
    "nome_comp": "Res Setsul",
    "num_bairro": 12,
    "objectid_1": 592,
    "objectid_2": 12,
    "pasta3___1": "Setsul",
    "pasta3___2": " ",
    "pasta3___3": " ",
    "pasta3___4": " ",
    "pasta3___5": " ",
    "pasta3__no": "Res Setsul",
    "pasta3__ob": 660.0,
    "pasta3__te": " ",
    "regiao": "Vila Toninho",
    "tipo": "BAIRRO"
   },
   "type": "Feature"
  },
  {
   "geometry": {
    "coordinates": [
     -49.34427881374812,
     -20.84090197853232
    ],
    "type": "Point"
   },
   "id": 661,
   "properties": {
    "abrangenci": "VILA TONINHO",
    "arquivo": "REGUL",
    "cod_abrg": "12",
    "codigo_sia": 345,
    "cras": "CRAS Vila Toninho",
    "fid": 661,
    "fid_1": 668,
    "fid_1_1": 27,
    "globalid_1": "fbad9147-c660-45fd-a8fb-b961efa6b4a9",
    "nome": "Cambuí - Pq. Res.",
    "nome_comp": "Pq Res Cambuí",
    "num_bairro": 7,
    "objectid_1": 289,
    "objectid_2": 12,
    "pasta3___1": " ",
    "pasta3___2": "Cambuí",
    "pasta3___3": " ",
    "pasta3___4": " ",
    "pasta3___5": " ",
    "pasta3__no": "Pq Res Cambuí",
    "pasta3__ob": 661.0,
    "pasta3__te": " ",
    "regiao": "Vila Toninho",
    "tipo": "BAIRRO"
   },
   "type": "Feature"
  },
  {
   "geometry": {
    "coordinates": [
     -49.34133757681112,
     -20.846255707148067
    ],
    "type": "Point"
   },
   "id": 662,
   "properties": {
    "abrangenci": "VILA TONINHO",
    "arquivo": "REGUL",
    "cod_abrg": "12",
    "codigo_sia": 150,
    "cras": "CRAS Vila Toninho",
    "fid": 662,
    "fid_1": 669,
    "fid_1_1": 27,
    "globalid_1": "587bee4e-9b92-4351-98e7-c690b823c931",
    "nome": "Toninho - Vila",
    "nome_comp": "Vila Toninho",
    "num_bairro": 15,
    "objectid_1": 165,
    "objectid_2": 12,
    "pasta3___1": "Toninho",
    "pasta3___2": " ",
    "pasta3___3": " ",
    "pasta3___4": " ",
    "pasta3___5": " ",
    "pasta3__no": "Vila Toninho",
    "pasta3__ob": 662.0,
    "pasta3__te": " ",
    "regiao": "Vila Toninho",
    "tipo": "BAIRRO"
   },
   "type": "Feature"
  },
  {
   "geometry": {
    "coordinates": [
     -49.328345869611695,
     -20.83833795375674
    ],
    "type": "Point"
   },
   "id": 663,
   "properties": {
    "abrangenci": "VILA TONINHO",
    "arquivo": "REGUL",
    "cod_abrg": "12",
    "codigo_sia": 277,
    "cras": "CRAS Vila Toninho",
    "fid": 663,
    "fid_1": 670,
    "fid_1_1": 27,
    "globalid_1": "7f0c99c5-2fd4-40e6-92ea-14ce4903ea53",
    "nome": "Morada Campestre - Estância",
    "nome_comp": "Est Morada Campestre",
    "num_bairro": 6,
    "objectid_1": 178,
    "objectid_2": 12,
    "pasta3___1": "Morada",
    "pasta3___2": "Campestre",
    "pasta3___3": " ",
    "pasta3___4": " ",
    "pasta3___5": " ",
    "pasta3__no": "Est Morada Campestre",
    "pasta3__ob": 663.0,
    "pasta3__te": " ",
    "regiao": "Vila Toninho",
    "tipo": "CHÁCARAS"
   },
   "type": "Feature"
  },
  {
   "geometry": {
    "coordinates": [
     -49.34655740526361,
     -20.856303000022685
    ],
    "type": "Point"
   },
   "id": 664,
   "properties": {
    "abrangenci": "VILA TONINHO",
    "arquivo": "REGUL",
    "cod_abrg": "12",
    "codigo_sia": 149,
    "cras": "CRAS Vila Toninho",
    "fid": 664,
    "fid_1": 671,
    "fid_1_1": 27,
    "globalid_1": "5fe0d209-cc0a-4dc2-9962-05e2d2bc046a",
    "nome": "Jóckei Club - Estância",
    "nome_comp": "Est Jóckei Club",
    "num_bairro": 5,
    "objectid_1": 200,
    "objectid_2": 12,
    "pasta3___1": "Jóckei",
    "pasta3___2": "Club",
    "pasta3___3": " ",
    "pasta3___4": " ",
    "pasta3___5": " ",
    "pasta3__no": "Est Jóckei Club",
    "pasta3__ob": 664.0,
    "pasta3__te": " ",
    "regiao": "Vila Toninho",
    "tipo": "CHÁCARAS"
   },
   "type": "Feature"
  },
  {
   "geometry": {
    "coordinates": [
     -49.31849537896744,
     -20.830684994470836
    ],
    "type": "Point"
   },
   "id": 665,
   "properties": {
    "abrangenci": "VILA TONINHO",
    "arquivo": "IRREG",
    "cod_abrg": "12",
    "codigo_sia": 1041,
    "cras": "CRAS Vila Toninho",
    "fid": 665,
    "fid_1": 672,
    "fid_1_1": 27,
    "globalid_1": "338852a7-5d23-472a-a19e-dd71c6942fa2",
    "nome": "Estancia Bela Vista (Lagoa)",
    "nome_comp": "Est Bela Vista (Lagoa)",
    "num_bairro": 4,
    "objectid_1": 130,
    "objectid_2": 12,
    "pasta3___1": "Bela",
    "pasta3___2": "Vista",
    "pasta3___3": " ",
    "pasta3___4": " ",
    "pasta3___5": " ",
    "pasta3__no": "Est Bela Vista (Lagoa)",
    "pasta3__ob": 665.0,
    "pasta3__te": " ",
    "regiao": "Vila Toninho",
    "tipo": "REGULARIZAÇÃO FUNDIÁRIA"
   },
   "type": "Feature"
  },
  {
   "geometry": {
    "coordinates": [
     -49.335491980189275,
     -20.857087739473744
    ],
    "type": "Point"
   },
   "id": 666,
   "properties": {
    "abrangenci": "VILA TONINHO",
    "arquivo": "REGUL",
    "cod_abrg": "12",
    "codigo_sia": 489,
    "cras": "CRAS Vila Toninho",
    "fid": 666,
    "fid_1": 673,
    "fid_1_1": 27,
    "globalid_1": "3f7fd0e1-5c1f-4b67-a5b7-1b9d6a6f0ee2",
    "nome": "CIP - Centro Industrial Pascutti",
    "nome_comp": "Centro Industrial Pascutti",
    "num_bairro": 1,
    "objectid_1": 330,
    "objectid_2": 12,
    "pasta3___1": " ",
    "pasta3___2": "Pascutti",
    "pasta3___3": " ",
    "pasta3___4": " ",
    "pasta3___5": " ",
    "pasta3__no": "Centro Industrial Pascutti",
    "pasta3__ob": 666.0,
    "pasta3__te": " ",
    "regiao": "Vila Toninho",
    "tipo": "DISTRITO INDUSTRIAL"
   },
   "type": "Feature"
  },
  {
   "geometry": {
    "coordinates": [
     -49.340087580844205,
     -20.837166667358005
    ],
    "type": "Point"
   },
   "id": 667,
   "properties": {
    "abrangenci": "VILA TONINHO",
    "arquivo": "REGUL",
    "cod_abrg": "12",
    "codigo_sia": 947,
    "cras": "CRAS Vila Toninho",
    "fid": 667,
    "fid_1": 674,
    "fid_1_1": 27,
    "globalid_1": "e20af563-6802-47a8-b527-908213d27764",
    "nome": "São Jorge - Lot.",
    "nome_comp": "Lot São Jorge",
    "num_bairro": 13,
    "objectid_1": 97,
    "objectid_2": 12,
    "pasta3___1": " ",
    "pasta3___2": "Jorge",
    "pasta3___3": " ",
    "pasta3___4": " ",
    "pasta3___5": " ",
    "pasta3__no": "Lot São Jorge",
    "pasta3__ob": 667.0,
    "pasta3__te": " ",
    "regiao": "Vila Toninho",
    "tipo": "CHÁCARAS"
   },
   "type": "Feature"
  },
  {
   "geometry": {
    "coordinates": [
     -49.32659276157695,
     -20.82723614971367
    ],
    "type": "Point"
   },
   "id": 668,
   "properties": {
    "abrangenci": "VILA TONINHO",
    "arquivo": "REGUL",
    "cod_abrg": "12",
    "codigo_sia": 634,
    "cras": "CRAS Vila Toninho",
    "fid": 668,
    "fid_1": 675,
    "fid_1_1": 27,
    "globalid_1": "39b23e4d-994e-46ea-a214-935c1eeb7fd9",
    "nome": "Quinta do Lago - Lac Léman",
    "nome_comp": "Quinta do Lago - Lac Léman",
    "num_bairro": 8,
    "objectid_1": 8321,
    "objectid_2": 12,
    "pasta3___1": " ",
    "pasta3___2": " ",
    "pasta3___3": " ",
    "pasta3___4": "Lac",
    "pasta3___5": "Léman",
    "pasta3__no": "Quinta do Lago - Lac Léman",
    "pasta3__ob": 668.0,
    "pasta3__te": "Quinta",
    "regiao": "Vila Toninho",
    "tipo": " "
   },
   "type": "Feature"
  },
  {
   "geometry": {
    "coordinates": [
     -49.3325779163044,
     -20.83484239235717
    ],
    "type": "Point"
   },
   "id": 669,
   "properties": {
    "abrangenci": "VILA TONINHO",
    "arquivo": "REGUL",
    "cod_abrg": "12",
    "codigo_sia": 983,
    "cras": "CRAS Vila Toninho",
    "fid": 669,
    "fid_1": 676,
    "fid_1_1": 27,
    "globalid_1": "d551c19f-a09c-4368-9415-b3692aee51cf",
    "nome": "Recreio",
    "nome_comp": "Recreio",
    "num_bairro": 11,
    "objectid_1": 509,
    "objectid_2": 12,
    "pasta3___1": " ",
    "pasta3___2": " ",
    "pasta3___3": " ",
    "pasta3___4": " ",
    "pasta3___5": " ",
    "pasta3__no": "Recreio",
    "pasta3__ob": 669.0,
    "pasta3__te": "Recreio",
    "regiao": "Vila Toninho",
    "tipo": "REGULARIZAÇÃO FUNDIÁRIA"
   },
   "type": "Feature"
  },
  {
   "geometry": {
    "coordinates": [
     -49.37379163477108,
     -20.875277223653054
    ],
    "type": "Point"
   },
   "id": 670,
   "properties": {
    "abrangenci": "CIDADE JARDIM",
    "arquivo": "IRREG",
    "cod_abrg": "23",
    "codigo_sia": 1080,
    "cras": "CRAS Novo Mundo",
    "fid": 670,
    "fid_1": 677,
    "fid_1_1": 28,
    "globalid_1": "b0cef167-5e4e-4d73-ae72-d3e1f57340b7",
    "nome": "Navarrete II (Pq.das Nascentes)",
    "nome_comp": "Est Navarrete II (Pqdas Nascentes)",
    "num_bairro": 11,
    "objectid_1": 539,
    "objectid_2": 23,
    "pasta3___1": "Navarrete",
    "pasta3___2": " ",
    "pasta3___3": " ",
    "pasta3___4": " ",
    "pasta3___5": " ",
    "pasta3__no": "Est Navarrete II (Pqdas Nascentes)",
    "pasta3__ob": 670.0,
    "pasta3__te": " ",
    "regiao": "HB",
    "tipo": "REGULARIZAÇÃO FUNDIÁRIA"
   },
   "type": "Feature"
  },
  {
   "geometry": {
    "coordinates": [
     -49.369067139617485,
     -20.881906245179344
    ],
    "type": "Point"
   },
   "id": 671,
   "properties": {
    "abrangenci": "CIDADE JARDIM",
    "arquivo": "IRREG",
    "cod_abrg": "23",
    "codigo_sia": 1083,
    "cras": "CRAS Novo Mundo",
    "fid": 671,
    "fid_1": 678,
    "fid_1_1": 28,
    "globalid_1": "029ba162-3be9-4329-8c8b-73e7b575be7c",
    "nome": "Ponte Grande - Est.",
    "nome_comp": "Est Ponte Grande",
    "num_bairro": 13,
    "objectid_1": 264,
    "objectid_2": 23,
    "pasta3___1": "Ponte",
    "pasta3___2": "Grande",
    "pasta3___3": " ",
    "pasta3___4": " ",
    "pasta3___5": " ",
    "pasta3__no": "Est Ponte Grande",
    "pasta3__ob": 671.0,
    "pasta3__te": " ",
    "regiao": "HB",
    "tipo": "REGULARIZAÇÃO FUNDIÁRIA"
   },
   "type": "Feature"
  },
  {
   "geometry": {
    "coordinates": [
     -49.37258333593559,
     -20.87699056582385
    ],
    "type": "Point"
   },
   "id": 672,
   "properties": {
    "abrangenci": "CIDADE JARDIM",
    "arquivo": "IRREG",
    "cod_abrg": "23",
    "codigo_sia": 1081,
    "cras": "CRAS Novo Mundo",
    "fid": 672,
    "fid_1": 679,
    "fid_1_1": 28,
    "globalid_1": "c1ca835b-e5e2-4b26-90ad-11938d621276",
    "nome": "Navarrete I (Pq. das Flores)",
    "nome_comp": "Est Navarrete I (Pq das Flores)",
    "num_bairro": 10,
    "objectid_1": 265,
    "objectid_2": 23,
    "pasta3___1": "Navarrete",
    "pasta3___2": " ",
    "pasta3___3": " ",
    "pasta3___4": " ",
    "pasta3___5": " ",
    "pasta3__no": "Est Navarrete I (Pq das Flores)",
    "pasta3__ob": 672.0,
    "pasta3__te": " ",
    "regiao": "HB",
    "tipo": "REGULARIZAÇÃO FUNDIÁRIA"
   },
   "type": "Feature"
  },
  {
   "geometry": {
    "coordinates": [
     -49.3661609737237,
     -20.878167167764797
    ],
    "type": "Point"
   },
   "id": 673,
   "properties": {
    "abrangenci": "CIDADE JARDIM",
    "arquivo": "IRREG",
    "cod_abrg": "23",
    "codigo_sia": 942,
    "cras": "CRAS Novo Mundo",
    "fid": 673,
    "fid_1": 680,
    "fid_1_1": 28,
    "globalid_1": "41dd746c-0b9b-40a7-a17f-829016ed126f",
    "nome": "Estancia Park Azul",
    "nome_comp": "Est Park Azul",
    "num_bairro": 12,
    "objectid_1": 269,
    "objectid_2": 23,
    "pasta3___1": "Park",
    "pasta3___2": "Azul",
    "pasta3___3": " ",
    "pasta3___4": " ",
    "pasta3___5": " ",
    "pasta3__no": "Est Park Azul",
    "pasta3__ob": 673.0,
    "pasta3__te": " ",
    "regiao": "HB",
    "tipo": "REGULARIZAÇÃO FUNDIÁRIA"
   },
   "type": "Feature"
  },
  {
   "geometry": {
    "coordinates": [
     -49.39143944513516,
     -20.865695572059526
    ],
    "type": "Point"
   },
   "id": 674,
   "properties": {
    "abrangenci": "CIDADE JARDIM",
    "arquivo": "REGUL",
    "cod_abrg": "23",
    "codigo_sia": 926,
    "cras": "CRAS Novo Mundo",
    "fid": 674,
    "fid_1": 681,
    "fid_1_1": 28,
    "globalid_1": "e4afe5f4-e7d9-4e3c-b3a5-23f7e50ff58e",
    "nome": "Estância Santa Maria",
    "nome_comp": "Est Santa Maria",
    "num_bairro": 17,
    "objectid_1": 659,
    "objectid_2": 23,
    "pasta3___1": "Santa",
    "pasta3___2": "Maria",
    "pasta3___3": " ",
    "pasta3___4": " ",
    "pasta3___5": " ",
    "pasta3__no": "Est Santa Maria",
    "pasta3__ob": 674.0,
    "pasta3__te": " ",
    "regiao": "HB",
    "tipo": "REGULARIZAÇÃO FUNDIÁRIA"
   },
   "type": "Feature"
  },
  {
   "geometry": {
    "coordinates": [
     -49.39221688173421,
     -20.878759557274364
    ],
    "type": "Point"
   },
   "id": 675,
   "properties": {
    "abrangenci": "CIDADE JARDIM",
    "arquivo": "IRREG",
    "cod_abrg": "23",
    "codigo_sia": 1117,
    "cras": "CRAS Novo Mundo",
    "fid": 675,
    "fid_1": 682,
    "fid_1_1": 28,
    "globalid_1": "7813d8b4-6ae2-4f2c-85e5-fdc70221ff5b",
    "nome": "Vista Alegre  II e III",
    "nome_comp": "Chac  Vista Alegre I, II,III",
    "num_bairro": 3,
    "objectid_1": 667,
    "objectid_2": 23,
    "pasta3___1": "Vista",
    "pasta3___2": "Alegre",
    "pasta3___3": " ",
    "pasta3___4": " ",
    "pasta3___5": " ",
    "pasta3__no": "Chac  Vista Alegre I, II,III",
    "pasta3__ob": 675.0,
    "pasta3__te": " ",
    "regiao": "HB",
    "tipo": "REGULARIZAÇÃO FUNDIÁRIA"
   },
   "type": "Feature"
  },
  {
   "geometry": {
    "coordinates": [
     -49.39256684029572,
     -20.90816304701674
    ],
    "type": "Point"
   },
   "id": 676,
   "properties": {
    "abrangenci": "CIDADE JARDIM",
    "arquivo": "IRREG",
    "cod_abrg": "23",
    "codigo_sia": 61,
    "cras": "CRAS Novo Mundo",
    "fid": 676,
    "fid_1": 683,
    "fid_1_1": 28,
    "globalid_1": "e8b21149-0dd0-4eab-89ed-18dcff5aeb70",
    "nome": "Pq. das Flores (Orquidário)",
    "nome_comp": "Pq das FloRes (Orquidário)",
    "num_bairro": 27,
    "objectid_1": 672,
    "objectid_2": 23,
    "pasta3___1": " ",
    "pasta3___2": "Flores",
    "pasta3___3": "(Orquidário)",
    "pasta3___4": " ",
    "pasta3___5": " ",
    "pasta3__no": "Pq das FloRes (Orquidário)",
    "pasta3__ob": 676.0,
    "pasta3__te": " ",
    "regiao": "HB",
    "tipo": "CHÁCARAS"
   },
   "type": "Feature"
  },
  {
   "geometry": {
    "coordinates": [
     -49.40078116420452,
     -20.869698705880744
    ],
    "type": "Point"
   },
   "id": 677,
   "properties": {
    "abrangenci": "CIDADE JARDIM",
    "arquivo": "REGUL",
    "cod_abrg": "23",
    "codigo_sia": 949,
    "cras": "CRAS Novo Mundo",
    "fid": 677,
    "fid_1": 684,
    "fid_1_1": 28,
    "globalid_1": "d00c975c-791f-43d9-9d44-db2997d0d1b0",
    "nome": "Santa Inez I",
    "nome_comp": "Est Santa Inez I",
    "num_bairro": 16,
    "objectid_1": 675,
    "objectid_2": 23,
    "pasta3___1": "Santa",
    "pasta3___2": "Inez",
    "pasta3___3": " ",
    "pasta3___4": " ",
    "pasta3___5": " ",
    "pasta3__no": "Est Santa Inez I",
    "pasta3__ob": 677.0,
    "pasta3__te": " ",
    "regiao": "HB",
    "tipo": "REGULARIZAÇÃO FUNDIÁRIA"
   },
   "type": "Feature"
  },
  {
   "geometry": {
    "coordinates": [
     -49.37588394300793,
     -20.85667277042381
    ],
    "type": "Point"
   },
   "id": 678,
   "properties": {
    "abrangenci": "CIDADE JARDIM",
    "arquivo": " ",
    "cod_abrg": "23",
    "codigo_sia": 565,
    "cras": "CRAS Novo Mundo",
    "fid": 678,
    "fid_1": 685,
    "fid_1_1": 28,
    "globalid_1": "7a630e0a-6c4a-40c4-b397-d096d95bf4b2",
    "nome": "EUROPARK 2 - LOT.",
    "nome_comp": "Lot Europark 2",
    "num_bairro": 1,
    "objectid_1": 1601,
    "objectid_2": 23,
    "pasta3___1": "Europark",
    "pasta3___2": " ",
    "pasta3___3": " ",
    "pasta3___4": " ",
    "pasta3___5": " ",
    "pasta3__no": "Lot Europark 2",
    "pasta3__ob": 678.0,
    "pasta3__te": " ",
    "regiao": "HB",
    "tipo": "BAIRRO"
   },
   "type": "Feature"
  },
  {
   "geometry": {
    "coordinates": [
     -49.36001267625957,
     -20.83894398372253
    ],
    "type": "Point"
   },
   "id": 679,
   "properties": {
    "abrangenci": "CIDADE JARDIM",
    "arquivo": "REGUL",
    "cod_abrg": "23",
    "codigo_sia": 257,
    "cras": "CRAS Novo Mundo",
    "fid": 679,
    "fid_1": 686,
    "fid_1_1": 28,
    "globalid_1": "57d18a1b-8aec-49d2-9694-020ed2e6c1e0",
    "nome": "São Marco - Jardim",
    "nome_comp": "Jd São Marco",
    "num_bairro": 23,
    "objectid_1": 380,
    "objectid_2": 23,
    "pasta3___1": " ",
    "pasta3___2": "Marco",
    "pasta3___3": " ",
    "pasta3___4": " ",
    "pasta3___5": " ",
    "pasta3__no": "Jd São Marco",
    "pasta3__ob": 679.0,
    "pasta3__te": " ",
    "regiao": "HB",
    "tipo": "BAIRRO"
   },
   "type": "Feature"
  },
  {
   "geometry": {
    "coordinates": [
     -49.39748820994972,
     -20.867763764706535
    ],
    "type": "Point"
   },
   "id": 680,
   "properties": {
    "abrangenci": "CIDADE JARDIM",
    "arquivo": "REGUL",
    "cod_abrg": "23",
    "codigo_sia": 919,
    "cras": "CRAS Novo Mundo",
    "fid": 680,
    "fid_1": 687,
    "fid_1_1": 28,
    "globalid_1": "995952d7-323a-49f0-afc2-e0dc32eb8616",
    "nome": "Santa Inez - Est.",
    "nome_comp": "Est Santa Inez",
    "num_bairro": 34,
    "objectid_1": 601,
    "objectid_2": 23,
    "pasta3___1": "Santa",
    "pasta3___2": "Inez",
    "pasta3___3": " ",
    "pasta3___4": " ",
    "pasta3___5": " ",
    "pasta3__no": "Est Santa Inez",
    "pasta3__ob": 680.0,
    "pasta3__te": " ",
    "regiao": "HB",
    "tipo": "REGULARIZAÇÃO FUNDIÁRIA"
   },
   "type": "Feature"
  },
  {
   "geometry": {
    "coordinates": [
     -49.385653989481625,
     -20.87373092661798
    ],
    "type": "Point"
   },
   "id": 681,
   "properties": {
    "abrangenci": "CIDADE JARDIM",
    "arquivo": " ",
    "cod_abrg": "23",
    "codigo_sia": 1078,
    "cras": "CRAS Novo Mundo",
    "fid": 681,
    "fid_1": 688,
    "fid_1_1": 28,
    "globalid_1": "9088d6e9-e5bb-4442-9df6-5cbfd076427b",
    "nome": "Vista Alegre - Chácaras",
    "nome_comp": "Chac Vista Alegre",
    "num_bairro": 2,
    "objectid_1": 610,
    "objectid_2": 23,
    "pasta3___1": "Vista",
    "pasta3___2": "Alegre",
    "pasta3___3": " ",
    "pasta3___4": " ",
    "pasta3___5": " ",
    "pasta3__no": "Chac Vista Alegre",
    "pasta3__ob": 681.0,
    "pasta3__te": " ",
    "regiao": "HB",
    "tipo": "REGULARIZAÇÃO FUNDIÁRIA"
   },
   "type": "Feature"
  },
  {
   "geometry": {
    "coordinates": [
     -49.38098819097217,
     -20.873051310330858
    ],
    "type": "Point"
   },
   "id": 682,
   "properties": {
    "abrangenci": "CIDADE JARDIM",
    "arquivo": "REGUL",
    "cod_abrg": "23",
    "codigo_sia": 589,
    "cras": "CRAS Novo Mundo",
    "fid": 682,
    "fid_1": 689,
    "fid_1_1": 28,
    "globalid_1": "cb84125a-57f4-4912-ab47-0aeb8c5823e1",
    "nome": "Colina Azul - Res.",
    "nome_comp": "Res Colina Azul",
    "num_bairro": 33,
    "objectid_1": 613,
    "objectid_2": 23,
    "pasta3___1": "Colina",
    "pasta3___2": "Azul",
    "pasta3___3": " ",
    "pasta3___4": " ",
    "pasta3___5": " ",
    "pasta3__no": "Res Colina Azul",
    "pasta3__ob": 682.0,
    "pasta3__te": " ",
    "regiao": "HB",
    "tipo": "BAIRRO"
   },
   "type": "Feature"
  },
  {
   "geometry": {
    "coordinates": [
     -49.35760121571156,
     -20.86698659300856
    ],
    "type": "Point"
   },
   "id": 683,
   "properties": {
    "abrangenci": "CIDADE JARDIM",
    "arquivo": "REGUL",
    "cod_abrg": "23",
    "codigo_sia": 918,
    "cras": "CRAS Novo Mundo",
    "fid": 683,
    "fid_1": 690,
    "fid_1_1": 28,
    "globalid_1": "201cb338-585d-4486-ba85-713d315bc54e",
    "nome": "Unitra - Est.",
    "nome_comp": "Unitra",
    "num_bairro": 37,
    "objectid_1": 632,
    "objectid_2": 23,
    "pasta3___1": " ",
    "pasta3___2": " ",
    "pasta3___3": " ",
    "pasta3___4": " ",
    "pasta3___5": " ",
    "pasta3__no": "Unitra",
    "pasta3__ob": 683.0,
    "pasta3__te": "Unitra",
    "regiao": "HB",
    "tipo": "REGULARIZAÇÃO FUNDIÁRIA"
   },
   "type": "Feature"
  },
  {
   "geometry": {
    "coordinates": [
     -49.35967205402414,
     -20.912752007191948
    ],
    "type": "Point"
   },
   "id": 684,
   "properties": {
    "abrangenci": "CIDADE JARDIM",
    "arquivo": "REGUL",
    "cod_abrg": "23",
    "codigo_sia": 925,
    "cras": "CRAS Novo Mundo",
    "fid": 684,
    "fid_1": 691,
    "fid_1_1": 28,
    "globalid_1": "1e736e7e-d250-49ec-8038-34ea9a393491",
    "nome": "Dois de Abril - Ret",
    "nome_comp": "Ret Dois de Abril",
    "num_bairro": 4,
    "objectid_1": 644,
    "objectid_2": 23,
    "pasta3___1": "Dois",
    "pasta3___2": " ",
    "pasta3___3": "Abril",
    "pasta3___4": " ",
    "pasta3___5": " ",
    "pasta3__no": "Ret Dois de Abril",
    "pasta3__ob": 684.0,
    "pasta3__te": " ",
    "regiao": "HB",
    "tipo": "CHÁCARAS"
   },
   "type": "Feature"
  },
  {
   "geometry": {
    "coordinates": [
     -49.37383235215636,
     -20.851664705984888
    ],
    "type": "Point"
   },
   "id": 685,
   "properties": {
    "abrangenci": "CIDADE JARDIM",
    "arquivo": "REGUL",
    "cod_abrg": "23",
    "codigo_sia": 563,
    "cras": "CRAS Novo Mundo",
    "fid": 685,
    "fid_1": 692,
    "fid_1_1": 28,
    "globalid_1": "45203b72-cc1f-4a80-af93-f7932fdaa1bf",
    "nome": "Europark - Lot.",
    "nome_comp": "Lot Europark",
    "num_bairro": 22,
    "objectid_1": 335,
    "objectid_2": 23,
    "pasta3___1": "Europark",
    "pasta3___2": " ",
    "pasta3___3": " ",
    "pasta3___4": " ",
    "pasta3___5": " ",
    "pasta3__no": "Lot Europark",
    "pasta3__ob": 685.0,
    "pasta3__te": " ",
    "regiao": "HB",
    "tipo": "BAIRRO"
   },
   "type": "Feature"
  },
  {
   "geometry": {
    "coordinates": [
     -49.36538766838942,
     -20.844488416043
    ],
    "type": "Point"
   },
   "id": 686,
   "properties": {
    "abrangenci": "CIDADE JARDIM",
    "arquivo": "REGUL",
    "cod_abrg": "23",
    "codigo_sia": 237,
    "cras": "CRAS Novo Mundo",
    "fid": 686,
    "fid_1": 693,
    "fid_1_1": 28,
    "globalid_1": "53ebe2ba-a4f1-4eb3-a6b8-1c99075a3996",
    "nome": "Cidade Jardim - Res.",
    "nome_comp": "Res Cidade Jd",
    "num_bairro": 32,
    "objectid_1": 340,
    "objectid_2": 23,
    "pasta3___1": "Cidade",
    "pasta3___2": " ",
    "pasta3___3": " ",
    "pasta3___4": " ",
    "pasta3___5": " ",
    "pasta3__no": "Res Cidade Jd",
    "pasta3__ob": 686.0,
    "pasta3__te": " ",
    "regiao": "HB",
    "tipo": "BAIRRO"
   },
   "type": "Feature"
  },
  {
   "geometry": {
    "coordinates": [
     -49.36485166780474,
     -20.90422164155281
    ],
    "type": "Point"
   },
   "id": 687,
   "properties": {
    "abrangenci": "CIDADE JARDIM",
    "arquivo": "IRREG",
    "cod_abrg": "23",
    "codigo_sia": 1058,
    "cras": "CRAS Novo Mundo",
    "fid": 687,
    "fid_1": 694,
    "fid_1_1": 28,
    "globalid_1": "78be7be9-661d-4003-9241-6b66d7f240ea",
    "nome": "Vila Azul - Estância",
    "nome_comp": "Est Vila Azul",
    "num_bairro": 21,
    "objectid_1": 647,
    "objectid_2": 23,
    "pasta3___1": "Vila",
    "pasta3___2": "Azul",
    "pasta3___3": " ",
    "pasta3___4": " ",
    "pasta3___5": " ",
    "pasta3__no": "Est Vila Azul",
    "pasta3__ob": 687.0,
    "pasta3__te": " ",
    "regiao": "HB",
    "tipo": "REGULARIZAÇÃO FUNDIÁRIA"
   },
   "type": "Feature"
  },
  {
   "geometry": {
    "coordinates": [
     -49.380172419170535,
     -20.91401122344242
    ],
    "type": "Point"
   },
   "id": 688,
   "properties": {
    "abrangenci": "CIDADE JARDIM",
    "arquivo": "IRREG",
    "cod_abrg": "23",
    "codigo_sia": 1061,
    "cras": "CRAS Novo Mundo",
    "fid": 688,
    "fid_1": 695,
    "fid_1_1": 28,
    "globalid_1": "2ab95f39-6fc9-4953-bdec-8c95fb3140f8",
    "nome": "Sobrinho - Estância",
    "nome_comp": "Est Sobrinho",
    "num_bairro": 20,
    "objectid_1": 651,
    "objectid_2": 23,
    "pasta3___1": "Sobrinho",
    "pasta3___2": " ",
    "pasta3___3": " ",
    "pasta3___4": " ",
    "pasta3___5": " ",
    "pasta3__no": "Est Sobrinho",
    "pasta3__ob": 688.0,
    "pasta3__te": " ",
    "regiao": "HB",
    "tipo": "REGULARIZAÇÃO FUNDIÁRIA"
   },
   "type": "Feature"
  },
  {
   "geometry": {
    "coordinates": [
     -49.37809935737939,
     -20.87344551130604
    ],
    "type": "Point"
   },
   "id": 689,
   "properties": {
    "abrangenci": "CIDADE JARDIM",
    "arquivo": "IRREG",
    "cod_abrg": "23",
    "codigo_sia": 1079,
    "cras": "CRAS Novo Mundo",
    "fid": 689,
    "fid_1": 696,
    "fid_1_1": 28,
    "globalid_1": "1c1166ae-18d0-4c02-b3ba-2e69be6f41e2",
    "nome": "Santa Ines (Navarrete) - Estância",
    "nome_comp": "Est Santa Ines (Navarrete)",
    "num_bairro": 15,
    "objectid_1": 558,
    "objectid_2": 23,
    "pasta3___1": "Santa",
    "pasta3___2": "Ines",
    "pasta3___3": " ",
    "pasta3___4": " ",
    "pasta3___5": " ",
    "pasta3__no": "Est Santa Ines (Navarrete)",
    "pasta3__ob": 689.0,
    "pasta3__te": " ",
    "regiao": "HB",
    "tipo": "REGULARIZAÇÃO FUNDIÁRIA"
   },
   "type": "Feature"
  },
  {
   "geometry": {
    "coordinates": [
     -49.364688065751324,
     -20.887482447270198
    ],
    "type": "Point"
   },
   "id": 690,
   "properties": {
    "abrangenci": "CIDADE JARDIM",
    "arquivo": "REGUL",
    "cod_abrg": "23",
    "codigo_sia": 350,
    "cras": "CRAS Novo Mundo",
    "fid": 690,
    "fid_1": 697,
    "fid_1_1": 28,
    "globalid_1": "cb8a4577-671d-4c10-87a1-fd4e519e9b89",
    "nome": "Auferville IV",
    "nome_comp": "Res Auferville IV",
    "num_bairro": 31,
    "objectid_1": 83,
    "objectid_2": 23,
    "pasta3___1": "Auferville",
    "pasta3___2": " ",
    "pasta3___3": " ",
    "pasta3___4": " ",
    "pasta3___5": " ",
    "pasta3__no": "Res Auferville IV",
    "pasta3__ob": 690.0,
    "pasta3__te": " ",
    "regiao": "HB",
    "tipo": "BAIRRO"
   },
   "type": "Feature"
  },
  {
   "geometry": {
    "coordinates": [
     -49.3640552337916,
     -20.89437204306505
    ],
    "type": "Point"
   },
   "id": 691,
   "properties": {
    "abrangenci": "CIDADE JARDIM",
    "arquivo": "REGUL",
    "cod_abrg": "23",
    "codigo_sia": 360,
    "cras": "CRAS Novo Mundo",
    "fid": 691,
    "fid_1": 698,
    "fid_1_1": 28,
    "globalid_1": "b9c09576-d90f-47e5-95d5-822fc9824fd1",
    "nome": "Auferville III",
    "nome_comp": "Res Auferville III",
    "num_bairro": 30,
    "objectid_1": 199,
    "objectid_2": 23,
    "pasta3___1": "Auferville",
    "pasta3___2": " ",
    "pasta3___3": " ",
    "pasta3___4": " ",
    "pasta3___5": " ",
    "pasta3__no": "Res Auferville III",
    "pasta3__ob": 691.0,
    "pasta3__te": " ",
    "regiao": "HB",
    "tipo": "RES"
   },
   "type": "Feature"
  },
  {
   "geometry": {
    "coordinates": [
     -49.350327752306704,
     -20.879353746636394
    ],
    "type": "Point"
   },
   "id": 692,
   "properties": {
    "abrangenci": "CIDADE JARDIM",
    "arquivo": "REGUL",
    "cod_abrg": "23",
    "codigo_sia": 358,
    "cras": "CRAS Novo Mundo",
    "fid": 692,
    "fid_1": 699,
    "fid_1_1": 28,
    "globalid_1": "84237fd4-95f6-4254-8d47-8332bc7032bb",
    "nome": "Auferville I",
    "nome_comp": "Res Auferville I",
    "num_bairro": 28,
    "objectid_1": 205,
    "objectid_2": 23,
    "pasta3___1": "Auferville",
    "pasta3___2": " ",
    "pasta3___3": " ",
    "pasta3___4": " ",
    "pasta3___5": " ",
    "pasta3__no": "Res Auferville I",
    "pasta3__ob": 692.0,
    "pasta3__te": " ",
    "regiao": "HB",
    "tipo": "RES"
   },
   "type": "Feature"
  },
  {
   "geometry": {
    "coordinates": [
     -49.354261986771284,
     -20.88387895803792
    ],
    "type": "Point"
   },
   "id": 693,
   "properties": {
    "abrangenci": "CIDADE JARDIM",
    "arquivo": "REGUL",
    "cod_abrg": "23",
    "codigo_sia": 359,
    "cras": "CRAS Novo Mundo",
    "fid": 693,
    "fid_1": 700,
    "fid_1_1": 28,
    "globalid_1": "a31ed573-a5a7-4b7b-9690-b8d0459cb3d3",
    "nome": "Auferville II",
    "nome_comp": "Res Auferville II",
    "num_bairro": 29,
    "objectid_1": 385,
    "objectid_2": 23,
    "pasta3___1": "Auferville",
    "pasta3___2": " ",
    "pasta3___3": " ",
    "pasta3___4": " ",
    "pasta3___5": " ",
    "pasta3__no": "Res Auferville II",
    "pasta3__ob": 693.0,
    "pasta3__te": " ",
    "regiao": "HB",
    "tipo": "RES"
   },
   "type": "Feature"
  },
  {
   "geometry": {
    "coordinates": [
     -49.37227521632421,
     -20.8458714560379
    ],
    "type": "Point"
   },
   "id": 694,
   "properties": {
    "abrangenci": "CIDADE JARDIM",
    "arquivo": "REGUL",
    "cod_abrg": "23",
    "codigo_sia": 547,
    "cras": "CRAS Novo Mundo",
    "fid": 694,
    "fid_1": 701,
    "fid_1_1": 28,
    "globalid_1": "3f8f9e14-4b3a-4100-959b-b4e6b36058f8",
    "nome": "Coplan",
    "nome_comp": "Lot Coplan",
    "num_bairro": 24,
    "objectid_1": 478,
    "objectid_2": 23,
    "pasta3___1": "Coplan",
    "pasta3___2": " ",
    "pasta3___3": " ",
    "pasta3___4": " ",
    "pasta3___5": " ",
    "pasta3__no": "Lot Coplan",
    "pasta3__ob": 694.0,
    "pasta3__te": " ",
    "regiao": "HB",
    "tipo": "LOTEAMENTO"
   },
   "type": "Feature"
  },
  {
   "geometry": {
    "coordinates": [
     -49.386838842200035,
     -20.86576513709899
    ],
    "type": "Point"
   },
   "id": 695,
   "properties": {
    "abrangenci": "CIDADE JARDIM",
    "arquivo": "REGUL",
    "cod_abrg": "23",
    "codigo_sia": 938,
    "cras": "CRAS Novo Mundo",
    "fid": 695,
    "fid_1": 702,
    "fid_1_1": 28,
    "globalid_1": "c456fbd7-a90a-41ee-8477-30a0822e04c8",
    "nome": "São Marcos  II - Est.",
    "nome_comp": "Est São Marcos  II",
    "num_bairro": 8,
    "objectid_1": 536,
    "objectid_2": 23,
    "pasta3___1": " ",
    "pasta3___2": "Marcos",
    "pasta3___3": " ",
    "pasta3___4": " ",
    "pasta3___5": " ",
    "pasta3__no": "Est São Marcos  II",
    "pasta3__ob": 695.0,
    "pasta3__te": " ",
    "regiao": "HB",
    "tipo": "REGULARIZAÇÃO FUNDIÁRIA"
   },
   "type": "Feature"
  },
  {
   "geometry": {
    "coordinates": [
     -49.36821187303511,
     -20.852330815417634
    ],
    "type": "Point"
   },
   "id": 696,
   "properties": {
    "abrangenci": "CIDADE JARDIM",
    "arquivo": "REGUL",
    "cod_abrg": "23",
    "codigo_sia": 627,
    "cras": "CRAS Novo Mundo",
    "fid": 696,
    "fid_1": 703,
    "fid_1_1": 28,
    "globalid_1": "d13c9014-8c1b-4396-ac8c-e195f012016c",
    "nome": "Abilio Jorge Cury",
    "nome_comp": "Lot Abilio Jorge Cury",
    "num_bairro": 25,
    "objectid_1": 5445,
    "objectid_2": 23,
    "pasta3___1": "Abilio",
    "pasta3___2": "Jorge",
    "pasta3___3": "Cury",
    "pasta3___4": " ",
    "pasta3___5": " ",
    "pasta3__no": "Lot Abilio Jorge Cury",
    "pasta3__ob": 696.0,
    "pasta3__te": " ",
    "regiao": "HB",
    "tipo": "BAIRRO"
   },
   "type": "Feature"
  },
  {
   "geometry": {
    "coordinates": [
     -49.35756717478588,
     -20.911708868399916
    ],
    "type": "Point"
   },
   "id": 697,
   "properties": {
    "abrangenci": "CIDADE JARDIM",
    "arquivo": " ",
    "cod_abrg": "23",
    "codigo_sia": 0,
    "cras": "CRAS Novo Mundo",
    "fid": 697,
    "fid_1": 704,
    "fid_1_1": 28,
    "globalid_1": "84df2629-7b7b-4458-8d03-d9407d8d629d",
    "nome": "Dois de Abril II",
    "nome_comp": "Dois de Abril II",
    "num_bairro": 5,
    "objectid_1": 7684,
    "objectid_2": 23,
    "pasta3___1": " ",
    "pasta3___2": "Abril",
    "pasta3___3": " ",
    "pasta3___4": " ",
    "pasta3___5": " ",
    "pasta3__no": "Dois de Abril II",
    "pasta3__ob": 697.0,
    "pasta3__te": "Dois",
    "regiao": "HB",
    "tipo": " "
   },
   "type": "Feature"
  },
  {
   "geometry": {
    "coordinates": [
     -49.394440063521934,
     -20.900881577270518
    ],
    "type": "Point"
   },
   "id": 698,
   "properties": {
    "abrangenci": "CIDADE JARDIM",
    "arquivo": " ",
    "cod_abrg": "23",
    "codigo_sia": 1063,
    "cras": "CRAS Novo Mundo",
    "fid": 698,
    "fid_1": 705,
    "fid_1_1": 28,
    "globalid_1": "3c7b176b-698d-457a-8ec9-325ad04c654f",
    "nome": "Cardoso ( Das Orquídeas) - Estância",
    "nome_comp": "Est Cardoso ( Das Orquídeas)",
    "num_bairro": 9,
    "objectid_1": 670,
    "objectid_2": 23,
    "pasta3___1": "Cardoso",
    "pasta3___2": " ",
    "pasta3___3": " ",
    "pasta3___4": " ",
    "pasta3___5": " ",
    "pasta3__no": "Est Cardoso ( Das Orquídeas)",
    "pasta3__ob": 698.0,
    "pasta3__te": " ",
    "regiao": "HB",
    "tipo": "REGULARIZAÇÃO FUNDIÁRIA"
   },
   "type": "Feature"
  },
  {
   "geometry": {
    "coordinates": [
     -49.37331967745266,
     -20.882326762779957
    ],
    "type": "Point"
   },
   "id": 699,
   "properties": {
    "abrangenci": "CIDADE JARDIM",
    "arquivo": " ",
    "cod_abrg": "23",
    "codigo_sia": 0,
    "cras": "CRAS Novo Mundo",
    "fid": 699,
    "fid_1": 706,
    "fid_1_1": 28,
    "globalid_1": "45066a25-43df-402a-9aa0-fde438f25b5a",
    "nome": "Ponte Grande I",
    "nome_comp": "Ponte Grande I",
    "num_bairro": 26,
    "objectid_1": 8002,
    "objectid_2": 23,
    "pasta3___1": "Grande",
    "pasta3___2": " ",
    "pasta3___3": " ",
    "pasta3___4": " ",
    "pasta3___5": " ",
    "pasta3__no": "Ponte Grande I",
    "pasta3__ob": 699.0,
    "pasta3__te": "Ponte",
    "regiao": "HB",
    "tipo": " "
   },
   "type": "Feature"
  },
  {
   "geometry": {
    "coordinates": [
     -49.3979381341558,
     -20.858361735959637
    ],
    "type": "Point"
   },
   "id": 700,
   "properties": {
    "abrangenci": "CIDADE JARDIM",
    "arquivo": " ",
    "cod_abrg": "23",
    "codigo_sia": 630,
    "cras": "CRAS Novo Mundo",
    "fid": 700,
    "fid_1": 707,
    "fid_1_1": 28,
    "globalid_1": "f58915b2-dd2e-4f2f-b396-03f7894ed4d4",
    "nome": "Eplenum Tresor",
    "nome_comp": "Eplenum Tresor",
    "num_bairro": 7,
    "objectid_1": 6722,
    "objectid_2": 23,
    "pasta3___1": "Tresor",
    "pasta3___2": " ",
    "pasta3___3": " ",
    "pasta3___4": " ",
    "pasta3___5": " ",
    "pasta3__no": "Eplenum Tresor",
    "pasta3__ob": 700.0,
    "pasta3__te": "Eplenum",
    "regiao": "HB",
    "tipo": " "
   },
   "type": "Feature"
  },
  {
   "geometry": {
    "coordinates": [
     -49.398792378473644,
     -20.853251658765856
    ],
    "type": "Point"
   },
   "id": 701,
   "properties": {
    "abrangenci": "CIDADE JARDIM",
    "arquivo": " ",
    "cod_abrg": "23",
    "codigo_sia": 629,
    "cras": "CRAS Novo Mundo",
    "fid": 701,
    "fid_1": 708,
    "fid_1_1": 28,
    "globalid_1": "25bec8b0-e22d-4bb4-a153-9a5a0a127aaf",
    "nome": "EPARQUE MIRAGE",
    "nome_comp": "EParque Mirage",
    "num_bairro": 6,
    "objectid_1": 6721,
    "objectid_2": 23,
    "pasta3___1": "Mirage",
    "pasta3___2": " ",
    "pasta3___3": " ",
    "pasta3___4": " ",
    "pasta3___5": " ",
    "pasta3__no": "EParque Mirage",
    "pasta3__ob": 701.0,
    "pasta3__te": "EParque",
    "regiao": "HB",
    "tipo": " "
   },
   "type": "Feature"
  },
  {
   "geometry": {
    "coordinates": [
     -49.379394371824155,
     -20.862063681603544
    ],
    "type": "Point"
   },
   "id": 702,
   "properties": {
    "abrangenci": "CIDADE JARDIM",
    "arquivo": "REGUL",
    "cod_abrg": "23",
    "codigo_sia": 958,
    "cras": "CRAS Novo Mundo",
    "fid": 702,
    "fid_1": 709,
    "fid_1_1": 28,
    "globalid_1": "36250295-e40e-41f6-8b72-8c00ff317fe7",
    "nome": "Estância São Pedro (Vila Azul)",
    "nome_comp": "Est São Pedro (Vila Azul)",
    "num_bairro": 19,
    "objectid_1": 661,
    "objectid_2": 23,
    "pasta3___1": " ",
    "pasta3___2": "Pedro",
    "pasta3___3": " ",
    "pasta3___4": " ",
    "pasta3___5": " ",
    "pasta3__no": "Est São Pedro (Vila Azul)",
    "pasta3__ob": 702.0,
    "pasta3__te": " ",
    "regiao": "HB",
    "tipo": "REGULARIZAÇÃO FUNDIÁRIA"
   },
   "type": "Feature"
  },
  {
   "geometry": {
    "coordinates": [
     -49.35843588916548,
     -20.92274528706306
    ],
    "type": "Point"
   },
   "id": 703,
   "properties": {
    "abrangenci": "CIDADE JARDIM",
    "arquivo": "REGUL",
    "cod_abrg": "23",
    "codigo_sia": 1098,
    "cras": "CRAS Novo Mundo",
    "fid": 703,
    "fid_1": 710,
    "fid_1_1": 28,
    "globalid_1": "96756f86-75f0-430c-add6-78af797bad76",
    "nome": "Santa Apolônia - Estância",
    "nome_comp": "Est Santa Apolônia",
    "num_bairro": 14,
    "objectid_1": 9921,
    "objectid_2": 23,
    "pasta3___1": "Santa",
    "pasta3___2": "Apolônia",
    "pasta3___3": " ",
    "pasta3___4": " ",
    "pasta3___5": " ",
    "pasta3__no": "Est Santa Apolônia",
    "pasta3__ob": 703.0,
    "pasta3__te": " ",
    "regiao": "HB",
    "tipo": "IRREGULAR"
   },
   "type": "Feature"
  },
  {
   "geometry": {
    "coordinates": [
     -49.35269967638979,
     -20.910701222213188
    ],
    "type": "Point"
   },
   "id": 704,
   "properties": {
    "abrangenci": "CIDADE JARDIM",
    "arquivo": " ",
    "cod_abrg": "23",
    "codigo_sia": 960,
    "cras": "CRAS Novo Mundo",
    "fid": 704,
    "fid_1": 711,
    "fid_1_1": 28,
    "globalid_1": "d54f6a80-69a1-4e7a-8637-a8c18b7b353f",
    "nome": "São Miguel Arcanjo I",
    "nome_comp": "São Miguel Arcanjo I",
    "num_bairro": 35,
    "objectid_1": 645,
    "objectid_2": 23,
    "pasta3___1": "Miguel",
    "pasta3___2": "Arcanjo",
    "pasta3___3": " ",
    "pasta3___4": " ",
    "pasta3___5": " ",
    "pasta3__no": "São Miguel Arcanjo I",
    "pasta3__ob": 704.0,
    "pasta3__te": " ",
    "regiao": "HB",
    "tipo": "REGULARIZAÇÃO FUNDIÁRIA"
   },
   "type": "Feature"
  },
  {
   "geometry": {
    "coordinates": [
     -49.39063910507261,
     -20.90383325516897
    ],
    "type": "Point"
   },
   "id": 705,
   "properties": {
    "abrangenci": "CIDADE JARDIM",
    "arquivo": "IRREG",
    "cod_abrg": "23",
    "codigo_sia": 1062,
    "cras": "CRAS Novo Mundo",
    "fid": 705,
    "fid_1": 712,
    "fid_1_1": 28,
    "globalid_1": "ec17bddc-c32b-46c4-9824-d024ec79bb85",
    "nome": "São Miguel Arcanjo II - Estância",
    "nome_comp": "São Miguel Arcanjo II",
    "num_bairro": 36,
    "objectid_1": 634,
    "objectid_2": 23,
    "pasta3___1": "Miguel",
    "pasta3___2": "Arcanjo",
    "pasta3___3": " ",
    "pasta3___4": " ",
    "pasta3___5": " ",
    "pasta3__no": "São Miguel Arcanjo II",
    "pasta3__ob": 705.0,
    "pasta3__te": " ",
    "regiao": "HB",
    "tipo": "REGULARIZAÇÃO FUNDIÁRIA"
   },
   "type": "Feature"
  },
  {
   "geometry": {
    "coordinates": [
     -49.38736454781442,
     -20.864067437848032
    ],
    "type": "Point"
   },
   "id": 706,
   "properties": {
    "abrangenci": "CIDADE JARDIM",
    "arquivo": "REGUL",
    "cod_abrg": "23",
    "codigo_sia": 940,
    "cras": "CRAS Novo Mundo",
    "fid": 706,
    "fid_1": 713,
    "fid_1_1": 28,
    "globalid_1": "fdea2dc6-f764-45f5-9054-af4d0af350e2",
    "nome": "São Marcos IV - Est.",
    "nome_comp": "Est São Marcos IV",
    "num_bairro": 18,
    "objectid_1": 432,
    "objectid_2": 23,
    "pasta3___1": " ",
    "pasta3___2": "Marcos",
    "pasta3___3": " ",
    "pasta3___4": " ",
    "pasta3___5": " ",
    "pasta3__no": "Est São Marcos IV",
    "pasta3__ob": 706.0,
    "pasta3__te": " ",
    "regiao": "HB",
    "tipo": "REGULARIZAÇÃO FUNDIÁRIA"
   },
   "type": "Feature"
  },
  {
   "geometry": {
    "coordinates": [
     -49.40712294882779,
     -20.790910796762372
    ],
    "type": "Point"
   },
   "id": 707,
   "properties": {
    "abrangenci": "ELDORADO",
    "arquivo": "REGUL",
    "cod_abrg": "03",
    "codigo_sia": 195,
    "cras": "CRAS Eldorado",
    "fid": 707,
    "fid_1": 0,
    "fid_1_1": 0,
    "globalid_1": "39547179-f629-4378-9355-d51b5773ff38",
    "nome": "Romana - Vila",
    "nome_comp": "Vila Romana",
    "num_bairro": 0,
    "objectid_1": 6,
    "objectid_2": 0,
    "pasta3___1": " ",
    "pasta3___2": " ",
    "pasta3___3": " ",
    "pasta3___4": " ",
    "pasta3___5": " ",
    "pasta3__no": "Vila Romana",
    "pasta3__ob": 720.0,
    "pasta3__te": "Romana",
    "regiao": "Cidade da Criança",
    "tipo": "BAIRRO"
   },
   "type": "Feature"
  },
  {
   "geometry": {
    "coordinates": [
     -49.3874612577797,
     -20.830361285368124
    ],
    "type": "Point"
   },
   "id": 708,
   "properties": {
    "abrangenci": "ESTORIL",
    "arquivo": "REGUL",
    "cod_abrg": "13",
    "codigo_sia": 211,
    "cras": "CRAS Novo Mundo",
    "fid": 708,
    "fid_1": 0,
    "fid_1_1": 0,
    "globalid_1": "57418778-a568-46c0-8964-434ff9a38c87",
    "nome": "Redentor - Jardim",
    "nome_comp": "Jd Redentor",
    "num_bairro": 0,
    "objectid_1": 1,
    "objectid_2": 0,
    "pasta3___1": " ",
    "pasta3___2": " ",
    "pasta3___3": " ",
    "pasta3___4": " ",
    "pasta3___5": " ",
    "pasta3__no": "Jd Redentor",
    "pasta3__ob": 710.0,
    "pasta3__te": "Redentor",
    "regiao": "HB",
    "tipo": "BAIRRO"
   },
   "type": "Feature"
  },
  {
   "geometry": {
    "coordinates": [
     -49.37900633555822,
     -20.77806160614671
    ],
    "type": "Point"
   },
   "id": 709,
   "properties": {
    "abrangenci": "ANCHIETA",
    "arquivo": "REGUL",
    "cod_abrg": "07",
    "codigo_sia": 653,
    "cras": "CRAS João Paulo II",
    "fid": 709,
    "fid_1": 0,
    "fid_1_1": 0,
    "globalid_1": "89103bc1-3645-4480-8d43-8d296a67af17",
    "nome": "Pq. Rio Tocantins",
    "nome_comp": "Pq Rio Tocantins",
    "num_bairro": 0,
    "objectid_1": 19,
    "objectid_2": 0,
    "pasta3___1": "Tocantins",
    "pasta3___2": " ",
    "pasta3___3": " ",
    "pasta3___4": " ",
    "pasta3___5": " ",
    "pasta3__no": "Pq Rio Tocantins",
    "pasta3__ob": 712.0,
    "pasta3__te": "Rio",
    "regiao": "Central",
    "tipo": "CONDOMÍNIO FECHADO VERTICAL"
   },
   "type": "Feature"
  },
  {
   "geometry": {
    "coordinates": [
     -49.37310510615508,
     -20.799627633368004
    ],
    "type": "Point"
   },
   "id": 710,
   "properties": {
    "abrangenci": "CENTRAL",
    "arquivo": "REGUL",
    "cod_abrg": "10",
    "codigo_sia": 17,
    "cras": "CRAS Centro",
    "fid": 710,
    "fid_1": 0,
    "fid_1_1": 0,
    "globalid_1": "1a16c303-f1f1-4624-9c69-bbc6e0c1ce44",
    "nome": "Dias - Vila",
    "nome_comp": "Vila Dias",
    "num_bairro": 0,
    "objectid_1": 4,
    "objectid_2": 0,
    "pasta3___1": " ",
    "pasta3___2": " ",
    "pasta3___3": " ",
    "pasta3___4": " ",
    "pasta3___5": " ",
    "pasta3__no": "Vila Dias",
    "pasta3__ob": 719.0,
    "pasta3__te": "Dias",
    "regiao": "Central",
    "tipo": "BAIRRO"
   },
   "type": "Feature"
  },
  {
   "geometry": {
    "coordinates": [
     -49.316420405284475,
     -20.76899502014033
    ],
    "type": "Point"
   },
   "id": 711,
   "properties": {
    "abrangenci": "LUZ DA ESPERANÇA",
    "arquivo": " ",
    "cod_abrg": "28",
    "codigo_sia": 645,
    "cras": "CRAS São Deocleciano",
    "fid": 711,
    "fid_1": 0,
    "fid_1_1": 0,
    "globalid_1": "9e8faf66-5b18-45a5-bbb2-ce7f206d6527",
    "nome": "EPARQUE RIO PRETO LESTE",
    "nome_comp": "Eparque Rio Preto Leste",
    "num_bairro": 0,
    "objectid_1": 9,
    "objectid_2": 0,
    "pasta3___1": "Rio",
    "pasta3___2": "Preto",
    "pasta3___3": "Leste",
    "pasta3___4": " ",
    "pasta3___5": " ",
    "pasta3__no": "Eparque Rio Preto Leste",
    "pasta3__ob": 708.0,
    "pasta3__te": "Eparque",
    "regiao": "Represa",
    "tipo": " "
   },
   "type": "Feature"
  },
  {
   "geometry": {
    "coordinates": [
     -49.34736289739048,
     -20.758030177663013
    ],
    "type": "Point"
   },
   "id": 712,
   "properties": {
    "abrangenci": "SOLIDARIEDADE / SJRP I / FELICIDADE",
    "arquivo": " ",
    "cod_abrg": "20",
    "codigo_sia": 656,
    "cras": "CRAS João Paulo II",
    "fid": 712,
    "fid_1": 0,
    "fid_1_1": 0,
    "globalid_1": "03a44256-e63c-4de3-b2e1-6852640fc338",
    "nome": "Jardim Monte Cristo",
    "nome_comp": "Jd Monte Cristo",
    "num_bairro": 0,
    "objectid_1": 20,
    "objectid_2": 0,
    "pasta3___1": "Cristo",
    "pasta3___2": " ",
    "pasta3___3": " ",
    "pasta3___4": " ",
    "pasta3___5": " ",
    "pasta3__no": "Jd Monte Cristo",
    "pasta3__ob": 709.0,
    "pasta3__te": "Monte",
    "regiao": "Bosque",
    "tipo": "BAIRRO"
   },
   "type": "Feature"
  },
  {
   "geometry": {
    "coordinates": [
     -49.441300756770424,
     -20.783131961168706
    ],
    "type": "Point"
   },
   "id": 713,
   "properties": {
    "abrangenci": "GABRIELA",
    "arquivo": " ",
    "cod_abrg": "25",
    "codigo_sia": 647,
    "cras": "CRAS Jardim Belo Horizonte",
    "fid": 713,
    "fid_1": 0,
    "fid_1_1": 0,
    "globalid_1": "f4dffd93-6c03-4898-9c68-d65ddf965539",
    "nome": "Res. Marialda Mello",
    "nome_comp": "Res Marialda Mello",
    "num_bairro": 0,
    "objectid_1": 12,
    "objectid_2": 0,
    "pasta3___1": " Mello",
    "pasta3___2": " ",
    "pasta3___3": " ",
    "pasta3___4": " ",
    "pasta3___5": " ",
    "pasta3__no": "Res Marialda Mello",
    "pasta3__ob": 716.0,
    "pasta3__te": "Marialda",
    "regiao": "Cidade da Criança",
    "tipo": " "
   },
   "type": "Feature"
  },
  {
   "geometry": {
    "coordinates": [
     -49.43711454547197,
     -20.783948196808606
    ],
    "type": "Point"
   },
   "id": 714,
   "properties": {
    "abrangenci": "GABRIELA",
    "arquivo": " ",
    "cod_abrg": "25",
    "codigo_sia": 650,
    "cras": "CRAS Jardim Belo Horizonte",
    "fid": 714,
    "fid_1": 0,
    "fid_1_1": 0,
    "globalid_1": "7d50a954-4b61-4b4d-956b-e60724546e4c",
    "nome": "Residencial MAria Drumond",
    "nome_comp": "Res Maria Drumond",
    "num_bairro": 0,
    "objectid_1": 14,
    "objectid_2": 0,
    "pasta3___1": " Drumond",
    "pasta3___2": " ",
    "pasta3___3": " ",
    "pasta3___4": " ",
    "pasta3___5": " ",
    "pasta3__no": "Res Maria Drumond",
    "pasta3__ob": 715.0,
    "pasta3__te": "Maria",
    "regiao": "Cidade da Criança",
    "tipo": "Regul"
   },
   "type": "Feature"
  },
  {
   "geometry": {
    "coordinates": [
     -49.445263971354905,
     -20.79197999428399
    ],
    "type": "Point"
   },
   "id": 715,
   "properties": {
    "abrangenci": "GABRIELA",
    "arquivo": " ",
    "cod_abrg": "25",
    "codigo_sia": 655,
    "cras": "CRAS Jardim Belo Horizonte",
    "fid": 715,
    "fid_1": 0,
    "fid_1_1": 0,
    "globalid_1": "00a6d008-5316-4b4f-91cb-261d7fa13219",
    "nome": "Res Vilaparecis",
    "nome_comp": "Res Vila Parecis",
    "num_bairro": 0,
    "objectid_1": 21,
    "objectid_2": 0,
    "pasta3___1": " ",
    "pasta3___2": " ",
    "pasta3___3": " ",
    "pasta3___4": " ",
    "pasta3___5": " ",
    "pasta3__no": "Res Vila Parecis",
    "pasta3__ob": 718.0,
    "pasta3__te": "Parecis",
    "regiao": "Cidade da Criança",
    "tipo": "BAIRRO"
   },
   "type": "Feature"
  },
  {
   "geometry": {
    "coordinates": [
     -49.431902476299676,
     -20.752427845461774
    ],
    "type": "Point"
   },
   "id": 716,
   "properties": {
    "abrangenci": "SOLO SAGRADO",
    "arquivo": " ",
    "cod_abrg": "02",
    "codigo_sia": 648,
    "cras": "CRAS Solo Sagrado",
    "fid": 716,
    "fid_1": 0,
    "fid_1_1": 0,
    "globalid_1": "19c9d2a0-d06e-4601-b989-979b454cd498",
    "nome": "Loteamento Residencial José Bernardo Coelho",
    "nome_comp": "Lot Res José Bernardo Coelho",
    "num_bairro": 0,
    "objectid_1": 11,
    "objectid_2": 0,
    "pasta3___1": " Bernardo",
    "pasta3___2": "Coelho",
    "pasta3___3": " ",
    "pasta3___4": " ",
    "pasta3___5": " ",
    "pasta3__no": "Lot Res José Bernardo Coelho",
    "pasta3__ob": 711.0,
    "pasta3__te": "José",
    "regiao": "Pinheirinho",
    "tipo": "Loteamento"
   },
   "type": "Feature"
  },
  {
   "geometry": {
    "coordinates": [
     -49.45259574380326,
     -20.781657587354868
    ],
    "type": "Point"
   },
   "id": 717,
   "properties": {
    "abrangenci": "SOLO SAGRADO",
    "arquivo": " ",
    "cod_abrg": "02",
    "codigo_sia": 649,
    "cras": "CRAS Solo Sagrado",
    "fid": 717,
    "fid_1": 0,
    "fid_1_1": 0,
    "globalid_1": "9d09751b-ebb8-4245-8d0d-99a76faac2d0",
    "nome": "Res. Jatobás",
    "nome_comp": "Res Jatobás",
    "num_bairro": 0,
    "objectid_1": 13,
    "objectid_2": 0,
    "pasta3___1": " ",
    "pasta3___2": " ",
    "pasta3___3": " ",
    "pasta3___4": " ",
    "pasta3___5": " ",
    "pasta3__no": "Res Jatobás",
    "pasta3__ob": 714.0,
    "pasta3__te": "Jatobás",
    "regiao": "Pinheirinho",
    "tipo": "regul"
   },
   "type": "Feature"
  },
  {
   "geometry": {
    "coordinates": [
     -49.40433790535068,
     -20.800042893014417
    ],
    "type": "Point"
   },
   "id": 718,
   "properties": {
    "abrangenci": "VETORAZZO",
    "arquivo": "REGUL",
    "cod_abrg": "01",
    "codigo_sia": 47,
    "cras": "CRAS Eldorado",
    "fid": 718,
    "fid_1": 0,
    "fid_1_1": 0,
    "globalid_1": "5065d65e-3a1d-44c4-901e-6b00a155bebc",
    "nome": "Vila São Jorge",
    "nome_comp": "Vila São Jorge",
    "num_bairro": 0,
    "objectid_1": 2,
    "objectid_2": 0,
    "pasta3___1": " ",
    "pasta3___2": " ",
    "pasta3___3": " ",
    "pasta3___4": " ",
    "pasta3___5": " ",
    "pasta3__no": "Vila São Jorge",
    "pasta3__ob": 721.0,
    "pasta3__te": "São Jorge",
    "regiao": "Cidade da Criança",
    "tipo": "BAIRRO"
   },
   "type": "Feature"
  },
  {
   "geometry": {
    "coordinates": [
     -49.34799799078161,
     -20.89042800054919
    ],
    "type": "Point"
   },
   "id": 719,
   "properties": {
    "abrangenci": "FRATERNIDADE",
    "arquivo": " ",
    "cod_abrg": "29",
    "codigo_sia": 651,
    "cras": "CRAS Schmitt",
    "fid": 719,
    "fid_1": 0,
    "fid_1_1": 0,
    "globalid_1": "c78dacfa-c332-4cc3-9497-e8250c2e83c9",
    "nome": "Residencial Gumercindo de Seta",
    "nome_comp": "Res Gumercindo de Seta",
    "num_bairro": 0,
    "objectid_1": 17,
    "objectid_2": 0,
    "pasta3___1": "de",
    "pasta3___2": "Seta",
    "pasta3___3": " ",
    "pasta3___4": " ",
    "pasta3___5": " ",
    "pasta3__no": "Res Gumercindo de Seta",
    "pasta3__ob": 713.0,
    "pasta3__te": "Gumercindo",
    "regiao": "Schimitt",
    "tipo": " "
   },
   "type": "Feature"
  },
  {
   "geometry": {
    "coordinates": [
     -49.34276415724635,
     -20.82355028664775
    ],
    "type": "Point"
   },
   "id": 720,
   "properties": {
    "abrangenci": "SÃO DEOCLECIANO",
    "arquivo": " ",
    "cod_abrg": "06",
    "codigo_sia": 652,
    "cras": "CRAS São Deocleciano",
    "fid": 720,
    "fid_1": 0,
    "fid_1_1": 0,
    "globalid_1": "90d72493-c9ad-46e8-9e04-5ca8ac4a72da",
    "nome": "Damha Galleria",
    "nome_comp": "Damha Galleria",
    "num_bairro": 0,
    "objectid_1": 18,
    "objectid_2": 0,
    "pasta3___1": "Galeria",
    "pasta3___2": " ",
    "pasta3___3": " ",
    "pasta3___4": " ",
    "pasta3___5": " ",
    "pasta3__no": "Damha Galleria",
    "pasta3__ob": 707.0,
    "pasta3__te": "Damha",
    "regiao": "Represa",
    "tipo": " "
   },
   "type": "Feature"
  },
  {
   "geometry": {
    "coordinates": [
     -49.354653895515,
     -20.86077560682108
    ],
    "type": "Point"
   },
   "id": 721,
   "properties": {
    "abrangenci": "VILA TONINHO",
    "arquivo": " ",
    "cod_abrg": "12",
    "codigo_sia": 646,
    "cras": "CRAS Vila Toninho",
    "fid": 721,
    "fid_1": 0,
    "fid_1_1": 0,
    "globalid_1": "a9298ec0-4d00-4a8c-9f4f-c9578d44230c",
    "nome": "RES. SETSUL II",
    "nome_comp": "Res Setsul II",
    "num_bairro": 0,
    "objectid_1": 10,
    "objectid_2": 0,
    "pasta3___1": " ",
    "pasta3___2": " ",
    "pasta3___3": " ",
    "pasta3___4": " ",
    "pasta3___5": " ",
    "pasta3__no": "Res Setsul II",
    "pasta3__ob": 717.0,
    "pasta3__te": "Setsul II",
    "regiao": "Vila Toninho",
    "tipo": " "
   },
   "type": "Feature"
  },
  {
   "geometry": {
    "coordinates": [
     -49.31350457959848,
     -20.891429076655896
    ],
    "type": "Point"
   },
   "id": 722,
   "properties": {
    "abrangenci": "FRATERNIDADE",
    "arquivo": "IRREG",
    "cod_abrg": "29",
    "codigo_sia": 0,
    "cras": "CRAS Schmitt",
    "fid": 722,
    "fid_1": 0,
    "fid_1_1": 0,
    "globalid_1": "a5f205ea-a960-42aa-ae6c-25f04b66c90f",
    "nome": "Estância Bortoluzzo",
    "nome_comp": "Est Bortoluzzo",
    "num_bairro": 0,
    "objectid_1": 0,
    "objectid_2": 0,
    "pasta3___1": "Bortoluzzo",
    "pasta3___2": " ",
    "pasta3___3": " ",
    "pasta3___4": " ",
    "pasta3___5": " ",
    "pasta3__no": "Est Bortoluzzo",
    "pasta3__ob": 0.0,
    "pasta3__te": " ",
    "regiao": "Schimitt",
    "tipo": "REGULARIZAÇÃO FUNDIÁRIA"
   },
   "type": "Feature"
  },
  {
   "geometry": {
    "coordinates": [
     -49.407548790906056,
     -20.747471351299893
    ],
    "type": "Point"
   },
   "id": 723,
   "properties": {
    "abrangenci": "PARQUE DA CIDADANIA",
    "arquivo": "REGUL",
    "cod_abrg": "17",
    "codigo_sia": 372,
    "cras": "CRAS Cidadania",
    "fid": 723,
    "fid_1": 366,
    "fid_1_1": 14,
    "globalid_1": "8431226c-14ab-4707-8070-417326cbdebd",
    "nome": "Parque da Cidadania",
    "nome_comp": "Pq Cidadania",
    "num_bairro": 2,
    "objectid_1": 622,
    "objectid_2": 17,
    "pasta3___1": "Cidadania",
    "pasta3___2": " ",
    "pasta3___3": " ",
    "pasta3___4": " ",
    "pasta3___5": " ",
    "pasta3__no": "Pq Cidadania",
    "pasta3__ob": 366.0,
    "pasta3__te": " ",
    "regiao": "CEU",
    "tipo": "BAIRRO"
   },
   "type": "Feature"
  }
 ],
 "type": "FeatureCollection"
}