{
 "features": [
  {
   "geometry": {
    "coordinates": [
     [
      -49.37790922320859,
      -20.76358599837985
     ],
     [
      -49.39028430273669,
      -20.769816329040058
     ],
     [
      -49.40578229335118,
      -20.780849003581537
     ],
     [
      -49.41274562653781,
      -20.78972255134508
     ]
    ],
    "type": "LineString"
   },
   "id": 1,
   "properties": {
    "DOCNAME": "Anel Viário J. Hawilla",
    "LAYER": "VIÁRIO-EXISTENTE-DUPLO",
    "OBJECTID": 1,
    "SHAPE.LEN": 4706.24513152301
   },
   "type": "Feature"
  },
  {
   "geometry": {
    "coordinates": [
     [
      -49.377724126995396,
      -20.763908692996704
     ],
     [
      -49.3893698709744,
      -20.769779075434855
     ],
     [
      -49.390120029185226,
      -20.77019806448415
     ],
     [
      -49.40550225568582,
      -20.78110963422702
     ],
     [
      -49.41243190483082,
      -20.789940280414637
     ]
    ],
    "type": "LineString"
   },
   "id": 2,
   "properties": {
    "DOCNAME": "Anel Viário J. Hawilla",
    "LAYER": "VIÁRIO-EXISTENTE-DUPLO",
    "OBJECTID": 2,
    "SHAPE.LEN": 4687.722485431111
   },
   "type": "Feature"
  },
  {
   "geometry": {
    "coordinates": [
     [
      -49.362004196013324,
      -20.764237405742026
     ],
     [
      -49.36579043419542,
      -20.76283060948774
     ],
     [
      -49.36585228257923,
      -20.762802360501453
     ],
     [
      -49.36591667158281,
      -20.762780513670428
     ],
     [
      -49.36598294046322,
      -20.76276529318106
     ],
     [
      -49.36605040918675,
      -20.76275685522199
     ],
     [
      -49.36611838540719,
      -20.762755286381324
     ],
     [
      -49.36618617157057,
      -20.762760602758078
     ]
    ],
    "type": "LineString"
   },
   "id": 3,
   "properties": {
    "DOCNAME": "Anel Viário J. Hawilla",
    "LAYER": "VIÁRIO-EXISTENTE-DUPLO",
    "OBJECTID": 3,
    "SHAPE.LEN": 466.54663510707803
   },
   "type": "Feature"
  },
  {
   "geometry": {
    "coordinates": [
     [
      -49.36194715325354,
      -20.764050722738162
     ],
     [
      -49.363394623153035,
      -20.763530675440485
     ],
     [
      -49.36617547525876,
      -20.762480575161728
     ]
    ],
    "type": "LineString"
   },
   "id": 4,
   "properties": {
    "DOCNAME": "Anel Viário J. Hawilla",
    "LAYER": "VIÁRIO-EXISTENTE-DUPLO",
    "OBJECTID": 4,
    "SHAPE.LEN": 473.37916209386503
   },
   "type": "Feature"
  },
  {
   "geometry": {
    "coordinates": [
     [
      -49.371679468496566,
      -20.760596870480626
     ],
     [
      -49.371680941975015,
      -20.760644528434124
     ],
     [
      -49.37167544408956,
      -20.760691891129635
     ],
     [
      -49.37166309258014,
      -20.760737944271607
     ],
     [
      -49.371644151960446,
      -20.760781701609233
     ],
     [
      -49.3716190278532,
      -20.760822226057478
     ],
     [
      -49.371588258303596,
      -20.760858649765247
     ],
     [
      -49.371552502256755,
      -20.760890192700824
     ],
     [
      -49.3715125254461,
      -20.760916179356638
     ],
     [
      -49.37146918399481,
      -20.760936053215605
     ],
     [
      -49.37142340608149,
      -20.76094938866921
     ],
     [
      -49.3713761720628,
      -20.76095590013211
     ],
     [
      -49.37132849347862,
      -20.760955448158118
     ],
     [
      -49.371281391389395,
      -20.76094804242647
     ],
     [
      -49.37123587450967,
      -20.760933841534577
     ],
     [
      -49.37119291760593,
      -20.76091314960156
     ],
     [
      -49.371153440621526,
      -20.760886409755404
     ],
     [
      -49.371118288975595,
      -20.76085419464313
     ],
     [
      -49.371088215458016,
      -20.76081719416731
     ],
     [
      -49.37106386410805,
      -20.760776200711426
     ],
     [
      -49.37104575642189,
      -20.760732092170613
     ],
     [
      -49.37103428018461,
      -20.76068581315109
     ],
     [
      -49.37102968116549,
      -20.76063835474094
     ],
     [
      -49.3710320578548,
      -20.7605907332855
     ],
     [
      -49.371046205730025,
      -20.760545920706818
     ],
     [
      -49.371066536598896,
      -20.760503553439356
     ],
     [
      -49.371092643454,
      -20.760464479641254
     ],
     [
      -49.37112400365738,
      -20.76042948153809
     ],
     [
      -49.371159989403345,
      -20.760399259763346
     ],
     [
      -49.3711998802866,
      -20.760374419332308
     ],
     [
      -49.37124287772421,
      -20.760355457530153
     ],
     [
      -49.371288120942516,
      -20.760342753956692
     ],
     [
      -49.37133470420919,
      -20.76033656292711
     ],
     [
      -49.37138169496522,
      -20.76033700838077
     ],
     [
      -49.371428152494,
      -20.76034408140005
     ],
     [
      -49.371473146753665,
      -20.760357640388875
     ],
     [
      -49.37151577699585,
      -20.760377413907342
     ],
     [
      -49.37155518979787,
      -20.76040300610574
     ],
     [
      -49.37159059614755,
      -20.760433904649126
     ],
     [
      -49.37162128723866,
      -20.760469490973858
     ],
     [
      -49.37164664866058,
      -20.760509052670734
     ],
     [
      -49.37166617269832,
      -20.760551797746846
     ],
     [
      -49.371679468496566,
      -20.760596870480626
     ]
    ],
    "type": "LineString"
   },
   "id": 5,
   "properties": {
    "DOCNAME": "Anel Viário J. Hawilla",
    "LAYER": "PAVIMENTO-NOVO",
    "OBJECTID": 5,
    "SHAPE.LEN": 215.31144965457202
   },
   "type": "Feature"
  },
  {
   "geometry": {
    "coordinates": [
     [
      -49.371110280837925,
      -20.76085438202487
     ],
     [
      -49.370645229152615,
      -20.760989829686892
     ],
     [
      -49.370547792543526,
      -20.7610292918066
     ],
     [
      -49.370452680347505,
      -20.761074067043623
     ],
     [
      -49.37036018202072,
      -20.761124019132904
     ],
     [
      -49.37027057906451,
      -20.76117899605461
     ],
     [
      -49.3701841441687,
      -20.761238830496772
     ],
     [
      -49.368503548161875,
      -20.762527246217417
     ],
     [
      -49.368151005155674,
      -20.762785678990383
     ]
    ],
    "type": "LineString"
   },
   "id": 6,
   "properties": {
    "DOCNAME": "Anel Viário J. Hawilla",
    "LAYER": "PAVIMENTO-NOVO",
    "OBJECTID": 6,
    "SHAPE.LEN": 378.54885506087703
   },
   "type": "Feature"
  },
  {
   "geometry": {
    "coordinates": [
     [
      -49.368151005155674,
      -20.762785678990383
     ],
     [
      -49.36808235442878,
      -20.76283305506957
     ],
     [
      -49.36801012215971,
      -20.76287476735179
     ],
     [
      -49.36793477456547,
      -20.762910546608687
     ],
     [
      -49.36785679797064,
      -20.762940161906116
     ],
     [
      -49.36777669566848,
      -20.76296342209467
     ],
     [
      -49.36769498467245,
      -20.762980177043456
     ],
     [
      -49.36761219237915,
      -20.762990318609095
     ],
     [
      -49.367528853164366,
      -20.76299378133372
     ],
     [
      -49.36744550493392,
      -20.762990542867467
     ],
     [
      -49.36736268565182,
      -20.762980624112743
     ],
     [
      -49.366963384278606,
      -20.762913950958836
     ],
     [
      -49.36618617157057,
      -20.762760602758078
     ]
    ],
    "type": "LineString"
   },
   "id": 7,
   "properties": {
    "DOCNAME": "Anel Viário J. Hawilla",
    "LAYER": "PAVIMENTO-NOVO",
    "OBJECTID": 7,
    "SHAPE.LEN": 212.361257659248
   },
   "type": "Feature"
  },
  {
   "geometry": {
    "coordinates": [
     [
      -49.36857841750513,
      -20.76022700067025
     ],
     [
      -49.370521739278104,
      -20.758929014109903
     ]
    ],
    "type": "LineString"
   },
   "id": 8,
   "properties": {
    "DOCNAME": "Anel Viário J. Hawilla",
    "LAYER": "VIÁRIO-EXISTENTE-DUPLO",
    "OBJECTID": 8,
    "SHAPE.LEN": 248.19199801010902
   },
   "type": "Feature"
  },
  {
   "geometry": {
    "coordinates": [
     [
      -49.37097958167254,
      -20.758844751239504
     ],
     [
      -49.370973559408306,
      -20.758883940313293
     ],
     [
      -49.37096113137406,
      -20.758921591277897
     ],
     [
      -49.37094264067097,
      -20.75895666470188
     ],
     [
      -49.37091859777248,
      -20.758988192312053
     ],
     [
      -49.3708896664317,
      -20.759015303724627
     ],
     [
      -49.37085664535713,
      -20.75903725047393
     ],
     [
      -49.37082044616267,
      -20.759053426675315
     ],
     [
      -49.3707820682007,
      -20.759063385751855
     ],
     [
      -49.37074257097289,
      -20.759066852762988
     ],
     [
      -49.37070304488053,
      -20.759063731994825
     ],
     [
      -49.37066458112178,
      -20.75905410960251
     ],
     [
      -49.37062824156691,
      -20.759038251231754
     ],
     [
      -49.37059502944324,
      -20.759016594685132
     ],
     [
      -49.37056586163895,
      -20.758989737835645
     ],
     [
      -49.37054154339062,
      -20.75895842212124
     ],
     [
      -49.37052274605293,
      -20.758923512075885
     ],
     [
      -49.370509988564606,
      -20.758885971462377
     ],
     [
      -49.37050362312206,
      -20.758846836665686
     ],
     [
      -49.37051259023391,
      -20.758807549694513
     ],
     [
      -49.370527991055944,
      -20.758770311409386
     ],
     [
      -49.370549393215356,
      -20.75873616726243
     ],
     [
      -49.370576195853836,
      -20.758706075838916
     ],
     [
      -49.37060764649646,
      -20.758680881945267
     ],
     [
      -49.37064286217719,
      -20.758661292891443
     ],
     [
      -49.370680854227814,
      -20.75864785863344
     ],
     [
      -49.37072055603449,
      -20.75864095633346
     ],
     [
      -49.37076085298257,
      -20.758640779771213
     ],
     [
      -49.370800613749005,
      -20.758647333903628
     ],
     [
      -49.37083872206385,
      -20.758660434725673
     ],
     [
      -49.37087410804919,
      -20.75867971443625
     ],
     [
      -49.37090577825559,
      -20.75870463176407
     ],
     [
      -49.370932843552815,
      -20.758734487163665
     ],
     [
      -49.37095454409189,
      -20.758768442454894
     ],
     [
      -49.3709702706376,
      -20.758805544354562
     ],
     [
      -49.37097958167254,
      -20.758844751239504
     ]
    ],
    "type": "LineString"
   },
   "id": 9,
   "properties": {
    "DOCNAME": "Anel Viário J. Hawilla",
    "LAYER": "PAVIMENTO-NOVO",
    "OBJECTID": 9,
    "SHAPE.LEN": 150.904372839909
   },
   "type": "Feature"
  },
  {
   "geometry": {
    "coordinates": [
     [
      -49.37086945605123,
      -20.75903149633461
     ],
     [
      -49.3708850993134,
      -20.759206880537242
     ],
     [
      -49.37118457629147,
      -20.76009698567925
     ],
     [
      -49.371310126847,
      -20.760338856056542
     ]
    ],
    "type": "LineString"
   },
   "id": 10,
   "properties": {
    "DOCNAME": "Anel Viário J. Hawilla",
    "LAYER": "PAVIMENTO-NOVO",
    "OBJECTID": 10,
    "SHAPE.LEN": 152.642483366638
   },
   "type": "Feature"
  },
  {
   "geometry": {
    "coordinates": [
     [
      -49.37166630730286,
      -20.760545605461736
     ],
     [
      -49.377870767736844,
      -20.76357304211719
     ]
    ],
    "type": "LineString"
   },
   "id": 11,
   "properties": {
    "DOCNAME": "Anel Viário J. Hawilla",
    "LAYER": "PAVIMENTO-NOVO",
    "OBJECTID": 11,
    "SHAPE.LEN": 727.830797788744
   },
   "type": "Feature"
  },
  {
   "geometry": {
    "coordinates": [
     [
      -49.37162804482849,
      -20.760820803590807
     ],
     [
      -49.3778247006457,
      -20.763964735149855
     ]
    ],
    "type": "LineString"
   },
   "id": 12,
   "properties": {
    "DOCNAME": "Anel Viário J. Hawilla",
    "LAYER": "PAVIMENTO-NOVO",
    "OBJECTID": 12,
    "SHAPE.LEN": 733.142543228593
   },
   "type": "Feature"
  },
  {
   "geometry": {
    "coordinates": [
     [
      -49.36857841750513,
      -20.76022700067025
     ],
     [
      -49.36780476973005,
      -20.760713721932692
     ],
     [
      -49.367305643106505,
      -20.761010421407786
     ],
     [
      -49.367235257983374,
      -20.76104227541241
     ],
     [
      -49.36716805076234,
      -20.7610803796459
     ],
     [
      -49.36710457502799,
      -20.76112442024442
     ],
     [
      -49.367045353628725,
      -20.761174034446405
     ],
     [
      -49.36699087437008,
      -20.76122881358063
     ],
     [
      -49.36694158599665,
      -20.761288306432416
     ],
     [
      -49.36689789449583,
      -20.761352022960295
     ],
     [
      -49.36686015975366,
      -20.761419438332446
     ],
     [
      -49.36682869259049,
      -20.76148999724975
     ],
     [
      -49.36668296900974,
      -20.76187235744905
     ],
     [
      -49.3666473390694,
      -20.76195449666739
     ],
     [
      -49.366605930530135,
      -20.762033879768325
     ],
     [
      -49.366558955118045,
      -20.76211010085791
     ],
     [
      -49.366506653023244,
      -20.76218277020989
     ],
     [
      -49.3664492916717,
      -20.762251516258413
     ],
     [
      -49.3663871643579,
      -20.762315987497878
     ],
     [
      -49.36632058874517,
      -20.76237585428022
     ],
     [
      -49.36624990524145,
      -20.762430810500433
     ],
     [
      -49.36617547525876,
      -20.762480575161728
     ]
    ],
    "type": "LineString"
   },
   "id": 13,
   "properties": {
    "DOCNAME": "Anel Viário J. Hawilla",
    "LAYER": "PAVIMENTO-NOVO",
    "OBJECTID": 13,
    "SHAPE.LEN": 365.175963911897
   },
   "type": "Feature"
  },
  {
   "geometry": {
    "coordinates": [
     [
      -49.41243190483082,
      -20.789940280414637
     ],
     [
      -49.41381177523458,
      -20.78896535394944
     ],
     [
      -49.4167909338489,
      -20.789686379437192
     ],
     [
      -49.41961555113837,
      -20.79058559533786
     ]
    ],
    "type": "LineString"
   },
   "id": 14,
   "properties": {
    "DOCNAME": "Anel Viário J. Hawilla",
    "LAYER": "VIÁRIO-EXISTENTE-DUPLO",
    "OBJECTID": 14,
    "SHAPE.LEN": 810.407807572417
   },
   "type": "Feature"
  },
  {
   "geometry": {
    "coordinates": [
     [
      -49.412105032471345,
      -20.78892542472642
     ],
     [
      -49.413128312472544,
      -20.78824120289999
     ]
    ],
    "type": "LineString"
   },
   "id": 15,
   "properties": {
    "DOCNAME": "Anel Viário J. Hawilla",
    "LAYER": "VIÁRIO-EXISTENTE-DUPLO",
    "OBJECTID": 15,
    "SHAPE.LEN": 130.717834674003
   },
   "type": "Feature"
  },
  {
   "geometry": {
    "coordinates": [
     [
      -49.41401091938757,
      -20.788678696372497
     ],
     [
      -49.413128312472544,
      -20.78824120289999
     ]
    ],
    "type": "LineString"
   },
   "id": 16,
   "properties": {
    "DOCNAME": "Anel Viário J. Hawilla",
    "LAYER": "PAVIMENTO-NOVO",
    "OBJECTID": 16,
    "SHAPE.LEN": 103.871107799474
   },
   "type": "Feature"
  },
  {
   "geometry": {
    "coordinates": [
     [
      -49.41604915369581,
      -20.789100022181376
     ],
     [
      -49.41411869322061,
      -20.788686939707453
     ],
     [
      -49.41381177523458,
      -20.78896535394944
     ]
    ],
    "type": "LineString"
   },
   "id": 17,
   "properties": {
    "DOCNAME": "Anel Viário J. Hawilla",
    "LAYER": "VIÁRIO-EXISTENTE-DUPLO",
    "OBJECTID": 17,
    "SHAPE.LEN": 250.51224534837502
   },
   "type": "Feature"
  },
  {
   "geometry": {
    "coordinates": [
     [
      -49.41604915369581,
      -20.789100022181376
     ],
     [
      -49.418956407580914,
      -20.789876703893054
     ],
     [
      -49.41970863410967,
      -20.790241415514057
     ]
    ],
    "type": "LineString"
   },
   "id": 18,
   "properties": {
    "DOCNAME": "Anel Viário J. Hawilla",
    "LAYER": "PAVIMENTO-NOVO",
    "OBJECTID": 18,
    "SHAPE.LEN": 402.755814464083
   },
   "type": "Feature"
  },
  {
   "geometry": {
    "coordinates": [
     [
      -49.41961555113837,
      -20.79058559533786
     ],
     [
      -49.424599765400046,
      -20.793392564521874
     ]
    ],
    "type": "LineString"
   },
   "id": 19,
   "properties": {
    "DOCNAME": "Anel Viário J. Hawilla",
    "LAYER": "VIÁRIO-EXISTENTE-DUPLO",
    "OBJECTID": 19,
    "SHAPE.LEN": 604.8254017860111
   },
   "type": "Feature"
  },
  {
   "geometry": {
    "coordinates": [
     [
      -49.41970863410967,
      -20.790241415514057
     ],
     [
      -49.422738995527205,
      -20.79196741958576
     ],
     [
      -49.425557845459046,
      -20.793532750352586
     ],
     [
      -49.425558939584505,
      -20.793948138518893
     ]
    ],
    "type": "LineString"
   },
   "id": 20,
   "properties": {
    "DOCNAME": "Anel Viário J. Hawilla",
    "LAYER": "VIÁRIO-EXISTENTE-DUPLO",
    "OBJECTID": 20,
    "SHAPE.LEN": 755.631007575413
   },
   "type": "Feature"
  },
  {
   "geometry": {
    "coordinates": [
     [
      -49.425558939584505,
      -20.793948138518893
     ],
     [
      -49.42553602597803,
      -20.794485535005133
     ],
     [
      -49.42651829573285,
      -20.795613202502096
     ],
     [
      -49.42699636807854,
      -20.795985994925612
     ]
    ],
    "type": "LineString"
   },
   "id": 21,
   "properties": {
    "DOCNAME": "Anel Viário J. Hawilla",
    "LAYER": "VIÁRIO-EXISTENTE-DUPLO",
    "OBJECTID": 21,
    "SHAPE.LEN": 285.571393237302
   },
   "type": "Feature"
  },
  {
   "geometry": {
    "coordinates": [
     [
      -49.4258004068908,
      -20.794821666207103
     ],
     [
      -49.4253940599531,
      -20.79459768771673
     ],
     [
      -49.42460942238645,
      -20.794341998232653
     ]
    ],
    "type": "LineString"
   },
   "id": 22,
   "properties": {
    "DOCNAME": "Anel Viário J. Hawilla",
    "LAYER": "PAVIMENTO-NOVO",
    "OBJECTID": 22,
    "SHAPE.LEN": 135.484499447128
   },
   "type": "Feature"
  },
  {
   "geometry": {
    "coordinates": [
     [
      -49.42642119315083,
      -20.7958100165287
     ],
     [
      -49.42580301869663,
      -20.79514924204525
     ],
     [
      -49.42544515546239,
      -20.79488617604758
     ],
     [
      -49.42457061147728,
      -20.79460707166664
     ]
    ],
    "type": "LineString"
   },
   "id": 23,
   "properties": {
    "DOCNAME": "Anel Viário J. Hawilla",
    "LAYER": "PAVIMENTO-NOVO",
    "OBJECTID": 23,
    "SHAPE.LEN": 240.86295577001803
   },
   "type": "Feature"
  },
  {
   "geometry": {
    "coordinates": [
     [
      -49.428215814819794,
      -20.79693688467277
     ],
     [
      -49.43151796735355,
      -20.800441793672146
     ],
     [
      -49.43157182509521,
      -20.800501661162517
     ]
    ],
    "type": "LineString"
   },
   "id": 24,
   "properties": {
    "DOCNAME": "Anel Viário J. Hawilla",
    "LAYER": "VIÁRIO-EXISTENTE-DUPLO",
    "OBJECTID": 24,
    "SHAPE.LEN": 527.071075861219
   },
   "type": "Feature"
  },
  {
   "geometry": {
    "coordinates": [
     [
      -49.42642119315083,
      -20.7958100165287
     ],
     [
      -49.42680967972854,
      -20.796143533952645
     ]
    ],
    "type": "LineString"
   },
   "id": 25,
   "properties": {
    "DOCNAME": "Anel Viário J. Hawilla",
    "LAYER": "VIÁRIO-EXISTENTE-DUPLO",
    "OBJECTID": 25,
    "SHAPE.LEN": 54.7623498716043
   },
   "type": "Feature"
  },
  {
   "geometry": {
    "coordinates": [
     [
      -49.4257495104241,
      -20.805627143788882
     ],
     [
      -49.42574289029464,
      -20.805673266088156
     ],
     [
      -49.42572973155023,
      -20.80571796441083
     ],
     [
      -49.425710305604554,
      -20.805760316804378
     ],
     [
      -49.425685013139315,
      -20.805799449703667
     ],
     [
      -49.42565437583969,
      -20.805834555949215
     ],
     [
      -49.425619025634,
      -20.80586491143573
     ],
     [
      -49.42557969165946,
      -20.80588989004761
     ],
     [
      -49.425537185222964,
      -20.805908976573257
     ],
     [
      -49.42549238306696,
      -20.805921777331893
     ],
     [
      -49.42544620928564,
      -20.80592802829366
     ],
     [
      -49.4253996162645,
      -20.805927600525536
     ],
     [
      -49.425353565036325,
      -20.805920502850707
     ],
     [
      -49.425309005458814,
      -20.8059068816666
     ],
     [
      -49.42526685662271,
      -20.805887017925258
     ],
     [
      -49.425227987894566,
      -20.80586132133839
     ],
     [
      -49.42519320098503,
      -20.805830321926635
     ],
     [
      -49.42516321341273,
      -20.805794659087265
     ],
     [
      -49.42513864370463,
      -20.80575506840593
     ],
     [
      -49.42511999863824,
      -20.805712366484382
     ],
     [
      -49.42510766278875,
      -20.805667434097156
     ],
     [
      -49.42510189059674,
      -20.805621198024618
     ],
     [
      -49.42510851080487,
      -20.805575075792234
     ],
     [
      -49.42512166960919,
      -20.805530377544567
     ],
     [
      -49.42514109559546,
      -20.805488025230186
     ],
     [
      -49.42516638808219,
      -20.805448892410322
     ],
     [
      -49.42519702538513,
      -20.805413786240713
     ],
     [
      -49.42523237557754,
      -20.8053834308232
     ],
     [
      -49.42527170952435,
      -20.805358452270326
     ],
     [
      -49.425314215921375,
      -20.805339365791138
     ],
     [
      -49.42535901802927,
      -20.805326565064426
     ],
     [
      -49.42540519175722,
      -20.8053203141187
     ],
     [
      -49.42545178472333,
      -20.80532074188632
     ],
     [
      -49.42549783589844,
      -20.80532783954413
     ],
     [
      -49.42554239542843,
      -20.805341460695434
     ],
     [
      -49.42558454422592,
      -20.805361324389605
     ],
     [
      -49.425623412927436,
      -20.80538702091696
     ],
     [
      -49.42565819982495,
      -20.805418020259484
     ],
     [
      -49.42568818740196,
      -20.80545368302299
     ],
     [
      -49.42571275713301,
      -20.80549327362531
     ],
     [
      -49.42573140224144,
      -20.805535975468445
     ],
     [
      -49.4257437381522,
      -20.805580907781778
     ],
     [
      -49.4257495104241,
      -20.805627143788882
     ]
    ],
    "type": "LineString"
   },
   "id": 26,
   "properties": {
    "DOCNAME": "Anel Viário J. Hawilla",
    "LAYER": "VIÁRIO-EXISTENTE-DUPLO",
    "OBJECTID": 26,
    "SHAPE.LEN": 211.604665714143
   },
   "type": "Feature"
  },
  {
   "geometry": {
    "coordinates": [
     [
      -49.42574596132432,
      -20.805851296608623
     ],
     [
      -49.4261502711585,
      -20.806260966013188
     ],
     [
      -49.42662192622807,
      -20.80651681029099
     ],
     [
      -49.42791881925389,
      -20.807079191413166
     ]
    ],
    "type": "LineString"
   },
   "id": 27,
   "properties": {
    "DOCNAME": "Anel Viário J. Hawilla",
    "LAYER": "VIÁRIO-EXISTENTE-DUPLO",
    "OBJECTID": 27,
    "SHAPE.LEN": 267.22141141052504
   },
   "type": "Feature"
  },
  {
   "geometry": {
    "coordinates": [
     [
      -49.42549677701517,
      -20.805987616762447
     ],
     [
      -49.425968599394096,
      -20.806475263833242
     ],
     [
      -49.42648929967353,
      -20.806757713611045
     ],
     [
      -49.42781866066686,
      -20.807312148779367
     ]
    ],
    "type": "LineString"
   },
   "id": 28,
   "properties": {
    "DOCNAME": "Anel Viário J. Hawilla",
    "LAYER": "PAVIMENTO-NOVO",
    "OBJECTID": 28,
    "SHAPE.LEN": 286.944081874816
   },
   "type": "Feature"
  },
  {
   "geometry": {
    "coordinates": [
     [
      -49.434595190263174,
      -20.81371685049461
     ],
     [
      -49.43397794069965,
      -20.81274270324709
     ],
     [
      -49.43390777845954,
      -20.812638079105216
     ],
     [
      -49.433755205147065,
      -20.812419981559717
     ],
     [
      -49.43359689342578,
      -20.81220601297806
     ],
     [
      -49.43343295497661,
      -20.811996324304264
     ],
     [
      -49.432583004101296,
      -20.810938229138603
     ],
     [
      -49.43247371408918,
      -20.810807250124654
     ],
     [
      -49.43235974666215,
      -20.81068032008715
     ],
     [
      -49.432241251711545,
      -20.810557605966018
     ],
     [
      -49.432118385083356,
      -20.81043926915635
     ],
     [
      -49.43199130837326,
      -20.810325465296156
     ],
     [
      -49.431583317848265,
      -20.80997285074947
     ],
     [
      -49.43144753941389,
      -20.809852152718598
     ],
     [
      -49.431315206404406,
      -20.809727686769442
     ],
     [
      -49.43118642334348,
      -20.809599551211857
     ],
     [
      -49.430404796922154,
      -20.808799505259444
     ],
     [
      -49.43013067402614,
      -20.808527819547194
     ],
     [
      -49.4298596880031,
      -20.80825300494846
     ]
    ],
    "type": "LineString"
   },
   "id": 29,
   "properties": {
    "DOCNAME": "Anel Viário J. Hawilla",
    "LAYER": "PAVIMENTO-NOVO",
    "OBJECTID": 29,
    "SHAPE.LEN": 783.688921422313
   },
   "type": "Feature"
  },
  {
   "geometry": {
    "coordinates": [
     [
      -49.43406686286358,
      -20.813822424605753
     ],
     [
      -49.43405480959465,
      -20.813863308418142
     ],
     [
      -49.43404907444944,
      -20.81390554436867
     ],
     [
      -49.43404978921418,
      -20.813948161929822
     ],
     [
      -49.43405693746449,
      -20.813990181805178
     ],
     [
      -49.434116630113046,
      -20.814229750078244
     ],
     [
      -49.434128541133724,
      -20.814259974824214
     ],
     [
      -49.43414526763025,
      -20.814287824994707
     ],
     [
      -49.43416635273493,
      -20.81431253988988
     ],
     [
      -49.43419122052899,
      -20.81433344444682
     ],
     [
      -49.43421919177325,
      -20.81434996767825
     ],
     [
      -49.43424950246086,
      -20.814361658268457
     ],
     [
      -49.43428132468538,
      -20.81436819690053
     ],
     [
      -49.43431378925423,
      -20.814369404978216
     ],
     [
      -49.43434600942985,
      -20.81436524950406
     ],
     [
      -49.43437710515003,
      -20.814355843980728
     ],
     [
      -49.43440622706594,
      -20.814341445310784
     ],
     [
      -49.43443257974128,
      -20.814322446779645
     ],
     [
      -49.43445544337878,
      -20.814299367313392
     ],
     [
      -49.434615978713175,
      -20.814105049762972
     ],
     [
      -49.43463942344663,
      -20.814066370790194
     ],
     [
      -49.434656984802096,
      -20.814024689652296
     ],
     [
      -49.434668288264895,
      -20.813980895244082
     ],
     [
      -49.43467309277661,
      -20.813935921528103
     ],
     [
      -49.434671295875894,
      -20.813890727616897
     ],
     [
      -49.434662935883566,
      -20.81384627731892
     ],
     [
      -49.43464819108541,
      -20.813803518584265
     ],
     [
      -49.434627375929985,
      -20.813763363288636
     ],
     [
      -49.43460093432273,
      -20.813726667786625
     ],
     [
      -49.43456943015918,
      -20.81369421464901
     ],
     [
      -49.43453353529927,
      -20.813666695973637
     ],
     [
      -49.43449401523925,
      -20.81364469862566
     ],
     [
      -49.434451712786625,
      -20.813628691722023
     ],
     [
      -49.434407530086396,
      -20.813619016627054
     ],
     [
      -49.43436240938186,
      -20.81361587967249
     ],
     [
      -49.43431731292024,
      -20.81361934775724
     ],
     [
      -49.43427320243178,
      -20.81362934692069
     ],
     [
      -49.43423101861977,
      -20.813645663919992
     ],
     [
      -49.43419166109907,
      -20.813667950777706
     ],
     [
      -49.43415596921088,
      -20.813695732202774
     ],
     [
      -49.43412470412283,
      -20.81372841572663
     ],
     [
      -49.434101524126184,
      -20.81375723842826
     ],
     [
      -49.43408214169516,
      -20.813788740519314
     ],
     [
      -49.43406686286358,
      -20.813822424605753
     ]
    ],
    "type": "LineString"
   },
   "id": 30,
   "properties": {
    "DOCNAME": "Anel Viário J. Hawilla",
    "LAYER": "PAVIMENTO-NOVO",
    "OBJECTID": 30,
    "SHAPE.LEN": 232.37999119527302
   },
   "type": "Feature"
  },
  {
   "geometry": {
    "coordinates": [
     [
      -49.4285294077026,
      -20.80722359404989
     ],
     [
      -49.4285227877883,
      -20.807269716628884
     ],
     [
      -49.42850962926243,
      -20.807314415272653
     ],
     [
      -49.42849020353033,
      -20.807356768035145
     ],
     [
      -49.42846491126361,
      -20.807395901356013
     ],
     [
      -49.42843427413593,
      -20.80743100807853
     ],
     [
      -49.4283989240631,
      -20.80746136409785
     ],
     [
      -49.42835959016926,
      -20.807486343296265
     ],
     [
      -49.42831708374812,
      -20.807505430457393
     ],
     [
      -49.42827228152935,
      -20.80751823189293
     ],
     [
      -49.42822610759534,
      -20.807524483562812
     ],
     [
      -49.42817951432122,
      -20.807524056521235
     ],
     [
      -49.42813346273134,
      -20.807516959576283
     ],
     [
      -49.42808890267739,
      -20.80750333910824
     ],
     [
      -49.42804675324689,
      -20.807483476050397
     ],
     [
      -49.4280078838063,
      -20.807457780094555
     ],
     [
      -49.42797309606961,
      -20.807426781240807
     ],
     [
      -49.42794310756231,
      -20.80739111886584
     ],
     [
      -49.42791853682187,
      -20.807351528535296
     ],
     [
      -49.42789989063991,
      -20.807308826832095
     ],
     [
      -49.42788755360916,
      -20.807263894513763
     ],
     [
      -49.42788178019097,
      -20.807217658346097
     ],
     [
      -49.42788840018394,
      -20.807171535833994
     ],
     [
      -49.42790155876971,
      -20.807126837265226
     ],
     [
      -49.4279209845424,
      -20.807084484581903
     ],
     [
      -49.42794627683063,
      -20.80704535134046
     ],
     [
      -49.42797691396162,
      -20.807010244693878
     ],
     [
      -49.42801226402116,
      -20.80697988874356
     ],
     [
      -49.42805159788728,
      -20.80695490960415
     ],
     [
      -49.42809410426896,
      -20.806935822489482
     ],
     [
      -49.42813890643961,
      -20.80692302108587
     ],
     [
      -49.428185080320254,
      -20.80691676943203
     ],
     [
      -49.428231673539344,
      -20.8069171964731
     ],
     [
      -49.428277725076164,
      -20.80692429340104
     ],
     [
      -49.4283222850826,
      -20.80693791383628
     ],
     [
      -49.42836443447449,
      -20.80695777684695
     ],
     [
      -49.42840330388844,
      -20.806983472743283
     ],
     [
      -49.42843809161311,
      -20.8070144715278
     ],
     [
      -49.42846808012512,
      -20.807050133826902
     ],
     [
      -49.4284926508885,
      -20.80708972407843
     ],
     [
      -49.42851129711251,
      -20.807132425703223
     ],
     [
      -49.42852363420452,
      -20.807177357947662
     ],
     [
      -49.4285294077026,
      -20.80722359404989
     ]
    ],
    "type": "LineString"
   },
   "id": 31,
   "properties": {
    "DOCNAME": "Anel Viário J. Hawilla",
    "LAYER": "VIÁRIO-EXISTENTE-DUPLO",
    "OBJECTID": 31,
    "SHAPE.LEN": 211.604665714143
   },
   "type": "Feature"
  },
  {
   "geometry": {
    "coordinates": [
     [
      -49.43426900463239,
      -20.813695836997727
     ],
     [
      -49.433733205152826,
      -20.812885819063073
     ],
     [
      -49.43366494290795,
      -20.81278402786681
     ],
     [
      -49.433516500987814,
      -20.81257183514013
     ],
     [
      -49.433362476009414,
      -20.812363659582147
     ],
     [
      -49.433202976630085,
      -20.812159648050844
     ],
     [
      -49.43235302660862,
      -20.811101551807962
     ],
     [
      -49.432250190811644,
      -20.81097830786517
     ],
     [
      -49.432142953820104,
      -20.810858873790384
     ],
     [
      -49.432031456673926,
      -20.810743406665335
     ],
     [
      -49.43191584601605,
      -20.81063205835435
     ],
     [
      -49.43179627389958,
      -20.81052497530463
     ],
     [
      -49.43138828336745,
      -20.81017235939305
     ],
     [
      -49.43124661838071,
      -20.810046428680536
     ],
     [
      -49.431108548196654,
      -20.809916566688035
     ],
     [
      -49.43097418187087,
      -20.809782875987842
     ],
     [
      -49.43019467758424,
      -20.808985000250615
     ],
     [
      -49.430011433381914,
      -20.808801154514093
     ],
     [
      -49.42982340344118,
      -20.808622206382193
     ],
     [
      -49.42963071861678,
      -20.808448280389406
     ],
     [
      -49.4294335130029,
      -20.80827949757518
     ],
     [
      -49.429231923839865,
      -20.80811597539971
     ],
     [
      -49.42902609141863,
      -20.80795782766216
     ],
     [
      -49.428816158983125,
      -20.80780516442151
     ],
     [
      -49.42860227263059,
      -20.807658091919926
     ],
     [
      -49.42838458120989,
      -20.807516712508846
     ]
    ],
    "type": "LineString"
   },
   "id": 32,
   "properties": {
    "DOCNAME": "Anel Viário J. Hawilla",
    "LAYER": "VIÁRIO-EXISTENTE-DUPLO",
    "OBJECTID": 32,
    "SHAPE.LEN": 924.324678342427
   },
   "type": "Feature"
  },
  {
   "geometry": {
    "coordinates": [
     [
      -49.428504559954256,
      -20.807337633011546
     ],
     [
      -49.428667773755194,
      -20.807418976619466
     ],
     [
      -49.4288282207322,
      -20.807505650115615
     ],
     [
      -49.42898572689306,
      -20.80759755950936
     ],
     [
      -49.429140121434635,
      -20.80769460513213
     ],
     [
      -49.429291236928094,
      -20.80779668174553
     ],
     [
      -49.42943890950048,
      -20.807903678655435
     ],
     [
      -49.42958297901243,
      -20.808015479832054
     ],
     [
      -49.429723289231795,
      -20.808131964035738
     ],
     [
      -49.4298596880031,
      -20.80825300494846
     ]
    ],
    "type": "LineString"
   },
   "id": 33,
   "properties": {
    "DOCNAME": "Anel Viário J. Hawilla",
    "LAYER": "VIÁRIO-EXISTENTE-DUPLO",
    "OBJECTID": 33,
    "SHAPE.LEN": 174.346682307259
   },
   "type": "Feature"
  },
  {
   "geometry": {
    "coordinates": [
     [
      -49.434102757007565,
      -20.81781649536846
     ],
     [
      -49.43409794523978,
      -20.817862470002034
     ],
     [
      -49.43408635846012,
      -20.817907220047605
     ],
     [
      -49.434068253694456,
      -20.817949752829097
     ],
     [
      -49.434044032555065,
      -20.81798912485531
     ],
     [
      -49.434014232331805,
      -20.818024462749058
     ],
     [
      -49.43397951407357,
      -20.818054982621053
     ],
     [
      -49.43394064792449,
      -20.818080007458647
     ],
     [
      -49.433898496040015,
      -20.818098982143805
     ],
     [
      -49.433853993462044,
      -20.818111485767098
     ],
     [
      -49.433808127377155,
      -20.818117240964614
     ],
     [
      -49.43376191521817,
      -20.818116120070634
     ],
     [
      -49.433716382094765,
      -20.818108147949594
     ],
     [
      -49.43367253805377,
      -20.818093501444523
     ],
     [
      -49.43363135567366,
      -20.818072505454204
     ],
     [
      -49.433593748490104,
      -20.81804562572603
     ],
     [
      -49.43356055073134,
      -20.818013458524494
     ],
     [
      -49.43353249881274,
      -20.817976717404427
     ],
     [
      -49.43351021500109,
      -20.817936217382453
     ],
     [
      -49.43349419361115,
      -20.817892856857714
     ],
     [
      -49.43348479004032,
      -20.817847597682988
     ],
     [
      -49.43348786299428,
      -20.81780081222445
     ],
     [
      -49.43349798423989,
      -20.817755031414453
     ],
     [
      -49.43351492040689,
      -20.817711310842363
     ],
     [
      -49.43353828099022,
      -20.817670658593673
     ],
     [
      -49.43356752735407,
      -20.817634012006142
     ],
     [
      -49.43360198515148,
      -20.81760221605712
     ],
     [
      -49.433640859873044,
      -20.817576003880554
     ],
     [
      -49.433683255166265,
      -20.81755597986275
     ],
     [
      -49.43372819350322,
      -20.817542605706766
     ],
     [
      -49.43377463871984,
      -20.817536189786725
     ],
     [
      -49.43382151990723,
      -20.81753688003747
     ],
     [
      -49.4338677561041,
      -20.817544660543565
     ],
     [
      -49.43391228122104,
      -20.817559351906272
     ],
     [
      -49.43395406862177,
      -20.817580615380038
     ],
     [
      -49.43399215479483,
      -20.81760796068308
     ],
     [
      -49.434025661569656,
      -20.817640757302073
     ],
     [
      -49.43405381636501,
      -20.817678249030163
     ],
     [
      -49.43407597000272,
      -20.81771957140319
     ],
     [
      -49.434091611676095,
      -20.81776377163205
     ],
     [
      -49.43410038072781,
      -20.817809830571555
     ]
    ],
    "type": "LineString"
   },
   "id": 34,
   "properties": {
    "DOCNAME": "Anel Viário J. Hawilla",
    "LAYER": "VIÁRIO-EXISTENTE-DUPLO",
    "OBJECTID": 34,
    "SHAPE.LEN": 201.27942216752402
   },
   "type": "Feature"
  },
  {
   "geometry": {
    "coordinates": [
     [
      -49.43494702857656,
      -20.819603822326336
     ],
     [
      -49.434940406308975,
      -20.819649946198602
     ],
     [
      -49.43492724562219,
      -20.819694645889257
     ],
     [
      -49.434907817936335,
      -20.819736999531877
     ],
     [
      -49.43488252391929,
      -20.819776133643888
     ],
     [
      -49.434851885223566,
      -20.81981124114088
     ],
     [
      -49.4348165337279,
      -20.81984159798154
     ],
     [
      -49.434777198505714,
      -20.819866578099976
     ],
     [
      -49.43473469078904,
      -20.819885666317397
     ],
     [
      -49.43468988723801,
      -20.819898468966954
     ],
     [
      -49.434643711861,
      -20.819904722012524
     ],
     [
      -49.43459711695832,
      -20.8199042964941
     ],
     [
      -49.43455106348241,
      -20.819897201187384
     ],
     [
      -49.43450650121954,
      -20.8198835824228
     ],
     [
      -49.434464349201875,
      -20.819863721067662
     ],
     [
      -49.43442547675377,
      -20.819838026733667
     ],
     [
      -49.43439068556321,
      -20.81980702932926
     ],
     [
      -49.43436069314812,
      -20.819771368131043
     ],
     [
      -49.43433611805866,
      -20.81973177859961
     ],
     [
      -49.43431746712048,
      -20.81968907721174
     ],
     [
      -49.43430512498218,
      -20.81964414462175
     ],
     [
      -49.4342993461825,
      -20.819597907499272
     ],
     [
      -49.43430596852881,
      -20.819551783693942
     ],
     [
      -49.434319129275536,
      -20.819507084078346
     ],
     [
      -49.434338557002015,
      -20.819464730514948
     ],
     [
      -49.43436385104057,
      -20.81942559648241
     ],
     [
      -49.43439448973962,
      -20.819390489061412
     ],
     [
      -49.43442984122199,
      -20.8193601322898
     ],
     [
      -49.434469176416435,
      -20.819335152230412
     ],
     [
      -49.43451168409362,
      -20.819316064059482
     ],
     [
      -49.43455648759651,
      -20.81930326144187
     ],
     [
      -49.43460266292012,
      -20.819297008412356
     ],
     [
      -49.434649257767724,
      -20.819297433930277
     ],
     [
      -49.43469531119054,
      -20.819304529219966
     ],
     [
      -49.43473987340586,
      -20.819318147951726
     ],
     [
      -49.434782025384884,
      -20.819338009259663
     ],
     [
      -49.43482089780633,
      -20.819363703534112
     ],
     [
      -49.43485568898487,
      -20.81939470086924
     ],
     [
      -49.434885681404666,
      -20.81943036199154
     ],
     [
      -49.434910256517085,
      -20.819469951443903
     ],
     [
      -49.43492890749733,
      -20.819512652753303
     ],
     [
      -49.434941249696934,
      -20.819557585269347
     ],
     [
      -49.43494702857656,
      -20.819603822326336
     ]
    ],
    "type": "LineString"
   },
   "id": 35,
   "properties": {
    "DOCNAME": "Anel Viário J. Hawilla",
    "LAYER": "VIÁRIO-EXISTENTE-DUPLO",
    "OBJECTID": 35,
    "SHAPE.LEN": 211.604665714143
   },
   "type": "Feature"
  },
  {
   "geometry": {
    "coordinates": [
     [
      -49.43419268153145,
      -20.815168092727173
     ],
     [
      -49.434176206610495,
      -20.815200531792318
     ],
     [
      -49.434154625594374,
      -20.815229823014743
     ],
     [
      -49.43412852509622,
      -20.815255170203226
     ],
     [
      -49.434098614577294,
      -20.8152758843729
     ],
     [
      -49.43406570706247,
      -20.81529140247318
     ],
     [
      -49.4340306970407,
      -20.81530130269253
     ],
     [
      -49.43399453615105,
      -20.815305315924135
     ],
     [
      -49.43395820731539,
      -20.815303333080713
     ],
     [
      -49.433922698020694,
      -20.815295408059725
     ],
     [
      -49.43388897347721,
      -20.81528175627834
     ],
     [
      -49.43385795038229,
      -20.81526274881798
     ],
     [
      -49.43383047200274,
      -20.815238902337622
     ],
     [
      -49.433807285253266,
      -20.815210865030036
     ],
     [
      -49.43378902039388,
      -20.81517939900265
     ],
     [
      -49.43377753891441,
      -20.815144570706412
     ],
     [
      -49.43377208637766,
      -20.815108306337777
     ],
     [
      -49.43377281851609,
      -20.81507164166046
     ],
     [
      -49.43377971441876,
      -20.815035623871577
     ],
     [
      -49.43379257712855,
      -20.81500128169217
     ],
     [
      -49.43381103926753,
      -20.814969595985396
     ],
     [
      -49.43383457352987,
      -20.81494147174166
     ],
     [
      -49.433862507742404,
      -20.814917712230727
     ],
     [
      -49.43389404406293,
      -20.81489899605919
     ],
     [
      -49.43392828176775,
      -20.814885857788436
     ],
     [
      -49.43396424297764,
      -20.814878672666804
     ],
     [
      -49.43400090058754,
      -20.814877645911942
     ],
     [
      -49.4340372076022,
      -20.81488280684948
     ],
     [
      -49.43407212703986,
      -20.81489400807544
     ],
     [
      -49.434104661550016,
      -20.814910929666343
     ],
     [
      -49.43413388189919,
      -20.814933088316653
     ],
     [
      -49.43415895351123,
      -20.81495985114272
     ],
     [
      -49.43417916030401,
      -20.814990453758867
     ],
     [
      -49.43419392514181,
      -20.815024022109352
     ],
     [
      -49.434202826319144,
      -20.815059597432704
     ],
     [
      -49.43420560960528,
      -20.815096163645357
     ],
     [
      -49.43420219550548,
      -20.815132676362484
     ],
     [
      -49.43419268153145,
      -20.815168092727173
     ]
    ],
    "type": "LineString"
   },
   "id": 36,
   "properties": {
    "DOCNAME": "Anel Viário J. Hawilla",
    "LAYER": "VIÁRIO-EXISTENTE-DUPLO",
    "OBJECTID": 36,
    "SHAPE.LEN": 146.887010797408
   },
   "type": "Feature"
  },
  {
   "geometry": {
    "coordinates": [
     [
      -49.43412814680643,
      -20.81525738920302
     ],
     [
      -49.434121771717095,
      -20.81537934923943
     ],
     [
      -49.43412177111792,
      -20.815530422216654
     ],
     [
      -49.43417406088588,
      -20.815854784421333
     ],
     [
      -49.434221597286566,
      -20.816103610067866
     ],
     [
      -49.43429052460261,
      -20.816443522367607
     ],
     [
      -49.434323799313425,
      -20.81662125390639
     ],
     [
      -49.434342813319056,
      -20.81679454269889
     ],
     [
      -49.43433568326852,
      -20.816930062952682
     ],
     [
      -49.434330929397355,
      -20.81701004195866
     ],
     [
      -49.434323799779584,
      -20.81707446921023
     ],
     [
      -49.434311915220434,
      -20.81715667032035
     ],
     [
      -49.434300031416456,
      -20.817214432736506
     ],
     [
      -49.43427864019308,
      -20.817298855022702
     ],
     [
      -49.43424061120577,
      -20.81737883361784
     ],
     [
      -49.434214466948525,
      -20.81744103933338
     ],
     [
      -49.43417881464073,
      -20.817496580144827
     ],
     [
      -49.434150292892355,
      -20.81754767755881
     ],
     [
      -49.4341289021181,
      -20.817603218546104
     ],
     [
      -49.43407981050933,
      -20.817699116603887
     ]
    ],
    "type": "LineString"
   },
   "id": 37,
   "properties": {
    "DOCNAME": "Anel Viário J. Hawilla",
    "LAYER": "VIÁRIO-EXISTENTE-DUPLO",
    "OBJECTID": 37,
    "SHAPE.LEN": 277.483506477495
   },
   "type": "Feature"
  },
  {
   "geometry": {
    "coordinates": [
     [
      -49.43395850337174,
      -20.815303420781035
     ],
     [
      -49.43399580174313,
      -20.815561525007265
     ],
     [
      -49.43406472850273,
      -20.815883666153148
     ],
     [
      -49.43413127887679,
      -20.81617025939346
     ],
     [
      -49.43418119148914,
      -20.81646573937198
     ],
     [
      -49.43420495922036,
      -20.81668123905305
     ],
     [
      -49.434214466704226,
      -20.816758996041056
     ],
     [
      -49.43422635093967,
      -20.816894516515173
     ],
     [
      -49.43421684341195,
      -20.81704114497428
     ],
     [
      -49.434181191717684,
      -20.817189994398788
     ],
     [
      -49.43413840946402,
      -20.817345509390826
     ],
     [
      -49.43406710496536,
      -20.817438817952233
     ],
     [
      -49.43396014937489,
      -20.817512131682626
     ],
     [
      -49.43383420383883,
      -20.81753862478033
     ]
    ],
    "type": "LineString"
   },
   "id": 38,
   "properties": {
    "DOCNAME": "Anel Viário J. Hawilla",
    "LAYER": "VIÁRIO-EXISTENTE-DUPLO",
    "OBJECTID": 38,
    "SHAPE.LEN": 269.38306429701703
   },
   "type": "Feature"
  },
  {
   "geometry": {
    "coordinates": [
     [
      -49.43448644913382,
      -20.81425828511769
     ],
     [
      -49.43420906844765,
      -20.815005126196024
     ]
    ],
    "type": "LineString"
   },
   "id": 39,
   "properties": {
    "DOCNAME": "Anel Viário J. Hawilla",
    "LAYER": "PAVIMENTO-NOVO",
    "OBJECTID": 39,
    "SHAPE.LEN": 87.5766278455616
   },
   "type": "Feature"
  },
  {
   "geometry": {
    "coordinates": [
     [
      -49.434150253246685,
      -20.814283128740154
     ],
     [
      -49.43404201247697,
      -20.8148060573646
     ]
    ],
    "type": "LineString"
   },
   "id": 40,
   "properties": {
    "DOCNAME": "Anel Viário J. Hawilla",
    "LAYER": "PAVIMENTO-NOVO",
    "OBJECTID": 40,
    "SHAPE.LEN": 58.9778773656699
   },
   "type": "Feature"
  },
  {
   "geometry": {
    "coordinates": [
     [
      -49.43400316119198,
      -20.8180411118733
     ],
     [
      -49.43398061914347,
      -20.8181237205392
     ],
     [
      -49.43399342492717,
      -20.81818306346315
     ],
     [
      -49.434001596023975,
      -20.81823589349277
     ],
     [
      -49.43401073710792,
      -20.81829499065436
     ],
     [
      -49.434207336624304,
      -20.818714030246348
     ],
     [
      -49.434352321305944,
      -20.819029499347756
     ],
     [
      -49.43445452298311,
      -20.81917834769286
     ],
     [
      -49.43459020449515,
      -20.81929794929164
     ]
    ],
    "type": "LineString"
   },
   "id": 41,
   "properties": {
    "DOCNAME": "Anel Viário J. Hawilla",
    "LAYER": "VIÁRIO-EXISTENTE-DUPLO",
    "OBJECTID": 41,
    "SHAPE.LEN": 156.38841499102102
   },
   "type": "Feature"
  },
  {
   "geometry": {
    "coordinates": [
     [
      -49.43374763652659,
      -20.81811436351701
     ],
     [
      -49.43386248968729,
      -20.818230181868746
     ],
     [
      -49.43392449737841,
      -20.81830969581251
     ],
     [
      -49.434347567547015,
      -20.819176126032747
     ],
     [
      -49.43439706455759,
      -20.819382392861833
     ]
    ],
    "type": "LineString"
   },
   "id": 42,
   "properties": {
    "DOCNAME": "Anel Viário J. Hawilla",
    "LAYER": "VIÁRIO-EXISTENTE-DUPLO",
    "OBJECTID": 42,
    "SHAPE.LEN": 157.400235840595
   },
   "type": "Feature"
  },
  {
   "geometry": {
    "coordinates": [
     [
      -49.42027063840492,
      -20.837922545063623
     ],
     [
      -49.4202640062245,
      -20.837968669450913
     ],
     [
      -49.420250836175086,
      -20.838013368385106
     ],
     [
      -49.42023139982584,
      -20.838055720164853
     ],
     [
      -49.42020609795834,
      -20.838094851487615
     ],
     [
      -49.42017545230238,
      -20.838129955457344
     ],
     [
      -49.420140094777786,
      -20.838160308222857
     ],
     [
      -49.420100754464094,
      -20.838185283903798
     ],
     [
      -49.42005824256678,
      -20.838204367496402
     ],
     [
      -49.42001343569005,
      -20.838217165493017
     ],
     [
      -49.41996725776105,
      -20.838223413996275
     ],
     [
      -49.41992066097831,
      -20.838222984160733
     ],
     [
      -49.41987460617723,
      -20.838215884849692
     ],
     [
      -49.41983004301742,
      -20.83820226245243
     ],
     [
      -49.41978789040053,
      -20.83818239786562
     ],
     [
      -49.41974901752233,
      -20.838156700701187
     ],
     [
      -49.41971422594967,
      -20.838125700840028
     ],
     [
      -49.41968423309205,
      -20.83809003750575
     ],
     [
      -49.41965965740846,
      -20.838050446083756
     ],
     [
      -49.41964100565461,
      -20.838007742957423
     ],
     [
      -49.41962866243358,
      -20.83796280867414
     ],
     [
      -49.419622882265145,
      -20.837916569788202
     ],
     [
      -49.41962951452437,
      -20.83787044546793
     ],
     [
      -49.41964268463377,
      -20.83782574660887
     ],
     [
      -49.41966212102367,
      -20.837783394908428
     ],
     [
      -49.419687422912695,
      -20.837744263665222
     ],
     [
      -49.41971806857197,
      -20.837709159771553
     ],
     [
      -49.41975342608325,
      -20.837678807075147
     ],
     [
      -49.41979276636917,
      -20.83765383145331
     ],
     [
      -49.41983527822695,
      -20.83763474790723
     ],
     [
      -49.419880085055496,
      -20.83762194994259
     ],
     [
      -49.41992626293105,
      -20.837615701455398
     ],
     [
      -49.419972859658664,
      -20.837616131290428
     ],
     [
      -49.420018914406604,
      -20.83762323058442
     ],
     [
      -49.42006347751882,
      -20.83763685294883
     ],
     [
      -49.42010563009705,
      -20.83765671748839
     ],
     [
      -49.42014450294858,
      -20.83768241459322
     ],
     [
      -49.420179294509204,
      -20.837713414385036
     ],
     [
      -49.42020928737154,
      -20.837749077643323
     ],
     [
      -49.420233863078124,
      -20.837788668986178
     ],
     [
      -49.42025251487407,
      -20.837831372033968
     ],
     [
      -49.42026485815647,
      -20.837876306243235
     ],
     [
      -49.42027063840492,
      -20.837922545063623
     ]
    ],
    "type": "LineString"
   },
   "id": 43,
   "properties": {
    "DOCNAME": "Anel Viário J. Hawilla",
    "LAYER": "VIÁRIO-EXISTENTE-DUPLO",
    "OBJECTID": 43,
    "SHAPE.LEN": 211.604665714143
   },
   "type": "Feature"
  },
  {
   "geometry": {
    "coordinates": [
     [
      -49.41182417676107,
      -20.84230793535887
     ],
     [
      -49.414393154453656,
      -20.841659282038425
     ]
    ],
    "type": "LineString"
   },
   "id": 44,
   "properties": {
    "DOCNAME": "Anel Viário J. Hawilla",
    "LAYER": "VIÁRIO-EXISTENTE-DUPLO",
    "OBJECTID": 44,
    "SHAPE.LEN": 276.83690758251504
   },
   "type": "Feature"
  },
  {
   "geometry": {
    "coordinates": [
     [
      -49.41516178195487,
      -20.841833079277414
     ],
     [
      -49.41515468320278,
      -20.84188477502185
     ],
     [
      -49.41514103214071,
      -20.841935138607692
     ],
     [
      -49.41512105291079,
      -20.84198334309551
     ],
     [
      -49.41509507355981,
      -20.84202859699697
     ],
     [
      -49.41506352065291,
      -20.842070157270545
     ],
     [
      -49.415026912269596,
      -20.842107341521857
     ],
     [
      -49.41498584949725,
      -20.842139539208127
     ],
     [
      -49.414941006561584,
      -20.842166221662954
     ],
     [
      -49.414893119756314,
      -20.842186950776664
     ],
     [
      -49.41484297535363,
      -20.842201386189835
     ],
     [
      -49.41479139669409,
      -20.842209290881772
     ],
     [
      -49.4147392306679,
      -20.84221053506224
     ],
     [
      -49.41468733380943,
      -20.842205098302557
     ],
     [
      -49.414636558233525,
      -20.842193069871005
     ],
     [
      -49.414587737644226,
      -20.84217464726711
     ],
     [
      -49.41454167364588,
      -20.842150132978812
     ],
     [
      -49.414499122581304,
      -20.8421199295158
     ],
     [
      -49.41446078311308,
      -20.842084532800552
     ],
     [
      -49.41442728475193,
      -20.842044524025585
     ],
     [
      -49.41439917752056,
      -20.842000560110627
     ],
     [
      -49.41437692292258,
      -20.841953362916396
     ],
     [
      -49.41436088636496,
      -20.841903707392092
     ],
     [
      -49.41435133115821,
      -20.841852408851196
     ],
     [
      -49.41435477904959,
      -20.841800347394845
     ],
     [
      -49.41436488367923,
      -20.841749159704406
     ],
     [
      -49.41438147773441,
      -20.8416996933469
     ],
     [
      -49.41440428645037,
      -20.84165276738747
     ],
     [
      -49.41443293215984,
      -20.841609158827286
     ],
     [
      -49.41446694054647,
      -20.841569589737944
     ],
     [
      -49.41450574849856,
      -20.841534715305386
     ],
     [
      -49.41454871343312,
      -20.841505112981306
     ],
     [
      -49.41459512393571,
      -20.84148127292171
     ],
     [
      -49.41464421154011,
      -20.84146358987087
     ],
     [
      -49.41469516345257,
      -20.84145235662518
     ],
     [
      -49.4147471360101,
      -20.84144775918499
     ],
     [
      -49.41479926864983,
      -20.84144987367483
     ],
     [
      -49.41485069815825,
      -20.841458665082918
     ],
     [
      -49.41490057296431,
      -20.84147398784091
     ],
     [
      -49.41494806723977,
      -20.841495588234213
     ],
     [
      -49.41499239457327,
      -20.84152310860299
     ],
     [
      -49.41503282099174,
      -20.8415560932643
     ],
     [
      -49.41506867711357,
      -20.84159399605733
     ],
     [
      -49.41509936923222,
      -20.84163618938672
     ],
     [
      -49.41512438914686,
      -20.84168197461429
     ],
     [
      -49.41514332257713,
      -20.84173059362714
     ],
     [
      -49.415155856022835,
      -20.84178124139048
     ],
     [
      -49.41516178195487,
      -20.841833079277414
     ]
    ],
    "type": "LineString"
   },
   "id": 45,
   "properties": {
    "DOCNAME": "Anel Viário J. Hawilla",
    "LAYER": "VIÁRIO-EXISTENTE-DUPLO",
    "OBJECTID": 45,
    "SHAPE.LEN": 265.032814746699
   },
   "type": "Feature"
  },
  {
   "geometry": {
    "coordinates": [
     [
      -49.41081251373563,
      -20.84302171079604
     ],
     [
      -49.41460254202469,
      -20.842182205751172
     ]
    ],
    "type": "LineString"
   },
   "id": 46,
   "properties": {
    "DOCNAME": "Anel Viário J. Hawilla",
    "LAYER": "VIÁRIO-EXISTENTE-DUPLO",
    "OBJECTID": 46,
    "SHAPE.LEN": 405.23922368158003
   },
   "type": "Feature"
  },
  {
   "geometry": {
    "coordinates": [
     [
      -49.41508452732168,
      -20.842052222000458
     ],
     [
      -49.41757304441282,
      -20.841508872318702
     ]
    ],
    "type": "LineString"
   },
   "id": 47,
   "properties": {
    "DOCNAME": "Anel Viário J. Hawilla",
    "LAYER": "VIÁRIO-EXISTENTE-DUPLO",
    "OBJECTID": 47,
    "SHAPE.LEN": 265.881011089867
   },
   "type": "Feature"
  },
  {
   "geometry": {
    "coordinates": [
     [
      -49.41508819250739,
      -20.841610279599035
     ],
     [
      -49.41991708054302,
      -20.838262592084014
     ]
    ],
    "type": "LineString"
   },
   "id": 48,
   "properties": {
    "DOCNAME": "Anel Viário J. Hawilla",
    "LAYER": "PAVIMENTO-NOVO",
    "OBJECTID": 48,
    "SHAPE.LEN": 624.439054479178
   },
   "type": "Feature"
  },
  {
   "geometry": {
    "coordinates": [
     [
      -49.42661682031514,
      -20.830700974929076
     ],
     [
      -49.426610354500156,
      -20.830742600386873
     ],
     [
      -49.4265973033891,
      -20.83078265227822
     ],
     [
      -49.426578004145696,
      -20.83082009589856
     ],
     [
      -49.42655295534851,
      -20.830853963925666
     ],
     [
      -49.42652280411069,
      -20.830883381409542
     ],
     [
      -49.42648832936231,
      -20.830907588375982
     ],
     [
      -49.42645042172746,
      -20.83092595945979
     ],
     [
      -49.426410060515764,
      -20.830938020060554
     ],
     [
      -49.4263682884228,
      -20.830943458603514
     ],
     [
      -49.42632618459298,
      -20.830942134588803
     ],
     [
      -49.426284836740855,
      -20.83093408222115
     ],
     [
      -49.42624531305096,
      -20.830919509526233
     ],
     [
      -49.426208634582245,
      -20.830898792976498
     ],
     [
      -49.42617574888993,
      -20.83087246776536
     ],
     [
      -49.42614750554628,
      -20.830841213980953
     ],
     [
      -49.426124634192654,
      -20.830805839036667
     ],
     [
      -49.42610772568988,
      -20.83076725681234
     ],
     [
      -49.4260972168539,
      -20.830726464045007
     ],
     [
      -49.426098586369264,
      -20.83068347346125
     ],
     [
      -49.426107021717655,
      -20.830641296325716
     ],
     [
      -49.42612229224522,
      -20.830601085918452
     ],
     [
      -49.42614398039882,
      -20.830563941741822
     ],
     [
      -49.42617149314354,
      -20.83053087945602
     ],
     [
      -49.426204078178415,
      -20.830502803107134
     ],
     [
      -49.42624084450717,
      -20.83048048040716
     ],
     [
      -49.426280786801385,
      -20.830464521741895
     ],
     [
      -49.42632281288991,
      -20.83045536348071
     ],
     [
      -49.42636577362288,
      -20.830453256044585
     ],
     [
      -49.426408494293774,
      -20.830458257058687
     ],
     [
      -49.42644980676028,
      -20.830470229776648
     ],
     [
      -49.42648858138563,
      -20.83048884681975
     ],
     [
      -49.426523757927065,
      -20.830513599128665
     ],
     [
      -49.426554374526894,
      -20.830543809883032
     ],
     [
      -49.42657959401318,
      -20.830578653008264
     ],
     [
      -49.4265987267912,
      -20.830617175763482
     ],
     [
      -49.426611249699505,
      -20.830658324793017
     ],
     [
      -49.42661682031514,
      -20.830700974929076
     ]
    ],
    "type": "LineString"
   },
   "id": 50,
   "properties": {
    "DOCNAME": "Anel Viário J. Hawilla",
    "LAYER": "VIÁRIO-EXISTENTE-DUPLO",
    "OBJECTID": 50,
    "SHAPE.LEN": 170.26179110331302
   },
   "type": "Feature"
  },
  {
   "geometry": {
    "coordinates": [
     [
      -49.4200154119037,
      -20.837598672811144
     ],
     [
      -49.42246591172057,
      -20.835897281054287
     ],
     [
      -49.423844297919985,
      -20.834654032911306
     ],
     [
      -49.4244385189551,
      -20.833820193208155
     ],
     [
      -49.42530276426738,
      -20.832368888722474
     ],
     [
      -49.42567162720011,
      -20.831678860261498
     ],
     [
      -49.4261971577078,
      -20.830892744100524
     ]
    ],
    "type": "LineString"
   },
   "id": 51,
   "properties": {
    "DOCNAME": "Anel Viário J. Hawilla",
    "LAYER": "VIÁRIO-EXISTENTE-DUPLO",
    "OBJECTID": 51,
    "SHAPE.LEN": 999.3952547785291
   },
   "type": "Feature"
  },
  {
   "geometry": {
    "coordinates": [
     [
      -49.436959012261944,
      -20.82320351240107
     ],
     [
      -49.43695238934876,
      -20.823249636657895
     ],
     [
      -49.43693922807076,
      -20.823294336666933
     ],
     [
      -49.43691979985157,
      -20.82333669058465
     ],
     [
      -49.43689450535731,
      -20.823375824950705
     ],
     [
      -49.436863866233615,
      -20.823410932701222
     ],
     [
      -49.4368285143479,
      -20.823441289812795
     ],
     [
      -49.436789178758346,
      -20.823466270233943
     ],
     [
      -49.436746670678616,
      -20.82348535879609
     ],
     [
      -49.436701866748336,
      -20.82349816183785
     ],
     [
      -49.4366556909542,
      -20.823504415323455
     ],
     [
      -49.43660909557469,
      -20.823503990287936
     ],
     [
      -49.436563041541376,
      -20.823496895496756
     ],
     [
      -49.43651847862168,
      -20.823483277265037
     ],
     [
      -49.43647632583197,
      -20.823463416440124
     ],
     [
      -49.43643745248474,
      -20.8234377226097
     ],
     [
      -49.436402660260896,
      -20.8234067256549
     ],
     [
      -49.43637266667678,
      -20.823371064822624
     ],
     [
      -49.436348090286884,
      -20.823331475542425
     ],
     [
      -49.43632943792749,
      -20.823288774259826
     ],
     [
      -49.43631709426421,
      -20.823243841598835
     ],
     [
      -49.43631131385912,
      -20.823197604200946
     ],
     [
      -49.43631793685105,
      -20.82315148001107
     ],
     [
      -49.436331098188994,
      -20.823106780077097
     ],
     [
      -49.43635052644881,
      -20.823064426238616
     ],
     [
      -49.4363758209646,
      -20.823025291952053
     ],
     [
      -49.43640646009161,
      -20.822990184277536
     ],
     [
      -49.43644181196403,
      -20.82295982723502
     ],
     [
      -49.436481147525846,
      -20.822934846872933
     ],
     [
      -49.43652365556608,
      -20.822915758357283
     ],
     [
      -49.4365684594482,
      -20.822902955347473
     ],
     [
      -49.43661463518894,
      -20.822896701877927
     ],
     [
      -49.436661230513366,
      -20.822897126912945
     ],
     [
      -49.43670728449358,
      -20.822904221687097
     ],
     [
      -49.43675184736571,
      -20.822917839885992
     ],
     [
      -49.436794000116784,
      -20.822937700663694
     ],
     [
      -49.43683287343735,
      -20.82296339443456
     ],
     [
      -49.43686766564916,
      -20.822994391320073
     ],
     [
      -49.436897659237985,
      -20.82303005207642
     ],
     [
      -49.43692223565084,
      -20.82306964127753
     ],
     [
      -49.43694088805231,
      -20.82311234248165
     ],
     [
      -49.4369532317769,
      -20.82315727506868
     ],
     [
      -49.436959012261944,
      -20.82320351240107
     ]
    ],
    "type": "LineString"
   },
   "id": 52,
   "properties": {
    "DOCNAME": "Anel Viário J. Hawilla",
    "LAYER": "VIÁRIO-EXISTENTE-DUPLO",
    "OBJECTID": 52,
    "SHAPE.LEN": 211.604665714143
   },
   "type": "Feature"
  },
  {
   "geometry": {
    "coordinates": [
     [
      -49.43494702857656,
      -20.819603822326336
     ],
     [
      -49.434963084840234,
      -20.819664454329757
     ],
     [
      -49.43498529202847,
      -20.819723113380487
     ],
     [
      -49.43501341460083,
      -20.819779177311553
     ],
     [
      -49.43504715427535,
      -20.819832051481097
     ],
     [
      -49.43508615319232,
      -20.81988117507947
     ],
     [
      -49.4351299977099,
      -20.819926027077425
     ],
     [
      -49.435178222791386,
      -20.819966131752437
     ],
     [
      -49.435230316937655,
      -20.820001063734438
     ],
     [
      -49.43572101255112,
      -20.82037108016216
     ],
     [
      -49.43621541339889,
      -20.820736131040242
     ],
     [
      -49.436548164482005,
      -20.82110824668561
     ],
     [
      -49.436922510565545,
      -20.821813596789788
     ],
     [
      -49.43704134970057,
      -20.822202370204984
     ],
     [
      -49.437052086308135,
      -20.822284282529335
     ],
     [
      -49.437056525417596,
      -20.822366776152908
     ],
     [
      -49.43705464101418,
      -20.82244936763338
     ],
     [
      -49.43704644414116,
      -20.822531572954958
     ],
     [
      -49.43703198283517,
      -20.822612910364874
     ],
     [
      -49.43701134184467,
      -20.82269290319664
     ],
     [
      -49.43698464213329,
      -20.822771082663472
     ],
     [
      -49.43695204017094,
      -20.82284699060557
     ],
     [
      -49.436913727016844,
      -20.822920182175075
     ],
     [
      -49.436869927199886,
      -20.82299022844305
     ]
    ],
    "type": "LineString"
   },
   "id": 53,
   "properties": {
    "DOCNAME": "Anel Viário J. Hawilla",
    "LAYER": "VIÁRIO-EXISTENTE-DUPLO",
    "OBJECTID": 53,
    "SHAPE.LEN": 462.15055787348604
   },
   "type": "Feature"
  },
  {
   "geometry": {
    "coordinates": [
     [
      -49.43656919070103,
      -20.823498707159235
     ],
     [
      -49.43647841946166,
      -20.82355641685681
     ],
     [
      -49.43639088258147,
      -20.823618923830008
     ],
     [
      -49.436306833330555,
      -20.82368604722766
     ],
     [
      -49.43622651488826,
      -20.823757592841922
     ],
     [
      -49.43615015963962,
      -20.823833353670157
     ],
     [
      -49.43607798850293,
      -20.82391311051388
     ],
     [
      -49.436010210290654,
      -20.82399663261295
     ],
     [
      -49.43594702110522,
      -20.82408367831322
     ],
     [
      -49.43588860377162,
      -20.824173995765726
     ],
     [
      -49.43558556166008,
      -20.82448501049647
     ],
     [
      -49.43507455034982,
      -20.824823792822833
     ],
     [
      -49.43367818163458,
      -20.825590217333403
     ],
     [
      -49.433095866524766,
      -20.82599564317151
     ],
     [
      -49.431455876736905,
      -20.827234128496798
     ],
     [
      -49.43092347419095,
      -20.827597341599233
     ],
     [
      -49.43093076254304,
      -20.827638402523796
     ],
     [
      -49.430931032691724,
      -20.827680104401715
     ],
     [
      -49.430924276922056,
      -20.82772125630542
     ],
     [
      -49.43091068816618,
      -20.827760683013576
     ],
     [
      -49.430890654493524,
      -20.827797258573206
     ],
     [
      -49.43086474802827,
      -20.827829938454794
     ],
     [
      -49.430833708610585,
      -20.827857789382097
     ],
     [
      -49.43079842266811,
      -20.82788001598477
     ],
     [
      -49.43075989790133,
      -20.82789598351265
     ],
     [
      -49.43071923450545,
      -20.827905235963026
     ],
     [
      -49.43067759375094,
      -20.82790750910324
     ],
     [
      -49.43063616481981,
      -20.827902738016665
     ],
     [
      -49.43059613084476,
      -20.8278910589566
     ],
     [
      -49.43055863512118,
      -20.827872805455137
     ],
     [
      -49.428949831810904,
      -20.829184552336315
     ],
     [
      -49.42860421789655,
      -20.829596381598865
     ],
     [
      -49.42822937420966,
      -20.8298832321821
     ],
     [
      -49.42762329123949,
      -20.83007205462889
     ],
     [
      -49.42720735101734,
      -20.83022200226018
     ],
     [
      -49.42660377954676,
      -20.830621089636978
     ]
    ],
    "type": "LineString"
   },
   "id": 54,
   "properties": {
    "DOCNAME": "Anel Viário J. Hawilla",
    "LAYER": "VIÁRIO-EXISTENTE-DUPLO",
    "OBJECTID": 54,
    "SHAPE.LEN": 1328.9584856995
   },
   "type": "Feature"
  },
  {
   "geometry": {
    "coordinates": [
     [
      -49.420323453010404,
      -20.837889917202197
     ],
     [
      -49.42248859760718,
      -20.836437332129943
     ],
     [
      -49.42355754808592,
      -20.835492012462865
     ],
     [
      -49.423889980506814,
      -20.83509708708861
     ],
     [
      -49.424570184931724,
      -20.83392715548911
     ]
    ],
    "type": "LineString"
   },
   "id": 55,
   "properties": {
    "DOCNAME": "Anel Viário J. Hawilla",
    "LAYER": "PAVIMENTO-NOVO",
    "OBJECTID": 55,
    "SHAPE.LEN": 632.936388414379
   },
   "type": "Feature"
  },
  {
   "geometry": {
    "coordinates": [
     [
      -49.411794200036475,
      -20.8423067513332
     ],
     [
      -49.408585815775815,
      -20.84302114635774
     ]
    ],
    "type": "LineString"
   },
   "id": 56,
   "properties": {
    "DOCNAME": "Anel Viário J. Hawilla",
    "LAYER": "PAVIMENTO-NOVO",
    "OBJECTID": 56,
    "SHAPE.LEN": 343.14348193438
   },
   "type": "Feature"
  },
  {
   "geometry": {
    "coordinates": [
     [
      -49.41081251373563,
      -20.84302171079604
     ],
     [
      -49.404181488257066,
      -20.844458459023812
     ],
     [
      -49.40275696338999,
      -20.84452562913392
     ]
    ],
    "type": "LineString"
   },
   "id": 57,
   "properties": {
    "DOCNAME": "Anel Viário J. Hawilla",
    "LAYER": "PAVIMENTO-NOVO",
    "OBJECTID": 57,
    "SHAPE.LEN": 856.635834042201
   },
   "type": "Feature"
  },
  {
   "geometry": {
    "coordinates": [
     [
      -49.402933644512636,
      -20.844014398675718
     ],
     [
      -49.40422854717909,
      -20.844056639280964
     ],
     [
      -49.40657778128401,
      -20.843549693080586
     ],
     [
      -49.4067246640735,
      -20.84388880878705
     ]
    ],
    "type": "LineString"
   },
   "id": 58,
   "properties": {
    "DOCNAME": "Anel Viário J. Hawilla",
    "LAYER": "PAVIMENTO-NOVO",
    "OBJECTID": 58,
    "SHAPE.LEN": 426.22810388368805
   },
   "type": "Feature"
  },
  {
   "geometry": {
    "coordinates": [
     [
      -49.40877880969632,
      -20.84299276973407
     ],
     [
      -49.40898845549185,
      -20.84341708899622
     ]
    ],
    "type": "LineString"
   },
   "id": 59,
   "properties": {
    "DOCNAME": "Anel Viário J. Hawilla",
    "LAYER": "PAVIMENTO-NOVO",
    "OBJECTID": 59,
    "SHAPE.LEN": 51.7952483490523
   },
   "type": "Feature"
  },
  {
   "geometry": {
    "coordinates": [
     [
      -49.408585815775815,
      -20.84302114635774
     ],
     [
      -49.40657778128401,
      -20.843549693080586
     ]
    ],
    "type": "LineString"
   },
   "id": 60,
   "properties": {
    "DOCNAME": "Anel Viário J. Hawilla",
    "LAYER": "VIÁRIO-EXISTENTE-DUPLO",
    "OBJECTID": 60,
    "SHAPE.LEN": 217.018058797534
   },
   "type": "Feature"
  },
  {
   "geometry": {
    "coordinates": [
     [
      -49.40275696338999,
      -20.84452562913392
     ],
     [
      -49.384412188539706,
      -20.84448164069863
     ],
     [
      -49.379925012857,
      -20.847523550128674
     ],
     [
      -49.378427845253036,
      -20.847847479733712
     ],
     [
      -49.375980769430356,
      -20.847807382032553
     ],
     [
      -49.37579057750884,
      -20.847683822860272
     ],
     [
      -49.37562376629927,
      -20.84759141999395
     ],
     [
      -49.37540539226558,
      -20.847565448404314
     ],
     [
      -49.37507891084505,
      -20.84766273040963
     ],
     [
      -49.37476259758522,
      -20.847760108285158
     ],
     [
      -49.37461583549199,
      -20.847959794122826
     ],
     [
      -49.37460792538312,
      -20.848006621752564
     ],
     [
      -49.374593486119366,
      -20.848051864480066
     ],
     [
      -49.37457280670269,
      -20.848094616771878
     ],
     [
      -49.37454630103172,
      -20.848134022940634
     ],
     [
      -49.374514499617625,
      -20.84816929427164
     ],
     [
      -49.37447803896588,
      -20.848199724808996
     ],
     [
      -49.374437648836654,
      -20.84822470548533
     ],
     [
      -49.3743941376386,
      -20.84824373631226
     ],
     [
      -49.37434837624861,
      -20.848256436387672
     ],
     [
      -49.374301280581165,
      -20.848262551519483
     ],
     [
      -49.374253793256315,
      -20.848261959313298
     ],
     [
      -49.37340270000052,
      -20.84866945038772
     ],
     [
      -49.37043490955175,
      -20.849641856734763
     ]
    ],
    "type": "LineString"
   },
   "id": 61,
   "properties": {
    "DOCNAME": "Anel Viário J. Hawilla",
    "LAYER": "VIÁRIO-EXISTENTE-DUPLO",
    "OBJECTID": 61,
    "SHAPE.LEN": 3546.17798759058
   },
   "type": "Feature"
  },
  {
   "geometry": {
    "coordinates": [
     [
      -49.37045696798792,
      -20.849735268001613
     ],
     [
      -49.370451650228645,
      -20.849771446386164
     ],
     [
      -49.3704404348857,
      -20.84980625112945
     ],
     [
      -49.37042362951414,
      -20.849838727791216
     ],
     [
      -49.370401694962744,
      -20.8498679857735
     ],
     [
      -49.370375232736265,
      -20.84989322274325
     ],
     [
      -49.37034496850057,
      -20.849913746634456
     ],
     [
      -49.3703117321829,
      -20.849928994626477
     ],
     [
      -49.37027643521305,
      -20.849938548578102
     ],
     [
      -49.37024004552944,
      -20.849942146494126
     ],
     [
      -49.370203561035694,
      -20.84993968970995
     ],
     [
      -49.370167982235365,
      -20.849931245597244
     ],
     [
      -49.370134284795434,
      -20.84991704571644
     ],
     [
      -49.37010339279092,
      -20.849897479466687
     ],
     [
      -49.370076153364174,
      -20.849873083407516
     ],
     [
      -49.370053313494004,
      -20.84984452654489
     ],
     [
      -49.37003549951146,
      -20.849812591985263
     ],
     [
      -49.370023199924155,
      -20.84977815546069
     ],
     [
      -49.37001675202006,
      -20.84974216131387
     ],
     [
      -49.37001633261816,
      -20.84970559660172
     ],
     [
      -49.370026581043156,
      -20.849669123424942
     ],
     [
      -49.3700428699296,
      -20.849634918235022
     ],
     [
      -49.37006472682515,
      -20.849603973139185
     ],
     [
      -49.37009151777968,
      -20.849577185687004
     ],
     [
      -49.370122465732756,
      -20.849555332837323
     ],
     [
      -49.37015667305195,
      -20.849539048422912
     ],
     [
      -49.370193147568266,
      -20.849528804766404
     ],
     [
      -49.37023083135361,
      -20.84952489898077
     ],
     [
      -49.370268631405544,
      -20.84952744435169
     ],
     [
      -49.37030545134936,
      -20.849536367051748
     ],
     [
      -49.370340223237996,
      -20.849551408281755
     ],
     [
      -49.37037193852735,
      -20.849572131777123
     ],
     [
      -49.37039967732871,
      -20.84959793646154
     ],
     [
      -49.37042263508976,
      -20.84962807388092
     ],
     [
      -49.370440145930225,
      -20.849661669912013
     ],
     [
      -49.37045170195551,
      -20.849697750115986
     ],
     [
      -49.37045696798792,
      -20.849735268001613
     ]
    ],
    "type": "LineString"
   },
   "id": 62,
   "properties": {
    "DOCNAME": "Anel Viário J. Hawilla",
    "LAYER": "VIÁRIO-EXISTENTE-DUPLO",
    "OBJECTID": 62,
    "SHAPE.LEN": 144.53085693054
   },
   "type": "Feature"
  },
  {
   "geometry": {
    "coordinates": [
     [
      -49.402933644512636,
      -20.844014398675718
     ],
     [
      -49.38401068149185,
      -20.843975493759594
     ]
    ],
    "type": "LineString"
   },
   "id": 63,
   "properties": {
    "DOCNAME": "Anel Viário J. Hawilla",
    "LAYER": "VIÁRIO-EXISTENTE-DUPLO",
    "OBJECTID": 63,
    "SHAPE.LEN": 1969.3620894324602
   },
   "type": "Feature"
  },
  {
   "geometry": {
    "coordinates": [
     [
      -49.38294684600427,
      -20.844548650454715
     ],
     [
      -49.37957532665645,
      -20.84690569622552
     ],
     [
      -49.37803116202063,
      -20.847250566448995
     ],
     [
      -49.37776529167805,
      -20.847197991735044
     ],
     [
      -49.37582657392661,
      -20.84717270225124
     ],
     [
      -49.37561677920371,
      -20.84729499280001
     ],
     [
      -49.375218089461356,
      -20.847487190742672
     ],
     [
      -49.37474379979412,
      -20.84761652975545
     ],
     [
      -49.37450162943259,
      -20.847617296676205
     ],
     [
      -49.374491793041784,
      -20.847570937079613
     ],
     [
      -49.3744753159116,
      -20.847526502060077
     ],
     [
      -49.374452548743186,
      -20.847484937377686
     ],
     [
      -49.374423976115565,
      -20.84744712769994
     ],
     [
      -49.37439020617186,
      -20.84741387777239
     ],
     [
      -49.374351957675444,
      -20.847385895290326
     ],
     [
      -49.37431004471174,
      -20.84736377583614
     ],
     [
      -49.374265359361104,
      -20.84734799020284
     ],
     [
      -49.3742188527117,
      -20.847338874373676
     ],
     [
      -49.37417151461643,
      -20.847336622371003
     ],
     [
      -49.37412435262477,
      -20.847341282126706
     ],
     [
      -49.37407837053801,
      -20.847352754462012
     ],
     [
      -49.37403454704419,
      -20.847370795198405
     ],
     [
      -49.373803641143326,
      -20.847451136592042
     ],
     [
      -49.37022573898083,
      -20.848581483683525
     ]
    ],
    "type": "LineString"
   },
   "id": 64,
   "properties": {
    "DOCNAME": "Anel Viário J. Hawilla",
    "LAYER": "VIÁRIO-EXISTENTE-DUPLO",
    "OBJECTID": 64,
    "SHAPE.LEN": 1465.50533548712
   },
   "type": "Feature"
  },
  {
   "geometry": {
    "coordinates": [
     [
      -49.37001633261816,
      -20.84970559660172
     ],
     [
      -49.3695272353327,
      -20.84978833512651
     ],
     [
      -49.36897319384032,
      -20.849952103312273
     ],
     [
      -49.368473197507086,
      -20.850201528435377
     ],
     [
      -49.368297634127266,
      -20.85027203195496
     ],
     [
      -49.36812451944682,
      -20.85034835072083
     ],
     [
      -49.3679540460231,
      -20.850430399842782
     ],
     [
      -49.36778640347555,
      -20.850518088056692
     ],
     [
      -49.367621778274795,
      -20.850611317825997
     ],
     [
      -49.36746035353525,
      -20.850709985450216
     ],
     [
      -49.3673023088114,
      -20.850813981180277
     ],
     [
      -49.36714781989811,
      -20.850923189340588
     ],
     [
      -49.366997058635086,
      -20.851037488457735
     ],
     [
      -49.366850192715724,
      -20.851156751395553
     ],
     [
      -49.36670738550058,
      -20.85128084549659
     ],
     [
      -49.36656879583568,
      -20.851409632729617
     ],
     [
      -49.366434577875815,
      -20.851542969843198
     ],
     [
      -49.366304880913084,
      -20.851680708525006
     ],
     [
      -49.36617984921083,
      -20.851822695566806
     ],
     [
      -49.364790490684726,
      -20.853088355758985
     ],
     [
      -49.364711258684274,
      -20.85315517876292
     ],
     [
      -49.364628449648265,
      -20.85321751404431
     ]
    ],
    "type": "LineString"
   },
   "id": 66,
   "properties": {
    "DOCNAME": "Anel Viário J. Hawilla",
    "LAYER": "PAVIMENTO-NOVO",
    "OBJECTID": 66,
    "SHAPE.LEN": 696.391179168024
   },
   "type": "Feature"
  },
  {
   "geometry": {
    "coordinates": [
     [
      -49.38294684600427,
      -20.844548650454715
     ],
     [
      -49.3832463639443,
      -20.844159575357143
     ],
     [
      -49.38357555533106,
      -20.84401635205764
     ],
     [
      -49.38401097918102,
      -20.84398514031879
     ]
    ],
    "type": "LineString"
   },
   "id": 68,
   "properties": {
    "DOCNAME": "Anel Viário J. Hawilla",
    "LAYER": "PAVIMENTO-NOVO",
    "OBJECTID": 68,
    "SHAPE.LEN": 136.368693570704
   },
   "type": "Feature"
  },
  {
   "geometry": {
    "coordinates": [
     [
      -49.362335880706475,
      -20.851780502138432
     ],
     [
      -49.360005190577624,
      -20.848104132880927
     ],
     [
      -49.355946830074245,
      -20.84461688268482
     ],
     [
      -49.35227465834715,
      -20.842497765833556
     ]
    ],
    "type": "LineString"
   },
   "id": 69,
   "properties": {
    "DOCNAME": "Anel Viário J. Hawilla",
    "LAYER": "VIÁRIO-EXISTENTE-DUPLO",
    "OBJECTID": 69,
    "SHAPE.LEN": 1494.4786836504402
   },
   "type": "Feature"
  },
  {
   "geometry": {
    "coordinates": [
     [
      -49.37024751958398,
      -20.849525434461505
     ],
     [
      -49.37018916801432,
      -20.84639258637029
     ],
     [
      -49.36631226757857,
      -20.849864291562035
     ],
     [
      -49.36620429304816,
      -20.849941258453462
     ],
     [
      -49.36609321234775,
      -20.850013670328103
     ],
     [
      -49.36597921751374,
      -20.850081402000246
     ],
     [
      -49.365862505620484,
      -20.85014433637533
     ],
     [
      -49.365743278439616,
      -20.85020236465235
     ],
     [
      -49.365621742091164,
      -20.85025538651198
     ],
     [
      -49.36549810668727,
      -20.85030331028998
     ],
     [
      -49.36537258596893,
      -20.850346053135688
     ],
     [
      -49.36526653196969,
      -20.850369879059365
     ],
     [
      -49.36515915332387,
      -20.850386759575205
     ],
     [
      -49.36505090438308,
      -20.85039662325662
     ],
     [
      -49.364942243181424,
      -20.85039942836739
     ],
     [
      -49.36483362949738,
      -20.850395163038236
     ],
     [
      -49.36472552290841,
      -20.850383845317058
     ],
     [
      -49.36461838084625,
      -20.85036552309257
     ],
     [
      -49.364512656661475,
      -20.85034027389166
     ],
     [
      -49.364408797705174,
      -20.85030820455135
     ],
     [
      -49.36430724343607,
      -20.85026945076675
     ],
     [
      -49.36017844997873,
      -20.846063425552956
     ],
     [
      -49.35927432558184,
      -20.845172144839893
     ],
     [
      -49.358621547135876,
      -20.84420870433096
     ],
     [
      -49.35280924795913,
      -20.84146478832525
     ]
    ],
    "type": "LineString"
   },
   "id": 70,
   "properties": {
    "DOCNAME": "Anel Viário J. Hawilla",
    "LAYER": "VIÁRIO-EXISTENTE-DUPLO",
    "OBJECTID": 70,
    "SHAPE.LEN": 2702.8021434374905
   },
   "type": "Feature"
  },
  {
   "geometry": {
    "coordinates": [
     [
      -49.35280924795913,
      -20.84146478832525
     ],
     [
      -49.352519468132755,
      -20.841591487312414
     ],
     [
      -49.35185634166383,
      -20.841202763229372
     ],
     [
      -49.351810749699325,
      -20.84110563403825
     ],
     [
      -49.35175885026766,
      -20.841011723676797
     ],
     [
      -49.351700869423155,
      -20.84092144118311
     ],
     [
      -49.3516370597085,
      -20.84083517979365
     ],
     [
      -49.351567699054726,
      -20.840753315230476
     ],
     [
      -49.35149308957066,
      -20.840676204064724
     ],
     [
      -49.35141355622706,
      -20.840604182163535
     ],
     [
      -49.351329445441145,
      -20.840537563227123
     ],
     [
      -49.35124112356776,
      -20.84047663742243
     ],
     [
      -49.349149742157,
      -20.839611190499724
     ],
     [
      -49.34756171537178,
      -20.838878043539854
     ],
     [
      -49.346705477852325,
      -20.838448185657782
     ],
     [
      -49.34606846905233,
      -20.8380720652335
     ],
     [
      -49.34571479319292,
      -20.83775030282534
     ],
     [
      -49.34551788157446,
      -20.83761082580526
     ]
    ],
    "type": "LineString"
   },
   "id": 71,
   "properties": {
    "DOCNAME": "Anel Viário J. Hawilla",
    "LAYER": "VIÁRIO-EXISTENTE-DUPLO",
    "OBJECTID": 71,
    "SHAPE.LEN": 897.0088400473861
   },
   "type": "Feature"
  },
  {
   "geometry": {
    "coordinates": [
     [
      -49.35176602370197,
      -20.841171665073258
     ],
     [
      -49.351718891971,
      -20.841085763861997
     ],
     [
      -49.35166589394486,
      -20.841003352531548
     ],
     [
      -49.351607286833236,
      -20.84092483104005
     ],
     [
      -49.351543355067776,
      -20.84085058046749
     ],
     [
      -49.3514744089217,
      -20.840780961166264
     ],
     [
      -49.35140078300402,
      -20.840716311012315
     ],
     [
      -49.35132283463554,
      -20.84065694376535
     ],
     [
      -49.351240942114785,
      -20.840603147546105
     ],
     [
      -49.351155502882,
      -20.840555183438045
     ],
     [
      -49.34909719706681,
      -20.839728860022397
     ],
     [
      -49.34749523551899,
      -20.838995827393685
     ],
     [
      -49.34645419787696,
      -20.838471596125213
     ],
     [
      -49.34601325225761,
      -20.83820650837872
     ],
     [
      -49.34562490806993,
      -20.83785320744953
     ],
     [
      -49.34543926171269,
      -20.837739033048816
     ]
    ],
    "type": "LineString"
   },
   "id": 72,
   "properties": {
    "DOCNAME": "Anel Viário J. Hawilla",
    "LAYER": "PAVIMENTO-NOVO",
    "OBJECTID": 72,
    "SHAPE.LEN": 769.865496022967
   },
   "type": "Feature"
  },
  {
   "geometry": {
    "coordinates": [
     [
      -49.35178551515113,
      -20.8248611914542
     ],
     [
      -49.35160075645889,
      -20.826624068998786
     ],
     [
      -49.35142962696321,
      -20.82807692284315
     ],
     [
      -49.35124899019347,
      -20.829551976291725
     ],
     [
      -49.35089247123203,
      -20.830560513714026
     ],
     [
      -49.35047615533988,
      -20.831429041654207
     ],
     [
      -49.350111203219804,
      -20.83214932537103
     ],
     [
      -49.34893695363992,
      -20.833438919958486
     ],
     [
      -49.3467329913773,
      -20.83547043263719
     ],
     [
      -49.34604719140706,
      -20.836220507859696
     ],
     [
      -49.34538592006273,
      -20.83729373077494
     ]
    ],
    "type": "LineString"
   },
   "id": 73,
   "properties": {
    "DOCNAME": "Anel Viário J. Hawilla",
    "LAYER": "VIÁRIO-EXISTENTE-DUPLO",
    "OBJECTID": 73,
    "SHAPE.LEN": 1589.79317122286
   },
   "type": "Feature"
  },
  {
   "geometry": {
    "coordinates": [
     [
      -49.351604261119704,
      -20.825035985832628
     ],
     [
      -49.351095273369474,
      -20.82946969312283
     ],
     [
      -49.35083863865096,
      -20.830221623417703
     ],
     [
      -49.350340376349266,
      -20.83134140675577
     ],
     [
      -49.350051416249535,
      -20.831964369630743
     ],
     [
      -49.348853179390105,
      -20.833279532759963
     ],
     [
      -49.346780611338396,
      -20.835185482131724
     ]
    ],
    "type": "LineString"
   },
   "id": 74,
   "properties": {
    "DOCNAME": "Anel Viário J. Hawilla",
    "LAYER": "VIÁRIO-EXISTENTE-DUPLO",
    "OBJECTID": 74,
    "SHAPE.LEN": 1284.23283171235
   },
   "type": "Feature"
  },
  {
   "geometry": {
    "coordinates": [
     [
      -49.346780611338396,
      -20.835185482131724
     ],
     [
      -49.34595348628981,
      -20.836105127062964
     ],
     [
      -49.34513218309631,
      -20.837268623885823
     ]
    ],
    "type": "LineString"
   },
   "id": 75,
   "properties": {
    "DOCNAME": "Anel Viário J. Hawilla",
    "LAYER": "PAVIMENTO-NOVO",
    "OBJECTID": 75,
    "SHAPE.LEN": 287.92634819517804
   },
   "type": "Feature"
  },
  {
   "geometry": {
    "coordinates": [
     [
      -49.3441773080917,
      -20.83914883741726
     ],
     [
      -49.3446293349722,
      -20.838565844339733
     ],
     [
      -49.345065681162176,
      -20.8377714484041
     ]
    ],
    "type": "LineString"
   },
   "id": 77,
   "properties": {
    "DOCNAME": "Anel Viário J. Hawilla",
    "LAYER": "VIÁRIO-EXISTENTE-DUPLO",
    "OBJECTID": 77,
    "SHAPE.LEN": 178.852055337193
   },
   "type": "Feature"
  },
  {
   "geometry": {
    "coordinates": [
     [
      -49.344324588333116,
      -20.839249057639314
     ],
     [
      -49.344804700601664,
      -20.83859599030987
     ],
     [
      -49.34524453176203,
      -20.83784837867414
     ]
    ],
    "type": "LineString"
   },
   "id": 78,
   "properties": {
    "DOCNAME": "Anel Viário J. Hawilla",
    "LAYER": "PAVIMENTO-NOVO",
    "OBJECTID": 78,
    "SHAPE.LEN": 182.473588515888
   },
   "type": "Feature"
  },
  {
   "geometry": {
    "coordinates": [
     [
      -49.34551798572016,
      -20.837542569943803
     ],
     [
      -49.34551133379152,
      -20.837588689924097
     ],
     [
      -49.34549814481295,
      -20.837633381663615
     ],
     [
      -49.345478690745274,
      -20.837675723604853
     ],
     [
      -49.34545337273738,
      -20.83771484264387
     ],
     [
      -49.34542271285445,
      -20.837749932133963
     ],
     [
      -49.345387343312744,
      -20.83778026851899
     ],
     [
      -49.34534799344317,
      -20.8378052262533
     ],
     [
      -49.34530547465223,
      -20.83782429070067
     ],
     [
      -49.345260663690546,
      -20.837837068746303
     ],
     [
      -49.345214484574036,
      -20.837843296902943
     ],
     [
      -49.34516788953037,
      -20.837842846744064
     ],
     [
      -49.34512183936379,
      -20.837835727552086
     ],
     [
      -49.34507728364298,
      -20.837822086126952
     ],
     [
      -49.3450351411207,
      -20.837802203759068
     ],
     [
      -49.3449962807888,
      -20.83777649042902
     ],
     [
      -49.344961503959375,
      -20.83774547635364
     ],
     [
      -49.3449315277414,
      -20.837709801052757
     ],
     [
      -49.34490697025379,
      -20.837670200162126
     ],
     [
      -49.34488833787952,
      -20.83762749026437
     ],
     [
      -49.34487601482393,
      -20.83758255205081
     ],
     [
      -49.34487025519225,
      -20.837536312161326
     ],
     [
      -49.34487690719965,
      -20.83749019224808
     ],
     [
      -49.34489009623817,
      -20.837445500583716
     ],
     [
      -49.344909550346465,
      -20.837403158721795
     ],
     [
      -49.34493486837584,
      -20.83736403976234
     ],
     [
      -49.34496552826206,
      -20.8373289503483
     ],
     [
      -49.34500089779042,
      -20.837298614032374
     ],
     [
      -49.3450402476322,
      -20.837273656357155
     ],
     [
      -49.34508276638359,
      -20.83725459195629
     ],
     [
      -49.34512757729707,
      -20.837241813942605
     ],
     [
      -49.34517375636013,
      -20.83723558580201
     ],
     [
      -49.34522035134868,
      -20.837236035960352
     ],
     [
      -49.34526640146213,
      -20.837243155135262
     ],
     [
      -49.34531095713537,
      -20.837256796527523
     ],
     [
      -49.34535309961901,
      -20.837276678848138
     ],
     [
      -49.34539195992426,
      -20.837302392118573
     ],
     [
      -49.34542673674168,
      -20.83733340612461
     ],
     [
      -49.3454567129644,
      -20.837369081349514
     ],
     [
      -49.34548127047504,
      -20.837408682161016
     ],
     [
      -49.34549990289145,
      -20.837451391980256
     ],
     [
      -49.34551222600843,
      -20.837496330119826
     ],
     [
      -49.34551798572016,
      -20.837542569943803
     ]
    ],
    "type": "LineString"
   },
   "id": 79,
   "properties": {
    "DOCNAME": "Anel Viário J. Hawilla",
    "LAYER": "PAVIMENTO-NOVO",
    "OBJECTID": 79,
    "SHAPE.LEN": 211.604665714143
   },
   "type": "Feature"
  },
  {
   "geometry": {
    "coordinates": [
     [
      -49.35178551515113,
      -20.8248611914542
     ],
     [
      -49.35158346595593,
      -20.82488580424147
     ],
     [
      -49.34839574587151,
      -20.824841504591767
     ],
     [
      -49.34833987467705,
      -20.824834878238033
     ],
     [
      -49.348283611911924,
      -20.824834892169488
     ],
     [
      -49.34822774400587,
      -20.8248415461914
     ],
     [
      -49.34817305186939,
      -20.824854747295173
     ],
     [
      -49.348120299978284,
      -20.8248743109584
     ],
     [
      -49.348070225688005,
      -20.82489996372409
     ],
     [
      -49.34802352892704,
      -20.824931347022975
     ],
     [
      -49.34798086241342,
      -20.824968022185544
     ],
     [
      -49.3479428225312,
      -20.82500947657367
     ],
     [
      -49.34790994099429,
      -20.825055130746144
     ],
     [
      -49.34786448504953,
      -20.825123791513672
     ],
     [
      -49.347814216028844,
      -20.825189010908577
     ],
     [
      -49.3477593934771,
      -20.825250452195448
     ],
     [
      -49.34770030044958,
      -20.825307798145705
     ],
     [
      -49.34763724205053,
      -20.825360752675458
     ],
     [
      -49.347570543857884,
      -20.82540904237425
     ],
     [
      -49.347500550242245,
      -20.82545241791669
     ],
     [
      -49.346831352175634,
      -20.825927614991432
     ]
    ],
    "type": "LineString"
   },
   "id": 80,
   "properties": {
    "DOCNAME": "Anel Viário J. Hawilla",
    "LAYER": "VIÁRIO-EXISTENTE-DUPLO",
    "OBJECTID": 80,
    "SHAPE.LEN": 561.677532418699
   },
   "type": "Feature"
  },
  {
   "geometry": {
    "coordinates": [
     [
      -49.351604261119704,
      -20.825035985832628
     ],
     [
      -49.34838851548442,
      -20.825007920501925
     ],
     [
      -49.34834018864683,
      -20.82500340257733
     ],
     [
      -49.34829170026346,
      -20.82500558696566
     ],
     [
      -49.348243975423124,
      -20.82501443199192
     ],
     [
      -49.348197924647344,
      -20.825029768905697
     ],
     [
      -49.348154426518875,
      -20.82505130510067
     ],
     [
      -49.34811431091962,
      -20.825078629697117
     ],
     [
      -49.3480783431977,
      -20.825111221380933
     ],
     [
      -49.347764488522024,
      -20.825460213770942
     ],
     [
      -49.346796230084834,
      -20.82612722800725
     ]
    ],
    "type": "LineString"
   },
   "id": 81,
   "properties": {
    "DOCNAME": "Anel Viário J. Hawilla",
    "LAYER": "PAVIMENTO-NOVO",
    "OBJECTID": 81,
    "SHAPE.LEN": 546.003214180849
   },
   "type": "Feature"
  },
  {
   "geometry": {
    "coordinates": [
     [
      -49.343693151887614,
      -20.827953630594926
     ],
     [
      -49.343686137392126,
      -20.827989050100427
     ],
     [
      -49.34367327242076,
      -20.828022787869006
     ],
     [
      -49.34365492263436,
      -20.828053884972665
     ],
     [
      -49.34363160958857,
      -20.82808145753898
     ],
     [
      -49.34360399590969,
      -20.828104721873387
     ],
     [
      -49.34357286646081,
      -20.828123016734132
     ],
     [
      -49.34353910603372,
      -20.82813582212671
     ],
     [
      -49.34350367420041,
      -20.828142774083677
     ],
     [
      -49.34346757803927,
      -20.828143675009684
     ],
     [
      -49.343431843510835,
      -20.828138499297726
     ],
     [
      -49.343397486296965,
      -20.82812739405697
     ],
     [
      -49.34336548293214,
      -20.82811067493148
     ],
     [
      -49.343336743047445,
      -20.82808881712866
     ],
     [
      -49.34331208351608,
      -20.82806244191245
     ],
     [
      -49.34329220523549,
      -20.82803229894515
     ],
     [
      -49.343277673205684,
      -20.827999244979782
     ],
     [
      -49.34326890047028,
      -20.827964219508615
     ],
     [
      -49.34326490064809,
      -20.827927623880473
     ],
     [
      -49.343267212388,
      -20.827890882970912
     ],
     [
      -49.343275767702835,
      -20.827855077312634
     ],
     [
      -49.343290314984856,
      -20.82782125993304
     ],
     [
      -49.3433104264054,
      -20.827790425385203
     ],
     [
      -49.34333551049715,
      -20.827763480498525
     ],
     [
      -49.343364829548875,
      -20.827741217709335
     ],
     [
      -49.34339752130119,
      -20.82772429175568
     ],
     [
      -49.343432624305194,
      -20.82771320042182
     ],
     [
      -49.34346910619821,
      -20.827708269898615
     ],
     [
      -49.34350589406508,
      -20.82770964519041
     ],
     [
      -49.34354190599213,
      -20.827717285850532
     ],
     [
      -49.34357608288568,
      -20.82773096717079
     ],
     [
      -49.34360741961953,
      -20.827750286790057
     ],
     [
      -49.34363499459521,
      -20.8277746765275
     ],
     [
      -49.3436579968458,
      -20.827803419092536
     ],
     [
      -49.343675749886025,
      -20.827835669179972
     ],
     [
      -49.3436877316074,
      -20.827870478330055
     ],
     [
      -49.3436935896332,
      -20.827906822822218
     ],
     [
      -49.34369315168166,
      -20.827943633782205
     ]
    ],
    "type": "LineString"
   },
   "id": 82,
   "properties": {
    "DOCNAME": "Anel Viário J. Hawilla",
    "LAYER": "VIÁRIO-EXISTENTE-DUPLO",
    "OBJECTID": 82,
    "SHAPE.LEN": 146.402824129239
   },
   "type": "Feature"
  },
  {
   "geometry": {
    "coordinates": [
     [
      -49.34260772329455,
      -20.77983962565893
     ],
     [
      -49.34257758566245,
      -20.77987088593619
     ],
     [
      -49.342552126180614,
      -20.7799060611631
     ],
     [
      -49.34253184731811,
      -20.77994445712042
     ],
     [
      -49.34251714929909,
      -20.779985316024472
     ],
     [
      -49.3425083222041,
      -20.780027831482805
     ],
     [
      -49.3425055402449,
      -20.780071164409154
     ],
     [
      -49.342508858326326,
      -20.7801144595837
     ],
     [
      -49.3454114578358,
      -20.798933823390833
     ],
     [
      -49.34563026125086,
      -20.800492077178568
     ],
     [
      -49.345604321442586,
      -20.80052673497198
     ],
     [
      -49.345583317775336,
      -20.800564588403258
     ],
     [
      -49.34556763778492,
      -20.800604939043875
     ],
     [
      -49.345557570780706,
      -20.80064704238963
     ],
     [
      -49.34555330250764,
      -20.800690121597405
     ],
     [
      -49.34555491171904,
      -20.800733381818585
     ],
     [
      -49.34556236872357,
      -20.80077602486469
     ],
     [
      -49.345575535933044,
      -20.80081726393466
     ],
     [
      -49.34517449436081,
      -20.801693492648166
     ],
     [
      -49.34513457339239,
      -20.801705789047997
     ],
     [
      -49.345096996989035,
      -20.801724034570178
     ],
     [
      -49.34506264570334,
      -20.801747801655377
     ],
     [
      -49.34503232451155,
      -20.801776533353856
     ],
     [
      -49.34500674395013,
      -20.801809556376824
     ],
     [
      -49.34498650346519,
      -20.801846096874055
     ],
     [
      -49.344972077365334,
      -20.801885298568042
     ],
     [
      -49.34496380370685,
      -20.8019262428197
     ],
     [
      -49.34496187637181,
      -20.80196797015544
     ],
     [
      -49.34496634052474,
      -20.80200950275116
     ],
     [
      -49.3449770915542,
      -20.802049867346216
     ],
     [
      -49.34499387752424,
      -20.802088118050502
     ],
     [
      -49.34440738637993,
      -20.80336951944082
     ],
     [
      -49.342514533557484,
      -20.807489502757154
     ],
     [
      -49.341758910223334,
      -20.80911079305362
     ],
     [
      -49.34169796870233,
      -20.809159311261872
     ],
     [
      -49.341641315491344,
      -20.80921277432576
     ],
     [
      -49.341589350580065,
      -20.809270804779064
     ],
     [
      -49.341542440857275,
      -20.809332992908338
     ],
     [
      -49.34150091752053,
      -20.80939889964563
     ],
     [
      -49.34146507373777,
      -20.809468059668422
     ],
     [
      -49.34143516257752,
      -20.80953998468498
     ],
     [
      -49.341411395222046,
      -20.809614166881826
     ],
     [
      -49.341393939476454,
      -20.809690082509075
     ],
     [
      -49.34138291858385,
      -20.809767195578274
     ],
     [
      -49.341378410355226,
      -20.809844961646643
     ],
     [
      -49.34138044662012,
      -20.809922831661027
     ],
     [
      -49.33855672779608,
      -20.815981309389134
     ],
     [
      -49.33839064554997,
      -20.81626202650625
     ],
     [
      -49.33835512204331,
      -20.81631506753184
     ],
     [
      -49.33832497124351,
      -20.816371336521456
     ],
     [
      -49.338300483805234,
      -20.81643029104026
     ],
     [
      -49.33828189578815,
      -20.81649136276483
     ],
     [
      -49.33826938638134,
      -20.81655396296181
     ],
     [
      -49.33826307617588,
      -20.816617488163327
     ],
     [
      -49.338263026002345,
      -20.816681325984433
     ],
     [
      -49.338269236344416,
      -20.816744861026514
     ],
     [
      -49.33828164733419,
      -20.816807480809757
     ],
     [
      -49.33831620310092,
      -20.816981012381948
     ],
     [
      -49.33840145435171,
      -20.817157808474516
     ],
     [
      -49.341542615218074,
      -20.82453384105117
     ],
     [
      -49.34175067747615,
      -20.82467351536366
     ],
     [
      -49.341899353688866,
      -20.824734703538905
     ],
     [
      -49.34357127686518,
      -20.824977920849616
     ],
     [
      -49.343722040645616,
      -20.825040021943607
     ]
    ],
    "type": "LineString"
   },
   "id": 83,
   "properties": {
    "DOCNAME": "Anel Viário J. Hawilla",
    "LAYER": "VIÁRIO-EXISTENTE-DUPLO",
    "OBJECTID": 83,
    "SHAPE.LEN": 5448.57660050744
   },
   "type": "Feature"
  },
  {
   "geometry": {
    "coordinates": [
     [
      -49.348027202388224,
      -20.774745148786966
     ],
     [
      -49.349790785820105,
      -20.773051775734622
     ],
     [
      -49.349901101350135,
      -20.772853211408602
     ]
    ],
    "type": "LineString"
   },
   "id": 84,
   "properties": {
    "DOCNAME": "Anel Viário J. Hawilla",
    "LAYER": "PAVIMENTO-NOVO",
    "OBJECTID": 84,
    "SHAPE.LEN": 287.226277289743
   },
   "type": "Feature"
  },
  {
   "geometry": {
    "coordinates": [
     [
      -49.35043014465389,
      -20.772769544384886
     ],
     [
      -49.3504074978347,
      -20.772811041138777
     ],
     [
      -49.350378939050465,
      -20.772848714137666
     ],
     [
      -49.350345101776675,
      -20.772881727739488
     ],
     [
      -49.35030673657343,
      -20.772909349654388
     ],
     [
      -49.35026469443691,
      -20.772930967188
     ],
     [
      -49.350219907923034,
      -20.772946100831888
     ],
     [
      -49.35017337046201,
      -20.772954414899754
     ],
     [
      -49.35012611432263,
      -20.77295572497345
     ],
     [
      -49.35007918771499,
      -20.77295000199362
     ],
     [
      -49.35003363153971,
      -20.772937372904313
     ],
     [
      -49.34999045629922,
      -20.772918117837154
     ],
     [
      -49.34995061968334,
      -20.77289266389762
     ],
     [
      -49.349915005326324,
      -20.77286157569122
     ],
     [
      -49.349884403206566,
      -20.77282554279973
     ],
     [
      -49.34985949212373,
      -20.772785364485248
     ],
     [
      -49.349840824641966,
      -20.772741931961406
     ],
     [
      -49.34982881483326,
      -20.77269620862494
     ],
     [
      -49.349834506747804,
      -20.772651325256046
     ],
     [
      -49.349846804764454,
      -20.77260778592347
     ],
     [
      -49.349865435834126,
      -20.772566557317656
     ],
     [
      -49.3498899862969,
      -20.77252855482468
     ],
     [
      -49.34991991106638,
      -20.772494622202235
     ],
     [
      -49.349954545732096,
      -20.77246551284592
     ],
     [
      -49.3499931213112,
      -20.772441873061833
     ],
     [
      -49.350034781321945,
      -20.772424227716854
     ],
     [
      -49.3500786007999,
      -20.772412968585158
     ],
     [
      -49.350123606834636,
      -20.772408345649787
     ],
     [
      -49.35016880017099,
      -20.77241046155236
     ],
     [
      -49.35021317739518,
      -20.772419269314142
     ],
     [
      -49.350255753213325,
      -20.772434573379098
     ],
     [
      -49.35029558232759,
      -20.772456033955773
     ],
     [
      -49.35033178042438,
      -20.77248317456157
     ],
     [
      -49.35036354380847,
      -20.77251539260195
     ],
     [
      -49.350390167247184,
      -20.77255197274965
     ],
     [
      -49.350411059628485,
      -20.772592102826874
     ],
     [
      -49.35042575708524,
      -20.77263489183784
     ],
     [
      -49.35043393329434,
      -20.772679389751268
     ],
     [
      -49.35043540672191,
      -20.77272460859364
     ],
     [
      -49.35043014465389,
      -20.772769544384886
     ]
    ],
    "type": "LineString"
   },
   "id": 85,
   "properties": {
    "DOCNAME": "Anel Viário J. Hawilla",
    "LAYER": "VIÁRIO-EXISTENTE-DUPLO",
    "OBJECTID": 85,
    "SHAPE.LEN": 194.30268119029301
   },
   "type": "Feature"
  },
  {
   "geometry": {
    "coordinates": [
     [
      -49.35141075662279,
      -20.771511450842038
     ],
     [
      -49.35143380416191,
      -20.77149659140976
     ],
     [
      -49.351459068484196,
      -20.7714859281173
     ],
     [
      -49.351485792937886,
      -20.771479780324075
     ],
     [
      -49.35151317714113,
      -20.771478332152913
     ],
     [
      -49.35154040095294,
      -20.771481626975703
     ],
     [
      -49.35156664903599,
      -20.771489566114415
     ],
     [
      -49.35159113527542,
      -20.77150191179646
     ],
     [
      -49.35161947818261,
      -20.77151427369902
     ],
     [
      -49.35164538696151,
      -20.771531151856486
     ],
     [
      -49.35166814836816,
      -20.771552081629306
     ],
     [
      -49.35168713580279,
      -20.77157648684082
     ],
     [
      -49.35170182655946,
      -20.771603695638877
     ],
     [
      -49.351711816215676,
      -20.771632958991248
     ],
     [
      -49.351716829765735,
      -20.771663471305793
     ],
     [
      -49.351716729191395,
      -20.77169439260764
     ],
     [
      -49.35171151726138,
      -20.771724871662883
     ],
     [
      -49.35170179450071,
      -20.771763809969016
     ],
     [
      -49.351687190869754,
      -20.771801192554836
     ],
     [
      -49.351642917256704,
      -20.771852795182113
     ],
     [
      -49.351594011048654,
      -20.77190003041016
     ],
     [
      -49.35154090106358,
      -20.771942484072426
     ],
     [
      -49.3514840529789,
      -20.771979783927957
     ],
     [
      -49.35144940183045,
      -20.771996595467424
     ],
     [
      -49.35141241176243,
      -20.77200732229435
     ],
     [
      -49.3513741424622,
      -20.772011657107797
     ],
     [
      -49.351335690264406,
      -20.77200947572451
     ],
     [
      -49.35129815674335,
      -20.77200084063651
     ],
     [
      -49.35126261715515,
      -20.77198599922085
     ],
     [
      -49.35123740240604,
      -20.771965385402517
     ],
     [
      -49.35121604303055,
      -20.77194079902097
     ],
     [
      -49.35119915612446,
      -20.77191295040374
     ],
     [
      -49.35118722956901,
      -20.771882644127917
     ],
     [
      -49.351180607935476,
      -20.771850755775056
     ],
     [
      -49.3511794825301,
      -20.77181820663464
     ],
     [
      -49.351183885867094,
      -20.771785937087042
     ],
     [
      -49.35119369072921,
      -20.77175487943488
     ],
     [
      -49.3512714100162,
      -20.77166209475402
     ],
     [
      -49.35135245092753,
      -20.771572196726993
     ],
     [
      -49.351436706329295,
      -20.77148530419656
     ],
     [
      -49.351524064838145,
      -20.771401532032304
     ]
    ],
    "type": "LineString"
   },
   "id": 86,
   "properties": {
    "DOCNAME": "Anel Viário J. Hawilla",
    "LAYER": "VIÁRIO-EXISTENTE-DUPLO",
    "OBJECTID": 86,
    "SHAPE.LEN": 193.14568351504101
   },
   "type": "Feature"
  },
  {
   "geometry": {
    "coordinates": [
     [
      -49.351524064838145,
      -20.771401532032304
     ],
     [
      -49.35181165752368,
      -20.771110409541315
     ]
    ],
    "type": "LineString"
   },
   "id": 87,
   "properties": {
    "DOCNAME": "Anel Viário J. Hawilla",
    "LAYER": "VIÁRIO-EXISTENTE-DUPLO",
    "OBJECTID": 87,
    "SHAPE.LEN": 43.9944310659883
   },
   "type": "Feature"
  },
  {
   "geometry": {
    "coordinates": [
     [
      -49.35181165752368,
      -20.771110409541315
     ],
     [
      -49.35304996915231,
      -20.770070361514286
     ],
     [
      -49.353682197432384,
      -20.76947255279171
     ],
     [
      -49.35570751555396,
      -20.76758721556698
     ]
    ],
    "type": "LineString"
   },
   "id": 88,
   "properties": {
    "DOCNAME": "Anel Viário J. Hawilla",
    "LAYER": "PAVIMENTO-NOVO",
    "OBJECTID": 88,
    "SHAPE.LEN": 562.9319124831351
   },
   "type": "Feature"
  },
  {
   "geometry": {
    "coordinates": [
     [
      -49.348241514035735,
      -20.775094177465323
     ],
     [
      -49.34999519078528,
      -20.77337178420633
     ],
     [
      -49.35003732051411,
      -20.773268479495535
     ],
     [
      -49.35004968571388,
      -20.773214001894775
     ],
     [
      -49.35006792263384,
      -20.77316119922534
     ],
     [
      -49.350091813400994,
      -20.773110702310635
     ],
     [
      -49.3501210725969,
      -20.773063114427675
     ],
     [
      -49.350232388346555,
      -20.772942824669148
     ]
    ],
    "type": "LineString"
   },
   "id": 89,
   "properties": {
    "DOCNAME": "Anel Viário J. Hawilla",
    "LAYER": "VIÁRIO-EXISTENTE-DUPLO",
    "OBJECTID": 89,
    "SHAPE.LEN": 318.43567047798905
   },
   "type": "Feature"
  },
  {
   "geometry": {
    "coordinates": [
     [
      -49.35217768417966,
      -20.77133708505825
     ],
     [
      -49.352619768590685,
      -20.770914845115396
     ],
     [
      -49.35293112900098,
      -20.770525938754005
     ],
     [
      -49.35312365015403,
      -20.77035259752713
     ],
     [
      -49.353827182108304,
      -20.7696881196102
     ],
     [
      -49.35587479099097,
      -20.76773897574351
     ]
    ],
    "type": "LineString"
   },
   "id": 90,
   "properties": {
    "DOCNAME": "Anel Viário J. Hawilla",
    "LAYER": "PAVIMENTO-NOVO",
    "OBJECTID": 90,
    "SHAPE.LEN": 554.424498849065
   },
   "type": "Feature"
  },
  {
   "geometry": {
    "coordinates": [
     [
      -49.3561510955062,
      -20.767582996637948
     ],
     [
      -49.35613680298929,
      -20.767619902314664
     ],
     [
      -49.35611634052661,
      -20.76765377845132
     ],
     [
      -49.35609032535207,
      -20.76768360320122
     ],
     [
      -49.35605954219268,
      -20.767708476924543
     ],
     [
      -49.35602491959796,
      -20.76772764932522
     ],
     [
      -49.35598750193088,
      -20.767740542083047
     ],
     [
      -49.35594841786561,
      -20.767746766298256
     ],
     [
      -49.35590884634184,
      -20.76774613422235
     ],
     [
      -49.35586998100308,
      -20.76773866492139
     ],
     [
      -49.355832994191346,
      -20.767724583700897
     ],
     [
      -49.355799001584344,
      -20.767704315309672
     ],
     [
      -49.355769028542014,
      -20.767678471127606
     ],
     [
      -49.355743979177305,
      -20.767647830723867
     ],
     [
      -49.35572460908436,
      -20.767613318341844
     ],
     [
      -49.355711502546626,
      -20.76757597502006
     ],
     [
      -49.35570505491236,
      -20.767536927190083
     ],
     [
      -49.35570546066933,
      -20.767497352698616
     ],
     [
      -49.355712707578185,
      -20.767458445278688
     ],
     [
      -49.355727515608955,
      -20.767423276656306
     ],
     [
      -49.35574798122994,
      -20.767391070008966
     ],
     [
      -49.355773531255494,
      -20.767362727356126
     ],
     [
      -49.35580345009977,
      -20.767339042497415
     ],
     [
      -49.355836899818385,
      -20.76732067878047
     ],
     [
      -49.35587294357687,
      -20.767308150522414
     ],
     [
      -49.35591057188884,
      -20.76730180860524
     ],
     [
      -49.355948730888954,
      -20.767301830648574
     ],
     [
      -49.35598635184874,
      -20.767308216035044
     ],
     [
      -49.35602238110876,
      -20.767320785927566
     ],
     [
      -49.356055809588696,
      -20.76733918827808
     ],
     [
      -49.356085701048926,
      -20.76736290768745
     ],
     [
      -49.356111218311995,
      -20.76739127984036
     ],
     [
      -49.35613164670966,
      -20.767423510110973
     ],
     [
      -49.3561464140988,
      -20.76745869581821
     ],
     [
      -49.35615510688552,
      -20.767495851507338
     ],
     [
      -49.3561574816088,
      -20.76753393654987
     ],
     [
      -49.356153471759185,
      -20.76757188428869
     ]
    ],
    "type": "LineString"
   },
   "id": 91,
   "properties": {
    "DOCNAME": "Anel Viário J. Hawilla",
    "LAYER": "PAVIMENTO-NOVO",
    "OBJECTID": 91,
    "SHAPE.LEN": 151.172269758911
   },
   "type": "Feature"
  },
  {
   "geometry": {
    "coordinates": [
     [
      -49.35217768417966,
      -20.77133708505825
     ],
     [
      -49.35168387169994,
      -20.771809146835242
     ]
    ],
    "type": "LineString"
   },
   "id": 92,
   "properties": {
    "DOCNAME": "Anel Viário J. Hawilla",
    "LAYER": "VIÁRIO-EXISTENTE-DUPLO",
    "OBJECTID": 92,
    "SHAPE.LEN": 73.3150575969903
   },
   "type": "Feature"
  },
  {
   "geometry": {
    "coordinates": [
     [
      -49.35122036492168,
      -20.771945500272366
     ],
     [
      -49.35120022689772,
      -20.77206507640184
     ],
     [
      -49.351176458277145,
      -20.772189525333424
     ],
     [
      -49.35100057613089,
      -20.772345085988775
     ],
     [
      -49.35079617142531,
      -20.77251398083451
     ],
     [
      -49.35067495404971,
      -20.77260509484866
     ],
     [
      -49.35059414302325,
      -20.772636207209064
     ],
     [
      -49.35056270149295,
      -20.772639577225906
     ],
     [
      -49.350531114071096,
      -20.772638106980214
     ],
     [
      -49.3505001215188,
      -20.77263183095092
     ],
     [
      -49.35047045064679,
      -20.772620896318085
     ],
     [
      -49.350442797270865,
      -20.772605559511323
     ],
     [
      -49.35041780989427,
      -20.772586180196264
     ]
    ],
    "type": "LineString"
   },
   "id": 93,
   "properties": {
    "DOCNAME": "Anel Viário J. Hawilla",
    "LAYER": "VIÁRIO-EXISTENTE-DUPLO",
    "OBJECTID": 93,
    "SHAPE.LEN": 126.043964429316
   },
   "type": "Feature"
  },
  {
   "geometry": {
    "coordinates": [
     [
      -49.35598634390251,
      -20.767308125395143
     ],
     [
      -49.35767604879914,
      -20.765717528982822
     ]
    ],
    "type": "LineString"
   },
   "id": 94,
   "properties": {
    "DOCNAME": "Anel Viário J. Hawilla",
    "LAYER": "VIÁRIO-EXISTENTE-DUPLO",
    "OBJECTID": 94,
    "SHAPE.LEN": 248.929071109925
   },
   "type": "Feature"
  },
  {
   "geometry": {
    "coordinates": [
     [
      -49.35803920801701,
      -20.765486003841215
     ],
     [
      -49.35995420866518,
      -20.764767451868867
     ]
    ],
    "type": "LineString"
   },
   "id": 95,
   "properties": {
    "DOCNAME": "Anel Viário J. Hawilla",
    "LAYER": "VIÁRIO-EXISTENTE-DUPLO",
    "OBJECTID": 95,
    "SHAPE.LEN": 214.687668117314
   },
   "type": "Feature"
  },
  {
   "geometry": {
    "coordinates": [
     [
      -49.360180342452765,
      -20.764945174617985
     ],
     [
      -49.35811251402154,
      -20.76572189757635
     ]
    ],
    "type": "LineString"
   },
   "id": 96,
   "properties": {
    "DOCNAME": "Anel Viário J. Hawilla",
    "LAYER": "VIÁRIO-EXISTENTE-DUPLO",
    "OBJECTID": 96,
    "SHAPE.LEN": 231.854581463231
   },
   "type": "Feature"
  },
  {
   "geometry": {
    "coordinates": [
     [
      -49.35786030153491,
      -20.76585231829976
     ],
     [
      -49.35616099143384,
      -20.767529401363433
     ]
    ],
    "type": "LineString"
   },
   "id": 97,
   "properties": {
    "DOCNAME": "Anel Viário J. Hawilla",
    "LAYER": "VIÁRIO-EXISTENTE-DUPLO",
    "OBJECTID": 97,
    "SHAPE.LEN": 256.48081089255
   },
   "type": "Feature"
  },
  {
   "geometry": {
    "coordinates": [
     [
      -49.35813239329642,
      -20.76563418920781
     ],
     [
      -49.358126008991555,
      -20.76567290392738
     ],
     [
      -49.35811340577574,
      -20.76571006234246
     ],
     [
      -49.35809492007227,
      -20.76574467256678
     ],
     [
      -49.358071045328344,
      -20.765775810734073
     ],
     [
      -49.35804241884322,
      -20.765802645659257
     ],
     [
      -49.35800980475652,
      -20.765824461025613
     ],
     [
      -49.35797407365072,
      -20.76584067450577
     ],
     [
      -49.35793617931229,
      -20.765850853306016
     ],
     [
      -49.357897133271806,
      -20.76585472571907
     ],
     [
      -49.35785797780278,
      -20.76585218837686
     ],
     [
      -49.35781975809973,
      -20.76584330900981
     ],
     [
      -49.35778349437837,
      -20.76582832463885
     ],
     [
      -49.357750154642495,
      -20.765807635248525
     ],
     [
      -49.35772062884465,
      -20.76578179311003
     ],
     [
      -49.35769570513024,
      -20.76575148803917
     ],
     [
      -49.35767604879914,
      -20.765717528982822
     ],
     [
      -49.35767212027898,
      -20.765679307404856
     ],
     [
      -49.3576745554171,
      -20.765640961708943
     ],
     [
      -49.35768328739123,
      -20.765603544133917
     ],
     [
      -49.357698076588505,
      -20.765568081450194
     ],
     [
      -49.357718517180636,
      -20.765535546784278
     ],
     [
      -49.357744048260216,
      -20.765506832915356
     ],
     [
      -49.35777396923248,
      -20.765482727776664
     ],
     [
      -49.35780745904025,
      -20.765463892833917
     ],
     [
      -49.35784359869443,
      -20.765450844934122
     ],
     [
      -49.35788139649185,
      -20.765443942122864
     ],
     [
      -49.35791981522847,
      -20.765443373819217
     ],
     [
      -49.35795780066116,
      -20.765449155617915
     ],
     [
      -49.35799431043701,
      -20.765461128861443
     ],
     [
      -49.35802834269639,
      -20.7654789649937
     ],
     [
      -49.35805896356488,
      -20.7655021745759
     ],
     [
      -49.35808533277953,
      -20.765530120717166
     ],
     [
      -49.358106726746435,
      -20.765562036551373
     ],
     [
      -49.358122558396765,
      -20.7655970462806
     ],
     [
      -49.35813239329642,
      -20.76563418920781
     ]
    ],
    "type": "LineString"
   },
   "id": 98,
   "properties": {
    "DOCNAME": "Anel Viário J. Hawilla",
    "LAYER": "VIÁRIO-EXISTENTE-DUPLO",
    "OBJECTID": 98,
    "SHAPE.LEN": 146.548661198021
   },
   "type": "Feature"
  },
  {
   "geometry": {
    "coordinates": [
     [
      -49.362004196013324,
      -20.764237405742026
     ],
     [
      -49.360180342452765,
      -20.764945174617985
     ]
    ],
    "type": "LineString"
   },
   "id": 99,
   "properties": {
    "DOCNAME": "Anel Viário J. Hawilla",
    "LAYER": "PAVIMENTO-NOVO",
    "OBJECTID": 99,
    "SHAPE.LEN": 205.444492413158
   },
   "type": "Feature"
  },
  {
   "geometry": {
    "coordinates": [
     [
      -49.35995420866518,
      -20.764767451868867
     ],
     [
      -49.36194715325354,
      -20.764050722738162
     ]
    ],
    "type": "LineString"
   },
   "id": 100,
   "properties": {
    "DOCNAME": "Anel Viário J. Hawilla",
    "LAYER": "PAVIMENTO-NOVO",
    "OBJECTID": 100,
    "SHAPE.LEN": 222.17499801942202
   },
   "type": "Feature"
  },
  {
   "geometry": {
    "coordinates": [
     [
      -49.37062791291407,
      -20.759039313982342
     ],
     [
      -49.37081464849927,
      -20.759540280055393
     ],
     [
      -49.37113946589241,
      -20.760411679424628
     ]
    ],
    "type": "LineString"
   },
   "id": 101,
   "properties": {
    "DOCNAME": "Anel Viário J. Hawilla",
    "LAYER": "VIÁRIO-EXISTENTE-DUPLO",
    "OBJECTID": 101,
    "SHAPE.LEN": 161.000757571201
   },
   "type": "Feature"
  },
  {
   "geometry": {
    "coordinates": [
     [
      -49.41469574739585,
      -20.84145228595223
     ],
     [
      -49.41964463173254,
      -20.83795865576325
     ]
    ],
    "type": "LineString"
   },
   "id": 102,
   "properties": {
    "DOCNAME": "Anel Viário J. Hawilla",
    "LAYER": "VIÁRIO-EXISTENTE-DUPLO",
    "OBJECTID": 102,
    "SHAPE.LEN": 644.104498191753
   },
   "type": "Feature"
  },
  {
   "geometry": {
    "coordinates": [
     [
      -49.351623008064095,
      -20.84152830996042
     ],
     [
      -49.35207294679999,
      -20.841812430181935
     ]
    ],
    "type": "LineString"
   },
   "id": 103,
   "properties": {
    "DOCNAME": "Anel Viário J. Hawilla",
    "LAYER": "VIÁRIO-EXISTENTE-DUPLO",
    "OBJECTID": 103,
    "SHAPE.LEN": 56.4116030877514
   },
   "type": "Feature"
  },
  {
   "geometry": {
    "coordinates": [
     [
      -49.34693337860621,
      -20.82601894822988
     ],
     [
      -49.34581189325713,
      -20.82690436580591
     ],
     [
      -49.344420452166446,
      -20.828033603431646
     ],
     [
      -49.34428534920565,
      -20.828058736531936
     ],
     [
      -49.34414923925902,
      -20.82807767234915
     ],
     [
      -49.34401240644871,
      -20.82809037135579
     ],
     [
      -49.343875136405835,
      -20.828096807043362
     ],
     [
      -49.34373771567419,
      -20.82809696597772
     ],
     [
      -49.34360043111213,
      -20.828090847827095
     ]
    ],
    "type": "LineString"
   },
   "id": 104,
   "properties": {
    "DOCNAME": "Anel Viário J. Hawilla",
    "LAYER": "VIÁRIO-EXISTENTE-DUPLO",
    "OBJECTID": 104,
    "SHAPE.LEN": 429.638708385014
   },
   "type": "Feature"
  },
  {
   "geometry": {
    "coordinates": [
     [
      -49.346831352175634,
      -20.825927614991432
     ],
     [
      -49.34617809399895,
      -20.82645079276166
     ],
     [
      -49.34454879902588,
      -20.827833670575842
     ],
     [
      -49.344492093228816,
      -20.827874315034784
     ],
     [
      -49.344431943433285,
      -20.827909663607045
     ],
     [
      -49.34436884279201,
      -20.827939426478768
     ],
     [
      -49.344303308650915,
      -20.82796335963182
     ],
     [
      -49.3442358783076,
      -20.827981266844425
     ],
     [
      -49.34416710460611,
      -20.82799300129995
     ],
     [
      -49.344097551404346,
      -20.827998466790614
     ],
     [
      -49.344027788951145,
      -20.82799761850626
     ],
     [
      -49.343958389210925,
      -20.82799046340175
     ],
     [
      -49.34388992117432,
      -20.827977060139954
     ],
     [
      -49.34382294619317,
      -20.82795751861077
     ],
     [
      -49.34375801337813,
      -20.82793199903017
     ],
     [
      -49.34369565509666,
      -20.827900710626636
     ]
    ],
    "type": "LineString"
   },
   "id": 105,
   "properties": {
    "DOCNAME": "Anel Viário J. Hawilla",
    "LAYER": "PAVIMENTO-NOVO",
    "OBJECTID": 105,
    "SHAPE.LEN": 412.91387878125005
   },
   "type": "Feature"
  },
  {
   "geometry": {
    "coordinates": [
     [
      -49.43190768886582,
      -20.80080890229421
     ],
     [
      -49.431901071950755,
      -20.80085502459095
     ],
     [
      -49.43188791625103,
      -20.80089972333127
     ],
     [
      -49.43186849312911,
      -20.80094207651481
     ],
     [
      -49.431843203225476,
      -20.800981210522988
     ],
     [
      -49.43181256819466,
      -20.80101631813909
     ],
     [
      -49.43177721994507,
      -20.801046675198766
     ],
     [
      -49.4317378876046,
      -20.80107165552732
     ],
     [
      -49.43169538248095,
      -20.801090743855823
     ],
     [
      -49.43165058132678,
      -20.801103546449564
     ],
     [
      -49.43160440825494,
      -20.8011097992296
     ],
     [
      -49.431557815676804,
      -20.801109373219916
     ],
     [
      -49.4315117646569,
      -20.801102277207807
     ],
     [
      -49.431467205089064,
      -20.801088657562627
     ],
     [
      -49.43142505610292,
      -20.801068795216626
     ],
     [
      -49.43138618710509,
      -20.801043099870174
     ],
     [
      -49.431351399845916,
      -20.801012101540856
     ],
     [
      -49.431321411881754,
      -20.800976439630826
     ],
     [
      -49.43129684177397,
      -20.800936849737862
     ],
     [
      -49.43127819632987,
      -20.800894148482193
     ],
     [
      -49.4312658601488,
      -20.800849216662087
     ],
     [
      -49.43126008768901,
      -20.80080298108564
     ],
     [
      -49.431266704682734,
      -20.80075685885577
     ],
     [
      -49.431279860442345,
      -20.800712160190432
     ],
     [
      -49.43129928360486,
      -20.800669807086035
     ],
     [
      -49.431324573529984,
      -20.800630673157265
     ],
     [
      -49.43135520856411,
      -20.80059556561708
     ],
     [
      -49.43139055680042,
      -20.80056520862639
     ],
     [
      -49.43142988911318,
      -20.800540228356834
     ],
     [
      -49.43147239419737,
      -20.80052114007478
     ],
     [
      -49.431517195303435,
      -20.80050833751295
     ],
     [
      -49.431563368321925,
      -20.800502084748956
     ],
     [
      -49.431609960845044,
      -20.80050251075814
     ],
     [
      -49.43165601181189,
      -20.800509606753234
     ],
     [
      -49.43170057133222,
      -20.800523226365623
     ],
     [
      -49.431742720279765,
      -20.80054308866446
     ],
     [
      -49.43178158925096,
      -20.800568783951423
     ],
     [
      -49.43181637649812,
      -20.800599782211524
     ],
     [
      -49.431846364466985,
      -20.800635444045707
     ],
     [
      -49.43187093459771,
      -20.800675033859676
     ],
     [
      -49.43188958008384,
      -20.800717735036955
     ],
     [
      -49.43190191632616,
      -20.800762666783186
     ],
     [
      -49.43190768886582,
      -20.80080890229421
     ]
    ],
    "type": "LineString"
   },
   "id": 106,
   "properties": {
    "DOCNAME": "Anel Viário J. Hawilla",
    "LAYER": "VIÁRIO-EXISTENTE-DUPLO",
    "OBJECTID": 106,
    "SHAPE.LEN": 211.604665714143
   },
   "type": "Feature"
  },
  {
   "geometry": {
    "coordinates": [
     [
      -49.431466946390344,
      -20.80108988539215
     ],
     [
      -49.42926117919906,
      -20.80290032267783
     ],
     [
      -49.42662271387949,
      -20.80478284054995
     ],
     [
      -49.425766304920536,
      -20.805432464400965
     ]
    ],
    "type": "LineString"
   },
   "id": 107,
   "properties": {
    "DOCNAME": "Anel Viário J. Hawilla",
    "LAYER": "VIÁRIO-EXISTENTE-DUPLO",
    "OBJECTID": 107,
    "SHAPE.LEN": 764.10921443921
   },
   "type": "Feature"
  },
  {
   "geometry": {
    "coordinates": [
     [
      -49.431263718573796,
      -20.80085150419201
     ],
     [
      -49.429056085740676,
      -20.80266347108901
     ],
     [
      -49.426422639743755,
      -20.804542406025387
     ],
     [
      -49.425534884370684,
      -20.805215806736804
     ]
    ],
    "type": "LineString"
   },
   "id": 108,
   "properties": {
    "DOCNAME": "Anel Viário J. Hawilla",
    "LAYER": "VIÁRIO-EXISTENTE-DUPLO",
    "OBJECTID": 108,
    "SHAPE.LEN": 767.904098873102
   },
   "type": "Feature"
  },
  {
   "geometry": {
    "coordinates": [
     [
      -49.4274261992599,
      -20.796276664850183
     ],
     [
      -49.42741958263951,
      -20.796322786550522
     ],
     [
      -49.427406427187464,
      -20.796367484704724
     ],
     [
      -49.42738700427202,
      -20.796409837287445
     ],
     [
      -49.42736171454552,
      -20.796448970657366
     ],
     [
      -49.42733107967982,
      -20.79648407757849
     ],
     [
      -49.427295731605305,
      -20.796514433871675
     ],
     [
      -49.4272563994756,
      -20.796539413352864
     ],
     [
      -49.427213894626675,
      -20.796558500749892
     ],
     [
      -49.42716909384077,
      -20.796571302331426
     ],
     [
      -49.42712292126029,
      -20.796577554028786
     ],
     [
      -49.427076329324784,
      -20.796577126883104
     ],
     [
      -49.42703027912417,
      -20.79657002970546
     ],
     [
      -49.42698572057354,
      -20.79655640889514
     ],
     [
      -49.42694357281854,
      -20.79653654541972
     ],
     [
      -49.42690470527533,
      -20.796510849019338
     ],
     [
      -49.426869919696486,
      -20.79647984975464
     ],
     [
      -49.42683993363255,
      -20.796444187072776
     ],
     [
      -49.426815365630574,
      -20.79640459661703
     ],
     [
      -49.42679672247479,
      -20.79636189505207
     ],
     [
      -49.42678438873282,
      -20.796316963217958
     ],
     [
      -49.42677861882282,
      -20.796270727960348
     ],
     [
      -49.42678523552185,
      -20.79622460632686
     ],
     [
      -49.42679839103376,
      -20.796179908247616
     ],
     [
      -49.426817813989786,
      -20.796137555744018
     ],
     [
      -49.42684310373777,
      -20.796098422453483
     ],
     [
      -49.42687373860679,
      -20.796063315608254
     ],
     [
      -49.42690908666802,
      -20.796032959384032
     ],
     [
      -49.42694841877002,
      -20.79600797996182
     ],
     [
      -49.426990923579496,
      -20.795988892611227
     ],
     [
      -49.427035724317314,
      -20.7959760910616
     ],
     [
      -49.42708189684445,
      -20.795969839380277
     ],
     [
      -49.42712848872495,
      -20.795970266525455
     ],
     [
      -49.427174538872535,
      -20.795977363686088
     ],
     [
      -49.42721909737566,
      -20.79599098446363
     ],
     [
      -49.427261245092076,
      -20.796010847891896
     ],
     [
      -49.42730011260866,
      -20.796036544232802
     ],
     [
      -49.427334898175495,
      -20.796067543428304
     ],
     [
      -49.42736488424413,
      -20.796103206034342
     ],
     [
      -49.42738945226905,
      -20.796142796411118
     ],
     [
      -49.427408095466845,
      -20.79618549789771
     ],
     [
      -49.42742042927006,
      -20.79623042965797
     ],
     [
      -49.4274261992599,
      -20.796276664850183
     ]
    ],
    "type": "LineString"
   },
   "id": 109,
   "properties": {
    "DOCNAME": "Anel Viário J. Hawilla",
    "LAYER": "VIÁRIO-EXISTENTE-DUPLO",
    "OBJECTID": 109,
    "SHAPE.LEN": 211.604665714143
   },
   "type": "Feature"
  },
  {
   "geometry": {
    "coordinates": [
     [
      -49.427422699927064,
      -20.79631843889381
     ],
     [
      -49.428215814819794,
      -20.79693688467277
     ]
    ],
    "type": "LineString"
   },
   "id": 110,
   "properties": {
    "DOCNAME": "Anel Viário J. Hawilla",
    "LAYER": "VIÁRIO-EXISTENTE-DUPLO",
    "OBJECTID": 110,
    "SHAPE.LEN": 107.260175701562
   },
   "type": "Feature"
  },
  {
   "geometry": {
    "coordinates": [
     [
      -49.42726684213991,
      -20.796536006351932
     ],
     [
      -49.428173204480586,
      -20.797314107128695
     ],
     [
      -49.43127252183554,
      -20.800641607227377
     ],
     [
      -49.43129560519985,
      -20.800667266060945
     ]
    ],
    "type": "LineString"
   },
   "id": 111,
   "properties": {
    "DOCNAME": "Anel Viário J. Hawilla",
    "LAYER": "VIÁRIO-EXISTENTE-DUPLO",
    "OBJECTID": 111,
    "SHAPE.LEN": 621.177179203542
   },
   "type": "Feature"
  },
  {
   "geometry": {
    "coordinates": [
     [
      -49.424599765400046,
      -20.793392564521874
     ],
     [
      -49.42457061147728,
      -20.79460707166664
     ]
    ],
    "type": "LineString"
   },
   "id": 112,
   "properties": {
    "DOCNAME": "Anel Viário J. Hawilla",
    "LAYER": "VIÁRIO-EXISTENTE-DUPLO",
    "OBJECTID": 112,
    "SHAPE.LEN": 134.488527314005
   },
   "type": "Feature"
  },
  {
   "geometry": {
    "coordinates": [
     [
      [
       -49.34382665634922,
       -20.824825316991618
      ],
      [
       -49.34329416232435,
       -20.824748193311404
      ],
      [
       -49.34271033417612,
       -20.824670848887497
      ],
      [
       -49.34228340683665,
       -20.824616632638353
      ],
      [
       -49.3420380349084,
       -20.824547833949705
      ],
      [
       -49.3418741587937,
       -20.824423762024605
      ],
      [
       -49.34176606591039,
       -20.82432449052736
      ],
      [
       -49.33892585121193,
       -20.817628730706776
      ],
      [
       -49.33888493892944,
       -20.817513742214658
      ],
      [
       -49.33884981109007,
       -20.817396856787507
      ],
      [
       -49.33882055508359,
       -20.817278365208637
      ],
      [
       -49.33879724369203,
       -20.817158562257077
      ],
      [
       -49.33877993490861,
       -20.817037745974257
      ],
      [
       -49.338768671793495,
       -20.816916216922518
      ],
      [
       -49.33876348236666,
       -20.816794277437413
      ],
      [
       -49.338764379538155,
       -20.816672230875554
      ],
      [
       -49.33877136107605,
       -20.81655038085993
      ],
      [
       -49.33878440961192,
       -20.816429030524578
      ],
      [
       -49.338803492684086,
       -20.81630848176044
      ],
      [
       -49.338942311204036,
       -20.815818685402817
      ],
      [
       -49.34161430803797,
       -20.81002052817609
      ],
      [
       -49.34167388521004,
       -20.80998347792589
      ],
      [
       -49.34172990670607,
       -20.809941243432235
      ],
      [
       -49.34178192273873,
       -20.809894163788883
      ],
      [
       -49.3418295156799,
       -20.809842616990505
      ],
      [
       -49.34187230341372,
       -20.809787016897825
      ],
      [
       -49.34190994240456,
       -20.809727809914786
      ],
      [
       -49.34194213045518,
       -20.809665471404465
      ],
      [
       -49.34196860913305,
       -20.80960050187245
      ],
      [
       -49.34198916584524,
       -20.80953342294837
      ],
      [
       -49.34200363554532,
       -20.80946477319781
      ],
      [
       -49.34201190205844,
       -20.80939510379827
      ],
      [
       -49.34201389901415,
       -20.809324974113828
      ],
      [
       -49.342009610379215,
       -20.809254947204128
      ],
      [
       -49.34199907058638,
       -20.80918558530364
      ],
      [
       -49.343238353685614,
       -20.80649628654466
      ],
      [
       -49.34462899830192,
       -20.80355807826384
      ],
      [
       -49.34524149281629,
       -20.802196827535475
      ],
      [
       -49.34528202527787,
       -20.80218853203555
      ],
      [
       -49.345320752207066,
       -20.80217397453869
      ],
      [
       -49.34535671266704,
       -20.802153516262155
      ],
      [
       -49.34538901436573,
       -20.802127664840103
      ],
      [
       -49.34541685579644,
       -20.80209706172758
      ],
      [
       -49.34543954612575,
       -20.802062466284013
      ],
      [
       -49.345456522335276,
       -20.802024736931113
      ],
      [
       -49.34546736319189,
       -20.80198480985273
      ],
      [
       -49.34547179969984,
       -20.801943675765195
      ],
      [
       -49.34546972177543,
       -20.80190235533453
      ],
      [
       -49.3454611809785,
       -20.801861873850516
      ],
      [
       -49.34544638923307,
       -20.801823235786028
      ],
      [
       -49.34542571356884,
       -20.801787399872914
      ],
      [
       -49.34583222995613,
       -20.80088392099223
      ],
      [
       -49.34586810947465,
       -20.80087508863161
      ],
      [
       -49.34590199154272,
       -20.800860345636433
      ],
      [
       -49.345932910200744,
       -20.800840112321588
      ],
      [
       -49.345959983974346,
       -20.80081496552803
      ],
      [
       -49.34598244100477,
       -20.800785622177365
      ],
      [
       -49.34599964105411,
       -20.800752918832792
      ],
      [
       -49.34601109375817,
       -20.800717787849134
      ],
      [
       -49.34601647260652,
       -20.800681230791895
      ],
      [
       -49.34601562425106,
       -20.800644289883184
      ],
      [
       -49.34600857287795,
       -20.8006080182885
      ],
      [
       -49.34599551951806,
       -20.80057345009157
      ],
      [
       -49.34597683631569,
       -20.80054157081315
      ],
      [
       -49.34595305591892,
       -20.800513289314377
      ],
      [
       -49.345924856294104,
       -20.800489411885625
      ],
      [
       -49.34589304139744,
       -20.800470619259585
      ],
      [
       -49.345858518254566,
       -20.80045744720395
      ],
      [
       -49.34291558645003,
       -20.780249981111663
      ],
      [
       -49.34291175368934,
       -20.780205125701308
      ],
      [
       -49.3429134572553,
       -20.78016013908379
      ],
      [
       -49.34292067136941,
       -20.780115701999616
      ],
      [
       -49.34293328686724,
       -20.780072486873706
      ],
      [
       -49.34295111285022,
       -20.780031147640244
      ],
      [
       -49.342973879574394,
       -20.77999230984727
      ],
      [
       -49.343001242532154,
       -20.779956561190858
      ],
      [
       -49.34303278766541,
       -20.779924442622075
      ]
     ],
     [
      [
       -49.343038583820906,
       -20.779919112167214
      ],
      [
       -49.348241514035735,
       -20.775094177465323
      ]
     ]
    ],
    "type": "MultiLineString"
   },
   "id": 113,
   "properties": {
    "DOCNAME": "Anel Viário J. Hawilla",
    "LAYER": "VIÁRIO-EXISTENTE-DUPLO",
    "OBJECTID": 113,
    "SHAPE.LEN": 6168.62832862349
   },
   "type": "Feature"
  },
  {
   "geometry": {
    "coordinates": [
     [
      -49.34260772329455,
      -20.77983962565893
     ],
     [
      -49.348027202388224,
      -20.774745148786966
     ]
    ],
    "type": "LineString"
   },
   "id": 114,
   "properties": {
    "DOCNAME": "Anel Viário J. Hawilla",
    "LAYER": "VIÁRIO-EXISTENTE-DUPLO",
    "OBJECTID": 114,
    "SHAPE.LEN": 797.8215384170641
   },
   "type": "Feature"
  },
  {
   "geometry": {
    "coordinates": [
     [
      -49.37461583549199,
      -20.847959794122826
     ],
     [
      -49.37450162943259,
      -20.847617296676205
     ]
    ],
    "type": "LineString"
   },
   "id": 118,
   "properties": {
    "DOCNAME": "Anel Viário J. Hawilla",
    "LAYER": null,
    "OBJECTID": 118,
    "SHAPE.LEN": 39.7369975419633
   },
   "type": "Feature"
  },
  {
   "geometry": {
    "coordinates": [
     [
      -49.374253793256315,
      -20.848261959313298
     ],
     [
      -49.3741855576154,
      -20.848252069641745
     ],
     [
      -49.374134939800214,
      -20.848230557274704
     ],
     [
      -49.374084362137,
      -20.848205220671097
     ],
     [
      -49.37406227758549,
      -20.84817824323959
     ],
     [
      -49.37402014357255,
      -20.848124306792304
     ],
     [
      -49.37397601754454,
      -20.8480665277179
     ],
     [
      -49.373938156295345,
      -20.847993511523345
     ],
     [
      -49.3738906402196,
      -20.84787260421336
     ],
     [
      -49.37385099152932,
      -20.84777662792288
     ],
     [
      -49.37382958614013,
      -20.847686559991956
     ],
     [
      -49.37382625865516,
      -20.847617696365546
     ],
     [
      -49.373845363943005,
      -20.847543309792137
     ],
     [
      -49.37387854056293,
      -20.847484352558727
     ],
     [
      -49.37394448470872,
      -20.847404674799957
     ]
    ],
    "type": "LineString"
   },
   "id": 119,
   "properties": {
    "DOCNAME": "Anel Viário J. Hawilla",
    "LAYER": null,
    "OBJECTID": 119,
    "SHAPE.LEN": 117.524816580554
   },
   "type": "Feature"
  },
  {
   "geometry": {
    "coordinates": [
     [
      -49.362983677896395,
      -20.851786697924712
     ],
     [
      -49.3629770259221,
      -20.8518328199944
     ],
     [
      -49.36296383700695,
      -20.85187751391559
     ],
     [
      -49.362944383075984,
      -20.851919858202624
     ],
     [
      -49.36291906522443,
      -20.851958979813876
     ],
     [
      -49.36288840544805,
      -20.851994072151875
     ],
     [
      -49.36285303588076,
      -20.852024411693478
     ],
     [
      -49.36281368576156,
      -20.85204937290725
     ],
     [
      -49.36277116639921,
      -20.852068441150486
     ],
     [
      -49.362726354445,
      -20.852081223279946
     ],
     [
      -49.36268017381814,
      -20.85208745575758
     ],
     [
      -49.362633576656755,
      -20.852087010084063
     ],
     [
      -49.362587523686926,
      -20.85207989544815
     ],
     [
      -49.36254296441477,
      -20.852066258537242
     ],
     [
      -49.362500817549794,
      -20.85204638051302
     ],
     [
      -49.362461952063235,
      -20.85202067121453
     ],
     [
      -49.36242716927187,
      -20.851989660708266
     ],
     [
      -49.362397186316684,
      -20.85195398835941
     ],
     [
      -49.36237262137714,
      -20.851914389649586
     ],
     [
      -49.36235398092568,
      -20.85187168101295
     ],
     [
      -49.36234164928546,
      -20.85182674300316
     ],
     [
      -49.362335880706475,
      -20.851780502138432
     ],
     [
      -49.362342532759605,
      -20.85173438013584
     ],
     [
      -49.36235572173476,
      -20.851689686289863
     ],
     [
      -49.362375175706376,
      -20.851647342082206
     ],
     [
      -49.36240049357944,
      -20.851608220550574
     ],
     [
      -49.36243115335912,
      -20.85157312828869
     ],
     [
      -49.36246652291305,
      -20.85154278881624
     ],
     [
      -49.362505873004444,
      -20.8515178276616
     ],
     [
      -49.36254839232722,
      -20.851498759464913
     ],
     [
      -49.3625932042332,
      -20.851485977367428
     ],
     [
      -49.36263938480657,
      -20.85147974490585
     ],
     [
      -49.362685981912804,
      -20.85148019057884
     ],
     [
      -49.36273203482946,
      -20.851487305197676
     ],
     [
      -49.362776594054004,
      -20.85150094207569
     ],
     [
      -49.36281874088031,
      -20.85152082005262
     ],
     [
      -49.36285760634019,
      -20.851546529291454
     ],
     [
      -49.362892389119544,
      -20.85157753972832
     ],
     [
      -49.36292237207947,
      -20.851613212001137
     ],
     [
      -49.36294693704204,
      -20.851652810631766
     ],
     [
      -49.36296557753567,
      -20.851695519189825
     ],
     [
      -49.36297790923732,
      -20.85174045712556
     ],
     [
      -49.362983677896395,
      -20.851786697924712
     ]
    ],
    "type": "LineString"
   },
   "id": 120,
   "properties": {
    "DOCNAME": "Anel Viário J. Hawilla",
    "LAYER": "PAVIMENTO-NOVO",
    "OBJECTID": 120,
    "SHAPE.LEN": 211.604665714143
   },
   "type": "Feature"
  },
  {
   "geometry": {
    "coordinates": [
     [
      -49.364393626527686,
      -20.85324235246638
     ],
     [
      -49.36294063817366,
      -20.851935286233065
     ]
    ],
    "type": "LineString"
   },
   "id": 121,
   "properties": {
    "DOCNAME": "Anel Viário J. Hawilla",
    "LAYER": "VIÁRIO-EXISTENTE-DUPLO",
    "OBJECTID": 121,
    "SHAPE.LEN": 209.29418932024802
   },
   "type": "Feature"
  },
  {
   "geometry": {
    "coordinates": [
     [
      -49.36473337783785,
      -20.853392767347273
     ],
     [
      -49.3647278457482,
      -20.853429154256293
     ],
     [
      -49.36471616440645,
      -20.85346405636825
     ],
     [
      -49.364698678902826,
      -20.853496442604936
     ],
     [
      -49.36467590579407,
      -20.85352535621214
     ],
     [
      -49.36464851784338,
      -20.85354994302406
     ],
     [
      -49.36461732414559,
      -20.853569476697093
     ],
     [
      -49.36458324622494,
      -20.85358338016746
     ],
     [
      -49.36454729081138,
      -20.853591242698833
     ],
     [
      -49.36451052009975,
      -20.85359283201631
     ],
     [
      -49.36447402037043,
      -20.853588101168274
     ],
     [
      -49.36443886989843,
      -20.853577189913434
     ],
     [
      -49.364406107099015,
      -20.853560420592093
     ],
     [
      -49.364376699850816,
      -20.85353828860354
     ],
     [
      -49.36435151690277,
      -20.853511447770995
     ],
     [
      -49.36433130220954,
      -20.85348069102634
     ],
     [
      -49.364316652953605,
      -20.853446926985345
     ],
     [
      -49.36430800190329,
      -20.85341115310532
     ],
     [
      -49.364305604627916,
      -20.853374426218238
     ],
     [
      -49.3643139097842,
      -20.85333806970404
     ],
     [
      -49.36432837107526,
      -20.853303694672313
     ],
     [
      -49.36434855361096,
      -20.853272334873235
     ],
     [
      -49.364373850447855,
      -20.853244933380786
     ],
     [
      -49.36440350084164,
      -20.85322231423196
     ],
     [
      -49.36443661312478,
      -20.853205157645743
     ],
     [
      -49.36447219152136,
      -20.853193979567088
     ],
     [
      -49.36450916609275,
      -20.85318911615105
     ],
     [
      -49.3645464249136,
      -20.85319071365371
     ],
     [
      -49.36458284751037,
      -20.85319872403384
     ],
     [
      -49.36461733855707,
      -20.853212906397644
     ],
     [
      -49.36464886081463,
      -20.853232834243077
     ],
     [
      -49.36467646632351,
      -20.853257908285933
     ],
     [
      -49.36469932491138,
      -20.85328737448192
     ],
     [
      -49.36471674915869,
      -20.853320346702823
     ],
     [
      -49.364728215071175,
      -20.85335583338478
     ],
     [
      -49.36473337783785,
      -20.853392767347273
     ]
    ],
    "type": "LineString"
   },
   "id": 122,
   "properties": {
    "DOCNAME": "Anel Viário J. Hawilla",
    "LAYER": "PAVIMENTO-NOVO",
    "OBJECTID": 122,
    "SHAPE.LEN": 139.91978902057602
   },
   "type": "Feature"
  },
  {
   "geometry": {
    "coordinates": [
     [
      -49.35229425747614,
      -20.8424655719841
     ],
     [
      -49.35227574226359,
      -20.842492422324558
     ],
     [
      -49.35225308931392,
      -20.842515887143964
     ],
     [
      -49.3522269073024,
      -20.842535335952444
     ],
     [
      -49.35219789972872,
      -20.84255024616866
     ],
     [
      -49.352166846014235,
      -20.842560217161342
     ],
     [
      -49.352134580559245,
      -20.842564981014092
     ],
     [
      -49.35210197032303,
      -20.842564409724186
     ],
     [
      -49.35206989152896,
      -20.842558518641944
     ],
     [
      -49.35203920612082,
      -20.842547466058274
     ],
     [
      -49.35201073860267,
      -20.842531548951474
     ],
     [
      -49.351985253884806,
      -20.84251119500754
     ],
     [
      -49.35196343673092,
      -20.842486951128418
     ],
     [
      -49.3519458733588,
      -20.842459468736998
     ],
     [
      -49.35193303568891,
      -20.84242948627362
     ],
     [
      -49.351925268664054,
      -20.842397809354523
     ],
     [
      -49.3519266626344,
      -20.84236490936166
     ],
     [
      -49.351933670337736,
      -20.842332734141728
     ],
     [
      -49.35194608471793,
      -20.84230223437373
     ],
     [
      -49.351963538968164,
      -20.842274311232202
     ],
     [
      -49.35198551736889,
      -20.842249789760285
     ],
     [
      -49.35201137052584,
      -20.84222939449221
     ],
     [
      -49.35204033455754,
      -20.842213728045557
     ],
     [
      -49.35207155366578,
      -20.84220325331575
     ],
     [
      -49.35210410542171,
      -20.842198279798893
     ],
     [
      -49.352137028020834,
      -20.84219895444716
     ],
     [
      -49.35216934870141,
      -20.842205257326757
     ],
     [
      -49.3522001124865,
      -20.842217002206937
     ],
     [
      -49.352228410400684,
      -20.842233842062537
     ],
     [
      -49.352253406327435,
      -20.842255279327507
     ],
     [
      -49.352274361713846,
      -20.842280680596456
     ],
     [
      -49.352290657392544,
      -20.84230929533985
     ],
     [
      -49.352301811876245,
      -20.842340278079835
     ],
     [
      -49.35230749558419,
      -20.842372713371535
     ],
     [
      -49.35230754058025,
      -20.842405642851627
     ],
     [
      -49.35230194553493,
      -20.842438093555035
     ],
     [
      -49.35229087576465,
      -20.842469106663064
     ],
     [
      -49.35227465834715,
      -20.842497765833556
     ]
    ],
    "type": "LineString"
   },
   "id": 123,
   "properties": {
    "DOCNAME": "Anel Viário J. Hawilla",
    "LAYER": "PAVIMENTO-NOVO",
    "OBJECTID": 123,
    "SHAPE.LEN": 131.958236989715
   },
   "type": "Feature"
  },
  {
   "geometry": {
    "coordinates": [
     [
      -49.35207294679999,
      -20.841812430181935
     ],
     [
      -49.35209791107718,
      -20.841825522762637
     ],
     [
      -49.3521202536967,
      -20.84184271107722
     ],
     [
      -49.35213930974466,
      -20.841863483603344
     ],
     [
      -49.35215451211516,
      -20.84188722215292
     ],
     [
      -49.35216540838736,
      -20.841913220269337
     ],
     [
      -49.35217167428939,
      -20.841940704251527
     ],
     [
      -49.35217312334869,
      -20.841968856179207
     ],
     [
      -49.35216971244143,
      -20.841996838254126
     ],
     [
      -49.35216154307583,
      -20.842023817732823
     ],
     [
      -49.3521488583713,
      -20.842048991708992
     ],
     [
      -49.35213203582325,
      -20.84207161100788
     ]
    ],
    "type": "LineString"
   },
   "id": 124,
   "properties": {
    "DOCNAME": "Anel Viário J. Hawilla",
    "LAYER": null,
    "OBJECTID": 124,
    "SHAPE.LEN": 33.7267946818781
   },
   "type": "Feature"
  },
  {
   "geometry": {
    "coordinates": [
     [
      -49.344199312557315,
      -20.82496075369826
     ],
     [
      -49.34420268684182,
      -20.825000657129994
     ],
     [
      -49.34419940208565,
      -20.825040568031223
     ],
     [
      -49.34418954911522,
      -20.82507938283038
     ],
     [
      -49.34417340037383,
      -20.82511602826409
     ],
     [
      -49.34415140238842,
      -20.82514949105384
     ],
     [
      -49.34412416342264,
      -20.825178845924015
     ],
     [
      -49.34409243665788,
      -20.825203281186614
     ],
     [
      -49.34405709936714,
      -20.825222121185103
     ],
     [
      -49.34401912865762,
      -20.825234844976933
     ],
     [
      -49.34397957445288,
      -20.825241100738054
     ],
     [
      -49.34393953046151,
      -20.825240715491166
     ],
     [
      -49.34390010393514,
      -20.82523369988868
     ],
     [
      -49.34386238505194,
      -20.825220247918185
     ],
     [
      -49.34382741677225,
      -20.82520073153851
     ],
     [
      -49.3437961659998,
      -20.82517569039474
     ],
     [
      -49.343769496845965,
      -20.825145816896555
     ],
     [
      -49.34374814673634,
      -20.82511193707249
     ],
     [
      -49.34373270602025,
      -20.825074987729508
     ],
     [
      -49.3437236016471,
      -20.825035990549488
     ],
     [
      -49.34372108536082,
      -20.824996023838796
     ],
     [
      -49.3437304866681,
      -20.82495561854771
     ],
     [
      -49.343746555532256,
      -20.82491737245338
     ],
     [
      -49.34376883333016,
      -20.82488237714159
     ],
     [
      -49.34379668422885,
      -20.82485163141719
     ],
     [
      -49.34382931333291,
      -20.824826012797114
     ],
     [
      -49.343865789371684,
      -20.824806252465073
     ],
     [
      -49.34390507127872,
      -20.824792914402774
     ],
     [
      -49.34394603790501,
      -20.82478637929324
     ],
     [
      -49.343987520017805,
      -20.824786833655722
     ],
     [
      -49.344028333671766,
      -20.82479426452221
     ],
     [
      -49.34406731400014,
      -20.824808459807567
     ],
     [
      -49.3441033484613,
      -20.82482901436267
     ],
     [
      -49.344135408591924,
      -20.824855341537816
     ],
     [
      -49.34416257936047,
      -20.82488668992634
     ],
     [
      -49.344184085283196,
      -20.824922164810616
     ],
     [
      -49.344199312557315,
      -20.82496075369826
     ]
    ],
    "type": "LineString"
   },
   "id": 641,
   "properties": {
    "DOCNAME": "Anel Viário J. Hawilla",
    "LAYER": "VIÁRIO-EXISTENTE-DUPLO",
    "OBJECTID": 641,
    "SHAPE.LEN": 158.428195552699
   },
   "type": "Feature"
  },
  {
   "geometry": {
    "coordinates": [
     [
      -49.34397164817614,
      -20.825241459074615
     ],
     [
      -49.34339949112888,
      -20.827722043932305
     ]
    ],
    "type": "LineString"
   },
   "id": 642,
   "properties": {
    "DOCNAME": "Anel Viário J. Hawilla",
    "LAYER": "VIÁRIO-EXISTENTE-DUPLO",
    "OBJECTID": 642,
    "SHAPE.LEN": 281.01141503052907
   },
   "type": "Feature"
  },
  {
   "geometry": {
    "coordinates": [
     [
      -49.34358994464317,
      -20.827736748082124
     ],
     [
      -49.344202407330435,
      -20.825051716053313
     ]
    ],
    "type": "LineString"
   },
   "id": 644,
   "properties": {
    "DOCNAME": "Anel Viário J. Hawilla",
    "LAYER": "VIÁRIO-EXISTENTE-DUPLO",
    "OBJECTID": 644,
    "SHAPE.LEN": 304.021729520013
   },
   "type": "Feature"
  },
  {
   "geometry": {
    "coordinates": [
     [
      -49.3514840529789,
      -20.771979783927957
     ],
     [
      -49.351269153661875,
      -20.772213970860633
     ],
     [
      -49.35111703865034,
      -20.772353975440183
     ],
     [
      -49.35079617159436,
      -20.77263842941882
     ],
     [
      -49.35070585250006,
      -20.772698431309262
     ],
     [
      -49.35063540050567,
      -20.77270974612875
     ],
     [
      -49.35056578686639,
      -20.772725412968857
     ],
     [
      -49.350497280150016,
      -20.772745371387273
     ],
     [
      -49.35043014465389,
      -20.772769544384886
     ]
    ],
    "type": "LineString"
   },
   "id": 961,
   "properties": {
    "DOCNAME": null,
    "LAYER": null,
    "OBJECTID": 961,
    "SHAPE.LEN": 143.68247200055
   },
   "type": "Feature"
  },
  {
   "geometry": {
    "coordinates": [
     [
      -49.35176602370197,
      -20.841171665073258
     ],
     [
      -49.35157350305945,
      -20.841429333971327
     ],
     [
      -49.3515690699441,
      -20.841440149475535
     ],
     [
      -49.35156653687893,
      -20.841451560488803
     ],
     [
      -49.351565977371415,
      -20.841463235872922
     ],
     [
      -49.351567407657996,
      -20.841474836817852
     ],
     [
      -49.35157078623294,
      -20.84148602667372
     ],
     [
      -49.35157601505278,
      -20.841496480720117
     ],
     [
      -49.35158294238147,
      -20.841505895589222
     ],
     [
      -49.35159136719363,
      -20.841513998069278
     ],
     [
      -49.35160104500814,
      -20.84152055303299
     ],
     [
      -49.35161169498279,
      -20.841525370260698
     ],
     [
      -49.351623008064095,
      -20.84152830996042
     ]
    ],
    "type": "LineString"
   },
   "id": 962,
   "properties": {
    "DOCNAME": null,
    "LAYER": null,
    "OBJECTID": 962,
    "SHAPE.LEN": 48.7884221046901
   },
   "type": "Feature"
  },
  {
   "geometry": {
    "coordinates": [
     [
      -49.35213203582325,
      -20.84207161100788
     ],
     [
      -49.35200563194534,
      -20.84223341692982
     ]
    ],
    "type": "LineString"
   },
   "id": 963,
   "properties": {
    "DOCNAME": null,
    "LAYER": null,
    "OBJECTID": 963,
    "SHAPE.LEN": 22.225401211451697
   },
   "type": "Feature"
  },
  {
   "geometry": {
    "coordinates": [
     [
      -49.43471693424853,
      -20.819892392203574
     ],
     [
      -49.43499730469456,
      -20.819980790333073
     ],
     [
      -49.43508049264282,
      -20.82001411399374
     ],
     [
      -49.435157738486936,
      -20.820052992146497
     ],
     [
      -49.43527657794388,
      -20.820136301773626
     ],
     [
      -49.43543701154645,
      -20.820252935451045
     ],
     [
      -49.43571034356473,
      -20.820447324640575
     ],
     [
      -49.43592425533475,
      -20.82061949761482
     ],
     [
      -49.436179761002656,
      -20.820874980101785
     ],
     [
      -49.43641149900757,
      -20.82116933977351
     ],
     [
      -49.436536280255496,
      -20.821358173885123
     ],
     [
      -49.43679772875406,
      -20.821908013095584
     ],
     [
      -49.43688091615166,
      -20.82218570858
     ],
     [
      -49.43690468434142,
      -20.822463404137665
     ],
     [
      -49.436898742631826,
      -20.822568928525694
     ],
     [
      -49.436892800760006,
      -20.82264112904323
     ],
     [
      -49.43687497477272,
      -20.822713329573507
     ],
     [
      -49.436833379925325,
      -20.82279108379332
     ],
     [
      -49.436736998126094,
      -20.82291141451136
     ]
    ],
    "type": "LineString"
   },
   "id": 964,
   "properties": {
    "DOCNAME": null,
    "LAYER": null,
    "OBJECTID": 964,
    "SHAPE.LEN": 438.500887569197
   },
   "type": "Feature"
  },
  {
   "geometry": {
    "coordinates": [
     [
      -49.436351604699524,
      -20.82334862653304
     ],
     [
      -49.43629265908927,
      -20.82353530304467
     ],
     [
      -49.436185703421906,
      -20.82368525738785
     ],
     [
      -49.435912371161386,
      -20.823946288020156
     ],
     [
      -49.43575193778876,
      -20.82414067297714
     ],
     [
      -49.435549909688454,
      -20.824335056556926
     ],
     [
      -49.43538353427766,
      -20.82450167180334
     ],
     [
      -49.43460513291518,
      -20.824968191939035
     ],
     [
      -49.434242671066606,
      -20.825151467946498
     ],
     [
      -49.433820789430364,
      -20.82537361959358
     ],
     [
      -49.433559342125896,
      -20.825512464645573
     ],
     [
      -49.43323253242699,
      -20.825740169291112
     ],
     [
      -49.43151529655564,
      -20.82702308666589
     ],
     [
      -49.43085343156323,
      -20.827521504472184
     ],
     [
      -49.430822883805114,
      -20.827495838086104
     ],
     [
      -49.43078847959289,
      -20.8274756321691
     ],
     [
      -49.430751184728805,
      -20.8274614539459
     ],
     [
      -49.43071204616207,
      -20.827453701430542
     ],
     [
      -49.43067216259871,
      -20.827452592253255
     ],
     [
      -49.43063265365845,
      -20.827458157551106
     ],
     [
      -49.430594628444524,
      -20.82747024109388
     ],
     [
      -49.43055915440867,
      -20.827488503669848
     ],
     [
      -49.43052722738545,
      -20.827512432608152
     ],
     [
      -49.430499743636915,
      -20.827541356170645
     ],
     [
      -49.430477474692616,
      -20.82757446240903
     ],
     [
      -49.43046104569099,
      -20.827610821958068
     ],
     [
      -49.43045091783042,
      -20.8276494141249
     ],
     [
      -49.430447375422325,
      -20.82768915554215
     ],
     [
      -49.43045051790991,
      -20.827728930580456
     ],
     [
      -49.43046025707662,
      -20.827767622666627
     ],
     [
      -49.430476319522526,
      -20.827804145628335
     ],
     [
      -49.43033284016694,
      -20.82791168149811
     ],
     [
      -49.42903154323475,
      -20.82897798786485
     ],
     [
      -49.428823573562894,
      -20.829150151295618
     ],
     [
      -49.42864531376971,
      -20.829383404321348
     ],
     [
      -49.4285145895798,
      -20.829527799209302
     ],
     [
      -49.428211548485045,
      -20.82977215905981
     ],
     [
      -49.42755792927593,
      -20.82997764339448
     ],
     [
      -49.427231119017705,
      -20.83008871596466
     ],
     [
      -49.42711822185799,
      -20.83013314495843
     ],
     [
      -49.4265289149284,
      -20.83051478339275
     ]
    ],
    "type": "LineString"
   },
   "id": 965,
   "properties": {
    "DOCNAME": null,
    "LAYER": null,
    "OBJECTID": 965,
    "SHAPE.LEN": 1333.97572750872
   },
   "type": "Feature"
  },
  {
   "geometry": {
    "coordinates": [
     [
      -49.42634165349679,
      -20.83094323665758
     ],
     [
      -49.42599874995983,
      -20.831427132363974
     ],
     [
      -49.42568501276629,
      -20.831906960185457
     ],
     [
      -49.4251502329525,
      -20.832866610360448
     ],
     [
      -49.424570184931724,
      -20.83392715548911
     ]
    ],
    "type": "LineString"
   },
   "id": 966,
   "properties": {
    "DOCNAME": null,
    "LAYER": null,
    "OBJECTID": 966,
    "SHAPE.LEN": 378.68352730972305
   },
   "type": "Feature"
  }
 ],
 "type": "FeatureCollection"
}