{
 "features": [
  {
   "geometry": {
    "coordinates": [
     -49.367605884090764,
     -20.830350506032445
    ],
    "type": "Point"
   },
   "id": 5,
   "properties": {
    "alcance_social": "Comunidade Escolar da EM Alberto José Ismael",
    "autorizado_por": null,
    "contrato": "TOP/0026/21",
    "created_date": 1672835375614,
    "created_user": "vonishi",
    "custo_obra": 398297.81,
    "departamento_fiscal": "DEPARTAMENTO DE INFRAESTRUTURA",
    "email": "infraestrutura@educacao.riopreto.sp.gov.br",
    "emp_construtora": "Comercial Pradela Ltda",
    "eng_resp": "Marcio Henrique Pradela - CREA/SP 5061511679",
    "finalidade": "TOP/0026/21 - Reforma Instalações Elétricas",
    "globalid": "{5B9D11CC-127A-45AB-8978-78AA7BAC5212}",
    "inic_obra": 1637290800000,
    "last_edited_date": 1780072888981,
    "last_edited_user": "portaladmin",
    "nr_autorização": "-",
    "objectid": 5,
    "orig_recurso": "Recurso Próprio",
    "qtd_arvores_suprimidas": 0,
    "secretaria_fiscal": "educacao",
    "status": "concluido",
    "telefone": "3211-4029",
    "term_obra": 1677466800000
   },
   "type": "Feature"
  },
  {
   "geometry": {
    "coordinates": [
     -49.374375779413036,
     -20.8144234699868
    ],
    "type": "Point"
   },
   "id": 6,
   "properties": {
    "alcance_social": "Comunidade Escola da EM Cenobelino de Barros Serra",
    "autorizado_por": null,
    "contrato": "TOP/0024/21",
    "created_date": 1672836171771,
    "created_user": "vonishi",
    "custo_obra": 715367.0,
    "departamento_fiscal": "DEPARTAMENTO DE INFRAESTRUTURA",
    "email": "infraestrutura@educacao.riopreto.sp.gov.br",
    "emp_construtora": "Comercial Pradela Ltda",
    "eng_resp": "Marcio Henrique Pradela - CREA/SP 5061511679",
    "finalidade": "TOP/0024/21 - Reforma Instalações Elétricas",
    "globalid": "{C3227A98-59CB-482C-9D29-A97BC5572121}",
    "inic_obra": 1637031600000,
    "last_edited_date": 1780062826485,
    "last_edited_user": "jpoiate",
    "nr_autorização": "-",
    "objectid": 6,
    "orig_recurso": "Recurso Próprio",
    "qtd_arvores_suprimidas": 0,
    "secretaria_fiscal": "educacao",
    "status": "concluido",
    "telefone": "3211-4029",
    "term_obra": 1677207600000
   },
   "type": "Feature"
  },
  {
   "geometry": {
    "coordinates": [
     -49.38619668598226,
     -20.792463923317285
    ],
    "type": "Point"
   },
   "id": 7,
   "properties": {
    "alcance_social": "Comunidade Escolar da EM Dom José Joaquim Gonçalves",
    "autorizado_por": null,
    "contrato": "TOP/0027/21",
    "created_date": 1672836544932,
    "created_user": "vonishi",
    "custo_obra": 308399.25,
    "departamento_fiscal": "DEPARTAMENTO DE INFRAESTRUTURA",
    "email": "infraestrutura@educacao.riopreto.sp.gov.br",
    "emp_construtora": "Comercial Pradela Ltda",
    "eng_resp": "Marcio Henrique Pradela - CREA/SP 5061511679",
    "finalidade": "TOP/0027/21 - Reforma Instalações Elétricas",
    "globalid": "{8A6C50BF-3792-4694-85ED-5D5E6A7C7AD4}",
    "inic_obra": 1637290800000,
    "last_edited_date": 1780062840569,
    "last_edited_user": "jpoiate",
    "nr_autorização": "-",
    "objectid": 7,
    "orig_recurso": "Recurso Próprio",
    "qtd_arvores_suprimidas": 0,
    "secretaria_fiscal": "educacao",
    "status": "concluido",
    "telefone": "3211-4029",
    "term_obra": 1677466800000
   },
   "type": "Feature"
  },
  {
   "geometry": {
    "coordinates": [
     -49.42462737650657,
     -20.811304275238136
    ],
    "type": "Point"
   },
   "id": 8,
   "properties": {
    "alcance_social": "Comunidade Escolar da EM Roberto Jorge",
    "autorizado_por": null,
    "contrato": "TOP/0020/21",
    "created_date": 1672837007263,
    "created_user": "vonishi",
    "custo_obra": 331947.34,
    "departamento_fiscal": "DEPARTAMENTO DE INFRAESTRUTURA",
    "email": "infraestrutura@educacao.riopreto.br",
    "emp_construtora": "Alex Henrique Cruz Eireli",
    "eng_resp": "Alex Henrique Cruz",
    "finalidade": "TOP/0020/21 - Reforma Instalações Elétricas",
    "globalid": "{AC12DABB-7875-4910-A329-22F06100FCB7}",
    "inic_obra": 1637031600000,
    "last_edited_date": 1780062851494,
    "last_edited_user": "jpoiate",
    "nr_autorização": null,
    "objectid": 8,
    "orig_recurso": "Recurso Próprio",
    "qtd_arvores_suprimidas": null,
    "secretaria_fiscal": "educacao",
    "status": "concluido",
    "telefone": "3211-4029",
    "term_obra": 1666839600000
   },
   "type": "Feature"
  },
  {
   "geometry": {
    "coordinates": [
     -49.407609095282865,
     -20.76897603197244
    ],
    "type": "Point"
   },
   "id": 9,
   "properties": {
    "alcance_social": "Comunidade Escolar da EM Yolanda Ferrari Vargas",
    "autorizado_por": null,
    "contrato": "TOP/0025/21",
    "created_date": 1672837233813,
    "created_user": "vonishi",
    "custo_obra": 404337.0,
    "departamento_fiscal": "DEPARTAMENTO DE INFRAESTRUTURA",
    "email": "infraestrutura@educacao.riopreto.sp.gov.br",
    "emp_construtora": "Comercial Pradela Ltda",
    "eng_resp": "Marcio Henrique Pradrela - CREA/SP 5061511679",
    "finalidade": "TOP/0025/21 - Reforma Instalações Elétricas",
    "globalid": "{03A066B3-9C8D-4A85-AD84-497C6FFEAFF6}",
    "inic_obra": 1605495600000,
    "last_edited_date": 1780062861751,
    "last_edited_user": "jpoiate",
    "nr_autorização": "-",
    "objectid": 9,
    "orig_recurso": "Recurso Próprio",
    "qtd_arvores_suprimidas": 0,
    "secretaria_fiscal": "educacao",
    "status": "concluido",
    "telefone": "3211-4029",
    "term_obra": 1677207600000
   },
   "type": "Feature"
  },
  {
   "geometry": {
    "coordinates": [
     -49.34810902433572,
     -20.83777693792774
    ],
    "type": "Point"
   },
   "id": 10,
   "properties": {
    "alcance_social": "Comunidade Escolar da EM Agostinho Brandi",
    "autorizado_por": null,
    "contrato": null,
    "created_date": 1672837644141,
    "created_user": "vonishi",
    "custo_obra": 856402.01,
    "departamento_fiscal": "DEPARTAMENTO DE INFRAESTRUTURA",
    "email": "infraestrutura@educacao.riopreto.br",
    "emp_construtora": "MLS Gerenciamento de Obras Ltda EPP",
    "eng_resp": "Douglas José Buzzetti",
    "finalidade": "Reforma Predial",
    "globalid": "{C5BDEBF7-E7ED-4F2C-AC33-AFEE19B84831}",
    "inic_obra": 1646622000000,
    "last_edited_date": 1751464532432,
    "last_edited_user": "almelo",
    "nr_autorização": null,
    "objectid": 10,
    "orig_recurso": "Municipal",
    "qtd_arvores_suprimidas": null,
    "secretaria_fiscal": "educacao",
    "status": "concluido",
    "telefone": "3211-4029",
    "term_obra": 1671246000000
   },
   "type": "Feature"
  },
  {
   "geometry": {
    "coordinates": [
     -49.372742935077305,
     -20.799764024803785
    ],
    "type": "Point"
   },
   "id": 11,
   "properties": {
    "alcance_social": "Comunidade Escolar da EM Celeste Maria De Almeida Gouveia",
    "autorizado_por": null,
    "contrato": null,
    "created_date": 1672853895891,
    "created_user": "vonishi",
    "custo_obra": 278826.99,
    "departamento_fiscal": "DEPARTAMENTO DE INFRAESTRUTURA",
    "email": "infraestrutura@educacao.riopreto.br",
    "emp_construtora": "Comercial Pradela Ltda",
    "eng_resp": "Júlio Cesar Badial",
    "finalidade": "Reforma Instalações Elétricas",
    "globalid": "{DBF5A16E-F1A2-4CAD-AA8B-CCE2402D5AD5}",
    "inic_obra": 1639969200000,
    "last_edited_date": 1751464384020,
    "last_edited_user": "almelo",
    "nr_autorização": null,
    "objectid": 11,
    "orig_recurso": "Municipal",
    "qtd_arvores_suprimidas": null,
    "secretaria_fiscal": "educacao",
    "status": "concluido",
    "telefone": "3211-4029",
    "term_obra": 1674961200000
   },
   "type": "Feature"
  },
  {
   "geometry": {
    "coordinates": [
     -49.4243904404605,
     -20.81132308799313
    ],
    "type": "Point"
   },
   "id": 12,
   "properties": {
    "alcance_social": "Comunidade Escolar da EM Roberto Jorge",
    "autorizado_por": null,
    "contrato": "TOP/0033/22",
    "created_date": 1672854189453,
    "created_user": "vonishi",
    "custo_obra": 12121757.0,
    "departamento_fiscal": "DEPARTAMENTO DE INFRAESTRUTURA",
    "email": "infraestrutura@educacao.riopreto.sp.gov.br",
    "emp_construtora": "Construtora Polachini Ltda EPP",
    "eng_resp": "Plinio Marcos Laprano Polachini - CREA/SP 5060019501",
    "finalidade": "TOP/0033/22 - Reforma de Muro",
    "globalid": "{30A89CD7-84F6-478A-B432-780DDAAF32AF}",
    "inic_obra": 1662606000000,
    "last_edited_date": 1780063685206,
    "last_edited_user": "jpoiate",
    "nr_autorização": null,
    "objectid": 12,
    "orig_recurso": "Recurso Próprio",
    "qtd_arvores_suprimidas": null,
    "secretaria_fiscal": "educacao",
    "status": "concluido",
    "telefone": "3211-4029",
    "term_obra": 1682046000000
   },
   "type": "Feature"
  },
  {
   "geometry": {
    "coordinates": [
     -49.395955358001494,
     -20.760333084599065
    ],
    "type": "Point"
   },
   "id": 13,
   "properties": {
    "alcance_social": "Comunidade Escolar da EM Sylvio Benito Martini",
    "autorizado_por": null,
    "contrato": "TOP/0005/22",
    "created_date": 1672854499010,
    "created_user": "vonishi",
    "custo_obra": 853620.72,
    "departamento_fiscal": "DEPARTAMENTO DE INFRAESTRUTURA",
    "email": "infraestrutura@educacao.riopreto.sp.gov.br",
    "emp_construtora": "RAC Constr Rio Preto Ltda",
    "eng_resp": "Rafael Batista Casella Jr. - CREA/SP 0600728888",
    "finalidade": "TOP/0005/22 - Reforma Predial",
    "globalid": "{66CEF291-FFA6-41FD-8227-C37DC221942C}",
    "inic_obra": 1646622000000,
    "last_edited_date": 1780063697408,
    "last_edited_user": "jpoiate",
    "nr_autorização": null,
    "objectid": 13,
    "orig_recurso": "Recurso Próprio",
    "qtd_arvores_suprimidas": null,
    "secretaria_fiscal": "educacao",
    "status": "concluido",
    "telefone": "3211-4029",
    "term_obra": 1670036400000
   },
   "type": "Feature"
  },
  {
   "geometry": {
    "coordinates": [
     -49.347304989935616,
     -20.842364855977742
    ],
    "type": "Point"
   },
   "id": 14,
   "properties": {
    "alcance_social": "Comunidade Escolar da EM João  José Feris",
    "autorizado_por": null,
    "contrato": null,
    "created_date": 1672855018777,
    "created_user": "vonishi",
    "custo_obra": 1142277.46,
    "departamento_fiscal": "DEPARTAMENTO DE INFRAESTRUTURA",
    "email": "infraestrutura@educacao.riopreto.br",
    "emp_construtora": "Construtora JLK Souza Ltda ME",
    "eng_resp": "Douglas José Buzzetti",
    "finalidade": "Reforma da Cobertura",
    "globalid": "{10598AF6-F167-4AEA-9564-D3CBF5C4DF94}",
    "inic_obra": 1662606000000,
    "last_edited_date": 1751467083384,
    "last_edited_user": "almelo",
    "nr_autorização": null,
    "objectid": 14,
    "orig_recurso": "Municipal",
    "qtd_arvores_suprimidas": null,
    "secretaria_fiscal": "educacao",
    "status": "concluido",
    "telefone": "3211-4029",
    "term_obra": 1687230000000
   },
   "type": "Feature"
  },
  {
   "geometry": {
    "coordinates": [
     -49.388120164956824,
     -20.843544553457768
    ],
    "type": "Point"
   },
   "id": 15,
   "properties": {
    "alcance_social": "Usuários do Parque Ecológico Educativo Danilo Santos de Miranda",
    "autorizado_por": null,
    "contrato": "TOP/0030/22",
    "created_date": 1672855591122,
    "created_user": "vonishi",
    "custo_obra": 200943.76,
    "departamento_fiscal": "DEPARTAMENTO DE INFRAESTRUTURA",
    "email": "infraestrutura@educacao.riopreto.sp.gov.br",
    "emp_construtora": "Construtora JLK Souza Ltda ME",
    "eng_resp": "Roner Kassio de Souza - CREASP 5069855117",
    "finalidade": "TOP/0030/22 - Reforma de Cobertura",
    "globalid": "{60E12704-B4C3-47D6-8D31-4AF9548CB61F}",
    "inic_obra": 1662606000000,
    "last_edited_date": 1780063706955,
    "last_edited_user": "jpoiate",
    "nr_autorização": "-",
    "objectid": 15,
    "orig_recurso": "Recurso Próprio",
    "qtd_arvores_suprimidas": 0,
    "secretaria_fiscal": "educacao",
    "status": "concluido",
    "telefone": "3211-4029",
    "term_obra": 1671246000000
   },
   "type": "Feature"
  },
  {
   "geometry": {
    "coordinates": [
     -49.38162037597248,
     -20.75913451825097
    ],
    "type": "Point"
   },
   "id": 16,
   "properties": {
    "alcance_social": "Comunidade Escolar da EM Georgina Atra Hawilla - Dona Jota 1",
    "autorizado_por": null,
    "contrato": "TOP/0012/22",
    "created_date": 1672855959126,
    "created_user": "vonishi",
    "custo_obra": 2799461.42,
    "departamento_fiscal": "DEPARTAMENTO DE INFRAESTRUTURA",
    "email": "infraestrutura@educacao.riopreto.sp.gov.br",
    "emp_construtora": "Const Rio Obras Constr Eireli",
    "eng_resp": "Diego Marlon Mariano - CREASP 5069636190",
    "finalidade": "TOP/0012/22 - Reforma e ampliação",
    "globalid": "{DF7624B4-6EED-4FA8-9719-1071D492BD82}",
    "inic_obra": 1648436400000,
    "last_edited_date": 1780063715564,
    "last_edited_user": "jpoiate",
    "nr_autorização": null,
    "objectid": 16,
    "orig_recurso": "Recurso Próprio",
    "qtd_arvores_suprimidas": null,
    "secretaria_fiscal": "educacao",
    "status": "concluido",
    "telefone": "3211-4029",
    "term_obra": 1691204400000
   },
   "type": "Feature"
  },
  {
   "geometry": {
    "coordinates": [
     -49.41404731912751,
     -20.814325040064002
    ],
    "type": "Point"
   },
   "id": 17,
   "properties": {
    "alcance_social": "Comunidade usuária do Centro Integrado de Ciência e Cultura",
    "autorizado_por": null,
    "contrato": "TOP/0011/22",
    "created_date": 1672856231847,
    "created_user": "vonishi",
    "custo_obra": 598219.46,
    "departamento_fiscal": "DEPARTAMENTO DE INFRAESTRUTURA",
    "email": "infraestrutura@educacao.riopreto.sp.gov.br",
    "emp_construtora": "Const Rio Obras Constr Eireli",
    "eng_resp": "Diego Marlon Mariano - CREA/SP 5069636190",
    "finalidade": "TOP/0011/22 - Reforma Predial",
    "globalid": "{7683CC2C-DFED-467F-805E-295C8E7B2C02}",
    "inic_obra": 1649041200000,
    "last_edited_date": 1780063724237,
    "last_edited_user": "jpoiate",
    "nr_autorização": null,
    "objectid": 17,
    "orig_recurso": "Recurso Próprio",
    "qtd_arvores_suprimidas": null,
    "secretaria_fiscal": "educacao",
    "status": "concluido",
    "telefone": "3211-4029",
    "term_obra": 1678849200000
   },
   "type": "Feature"
  },
  {
   "geometry": {
    "coordinates": [
     -49.410726188233326,
     -20.788675771029883
    ],
    "type": "Point"
   },
   "id": 18,
   "properties": {
    "alcance_social": "Comunidade do bairro Laranjeiras/Vila Romana",
    "autorizado_por": null,
    "contrato": "COC/0015/22",
    "created_date": 1672856558237,
    "created_user": "vonishi",
    "custo_obra": 6329772.84,
    "departamento_fiscal": "DEPARTAMENTO DE INFRAESTRUTURA",
    "email": "infraestrutura@educacao.riopreto.sp.gov.br",
    "emp_construtora": "J A Tineli Marques & Cia Ltda EPP",
    "eng_resp": "Guilherme Polaini Tineli - CREA/SP 5069489526",
    "finalidade": "COC/0015/22 - Construção de Unidade Escolar Infantil",
    "globalid": "{802339A3-E689-402C-8B9E-4DF5EF1D5D13}",
    "inic_obra": 1657508400000,
    "last_edited_date": 1780063731242,
    "last_edited_user": "jpoiate",
    "nr_autorização": null,
    "objectid": 18,
    "orig_recurso": "Recurso Próprio",
    "qtd_arvores_suprimidas": null,
    "secretaria_fiscal": "educacao",
    "status": "concluido",
    "telefone": "3211-4029",
    "term_obra": 1688612400000
   },
   "type": "Feature"
  },
  {
   "geometry": {
    "coordinates": [
     -49.40961358612638,
     -20.79634864943264
    ],
    "type": "Point"
   },
   "id": 19,
   "properties": {
    "alcance_social": "Comunidade escolar da EM Anazia José Bolçone",
    "autorizado_por": null,
    "contrato": "TOP/0018/22",
    "created_date": 1672859837225,
    "created_user": "vonishi",
    "custo_obra": 457648.49,
    "departamento_fiscal": "DEPARTAMENTO DE INFRAESTRUTURA",
    "email": "infraestrutura@educacao.riopreto.sp,gov.br",
    "emp_construtora": "LGR Construtora Ltda EPP",
    "eng_resp": "Edgard Celso Teixeira - CREA/SP 5060908658",
    "finalidade": "TOP/0018/22 - Construção, reforma e alteamento de muro",
    "globalid": "{E6192AEE-F142-4B76-928D-6FD82360A122}",
    "inic_obra": 1659322800000,
    "last_edited_date": 1780063742364,
    "last_edited_user": "jpoiate",
    "nr_autorização": null,
    "objectid": 19,
    "orig_recurso": "Recurso Próprio",
    "qtd_arvores_suprimidas": null,
    "secretaria_fiscal": "educacao",
    "status": "concluido",
    "telefone": "3211-4029",
    "term_obra": 1680318000000
   },
   "type": "Feature"
  },
  {
   "geometry": {
    "coordinates": [
     -49.350327274690976,
     -20.836564809046603
    ],
    "type": "Point"
   },
   "id": 20,
   "properties": {
    "alcance_social": "Comunidade Escolar EM Michel Pedro Sawaya",
    "autorizado_por": null,
    "contrato": "TOP/0021/22",
    "created_date": 1672860141375,
    "created_user": "vonishi",
    "custo_obra": 478452.46,
    "departamento_fiscal": "DEPARTAMENTO DE INFRAESTRUTURA",
    "email": "infraestrutura@educacao.riopreto.sp.gov.br",
    "emp_construtora": "MLS Gerenciamento de Obras Ltda EPP",
    "eng_resp": "Luis Carlos Anselmo Siqueira - CREA/SP 5060467538",
    "finalidade": "TOP/0021/22 - Reforma, construção e alteamento de muro",
    "globalid": "{086BB2E0-BBE8-47EB-A6AA-9DF58570DD53}",
    "inic_obra": 1659322800000,
    "last_edited_date": 1780063752863,
    "last_edited_user": "jpoiate",
    "nr_autorização": null,
    "objectid": 20,
    "orig_recurso": "Recurso Próprio",
    "qtd_arvores_suprimidas": null,
    "secretaria_fiscal": "educacao",
    "status": "concluido",
    "telefone": "3211-4029",
    "term_obra": 1683946800000
   },
   "type": "Feature"
  },
  {
   "geometry": {
    "coordinates": [
     -49.375932835583214,
     -20.83476075643031
    ],
    "type": "Point"
   },
   "id": 21,
   "properties": {
    "alcance_social": "Comunidade Escolar da EM Maria Faria de Vasconcelos",
    "autorizado_por": null,
    "contrato": "TOP/0022/22",
    "created_date": 1672860459862,
    "created_user": "vonishi",
    "custo_obra": 412444.47,
    "departamento_fiscal": "DEPARTAMENTO DE INFRAESTRUTURA",
    "email": "infraestrutura@educacao.riopreto.sp.gov.br",
    "emp_construtora": "MLS Gerenciamento de Obras Ltda EPP",
    "eng_resp": "Luis Carlos Anselmo Siqueira - CREA/SP 5060467538",
    "finalidade": "TOP/0022/22 - Reforma, construção e alteamento de muro",
    "globalid": "{A70590A7-5AD6-44B7-85F6-64A0578CFE5E}",
    "inic_obra": 1659322800000,
    "last_edited_date": 1780061547587,
    "last_edited_user": "portaladmin",
    "nr_autorização": null,
    "objectid": 21,
    "orig_recurso": "Recurso Próprio",
    "qtd_arvores_suprimidas": null,
    "secretaria_fiscal": "educacao",
    "status": "concluido",
    "telefone": "3211-4029",
    "term_obra": 1674874800000
   },
   "type": "Feature"
  },
  {
   "geometry": {
    "coordinates": [
     -49.41668095496174,
     -20.794713601715657
    ],
    "type": "Point"
   },
   "id": 22,
   "properties": {
    "alcance_social": "Comunidade Escolar EM Halim Atique",
    "autorizado_por": null,
    "contrato": "TOP/0019/22",
    "created_date": 1672860749560,
    "created_user": "vonishi",
    "custo_obra": 856011.27,
    "departamento_fiscal": "DEPARTAMENTO DE INFRAESTRUTURA",
    "email": "infraestrutura@educacao.riopreto.sp.gov.br",
    "emp_construtora": "LGR Construtora Ltda EPP",
    "eng_resp": "Edgard Celso Teixeira - CREA/SP 5060908658",
    "finalidade": "TOP/0019/22 - Reforma, construção e alteamento de muro",
    "globalid": "{5E3CB9C2-12EF-4FCC-9F69-B431347FE4C4}",
    "inic_obra": 1659322800000,
    "last_edited_date": 1780063764123,
    "last_edited_user": "jpoiate",
    "nr_autorização": null,
    "objectid": 22,
    "orig_recurso": "Recurso Próprio",
    "qtd_arvores_suprimidas": null,
    "secretaria_fiscal": "educacao",
    "status": "concluido",
    "telefone": "3211-4029",
    "term_obra": 1680058800000
   },
   "type": "Feature"
  },
  {
   "geometry": {
    "coordinates": [
     -49.33578004681147,
     -20.87639181625159
    ],
    "type": "Point"
   },
   "id": 23,
   "properties": {
    "alcance_social": "Comunidade Escolar EM Israel Cestari",
    "autorizado_por": null,
    "contrato": "TOP/0023/22",
    "created_date": 1672861405838,
    "created_user": "vonishi",
    "custo_obra": 611430.44,
    "departamento_fiscal": "DEPARTAMENTO DE INFRAESTRUTURA",
    "email": "infraestrutura@educacao.riopreto.sp.gov.br",
    "emp_construtora": "MLS Gerenciamento de Obras Ltda EPP",
    "eng_resp": "Luis Carlos Anselmo Siqueira - CREA/SP 5060467538",
    "finalidade": "TOP/0023/22 - Construção de muro",
    "globalid": "{7057FBD6-4FE7-4FB6-9B82-DDA7F8F2A756}",
    "inic_obra": 1659322800000,
    "last_edited_date": 1780063772124,
    "last_edited_user": "jpoiate",
    "nr_autorização": null,
    "objectid": 23,
    "orig_recurso": "Recurso Próprio",
    "qtd_arvores_suprimidas": null,
    "secretaria_fiscal": "educacao",
    "status": "concluido",
    "telefone": "3211-4029",
    "term_obra": 1683946800000
   },
   "type": "Feature"
  },
  {
   "geometry": {
    "coordinates": [
     -49.38357713124013,
     -20.75150636865992
    ],
    "type": "Point"
   },
   "id": 24,
   "properties": {
    "alcance_social": "TOP/0001/24 - Comunidade escolar da EM Adelício Teodoro",
    "autorizado_por": null,
    "contrato": null,
    "created_date": 1672861628898,
    "created_user": "vonishi",
    "custo_obra": 889060.04,
    "departamento_fiscal": "DEPARTAMENTO DE INFRAESTRUTURA",
    "email": "infraestrutura@educacao.riopreto.sp.gov.br",
    "emp_construtora": "Construtora JLK Souza Ltda ME",
    "eng_resp": "Roner Kassio de Souza - CREA/SP 5069855117",
    "finalidade": "Reforma e ampliação",
    "globalid": "{173FED17-9A45-4329-B219-AF807CA5A57D}",
    "inic_obra": 1706497200000,
    "last_edited_date": 1751631119471,
    "last_edited_user": "jcbertuga",
    "nr_autorização": null,
    "objectid": 24,
    "orig_recurso": "Recurso Próprio",
    "qtd_arvores_suprimidas": null,
    "secretaria_fiscal": "educacao",
    "status": "concluido",
    "telefone": "3211-4029",
    "term_obra": 1738897200000
   },
   "type": "Feature"
  },
  {
   "geometry": {
    "coordinates": [
     -49.38907402576991,
     -20.761496009394612
    ],
    "type": "Point"
   },
   "id": 25,
   "properties": {
    "alcance_social": "Comunidade Escolar EM Julio de Faria Sousa Júnior - Unidade II",
    "autorizado_por": null,
    "contrato": "TOP/0004/24",
    "created_date": 1672861837831,
    "created_user": "vonishi",
    "custo_obra": 3866593.62,
    "departamento_fiscal": "DEPARTAMENTO DE INFRAESTRUTURA",
    "email": "infraestrutura@educacao.riopreto.sp.gov.br",
    "emp_construtora": "Construtora JLK Souza Ltda ME",
    "eng_resp": "Roner Kassio de Souza - CREA/SP 5069855117",
    "finalidade": "TOP/0004/24 - Reforma e Ampliação",
    "globalid": "{A146970E-84E8-4F76-9476-2F48264C6B26}",
    "inic_obra": 1713236400000,
    "last_edited_date": 1780063782066,
    "last_edited_user": "jpoiate",
    "nr_autorização": null,
    "objectid": 25,
    "orig_recurso": "Recurso Próprio",
    "qtd_arvores_suprimidas": null,
    "secretaria_fiscal": "educacao",
    "status": "andamento",
    "telefone": "3211-4029",
    "term_obra": 1746932400000
   },
   "type": "Feature"
  },
  {
   "geometry": {
    "coordinates": [
     -49.403130980116785,
     -20.789554282324275
    ],
    "type": "Point"
   },
   "id": 26,
   "properties": {
    "alcance_social": "Comunidade Escolar da EM Menino Jesus",
    "autorizado_por": null,
    "contrato": "COC/0021/22",
    "created_date": 1672862103802,
    "created_user": "vonishi",
    "custo_obra": 4650173.11,
    "departamento_fiscal": "DEPARTAMENTO DE INFRAESTRUTURA",
    "email": "infraestrutura@educacao.riopreto.sp.gov.br",
    "emp_construtora": "Const Rio Obras Constr Eireli",
    "eng_resp": "Diego Marlon Mariano - CREA/SP 5069636190",
    "finalidade": "COC/0021/22 - Reforma e ampliação",
    "globalid": "{B9B3EE67-3726-474F-B397-941E4EF991A6}",
    "inic_obra": 1662606000000,
    "last_edited_date": 1780063791653,
    "last_edited_user": "jpoiate",
    "nr_autorização": null,
    "objectid": 26,
    "orig_recurso": "Recurso Próprio",
    "qtd_arvores_suprimidas": null,
    "secretaria_fiscal": "educacao",
    "status": "concluido",
    "telefone": "3211-4029",
    "term_obra": 1722222000000
   },
   "type": "Feature"
  },
  {
   "geometry": {
    "coordinates": [
     -49.384452789216134,
     -20.801126092042903
    ],
    "type": "Point"
   },
   "id": 27,
   "properties": {
    "alcance_social": "TOP/0028/22 - Comunidade Escolar EM Pato Donald",
    "autorizado_por": null,
    "contrato": null,
    "created_date": 1672862479600,
    "created_user": "vonishi",
    "custo_obra": 1181468.04,
    "departamento_fiscal": "DEPARTAMENTO DE INFRAESTRUTURA",
    "email": "infraestrutura@educacao.riopreto.sp.gov.br",
    "emp_construtora": "J A Tineli Marques & Cia Ltda EPP",
    "eng_resp": "Guilherme Polaini Tineli - CREA/SP 5069489526",
    "finalidade": "Reforma Predial",
    "globalid": "{0E682CE7-CA66-48E1-808C-51C751103B8F}",
    "inic_obra": 1662606000000,
    "last_edited_date": 1751633233042,
    "last_edited_user": "jcbertuga",
    "nr_autorização": null,
    "objectid": 27,
    "orig_recurso": "Recurso Próprio",
    "qtd_arvores_suprimidas": null,
    "secretaria_fiscal": "educacao",
    "status": "concluido",
    "telefone": "3211-4029",
    "term_obra": 1688526000000
   },
   "type": "Feature"
  },
  {
   "geometry": {
    "coordinates": [
     -49.36874823660328,
     -20.810491492955986
    ],
    "type": "Point"
   },
   "id": 28,
   "properties": {
    "alcance_social": "Usuários do Complexo Swift de Educação e Cultura",
    "autorizado_por": null,
    "contrato": "TOP/0032/22",
    "created_date": 1672862831566,
    "created_user": "vonishi",
    "custo_obra": 795042.46,
    "departamento_fiscal": "DEPARTAMENTO DE INFRAESTRUTURA",
    "email": "infraestrutura@educacao.riopreto.sp.gov.br",
    "emp_construtora": "KM & M Eng Projeto Constr Ltda ME",
    "eng_resp": "Kelly Alves de Jesus Miranda - CREA/SP 5063002400",
    "finalidade": "TOP/0032/22 - Reforma do Sistema de Captação de Águas Pluviais",
    "globalid": "{6F0D6597-41A3-4CE9-B7DB-A7309653BEDF}",
    "inic_obra": 1662606000000,
    "last_edited_date": 1780063799724,
    "last_edited_user": "jpoiate",
    "nr_autorização": "-",
    "objectid": 28,
    "orig_recurso": "Recurso Próprio",
    "qtd_arvores_suprimidas": 0,
    "secretaria_fiscal": "educacao",
    "status": "concluido",
    "telefone": "3211-4029",
    "term_obra": 1685934000000
   },
   "type": "Feature"
  },
  {
   "geometry": {
    "coordinates": [
     -49.375917918159615,
     -20.727223702845137
    ],
    "type": "Point"
   },
   "id": 29,
   "properties": {
    "alcance_social": "Comunidade Escolar da EM Luiz Antonio Fleury Filho",
    "autorizado_por": null,
    "contrato": "TOP/0035/22",
    "created_date": 1672863352412,
    "created_user": "vonishi",
    "custo_obra": 1151057.89,
    "departamento_fiscal": "DEPARTAMENTO DE INFRAESTRUTURA",
    "email": "infraestrutura@educacao.riopreto.sp.gov.br",
    "emp_construtora": "LGR Construtora Ltda EPP",
    "eng_resp": "Edgard Celso Teixeira - CREA/SP 5060908658",
    "finalidade": "TOP/0035/22 - Fechamento em muro e gradil",
    "globalid": "{40182984-C752-4C0A-97C6-5E6A9874E56E}",
    "inic_obra": 1662606000000,
    "last_edited_date": 1780063807662,
    "last_edited_user": "jpoiate",
    "nr_autorização": null,
    "objectid": 29,
    "orig_recurso": "Recurso Próprio",
    "qtd_arvores_suprimidas": null,
    "secretaria_fiscal": "educacao",
    "status": "concluido",
    "telefone": "3211-4029",
    "term_obra": 1683428400000
   },
   "type": "Feature"
  },
  {
   "geometry": {
    "coordinates": [
     -49.41797314646364,
     -20.774312678794917
    ],
    "type": "Point"
   },
   "id": 30,
   "properties": {
    "alcance_social": "Comunidade escolar da EM Orestes Quércia",
    "autorizado_por": null,
    "contrato": "TOP/0043/22",
    "created_date": 1672863559988,
    "created_user": "vonishi",
    "custo_obra": 512428.69,
    "departamento_fiscal": "DEPARTAMENTO DE INFRAESTRUTURA",
    "email": "infraestrutura@educacao.riopreto.sp.gov.br",
    "emp_construtora": "Construtora Polachini Ltda EPP",
    "eng_resp": "Plinio Marcos Laprano Polachini - CREA/SP 5060019501",
    "finalidade": "TOP/0043/22 - Construção, reforma e alteamento de muro",
    "globalid": "{8166077E-9313-4925-9C28-205BF638CE67}",
    "inic_obra": 1669172400000,
    "last_edited_date": 1780063818176,
    "last_edited_user": "jpoiate",
    "nr_autorização": null,
    "objectid": 30,
    "orig_recurso": "Recurso Próprio",
    "qtd_arvores_suprimidas": null,
    "secretaria_fiscal": "educacao",
    "status": "concluido",
    "telefone": "3211-4029",
    "term_obra": 1684551600000
   },
   "type": "Feature"
  },
  {
   "geometry": {
    "coordinates": [
     -49.39216904441889,
     -20.78406004766882
    ],
    "type": "Point"
   },
   "id": 31,
   "properties": {
    "alcance_social": "Comunidade escolar da EM Walfredo Fogaça e Décio Monzoni Lang",
    "autorizado_por": null,
    "contrato": "TOP/0042/22",
    "created_date": 1672863811109,
    "created_user": "vonishi",
    "custo_obra": 63309.34,
    "departamento_fiscal": "DEPARTAMENTO DE INFRAESTRUTURA",
    "email": "infraestrutura@educacao.riopreto.sp.gov.br",
    "emp_construtora": "Conhidro Construção Eireli EPP",
    "eng_resp": "Maria Augusta da Rocha e Silva - CAU 000A987077",
    "finalidade": "TOP/0042/22 - Adequações de drenagem",
    "globalid": "{8A3D8D55-2827-4FD1-8267-84DF2A43183C}",
    "inic_obra": 1668999600000,
    "last_edited_date": 1780063825981,
    "last_edited_user": "jpoiate",
    "nr_autorização": "-",
    "objectid": 31,
    "orig_recurso": "Recurso Próprio",
    "qtd_arvores_suprimidas": 0,
    "secretaria_fiscal": "educacao",
    "status": "concluido",
    "telefone": "3211-4029",
    "term_obra": 1679367600000
   },
   "type": "Feature"
  },
  {
   "geometry": {
    "coordinates": [
     -49.329535103585044,
     -20.768052601596867
    ],
    "type": "Point"
   },
   "id": 32,
   "properties": {
    "alcance_social": "Comunidade escolar da EM Walfredo Fogaça e EM Decio Monzoni Lang",
    "autorizado_por": null,
    "contrato": "TOP/0042/22",
    "created_date": 1672864137501,
    "created_user": "vonishi",
    "custo_obra": 63309.34,
    "departamento_fiscal": "DEPARTAMENTO DE INFRAESTRUTURA",
    "email": "infraestrutura@educacao.riopreto.sp.gov.br",
    "emp_construtora": "Conhidro Construção Eireli EPP",
    "eng_resp": "Maria Augusta da Rocha e Silva - CAU 000A987077",
    "finalidade": "TOP/0042/22 - Adequações de Drenagem",
    "globalid": "{738D358C-6E8D-4BCF-B1CE-9D9492F6156D}",
    "inic_obra": 1668999600000,
    "last_edited_date": 1780063837353,
    "last_edited_user": "jpoiate",
    "nr_autorização": "-",
    "objectid": 32,
    "orig_recurso": "Recurso Próprio",
    "qtd_arvores_suprimidas": 0,
    "secretaria_fiscal": "educacao",
    "status": "concluido",
    "telefone": "3211-4029",
    "term_obra": 1679367600000
   },
   "type": "Feature"
  },
  {
   "geometry": {
    "coordinates": [
     -49.372535021801426,
     -20.804115807161704
    ],
    "type": "Point"
   },
   "id": 33,
   "properties": {
    "alcance_social": "Comunidade escolar da EM A Bela Adormecida",
    "autorizado_por": null,
    "contrato": "TOP/0047/22",
    "created_date": 1672864309554,
    "created_user": "vonishi",
    "custo_obra": 159184.14,
    "departamento_fiscal": "DEPARTAMENTO DE INFRAESTRUTURA",
    "email": "infraestrutura@educacao.riopreto.sp.gov.br",
    "emp_construtora": "Construtora JLK Souza Ltda ME",
    "eng_resp": "Roner Kassio de Souza - CREA/SP 5069855117",
    "finalidade": "TOP/0047/22 - Construção de Muro",
    "globalid": "{D360C11E-62F1-4C34-81B5-4C8CD06BF75C}",
    "inic_obra": 1670986800000,
    "last_edited_date": 1780063849696,
    "last_edited_user": "jpoiate",
    "nr_autorização": null,
    "objectid": 33,
    "orig_recurso": "Recurso Próprio",
    "qtd_arvores_suprimidas": null,
    "secretaria_fiscal": "educacao",
    "status": "concluido",
    "telefone": "3211-4029",
    "term_obra": 1682478000000
   },
   "type": "Feature"
  },
  {
   "geometry": {
    "coordinates": [
     -49.37438249342148,
     -20.814425060355585
    ],
    "type": "Point"
   },
   "id": 34,
   "properties": {
    "alcance_social": "Comunidade escolar da EM Cenobelino de Barros Serra",
    "autorizado_por": null,
    "contrato": "TOP/0046/22",
    "created_date": 1672864500008,
    "created_user": "vonishi",
    "custo_obra": 122200.0,
    "departamento_fiscal": "DEPARTAMENTO DE INFRAESTRUTURA",
    "email": "infraestrutura@educacao.riopreto.sp.gov.br",
    "emp_construtora": "Construtora JLK Souza Ltda ME",
    "eng_resp": "Roner Kassio de Souza - CREA/SP 5069855117",
    "finalidade": "TOP/0046/22 - Adequação do fluxo da cozinha",
    "globalid": "{41C8C8F7-9651-4BD4-9B45-5976E4712D91}",
    "inic_obra": 1669604400000,
    "last_edited_date": 1780063858497,
    "last_edited_user": "jpoiate",
    "nr_autorização": "-",
    "objectid": 34,
    "orig_recurso": "Municipal",
    "qtd_arvores_suprimidas": 0,
    "secretaria_fiscal": "educacao",
    "status": "concluido",
    "telefone": "3211-4029",
    "term_obra": 1686452400000
   },
   "type": "Feature"
  },
  {
   "geometry": {
    "coordinates": [
     -49.37429129825047,
     -20.813136375820623
    ],
    "type": "Point"
   },
   "id": 35,
   "properties": {
    "alcance_social": "Comunidade escolar da EM Orlando Guareschi",
    "autorizado_por": null,
    "contrato": "TOP/0051/22",
    "created_date": 1672864802636,
    "created_user": "vonishi",
    "custo_obra": 348731.91,
    "departamento_fiscal": "DEPARTAMENTO DE INFRAESTRUTURA",
    "email": "infraestrutura@educacao.riopreto.sp.gov.br",
    "emp_construtora": "Madri Iski Construções Eireli",
    "eng_resp": "Antonio Adriano Rabesco Isqui - CREA/SP 5063001320",
    "finalidade": "TOP/0051/22 - Adequações prediais e reforço de fundação",
    "globalid": "{7AE4F3BC-D1D7-4C7B-ABC9-6D93C956E01E}",
    "inic_obra": 1670295600000,
    "last_edited_date": 1780063865687,
    "last_edited_user": "jpoiate",
    "nr_autorização": null,
    "objectid": 35,
    "orig_recurso": "Recurso Próprio",
    "qtd_arvores_suprimidas": null,
    "secretaria_fiscal": "educacao",
    "status": "concluido",
    "telefone": "3211-4029",
    "term_obra": 1703991600000
   },
   "type": "Feature"
  },
  {
   "geometry": {
    "coordinates": [
     -49.35314906266146,
     -20.829074985880776
    ],
    "type": "Point"
   },
   "id": 36,
   "properties": {
    "alcance_social": "Comunidade escolar da EM Irmã Izaltina Maria",
    "autorizado_por": null,
    "contrato": "TOP/0045/22",
    "created_date": 1672864964413,
    "created_user": "vonishi",
    "custo_obra": 168682.48,
    "departamento_fiscal": "DEPARTAMENTO DE INFRAESTRUTURA",
    "email": "infraestrutura@educacao.riopreto.sp.gov.br",
    "emp_construtora": "Construtora JLK Souza Ltda ME",
    "eng_resp": "Roner Kassio de Souza - CREA/SP 5069855117",
    "finalidade": "TOP/0045/22 - Construção de Muro e pórtico",
    "globalid": "{57F6D685-0B37-4266-85AE-0719F21BEB05}",
    "inic_obra": 1669604400000,
    "last_edited_date": 1780063876651,
    "last_edited_user": "jpoiate",
    "nr_autorização": "-",
    "objectid": 36,
    "orig_recurso": "Recurso Próprio",
    "qtd_arvores_suprimidas": 0,
    "secretaria_fiscal": "educacao",
    "status": "concluido",
    "telefone": "3211-4029",
    "term_obra": 1682996400000
   },
   "type": "Feature"
  },
  {
   "geometry": {
    "coordinates": [
     -49.36236605505595,
     -20.77086620948046
    ],
    "type": "Point"
   },
   "id": 37,
   "properties": {
    "alcance_social": "Comunidade escolar da EM Célia Homsi de Melo",
    "autorizado_por": null,
    "contrato": null,
    "created_date": 1672865119442,
    "created_user": "vonishi",
    "custo_obra": 242010.0,
    "departamento_fiscal": "DEPARTAMENTO DE INFRAESTRUTURA",
    "email": "infraestrutura@educacao.riopreto.br",
    "emp_construtora": "RAC Constr Rio Preto Ltda",
    "eng_resp": "Douglas José Buzzetti",
    "finalidade": "Construção, reforma e alteamento de muro",
    "globalid": "{A7F23576-3C4D-40FA-9D0E-23E2E5EE1C1B}",
    "inic_obra": 1670814000000,
    "last_edited_date": 1751474407871,
    "last_edited_user": "almelo",
    "nr_autorização": null,
    "objectid": 37,
    "orig_recurso": "Municipal",
    "qtd_arvores_suprimidas": null,
    "secretaria_fiscal": "educacao",
    "status": "concluido",
    "telefone": "3211-4029",
    "term_obra": 1695438000000
   },
   "type": "Feature"
  },
  {
   "geometry": {
    "coordinates": [
     -49.40904001181746,
     -20.784450229566286
    ],
    "type": "Point"
   },
   "id": 38,
   "properties": {
    "alcance_social": "Comunidade escolar da EM Wilson Romano Calil",
    "autorizado_por": null,
    "contrato": "TOP/0048/22",
    "created_date": 1672865292393,
    "created_user": "vonishi",
    "custo_obra": 88722.37,
    "departamento_fiscal": "DEPARTAMENTO DE INFRAESTRUTURA",
    "email": "infraestrutura@educacao.riopreto.sp.gov.br",
    "emp_construtora": "Construtora JLK Souza Ltda ME",
    "eng_resp": "Roner Kassio de Souza - CREA/SP 5069855117",
    "finalidade": "TOP/0048/22 - Reforma elétrica da Quadra",
    "globalid": "{760884B1-F8E8-4385-A4EE-E17553FBA98B}",
    "inic_obra": 1674442800000,
    "last_edited_date": 1780063885173,
    "last_edited_user": "jpoiate",
    "nr_autorização": "-",
    "objectid": 38,
    "orig_recurso": "Recurso Próprio",
    "qtd_arvores_suprimidas": 0,
    "secretaria_fiscal": "educacao",
    "status": "concluido",
    "telefone": "3211-4029",
    "term_obra": 1676948400000
   },
   "type": "Feature"
  },
  {
   "geometry": {
    "coordinates": [
     -49.378412719366665,
     -20.814137140352013
    ],
    "type": "Point"
   },
   "id": 41,
   "properties": {
    "alcance_social": "Servidores e munícipes em geral",
    "autorizado_por": null,
    "contrato": "COC/0007/23",
    "created_date": 1683554540822,
    "created_user": "bcribeiro",
    "custo_obra": 5917721.28,
    "departamento_fiscal": "COORDENADORIA DE OBRAS PÚBLICAS",
    "email": "https://www.riopreto.sp.gov.br/ouvidoria",
    "emp_construtora": "LGR CONSTRUTORA LTDA",
    "eng_resp": "Edgard Celso Teixeira - CREA/SP 5060908658",
    "finalidade": "COC/0007/23 - EXECUÇÃO DE OBRA DE REFORMA DO PAÇO MUNICIPAL (Av. Alberto Andaló, 3030, Centro).",
    "globalid": "{EBB7ADD8-2609-4EB7-90DF-269B848BBF4D}",
    "inic_obra": 1680663600000,
    "last_edited_date": 1780063895046,
    "last_edited_user": "jpoiate",
    "nr_autorização": null,
    "objectid": 41,
    "orig_recurso": "Contrato de Financiamento à Infraestrutura e ao Saneamento - FINISA",
    "qtd_arvores_suprimidas": null,
    "secretaria_fiscal": "obras",
    "status": "concluido",
    "telefone": "3203-1230",
    "term_obra": 1724641200000
   },
   "type": "Feature"
  },
  {
   "geometry": {
    "coordinates": [
     -49.353903488498304,
     -20.811498094197482
    ],
    "type": "Point"
   },
   "id": 45,
   "properties": {
    "alcance_social": "Toda a população",
    "autorizado_por": null,
    "contrato": "TOP/0049/22",
    "created_date": 1683556794490,
    "created_user": "abenjamin",
    "custo_obra": 437390.86,
    "departamento_fiscal": "DEPARTAMENTO DE INFRAESTRUTURA",
    "email": "https://www.riopreto.sp.gov.br/ouvidoria",
    "emp_construtora": "Capi Engenharia Ltda",
    "eng_resp": "Ailton Adriano Pissolati",
    "finalidade": "TOP/0049/22 - Reparo estruturais de obras complementares  na Ponte Julio Zacarin",
    "globalid": "{F1884E30-62A8-4DED-8A0D-F98366083507}",
    "inic_obra": 1670295600000,
    "last_edited_date": 1780063902429,
    "last_edited_user": "jpoiate",
    "nr_autorização": null,
    "objectid": 45,
    "orig_recurso": "Operação de Crédito",
    "qtd_arvores_suprimidas": null,
    "secretaria_fiscal": "obras",
    "status": "concluido",
    "telefone": "3203-1230",
    "term_obra": 1680663600000
   },
   "type": "Feature"
  },
  {
   "geometry": {
    "coordinates": [
     -49.37764970653402,
     -20.802383942669245
    ],
    "type": "Point"
   },
   "id": 47,
   "properties": {
    "alcance_social": "Munícipes em geral",
    "autorizado_por": null,
    "contrato": "COC/0034/22",
    "created_date": 1683556932264,
    "created_user": "jmsantos",
    "custo_obra": 5332206.12,
    "departamento_fiscal": "DEPARTAMENTO DE INFRAESTRUTURA",
    "email": "https://www.riopreto.sp.gov.br/ouvidoria",
    "emp_construtora": "Constroeste Construtora e Participações Ltda.",
    "eng_resp": "Jackson Aparecido Malaspina",
    "finalidade": "COC/0034/22 - EXECUÇÃO DE OBRA DE RECUPERAÇÃO E REFORMA DE PISTAS DE CAMINHADA E CICLISMO NO PARQUE LINEAR DO RIO PRETO AO LONGO DA AVENIDA PHILADELPHO GOUVEIA NETO E REPRESA MUNICIPAL (LAGO III)",
    "globalid": "{678DFB34-8719-48D7-B26A-183910C590CA}",
    "inic_obra": 1670295600000,
    "last_edited_date": 1780063913009,
    "last_edited_user": "jpoiate",
    "nr_autorização": null,
    "objectid": 47,
    "orig_recurso": "Operação de Crédito",
    "qtd_arvores_suprimidas": null,
    "secretaria_fiscal": "obras",
    "status": "concluido",
    "telefone": "3203-1230",
    "term_obra": 1704423600000
   },
   "type": "Feature"
  },
  {
   "geometry": {
    "coordinates": [
     -49.35448608728257,
     -20.776530956814675
    ],
    "type": "Point"
   },
   "id": 48,
   "properties": {
    "alcance_social": "Diversos usuários e munícipes em geral",
    "autorizado_por": null,
    "contrato": "COC/0005/23",
    "created_date": 1683557263927,
    "created_user": "bcribeiro",
    "custo_obra": 26424601.93,
    "departamento_fiscal": "COORDENADORIA DE OBRAS PÚBLICAS",
    "email": "https://www.riopreto.sp.gov.br/ouvidoria",
    "emp_construtora": "Constroeste Construtora e Participações Ltda",
    "eng_resp": "Daniel Henrique Sansão CREA 0600761143SP",
    "finalidade": "COC/0005/23 - EXECUÇÃO DA OBRA DE REFORMA/REVITALIZAÇÃO DO ZOOBOTANICO DE SÃO JOSE DO RIO PRETO",
    "globalid": "{96F23945-85EB-4647-A6CC-4C96EF15B37F}",
    "inic_obra": 1679022000000,
    "last_edited_date": 1780063923737,
    "last_edited_user": "jpoiate",
    "nr_autorização": null,
    "objectid": 48,
    "orig_recurso": "Contrato de Financiamento à Infraestrutura e ao Saneamento - FINISA",
    "qtd_arvores_suprimidas": null,
    "secretaria_fiscal": "obras",
    "status": "concluido",
    "telefone": "3203-1230",
    "term_obra": 1726110000000
   },
   "type": "Feature"
  },
  {
   "geometry": {
    "coordinates": [
     -49.37694065190721,
     -20.8096937749639
    ],
    "type": "Point"
   },
   "id": 49,
   "properties": {
    "alcance_social": "USUÁRIOS EM GERAL",
    "autorizado_por": null,
    "contrato": "COC/0009/22",
    "created_date": 1683557394498,
    "created_user": "rfiorin",
    "custo_obra": 24188951.92,
    "departamento_fiscal": "COORDENADORIA DE OBRAS PÚBLICAS",
    "email": "https://www.riopreto.sp.gov.br/ouvidoria",
    "emp_construtora": "CONSTROESTE CONSTRUTORA E PARTICIPAÇÕES LTDA",
    "eng_resp": "DANIEL HENRIQUE SANSÃO",
    "finalidade": "COC/0009/22 - REFORMA/READEQUAÇÃO DO TERMINAL RODOVIÁRIO DO MUNICÍPIO DE SÃO JOSÉ DO RIO PRETO",
    "globalid": "{F4828592-7A67-4B9A-AD66-F5E94758F4A4}",
    "inic_obra": 1654138800000,
    "last_edited_date": 1780063932426,
    "last_edited_user": "jpoiate",
    "nr_autorização": null,
    "objectid": 49,
    "orig_recurso": "FEDERAL, OPERAÇÕES DE CRÉDITO E RECURSOS PRÓPRIOS",
    "qtd_arvores_suprimidas": null,
    "secretaria_fiscal": "obras",
    "status": "concluido",
    "telefone": "3203-1230",
    "term_obra": 1700794800000
   },
   "type": "Feature"
  },
  {
   "geometry": {
    "coordinates": [
     -49.39597092490706,
     -20.827684631043986
    ],
    "type": "Point"
   },
   "id": 50,
   "properties": {
    "alcance_social": "MUNÍCIPE EM GERAL",
    "autorizado_por": null,
    "contrato": "COC/0037/22",
    "created_date": 1683557984004,
    "created_user": "rfiorin",
    "custo_obra": 1904124.26,
    "departamento_fiscal": "COORDENADORIA DE OBRAS PÚBLICAS",
    "email": "https://www.riopreto.sp.gov.br/ouvidoria",
    "emp_construtora": "KAV ENGENHARIA RIO PRETO LTDA ME",
    "eng_resp": "THARSIO BARBARELLI FRAZATO",
    "finalidade": "COC/0037/22 - REFORMA COMPLEMENTAR DO TEATRO HUMBERTO SINIBALDI NETO - (ACESSIBILIDADE DO ENTORNO E ADEQUAÇÃO DO LOCAL DA PLATÉIA)",
    "globalid": "{E23ED0A7-1362-4740-AC8F-A3DC40325772}",
    "inic_obra": 1672196400000,
    "last_edited_date": 1780063941293,
    "last_edited_user": "jpoiate",
    "nr_autorização": null,
    "objectid": 50,
    "orig_recurso": "OPERAÇÃO DE CRÉDITO",
    "qtd_arvores_suprimidas": null,
    "secretaria_fiscal": "obras",
    "status": "concluido",
    "telefone": "3203-1230",
    "term_obra": 1687748400000
   },
   "type": "Feature"
  },
  {
   "geometry": {
    "coordinates": [
     -49.42237750275835,
     -20.796277366486578
    ],
    "type": "Point"
   },
   "id": 52,
   "properties": {
    "alcance_social": "MUNÍCIPES DA REGIÃO",
    "autorizado_por": null,
    "contrato": "TOP/0044/22",
    "created_date": 1683565492965,
    "created_user": "jmsantos",
    "custo_obra": 1983160.91,
    "departamento_fiscal": "COORDENADORIA DE OBRAS PÚBLICAS",
    "email": "https://www.riopreto.sp.gov.br/ouvidoria",
    "emp_construtora": "L.G.R. CONSTRUTORA LTDA.",
    "eng_resp": "EDGARD CELSO TEIXEIRA",
    "finalidade": "TOP/0044/22 - REFORMA/READEQUAÇÃO DA PRAÇA DAS SETE QUADRAS DO BAIRRO CECAP",
    "globalid": "{DB700035-3F52-4181-BE8B-BE29CEB338A0}",
    "inic_obra": 1670382000000,
    "last_edited_date": 1780063949762,
    "last_edited_user": "jpoiate",
    "nr_autorização": null,
    "objectid": 52,
    "orig_recurso": "OPERAÇÃO DE CRÉDITO",
    "qtd_arvores_suprimidas": null,
    "secretaria_fiscal": "obras",
    "status": "concluido",
    "telefone": "3203-1230",
    "term_obra": 1698894000000
   },
   "type": "Feature"
  },
  {
   "geometry": {
    "coordinates": [
     -49.41733827561132,
     -20.77039064356208
    ],
    "type": "Point"
   },
   "id": 53,
   "properties": {
    "alcance_social": "TODA A POPULAÇÃO",
    "autorizado_por": null,
    "contrato": "COC/0004/23",
    "created_date": 1683566065716,
    "created_user": "abenjamin",
    "custo_obra": 5791597.05,
    "departamento_fiscal": "DEPARTAMENTO DE INFRAESTRUTURA",
    "email": "www.riopreto.sp.gov.br/ouvidoria",
    "emp_construtora": "CONSTROESTE CONSTRUTORA E PARTICIPACOES LTDA",
    "eng_resp": "JACKSON APARECIDO MALASPINA",
    "finalidade": "COC/0004/23 - IMPLANTAÇÃO DE PAVIMENTAÇÃO, DRENAGEM, CALÇAMENTO E SINALIZAÇÃO VIARIA PARA DUPLICAÇÃO DA AV. ALFREDO TEODORO DE OLIVEIRA",
    "globalid": "{A63C1F3C-B037-453F-8077-3D3DEE4C6029}",
    "inic_obra": 1679886000000,
    "last_edited_date": 1780063960219,
    "last_edited_user": "jpoiate",
    "nr_autorização": null,
    "objectid": 53,
    "orig_recurso": "OPERAÇÃO DE CRÉDITO",
    "qtd_arvores_suprimidas": null,
    "secretaria_fiscal": "obras",
    "status": "concluido",
    "telefone": "3203-1230",
    "term_obra": 1705806000000
   },
   "type": "Feature"
  },
  {
   "geometry": {
    "coordinates": [
     -49.37409214534524,
     -20.812516897094
    ],
    "type": "Point"
   },
   "id": 54,
   "properties": {
    "alcance_social": "CAPACITAÇÃO DE MUNÍCIPES EM SITUAÇÃO DE DESEMPREGO E DONAS DE CASA QUE QUEIRAM APRENDER UMA NOVA FONTE DE RENDA",
    "autorizado_por": null,
    "contrato": "TOP/0026/22",
    "created_date": 1683567555354,
    "created_user": "rfiorin",
    "custo_obra": 625488.08,
    "departamento_fiscal": "COORDENADORIA DE OBRAS PÚBLICAS",
    "email": "https://www.riopreto.sp.gov.br/ouvidoria",
    "emp_construtora": "KM & M ENGENHARIA PROJETO E CONSTRUÇÃO LTDA ME",
    "eng_resp": "KELLY ALVES DE JESUS MIRANDA",
    "finalidade": "TOP/0026/22 - REFORMA DO PRÉDIO DO FUNDO SOCIAL DE SOLIDARIEDADE - Antigo COPÃO",
    "globalid": "{F3E7A9CE-FD82-4803-891F-E10AB49208F0}",
    "inic_obra": 1658458800000,
    "last_edited_date": 1780063971707,
    "last_edited_user": "jpoiate",
    "nr_autorização": null,
    "objectid": 54,
    "orig_recurso": "OPERAÇÃO DE CRÉDITO",
    "qtd_arvores_suprimidas": null,
    "secretaria_fiscal": "obras",
    "status": "concluido",
    "telefone": "3203-1230",
    "term_obra": 1681786800000
   },
   "type": "Feature"
  },
  {
   "geometry": {
    "coordinates": [
     -49.31116752226186,
     -20.870802789890007
    ],
    "type": "Point"
   },
   "id": 55,
   "properties": {
    "alcance_social": "TURISTAS E MUNÍCIPES DA REGIÃO DE SCHMITT",
    "autorizado_por": null,
    "contrato": "TOP/0041/22",
    "created_date": 1683568663340,
    "created_user": "rfiorin",
    "custo_obra": 2254979.5,
    "departamento_fiscal": "COORDENADORIA DE OBRAS PÚBLICAS",
    "email": "https://www.riopreto.sp.gov.br/ouvidoria",
    "emp_construtora": "LGR CONSTRUTORA LTDA",
    "eng_resp": "EDGARD CELSO TEIXEIRA",
    "finalidade": "TOP/0041/22 - OBRA DE REFORMA E ADEQUAÇÕES DA ESTAÇÃO FERROVIÁRIA DE ENGENHEIRO SCHIMITT",
    "globalid": "{30B7F597-C3EE-4C52-A05E-44FC9AB9E4BC}",
    "inic_obra": 1666753200000,
    "last_edited_date": 1780063982884,
    "last_edited_user": "jpoiate",
    "nr_autorização": null,
    "objectid": 55,
    "orig_recurso": "OPERAÇÃO DE CRÉDITO",
    "qtd_arvores_suprimidas": null,
    "secretaria_fiscal": "obras",
    "status": "concluido",
    "telefone": "3203-1230",
    "term_obra": 1700449200000
   },
   "type": "Feature"
  },
  {
   "geometry": {
    "coordinates": [
     -49.40843515008553,
     -20.837717059822193
    ],
    "type": "Point"
   },
   "id": 56,
   "properties": {
    "alcance_social": "TODA A POPULAÇÃO",
    "autorizado_por": null,
    "contrato": "COC/0030/22",
    "created_date": 1683571119403,
    "created_user": "rfiorin",
    "custo_obra": 2362655.51,
    "departamento_fiscal": "DEPARTAMENTO DE INFRAESTRUTURA",
    "email": "https://www.riopreto.sp.gov.br/ouvidoria",
    "emp_construtora": "FORTE ADMINISTRAÇÃO E SERVIÇOS DE ENGENHARIA EIRELLI",
    "eng_resp": "CAIO MEIRELES DA SILVA",
    "finalidade": "COC/0030/22 - OBRAS DE MELHORIA DAS PISTAS DE CAMINHADA EXISTENTES COM A IMPLANTAÇÃO DE CICLOVIA NA AVENIDA PRESIDENTE JUSCELINO K. DE OLIVEIRA (ENTRE A RUA PAULO MENEZELLO ATÉ O JARDIM PAULISTANO",
    "globalid": "{8D4549B3-F2F4-482C-9D93-2FB2E08B65CF}",
    "inic_obra": 1666839600000,
    "last_edited_date": 1780063997225,
    "last_edited_user": "jpoiate",
    "nr_autorização": null,
    "objectid": 56,
    "orig_recurso": "OPERAÇÃO DE CRÉDITO",
    "qtd_arvores_suprimidas": null,
    "secretaria_fiscal": "obras",
    "status": "concluido",
    "telefone": "3203-1230",
    "term_obra": 1695351600000
   },
   "type": "Feature"
  },
  {
   "geometry": {
    "coordinates": [
     -49.38498533297445,
     -20.77318472097792
    ],
    "type": "Point"
   },
   "id": 57,
   "properties": {
    "alcance_social": "Moradores do Jardim Marajó e adjacências",
    "autorizado_por": null,
    "contrato": "COC/0020/22",
    "created_date": 1683571610702,
    "created_user": "rfiorin",
    "custo_obra": 3390848.78,
    "departamento_fiscal": "DEPARTAMENTO DE INFRAESTRUTURA",
    "email": "https://www.riopreto.sp.gov.br/ouvidoria",
    "emp_construtora": "COMARGA CONSTRUTORA LTDA",
    "eng_resp": "JOSÉ FRANCISCO MARTIN",
    "finalidade": "COC/0020/22 - EXECUÇÃO E A IMPLANTAÇÃO DE PAVIMENTAÇÃO, DRENAGEM E CALÇAMENTO DA RUA JOSÉ MASTRICHI NO BAIRRO JD. MARAJÓ",
    "globalid": "{93AC0DE9-F42F-4301-BF38-86A01DBDA40A}",
    "inic_obra": 1660878000000,
    "last_edited_date": 1780064015013,
    "last_edited_user": "jpoiate",
    "nr_autorização": null,
    "objectid": 57,
    "orig_recurso": "OPERAÇÃO DE CRÉDITO",
    "qtd_arvores_suprimidas": null,
    "secretaria_fiscal": "obras",
    "status": "concluido",
    "telefone": "3203-1230",
    "term_obra": 1686798000000
   },
   "type": "Feature"
  },
  {
   "geometry": {
    "coordinates": [
     -49.41665018676494,
     -20.788714274767134
    ],
    "type": "Point"
   },
   "id": 58,
   "properties": {
    "alcance_social": "munícipes afro descendentes de São José do Rio Preto.",
    "autorizado_por": null,
    "contrato": null,
    "created_date": 1683722129126,
    "created_user": "ppaiva",
    "custo_obra": 973189.63,
    "departamento_fiscal": "SECRETARIA MUNICIPAL DE OBRAS",
    "email": "mulher@riopreto.sp.gov.br",
    "emp_construtora": "Rac Construções Rio Preto Ltda ME",
    "eng_resp": "Marco Antônio Miceli",
    "finalidade": "Equipamento comunitário destinado a realização de atividades de desenvolvimento regional, serviços de inclusão, proteção e promoção socioeconômico por meio de programas de  trabalho e geração de renda.",
    "globalid": "{E31BEA2B-086A-4F35-B765-769313C8DA58}",
    "inic_obra": 1667185200000,
    "last_edited_date": 1751468009753,
    "last_edited_user": "almelo",
    "nr_autorização": null,
    "objectid": 58,
    "orig_recurso": "Convênio com Governo Estadual",
    "qtd_arvores_suprimidas": 0,
    "secretaria_fiscal": "mulher_pcd_igualdade_racial",
    "status": "andamento",
    "telefone": "3222-2041",
    "term_obra": 1704769200000
   },
   "type": "Feature"
  },
  {
   "geometry": {
    "coordinates": [
     -49.368437468922316,
     -20.8084209299509
    ],
    "type": "Point"
   },
   "id": 59,
   "properties": {
    "alcance_social": "Segurança aos munícipes e demais usuários em geral",
    "autorizado_por": null,
    "contrato": "COC/0008/23",
    "created_date": 1683896834516,
    "created_user": "bcribeiro",
    "custo_obra": 4942863.41,
    "departamento_fiscal": "DEPARTAMENTO DE INFRAESTRUTURA",
    "email": "https://www.riopreto.sp.gov.br/ouvidoria/",
    "emp_construtora": "Constroeste Construtora e Participações Ltda",
    "eng_resp": "Kleber Elídio da Silva - CREA/SP 5064043001",
    "finalidade": "COC/0008/23 - EXECUÇÃO DE OBRA PARA IMPLANTAÇÃO DE NOVO SISTEMA DE ILUMINAÇÃO PÚBLICA ORNAMENTAL (LED) NOS LAGOS 1 E 2 DA  REPRESA MUNICIPAL",
    "globalid": "{62AFBAB9-4538-4D54-9CAF-0E488A9E6860}",
    "inic_obra": 1683514800000,
    "last_edited_date": 1780064739099,
    "last_edited_user": "jpoiate",
    "nr_autorização": null,
    "objectid": 59,
    "orig_recurso": "Contrato de Financiamento à Infraestrutura e ao Saneamento  - FINISA",
    "qtd_arvores_suprimidas": null,
    "secretaria_fiscal": "obras",
    "status": "concluido",
    "telefone": "3203-1230",
    "term_obra": 1714618800000
   },
   "type": "Feature"
  },
  {
   "geometry": {
    "coordinates": [
     -49.39895625117501,
     -20.785207792594974
    ],
    "type": "Point"
   },
   "id": 60,
   "properties": {
    "alcance_social": "Atletas, esportistas e usuários em geral.",
    "autorizado_por": null,
    "contrato": "COC/0031/22",
    "created_date": 1683897397316,
    "created_user": "bcribeiro",
    "custo_obra": 14057360.73,
    "departamento_fiscal": "COORDENADORIA DE OBRAS PÚBLICAS",
    "email": "https://www.riopreto.sp.gov.br/ouvidoria",
    "emp_construtora": "LGR CONSTRUTORA LTDA",
    "eng_resp": "Edgard Celso Teixeira - CREA/SP 5060908658",
    "finalidade": "COC/0031/22 - EXECUÇÃO DE REFORMA/REVITALIZAÇÃO DO COMPLEXO ESPORTIVO INTEGRADO DO ELDORADO (2ª ETAPA)",
    "globalid": "{44D097F7-A57F-474B-91C7-E78F784127B8}",
    "inic_obra": 1668135600000,
    "last_edited_date": 1780064716600,
    "last_edited_user": "jpoiate",
    "nr_autorização": null,
    "objectid": 60,
    "orig_recurso": "Contrato de Financiamento à Infraestrutura e ao Saneamento",
    "qtd_arvores_suprimidas": null,
    "secretaria_fiscal": "obras",
    "status": "concluido",
    "telefone": "3203-1230",
    "term_obra": 1734231600000
   },
   "type": "Feature"
  },
  {
   "geometry": {
    "coordinates": [
     -49.37708641164689,
     -20.808832404582436
    ],
    "type": "Point"
   },
   "id": 61,
   "properties": {
    "alcance_social": "Turistas e demais usuários em geral",
    "autorizado_por": null,
    "contrato": "COC/0003/23",
    "created_date": 1683897937361,
    "created_user": "bcribeiro",
    "custo_obra": 5150261.41,
    "departamento_fiscal": "COORDENADORIA DE OBRAS PÚBLICAS",
    "email": "https://www.riopreto.sp.gov.br/ouvidoria",
    "emp_construtora": "CONSTROESTE CONSTRUTORA E PARTICIPAÇÕES LTDA",
    "eng_resp": "Daniel Henrique Sansão - CREA/SP 0600761143SP",
    "finalidade": "COC/0003/23 - EXECUÇÃO DA REVITALIZAÇÃO DA ESTAÇÃO FERROVIÁRIA CENTRAL DE SÃO JOSÉ DO RIO PRETO (3ª ETAPA)",
    "globalid": "{E61DB0B2-4224-4D3F-AFDD-BCA545B32378}",
    "inic_obra": 1678417200000,
    "last_edited_date": 1780064706738,
    "last_edited_user": "jpoiate",
    "nr_autorização": null,
    "objectid": 61,
    "orig_recurso": "Contrato de Financiamento à Infraestrutura e ao Saneamento - FINISA",
    "qtd_arvores_suprimidas": null,
    "secretaria_fiscal": "obras",
    "status": "concluido",
    "telefone": "3203-1230",
    "term_obra": 1677898800000
   },
   "type": "Feature"
  },
  {
   "geometry": {
    "coordinates": [
     -49.418624277720916,
     -20.793039544887844
    ],
    "type": "Point"
   },
   "id": 62,
   "properties": {
    "alcance_social": "Atletas, esportistas e demais usuários em geral",
    "autorizado_por": null,
    "contrato": "COC/0038/22",
    "created_date": 1683898473463,
    "created_user": "bcribeiro",
    "custo_obra": 5297169.43,
    "departamento_fiscal": "COORDENADORIA DE OBRAS PÚBLICAS",
    "email": "https://www.riopreto.sp.gov.br/ouvidoria",
    "emp_construtora": "LGR Construtora Ltda",
    "eng_resp": "Edgard Celso Teixeira - CREA/SP 5060908658",
    "finalidade": "COC/0038/22 - EXECUÇÃO DE OBRA DE REFORMA/READEQUAÇÃO DO CENTRO ESPORTIVO CECAP",
    "globalid": "{8D96224D-E0DA-4CF0-A425-C2D5AA446D64}",
    "inic_obra": 1672801200000,
    "last_edited_date": 1780064697444,
    "last_edited_user": "jpoiate",
    "nr_autorização": null,
    "objectid": 62,
    "orig_recurso": "OPERAÇÃO DE CRÉDITO",
    "qtd_arvores_suprimidas": null,
    "secretaria_fiscal": "obras",
    "status": "concluido",
    "telefone": "3203-1230",
    "term_obra": 1711681200000
   },
   "type": "Feature"
  },
  {
   "geometry": {
    "coordinates": [
     -49.435793681626556,
     -20.76769171419654
    ],
    "type": "Point"
   },
   "id": 63,
   "properties": {
    "alcance_social": "Comunidade local",
    "autorizado_por": null,
    "contrato": null,
    "created_date": 1688995163820,
    "created_user": "vonishi",
    "custo_obra": 4868587.82,
    "departamento_fiscal": "DEPARTAMENTO DE INFRAESTRUTURA",
    "email": "infraestrutura@educacao.riopreto.br",
    "emp_construtora": "J A Tineli Marques & Cia Ltda EPP",
    "eng_resp": "Adriano Porto Bardella",
    "finalidade": "Construção Unidade Escolar",
    "globalid": "{E0E3E354-6393-48B2-9F28-232C4BCE96CD}",
    "inic_obra": 1686625200000,
    "last_edited_date": 1751478946380,
    "last_edited_user": "almelo",
    "nr_autorização": null,
    "objectid": 63,
    "orig_recurso": "Recurso Estadual",
    "qtd_arvores_suprimidas": null,
    "secretaria_fiscal": "educacao",
    "status": "andamento",
    "telefone": "3211-4029",
    "term_obra": 1712545200000
   },
   "type": "Feature"
  },
  {
   "geometry": {
    "coordinates": [
     -49.35672290671306,
     -20.776264718742983
    ],
    "type": "Point"
   },
   "id": 64,
   "properties": {
    "alcance_social": "Comunidade Escolar",
    "autorizado_por": null,
    "contrato": null,
    "created_date": 1688995996002,
    "created_user": "vonishi",
    "custo_obra": 673956.76,
    "departamento_fiscal": "DEPARTAMENTO DE INFRAESTRUTURA",
    "email": "infraestrutura@educacao.riopreto.br",
    "emp_construtora": "Construtora JLK Souza Ltda ME",
    "eng_resp": "Adriano Porto Bardella",
    "finalidade": "Reforma de Cobertura e obras de acessibilidade na EM Castelo do Bosque",
    "globalid": "{02838A24-27DD-4CEB-B5EF-E57C0EA7028D}",
    "inic_obra": 1683514800000,
    "last_edited_date": 1751476761449,
    "last_edited_user": "almelo",
    "nr_autorização": null,
    "objectid": 64,
    "orig_recurso": "RECURSO PRÓPRIO",
    "qtd_arvores_suprimidas": null,
    "secretaria_fiscal": "educacao",
    "status": "concluido",
    "telefone": "3211-4029",
    "term_obra": 1693882800000
   },
   "type": "Feature"
  },
  {
   "geometry": {
    "coordinates": [
     -49.428606108324715,
     -20.790841811228827
    ],
    "type": "Point"
   },
   "id": 65,
   "properties": {
    "alcance_social": "Comunidade Escolar",
    "autorizado_por": null,
    "contrato": null,
    "created_date": 1688996337225,
    "created_user": "vonishi",
    "custo_obra": 2971733.27,
    "departamento_fiscal": "DEPARTAMENTO DE INFRAESTRUTURA",
    "email": "infraestrutura@educacao.riopreto.br",
    "emp_construtora": "Conhidro Construção Eireli EPP",
    "eng_resp": "Adriano Porto Bardela",
    "finalidade": "Reforma e ampliação da EM Oldemar Stobbe",
    "globalid": "{1044730A-4BCA-4649-A6FE-7101EF437996}",
    "inic_obra": 1679367600000,
    "last_edited_date": 1751475233141,
    "last_edited_user": "almelo",
    "nr_autorização": null,
    "objectid": 65,
    "orig_recurso": "Recursos Próprios",
    "qtd_arvores_suprimidas": null,
    "secretaria_fiscal": "educacao",
    "status": "concluido",
    "telefone": "3211-4029",
    "term_obra": 1705287600000
   },
   "type": "Feature"
  },
  {
   "geometry": {
    "coordinates": [
     -49.31716548987061,
     -20.77194868508013
    ],
    "type": "Point"
   },
   "id": 66,
   "properties": {
    "alcance_social": "Comunidade do bairro Luz da Esperança e entorno",
    "autorizado_por": null,
    "contrato": null,
    "created_date": 1688996684866,
    "created_user": "vonishi",
    "custo_obra": 8597106.51,
    "departamento_fiscal": "DEPARTAMENTO DE INFRAESTRUTURA",
    "email": "infraestrutura@educacao.riopreto.br",
    "emp_construtora": "J A Tineli Marques & Cia Ltda EPP",
    "eng_resp": "Adriano Porto Bardela",
    "finalidade": "Construção de Unidade Escolar",
    "globalid": "{78C57EB0-08C1-4924-814E-BC7895833DE8}",
    "inic_obra": 1698030000000,
    "last_edited_date": 1751479106068,
    "last_edited_user": "almelo",
    "nr_autorização": null,
    "objectid": 66,
    "orig_recurso": "Recursos Próprios",
    "qtd_arvores_suprimidas": null,
    "secretaria_fiscal": "educacao",
    "status": "andamento",
    "telefone": "3211-4029",
    "term_obra": 1741662000000
   },
   "type": "Feature"
  },
  {
   "geometry": {
    "coordinates": [
     -49.414204457826905,
     -20.814134638917103
    ],
    "type": "Point"
   },
   "id": 67,
   "properties": {
    "alcance_social": "comunidade usuária do CIECC",
    "autorizado_por": null,
    "contrato": null,
    "created_date": 1688997114616,
    "created_user": "vonishi",
    "custo_obra": 918285.03,
    "departamento_fiscal": "DEPARTAMENTO DE INFRAESTRUTURA",
    "email": "infraestrutura@educacao.riopreto.br",
    "emp_construtora": "Construtora JLK Souza Ltda ME",
    "eng_resp": "Adriano Porto Bardella",
    "finalidade": "Reforma de Cobertura",
    "globalid": "{124AA7A5-D8F1-441E-99A5-D4A6D06CAE93}",
    "inic_obra": 1687230000000,
    "last_edited_date": 1751478013456,
    "last_edited_user": "almelo",
    "nr_autorização": null,
    "objectid": 67,
    "orig_recurso": "Recursos Próprios",
    "qtd_arvores_suprimidas": null,
    "secretaria_fiscal": "educacao",
    "status": "concluido",
    "telefone": "3211-4029",
    "term_obra": 1702782000000
   },
   "type": "Feature"
  },
  {
   "geometry": {
    "coordinates": [
     -49.40741745588667,
     -20.768265090969273
    ],
    "type": "Point"
   },
   "id": 68,
   "properties": {
    "alcance_social": "Comunidade Escolar EM Osvaldo de Carvalho",
    "autorizado_por": null,
    "contrato": null,
    "created_date": 1688997437726,
    "created_user": "vonishi",
    "custo_obra": 3620850.6,
    "departamento_fiscal": "DEPARTAMENTO DE INFRAESTRUTURA",
    "email": "infraestrutura@educacao.riopreto.br",
    "emp_construtora": "Const Rio Obras Constr Eireli",
    "eng_resp": "Elton Braga",
    "finalidade": "Reforma da Unidade Escolar",
    "globalid": "{5F182A88-4EED-45C5-B25D-A8BC961302EE}",
    "inic_obra": 1687834800000,
    "last_edited_date": 1751479027152,
    "last_edited_user": "almelo",
    "nr_autorização": null,
    "objectid": 68,
    "orig_recurso": "Recursos Próprios",
    "qtd_arvores_suprimidas": null,
    "secretaria_fiscal": "educacao",
    "status": "andamento",
    "telefone": "3211-4029",
    "term_obra": 1738378800000
   },
   "type": "Feature"
  },
  {
   "geometry": {
    "coordinates": [
     -49.44084850891682,
     -20.759110316298656
    ],
    "type": "Point"
   },
   "id": 69,
   "properties": {
    "alcance_social": "Comunidade Escolar EM Jandira Caetano",
    "autorizado_por": null,
    "contrato": null,
    "created_date": 1688997638226,
    "created_user": "vonishi",
    "custo_obra": 1877528.32,
    "departamento_fiscal": "DEPARTAMENTO DE INFRAESTRUTURA",
    "email": "infraestrutura@educacao.riopreto.br",
    "emp_construtora": "Madri Iski Construções Eireli",
    "eng_resp": null,
    "finalidade": "Ampliação de Unidade Escolar",
    "globalid": "{D03B61CF-6E77-4749-8366-12F5E15FEE78}",
    "inic_obra": null,
    "last_edited_date": 1751479198834,
    "last_edited_user": "almelo",
    "nr_autorização": null,
    "objectid": 69,
    "orig_recurso": "Recursos Próprios",
    "qtd_arvores_suprimidas": null,
    "secretaria_fiscal": "educacao",
    "status": "a_iniciar",
    "telefone": "3211-4029",
    "term_obra": null
   },
   "type": "Feature"
  },
  {
   "geometry": {
    "coordinates": [
     -49.38795534745839,
     -20.84333813162249
    ],
    "type": "Point"
   },
   "id": 70,
   "properties": {
    "alcance_social": "Comunidade escolar de São José do Rio Preto",
    "autorizado_por": null,
    "contrato": null,
    "created_date": 1688997975533,
    "created_user": "vonishi",
    "custo_obra": 120000.0,
    "departamento_fiscal": "DEPARTAMENTO DE INFRAESTRUTURA",
    "email": "infraestrutura@educacao.riopreto.br",
    "emp_construtora": "Nelson de Azevedo Marques",
    "eng_resp": "Adriano Porto Bardella",
    "finalidade": "Reforma Playgrounds",
    "globalid": "{4AB2C970-A45D-49BA-B157-95CEC710E751}",
    "inic_obra": 1684119600000,
    "last_edited_date": 1751478479951,
    "last_edited_user": "almelo",
    "nr_autorização": null,
    "objectid": 70,
    "orig_recurso": "Recurso Federal",
    "qtd_arvores_suprimidas": null,
    "secretaria_fiscal": "educacao",
    "status": "concluido",
    "telefone": "3211-4029",
    "term_obra": 1715655600000
   },
   "type": "Feature"
  },
  {
   "geometry": {
    "coordinates": [
     -49.38714629327247,
     -20.81761761380663
    ],
    "type": "Point"
   },
   "id": 71,
   "properties": {
    "alcance_social": null,
    "autorizado_por": null,
    "contrato": null,
    "created_date": 1688998134353,
    "created_user": "vonishi",
    "custo_obra": 445000.0,
    "departamento_fiscal": "DEPARTAMENTO DE INFRAESTRUTURA",
    "email": "infraestrutura@educacao.riopreto.br",
    "emp_construtora": "VR Demolidora Ltda EPP",
    "eng_resp": "Elton Braga",
    "finalidade": "Demolição de prédio existente",
    "globalid": "{7879EE5F-CC82-47B5-B691-E79F0B3C36EA}",
    "inic_obra": 1693278000000,
    "last_edited_date": 1751478207019,
    "last_edited_user": "almelo",
    "nr_autorização": null,
    "objectid": 71,
    "orig_recurso": "Recurso Próprio",
    "qtd_arvores_suprimidas": null,
    "secretaria_fiscal": "educacao",
    "status": "concluido",
    "telefone": "3211-4029",
    "term_obra": 1708830000000
   },
   "type": "Feature"
  },
  {
   "geometry": {
    "coordinates": [
     -49.40375649321881,
     -20.780948412948437
    ],
    "type": "Point"
   },
   "id": 72,
   "properties": {
    "alcance_social": "Comunidade Escolar EM Antonio de Pádua Perosa",
    "autorizado_por": null,
    "contrato": null,
    "created_date": 1688998842600,
    "created_user": "vonishi",
    "custo_obra": 183337.73,
    "departamento_fiscal": "DEPARTAMENTO DE INFRAESTRUTURA",
    "email": "infraestrutura@educacao.riopreto.br",
    "emp_construtora": "MLS Gerenciamento de Obras Ltda EPP",
    "eng_resp": "Douglas José Buzzetti",
    "finalidade": "Alteamento de muro",
    "globalid": "{3700392D-2C5F-4F4F-ACA6-6D6C12B8D709}",
    "inic_obra": 1646622000000,
    "last_edited_date": 1751464798961,
    "last_edited_user": "almelo",
    "nr_autorização": null,
    "objectid": 72,
    "orig_recurso": "Recurso Próprio",
    "qtd_arvores_suprimidas": null,
    "secretaria_fiscal": "educacao",
    "status": "concluido",
    "telefone": "3211-4029",
    "term_obra": 1654398000000
   },
   "type": "Feature"
  },
  {
   "geometry": {
    "coordinates": [
     -49.37435948217716,
     -20.78924370414758
    ],
    "type": "Point"
   },
   "id": 73,
   "properties": {
    "alcance_social": "comunidade Escolar EM Antonio Teixeira Marques",
    "autorizado_por": null,
    "contrato": null,
    "created_date": 1688999118686,
    "created_user": "vonishi",
    "custo_obra": 189034.09,
    "departamento_fiscal": "DEPARTAMENTO DE INFRAESTRUTURA ESCOLAR",
    "email": "infraestrutura@educacao.riopreto.br",
    "emp_construtora": "Construtora JLK Ltda ME",
    "eng_resp": "Douglas José Buzzetti",
    "finalidade": "Reforma piso",
    "globalid": "{2A8E71B4-7CC6-4A28-8F0E-F2E00933D743}",
    "inic_obra": 1648436400000,
    "last_edited_date": 1751465519769,
    "last_edited_user": "almelo",
    "nr_autorização": null,
    "objectid": 73,
    "orig_recurso": "Recurso Próprio",
    "qtd_arvores_suprimidas": null,
    "secretaria_fiscal": "educacao",
    "status": "concluido",
    "telefone": "3211-4029",
    "term_obra": 1656212400000
   },
   "type": "Feature"
  },
  {
   "geometry": {
    "coordinates": [
     -49.41011869353928,
     -20.77946383894364
    ],
    "type": "Point"
   },
   "id": 74,
   "properties": {
    "alcance_social": "Comunidade Escolar EM Manoel Antunes",
    "autorizado_por": null,
    "contrato": null,
    "created_date": 1688999544474,
    "created_user": "vonishi",
    "custo_obra": 206885.42,
    "departamento_fiscal": "DEPARTAMENTO DE INFRAESTRUTURA ESCOLAR",
    "email": "infraestrutura@educacao.riopreto.br",
    "emp_construtora": "MLS Gerenciamento de Obras Ltda EPP",
    "eng_resp": "Douglas José Buzzetti",
    "finalidade": "Reforma, construção e Alteamento de Muro",
    "globalid": "{BB91AD07-20D5-434C-A20B-2BCE7A0A2050}",
    "inic_obra": 1646622000000,
    "last_edited_date": 1751464967400,
    "last_edited_user": "almelo",
    "nr_autorização": null,
    "objectid": 74,
    "orig_recurso": "Recurso Próprio",
    "qtd_arvores_suprimidas": null,
    "secretaria_fiscal": "educacao",
    "status": "concluido",
    "telefone": "3211-4029",
    "term_obra": 1654398000000
   },
   "type": "Feature"
  },
  {
   "geometry": {
    "coordinates": [
     -49.38617160771448,
     -20.829855962041584
    ],
    "type": "Point"
   },
   "id": 75,
   "properties": {
    "alcance_social": "Comunidade usuária CEMA",
    "autorizado_por": null,
    "contrato": null,
    "created_date": 1689000075156,
    "created_user": "vonishi",
    "custo_obra": 335646.04,
    "departamento_fiscal": "DEPARTAMENTO DE INFRAESTRUTURA ESCOLAR",
    "email": "infraestrutura@educacao.riopreto.br",
    "emp_construtora": "Construtora JLK Ltda ME",
    "eng_resp": "Douglas José Buzzetti",
    "finalidade": "Reforma e Adequações no prédio",
    "globalid": "{AC24E9FE-9423-4FE2-9529-8C9644A76749}",
    "inic_obra": 1647831600000,
    "last_edited_date": 1751465051743,
    "last_edited_user": "almelo",
    "nr_autorização": null,
    "objectid": 75,
    "orig_recurso": "Recurso Próprio",
    "qtd_arvores_suprimidas": null,
    "secretaria_fiscal": "educacao",
    "status": "concluido",
    "telefone": "3211-4029",
    "term_obra": 1653015600000
   },
   "type": "Feature"
  },
  {
   "geometry": {
    "coordinates": [
     -49.404028978295614,
     -20.756171073276334
    ],
    "type": "Point"
   },
   "id": 76,
   "properties": {
    "alcance_social": "comunidade escolar EM Daisy Rollemberg Trefiglio",
    "autorizado_por": null,
    "contrato": null,
    "created_date": 1689000247768,
    "created_user": "vonishi",
    "custo_obra": 592968.72,
    "departamento_fiscal": "DEPARTAMENTO DE INFRAESTRUTURA ESCOLAR",
    "email": "infraestrutura@educacao.riopreto.br",
    "emp_construtora": "Construtora JLK Souza Ltda ME",
    "eng_resp": "Júlio Cesar Badial",
    "finalidade": "Reforma Instalações Elétricas",
    "globalid": "{C2CADA52-919C-4CAC-9723-234E8B9183F8}",
    "inic_obra": 1637290800000,
    "last_edited_date": 1751464339948,
    "last_edited_user": "almelo",
    "nr_autorização": null,
    "objectid": 76,
    "orig_recurso": "Recurso Próprio",
    "qtd_arvores_suprimidas": null,
    "secretaria_fiscal": "educacao",
    "status": "concluido",
    "telefone": "3211-4029",
    "term_obra": 1658026800000
   },
   "type": "Feature"
  },
  {
   "geometry": {
    "coordinates": [
     -49.38605281360298,
     -20.809609778328024
    ],
    "type": "Point"
   },
   "id": 77,
   "properties": {
    "alcance_social": "comunidade Escolar EM Ezequiel Ramos",
    "autorizado_por": null,
    "contrato": null,
    "created_date": 1689000466819,
    "created_user": "vonishi",
    "custo_obra": 105719.91,
    "departamento_fiscal": "DEPARTAMENTO DE INFRAESTRUTURA ESCOLAR",
    "email": "infraestrutura@educacao.riopreto.br",
    "emp_construtora": "VBE Eng & Consultoria Ltda",
    "eng_resp": "Júlio Cesar Badial",
    "finalidade": "Reforma Instalações Elétricas",
    "globalid": "{2C3BEFBB-2652-4854-9C4A-B7B85BB3CDDF}",
    "inic_obra": 1634871600000,
    "last_edited_date": 1751464896522,
    "last_edited_user": "almelo",
    "nr_autorização": null,
    "objectid": 77,
    "orig_recurso": "Recurso Próprio",
    "qtd_arvores_suprimidas": null,
    "secretaria_fiscal": "educacao",
    "status": "concluido",
    "telefone": "3211-4029",
    "term_obra": 1656903600000
   },
   "type": "Feature"
  },
  {
   "geometry": {
    "coordinates": [
     -49.364707794118374,
     -20.77393759165907
    ],
    "type": "Point"
   },
   "id": 78,
   "properties": {
    "alcance_social": "comunidade escolar EM Maria Inês Arnal",
    "autorizado_por": null,
    "contrato": null,
    "created_date": 1689001436638,
    "created_user": "vonishi",
    "custo_obra": 142881.36,
    "departamento_fiscal": "DEPARTAMENTO DE INFRAESTRUTURA ESCOLAR",
    "email": "infraestrutura@educacao.riopreto.br",
    "emp_construtora": "MLS Gerenciamento de Obras Ltda EPP",
    "eng_resp": "Douglas José Buzzetti",
    "finalidade": "Reforma, construção e alteamento de muro",
    "globalid": "{BE20FC6B-8E4B-46CC-A902-C2953C119F32}",
    "inic_obra": 1646622000000,
    "last_edited_date": 1751465012635,
    "last_edited_user": "almelo",
    "nr_autorização": null,
    "objectid": 78,
    "orig_recurso": "Recurso Próprio",
    "qtd_arvores_suprimidas": null,
    "secretaria_fiscal": "educacao",
    "status": "concluido",
    "telefone": "3211-4029",
    "term_obra": 1654398000000
   },
   "type": "Feature"
  },
  {
   "geometry": {
    "coordinates": [
     -49.4064925657415,
     -20.751460928483862
    ],
    "type": "Point"
   },
   "id": 80,
   "properties": {
    "alcance_social": "Comunidade Escolar EM Paul Percy Harris",
    "autorizado_por": null,
    "contrato": null,
    "created_date": 1689002799760,
    "created_user": "vonishi",
    "custo_obra": 350796.95,
    "departamento_fiscal": "DEPARTAMENTO DE INFRAESTRUTURA ESCOLAR",
    "email": "infraestrutura@educacao.riopreto.br",
    "emp_construtora": "Construtora JLK Souza Ltda ME",
    "eng_resp": "Elton Braga",
    "finalidade": "Reforço Estrutural e Troca de Piso",
    "globalid": "{3CF20273-3C43-43DA-A4EC-B34A3F671E18}",
    "inic_obra": 1673233200000,
    "last_edited_date": 1751473867295,
    "last_edited_user": "almelo",
    "nr_autorização": null,
    "objectid": 80,
    "orig_recurso": "Recurso Próprio",
    "qtd_arvores_suprimidas": null,
    "secretaria_fiscal": "educacao",
    "status": "concluido",
    "telefone": "3211-4029",
    "term_obra": 1681009200000
   },
   "type": "Feature"
  },
  {
   "geometry": {
    "coordinates": [
     -49.44028670253814,
     -20.75926293418859
    ],
    "type": "Point"
   },
   "id": 81,
   "properties": {
    "alcance_social": "Comunidade Escolar da EM Jandira Caetano",
    "autorizado_por": null,
    "contrato": null,
    "created_date": 1702389522818,
    "created_user": "vonishi",
    "custo_obra": 1939099.46,
    "departamento_fiscal": "DEPARTAMENTO DE INFRAESTRUTURA",
    "email": "infraestrutura@educacao.riopreto.br",
    "emp_construtora": "Madri Iski Construções Eireli",
    "eng_resp": "Elton Braga",
    "finalidade": "Ampliação da Unidade Escolar",
    "globalid": "{B8D6F289-329F-4584-8F04-8D4C57B1D350}",
    "inic_obra": 1698030000000,
    "last_edited_date": 1751481726782,
    "last_edited_user": "almelo",
    "nr_autorização": null,
    "objectid": 81,
    "orig_recurso": "Recurso Próprio",
    "qtd_arvores_suprimidas": null,
    "secretaria_fiscal": "educacao",
    "status": "andamento",
    "telefone": "3211-4029",
    "term_obra": 1738206000000
   },
   "type": "Feature"
  },
  {
   "geometry": {
    "coordinates": [
     -49.317136538965634,
     -20.772035670972194
    ],
    "type": "Point"
   },
   "id": 82,
   "properties": {
    "alcance_social": "Comunidade do bairro Luz da Esperança",
    "autorizado_por": null,
    "contrato": null,
    "created_date": 1702393250461,
    "created_user": "vonishi",
    "custo_obra": 8597106.51,
    "departamento_fiscal": "DEPARTAMENTO DE INFRAESTRUTURA",
    "email": "infraestrutura@educacao.riopreto.br",
    "emp_construtora": "J A Tineli Marques & Cia Ltda EPP",
    "eng_resp": "Adriano Porto Bardella",
    "finalidade": "Construção de Unidade Escolar",
    "globalid": "{B2DDAC74-4753-4D99-A1FC-877BE8AEE568}",
    "inic_obra": 1698030000000,
    "last_edited_date": 1751479149272,
    "last_edited_user": "almelo",
    "nr_autorização": null,
    "objectid": 82,
    "orig_recurso": "Recursos próprios",
    "qtd_arvores_suprimidas": null,
    "secretaria_fiscal": "educacao",
    "status": "andamento",
    "telefone": "3211-4029",
    "term_obra": 1733022000000
   },
   "type": "Feature"
  },
  {
   "geometry": {
    "coordinates": [
     -49.38623689726932,
     -20.80956057103986
    ],
    "type": "Point"
   },
   "id": 83,
   "properties": {
    "alcance_social": "Comunidade Escolar EM Ezequiel Ramos",
    "autorizado_por": null,
    "contrato": null,
    "created_date": 1702393504019,
    "created_user": "vonishi",
    "custo_obra": 137195.47,
    "departamento_fiscal": "DEPARTAMENTO DE INFRAESTRUTURA",
    "email": "infraestrutura@educacao.riopreto.br",
    "emp_construtora": "GGH Ascensores Ltda",
    "eng_resp": "Elton Braga",
    "finalidade": "Instalação de Elevador",
    "globalid": "{3DC79C11-1A0E-49FA-88C0-4BCC6183A25B}",
    "inic_obra": 1698030000000,
    "last_edited_date": 1751481799531,
    "last_edited_user": "almelo",
    "nr_autorização": null,
    "objectid": 83,
    "orig_recurso": "Recurso próprio",
    "qtd_arvores_suprimidas": null,
    "secretaria_fiscal": "educacao",
    "status": "concluido",
    "telefone": "3211-4029",
    "term_obra": 1714878000000
   },
   "type": "Feature"
  },
  {
   "geometry": {
    "coordinates": [
     -49.3972285878644,
     -20.804428669055103
    ],
    "type": "Point"
   },
   "id": 84,
   "properties": {
    "alcance_social": "Comunidade escolar Francisco Felipe Caputo",
    "autorizado_por": null,
    "contrato": null,
    "created_date": 1702393785992,
    "created_user": "vonishi",
    "custo_obra": 118068.01,
    "departamento_fiscal": "DEPARTAMENTO DE INFRAESTRUTURA",
    "email": "infraestrutura@educacao.riopreto.br",
    "emp_construtora": "GGH Ascensores Ltda",
    "eng_resp": "Elton Braga",
    "finalidade": "Instalação de Elevador",
    "globalid": "{FF87ABEF-7083-41AF-A774-92FE70990944}",
    "inic_obra": 1698030000000,
    "last_edited_date": 1751476286178,
    "last_edited_user": "almelo",
    "nr_autorização": null,
    "objectid": 84,
    "orig_recurso": "Recurso próprio",
    "qtd_arvores_suprimidas": null,
    "secretaria_fiscal": "educacao",
    "status": "concluido",
    "telefone": "3211-4029",
    "term_obra": 1714878000000
   },
   "type": "Feature"
  },
  {
   "geometry": {
    "coordinates": [
     -49.3871444319632,
     -20.817604443581065
    ],
    "type": "Point"
   },
   "id": 85,
   "properties": {
    "alcance_social": "Comunidade central",
    "autorizado_por": null,
    "contrato": null,
    "created_date": 1702394230690,
    "created_user": "vonishi",
    "custo_obra": 445000.0,
    "departamento_fiscal": "DEPARTAMENTO DE INFRAESTRUTURA",
    "email": "infraestrutura@educacao.riopreto.br",
    "emp_construtora": "VR Demolidora Ltda EPP",
    "eng_resp": "Elton Braga",
    "finalidade": "Demolição de prédio existente",
    "globalid": "{3FF066B0-8738-4437-B204-DC2BC373C601}",
    "inic_obra": 1693278000000,
    "last_edited_date": 1751478248970,
    "last_edited_user": "almelo",
    "nr_autorização": null,
    "objectid": 85,
    "orig_recurso": "Recurso próprio",
    "qtd_arvores_suprimidas": null,
    "secretaria_fiscal": "educacao",
    "status": "andamento",
    "telefone": "3211-4029",
    "term_obra": 1710126000000
   },
   "type": "Feature"
  },
  {
   "geometry": {
    "coordinates": [
     -49.38708529946132,
     -20.817622600607066
    ],
    "type": "Point"
   },
   "id": 86,
   "properties": {
    "alcance_social": "MUNÍCIPES DA REGIÃO",
    "autorizado_por": null,
    "contrato": "COC/0017/24",
    "created_date": 1732044370776,
    "created_user": "vonishi",
    "custo_obra": 7605541.57,
    "departamento_fiscal": "Coordenadoria de Obras Públicas",
    "email": "infraestrutura@educacao.riopreto.br",
    "emp_construtora": "CONSTROESTE CONSTRUTORA E PARTICIPAÇÕES LTDA",
    "eng_resp": "CAROLINA DO CARMO FARIA DE BARROS BERTOLINI",
    "finalidade": "COC/0017/24 - Construção de Unidade Escolar no bairro Redentora",
    "globalid": "{10BE20B8-B4C0-4D76-BF2D-56BAACB6CD5E}",
    "inic_obra": 1729825200000,
    "last_edited_date": 1780064666493,
    "last_edited_user": "jpoiate",
    "nr_autorização": null,
    "objectid": 86,
    "orig_recurso": "REPASSE FEDERAL",
    "qtd_arvores_suprimidas": null,
    "secretaria_fiscal": "educacao",
    "status": "andamento",
    "telefone": "3211-4029",
    "term_obra": 1755745200000
   },
   "type": "Feature"
  },
  {
   "geometry": {
    "coordinates": [
     -49.37661717216666,
     -20.72702371640472
    ],
    "type": "Point"
   },
   "id": 87,
   "properties": {
    "alcance_social": "Comunidade Escolar",
    "autorizado_por": null,
    "contrato": null,
    "created_date": 1732044550208,
    "created_user": "vonishi",
    "custo_obra": 1948315.98,
    "departamento_fiscal": "DEPARTAMENTO DE INFRAESTRUTURA",
    "email": "infraestrutura@educacao.riopreto.br",
    "emp_construtora": "Prime Eng e Constr Olimpia Ltda",
    "eng_resp": "Elton Braga",
    "finalidade": "Climatização",
    "globalid": "{0BAFEEE6-552D-444D-8BC1-94310AD13961}",
    "inic_obra": 1711335600000,
    "last_edited_date": 1751634458318,
    "last_edited_user": "jcbertuga",
    "nr_autorização": null,
    "objectid": 87,
    "orig_recurso": "Recursos Próprios",
    "qtd_arvores_suprimidas": null,
    "secretaria_fiscal": "educacao",
    "status": "concluido",
    "telefone": "3211-4029",
    "term_obra": 1721703600000
   },
   "type": "Feature"
  },
  {
   "geometry": {
    "coordinates": [
     -49.435807087185545,
     -20.767195263832008
    ],
    "type": "Point"
   },
   "id": 88,
   "properties": {
    "alcance_social": null,
    "autorizado_por": null,
    "contrato": null,
    "created_date": 1732044917601,
    "created_user": "vonishi",
    "custo_obra": 2241265.19,
    "departamento_fiscal": "DEPARTAMENTO DE INFRAESTRUTURA",
    "email": "infraestrutura@educacao.riopreto.br",
    "emp_construtora": null,
    "eng_resp": null,
    "finalidade": null,
    "globalid": "{F08E8670-9A1B-4FF5-A419-9736062F6A73}",
    "inic_obra": null,
    "last_edited_date": 1751482915555,
    "last_edited_user": "almelo",
    "nr_autorização": null,
    "objectid": 88,
    "orig_recurso": "Recursos Próprios",
    "qtd_arvores_suprimidas": null,
    "secretaria_fiscal": "educacao",
    "status": "a_iniciar",
    "telefone": "3211-4029",
    "term_obra": null
   },
   "type": "Feature"
  },
  {
   "geometry": {
    "coordinates": [
     -49.30652730071289,
     -20.868574566153413
    ],
    "type": "Point"
   },
   "id": 90,
   "properties": {
    "alcance_social": "MORADORES DA REGIÃO SCHMITT",
    "autorizado_por": null,
    "contrato": "TOP/0013/23",
    "created_date": 1750882227218,
    "created_user": "ehirata",
    "custo_obra": 314096.69,
    "departamento_fiscal": "COORDENADORIA DE OBRAS PÚBLICAS",
    "email": "ESPORTES@RIOPRETO.SP.GOV.BR",
    "emp_construtora": "CONSTRUTORA J L K SOUZA LTDA ME",
    "eng_resp": "RONER KASSIO DE SOUZA",
    "finalidade": "TOP/0013/23 - REFORMA/REVITALIZAÇÃO DA PRAÇA DE ESPORTES E DA CULTURA",
    "globalid": "{F5E681AB-7E97-4B5C-9B74-1480750C0ECB}",
    "inic_obra": 1702263600000,
    "last_edited_date": 1780064652421,
    "last_edited_user": "jpoiate",
    "nr_autorização": null,
    "objectid": 90,
    "orig_recurso": "REPASSE FEDERAL E RECURSOS PRÓPRIOS",
    "qtd_arvores_suprimidas": null,
    "secretaria_fiscal": "esporte_lazer",
    "status": "concluido",
    "telefone": "3201-8890",
    "term_obra": 1712631600000
   },
   "type": "Feature"
  },
  {
   "geometry": {
    "coordinates": [
     -49.37831899274318,
     -20.80340506523916
    ],
    "type": "Point"
   },
   "id": 91,
   "properties": {
    "alcance_social": "Todos os munícipes e turistas",
    "autorizado_por": null,
    "contrato": "COC/0020/23",
    "created_date": 1750946439407,
    "created_user": "alitoledo",
    "custo_obra": 9824414.25,
    "departamento_fiscal": "COORDENADORIA DE OBRAS PÚBLICAS",
    "email": "https://www.riopreto.sp.gov.br/ouvidoria",
    "emp_construtora": "CONSTROESTE CONSTRUTORA E PARTICIPAÇÕES LTDA",
    "eng_resp": "Daniel Henrique Sansão-CREA0600761143SP",
    "finalidade": "COC/0020/23 - TERMINAL TURÍSTICO",
    "globalid": "{ACE27E73-9981-4627-9719-C766E6EB8DC6}",
    "inic_obra": 1691118000000,
    "last_edited_date": 1780064642699,
    "last_edited_user": "jpoiate",
    "nr_autorização": null,
    "objectid": 91,
    "orig_recurso": "OPERAÇÃO DE CRÉDITO",
    "qtd_arvores_suprimidas": null,
    "secretaria_fiscal": "obras",
    "status": "concluido",
    "telefone": "3203-1230",
    "term_obra": 1724814000000
   },
   "type": "Feature"
  },
  {
   "geometry": {
    "coordinates": [
     -49.433318216656,
     -20.815458244856384
    ],
    "type": "Point"
   },
   "id": 92,
   "properties": {
    "alcance_social": "UTILIZADA PELA SECRETÁRIA DO TRABALHO PARA SERVIÇOS QUE BENEFICIEM A POPULAÇÃO - ATUAL COOPERATIVA DE RECICLAGEM",
    "autorizado_por": null,
    "contrato": "COC/0022/23",
    "created_date": 1750947362781,
    "created_user": "alitoledo",
    "custo_obra": 3599891.65,
    "departamento_fiscal": "COORDENADORIA DE OBRAS PÚBLICAS",
    "email": "https://www.riopreto.sp.gov.br/ouvidoria",
    "emp_construtora": "CONSTRUTORA RIO OBRAS COMERCIO DE MATERIAIS PARA CONSTRUÇÃO EIRELI",
    "eng_resp": "DIEGO MARLON MARIANO",
    "finalidade": "COC/0022/23 - GALPÃO 2 E 3 DA SECRETARIA MUNICIPAL DE TRABALHO E EMPREGO",
    "globalid": "{90C6DC03-1848-4C9D-A734-D44366D45EA9}",
    "inic_obra": 1691118000000,
    "last_edited_date": 1780064633831,
    "last_edited_user": "jpoiate",
    "nr_autorização": null,
    "objectid": 92,
    "orig_recurso": "OPERAÇÃO DE CRÉDITO",
    "qtd_arvores_suprimidas": null,
    "secretaria_fiscal": "obras",
    "status": "concluido",
    "telefone": "3203-1230",
    "term_obra": 1724900400000
   },
   "type": "Feature"
  },
  {
   "geometry": {
    "coordinates": [
     -49.39602229416827,
     -20.799794157410208
    ],
    "type": "Point"
   },
   "id": 93,
   "properties": {
    "alcance_social": "SERVE COMO BASE DE ATENDIMENTO DO SETOR DE ELÉTRICA DA PREFEITURA PARA ATENDIMENTO DA POPULAÇÃO",
    "autorizado_por": null,
    "contrato": "TOP/0002/24",
    "created_date": 1750948442482,
    "created_user": "alitoledo",
    "custo_obra": 2246744.03,
    "departamento_fiscal": "COORDENADORIA DE OBRAS PÚBLICAS",
    "email": "https://www.riopreto.sp.gov.br/ouvidoria",
    "emp_construtora": "R A C CONSTRUÇÕES RIO PRETO LTDA ME",
    "eng_resp": "RAFAEL BATISTA CASELLA JUNIOR",
    "finalidade": "TOP/0002/24 - BARRACÃO DE MANUTENÇÃO ELÉTRICA",
    "globalid": "{AAC93BC2-A00B-46F8-BB7D-BA17553083DA}",
    "inic_obra": 1708311600000,
    "last_edited_date": 1780064625219,
    "last_edited_user": "jpoiate",
    "nr_autorização": null,
    "objectid": 93,
    "orig_recurso": "OPERAÇÃO DE CRÉDITO",
    "qtd_arvores_suprimidas": null,
    "secretaria_fiscal": "obras",
    "status": "concluido",
    "telefone": "3203-1230",
    "term_obra": 1734231600000
   },
   "type": "Feature"
  },
  {
   "geometry": {
    "coordinates": [
     -49.43311915178567,
     -20.8157854795305
    ],
    "type": "Point"
   },
   "id": 94,
   "properties": {
    "alcance_social": "SERVE A SECRETARIA DO MEIO AMBIENTE - DEPÓSITO TEMPORÁRIO DE PNEUS PARA RECICLAGEM",
    "autorizado_por": null,
    "contrato": "TOP/0017/23",
    "created_date": 1750948841483,
    "created_user": "alitoledo",
    "custo_obra": 1312010.2,
    "departamento_fiscal": "COORDENADORIA DE OBRAS PÚBLICAS",
    "email": "https://www.riopreto.sp.gov.br/ouvidoria",
    "emp_construtora": "CONSTRUTORA RIO OBRAS COMERCIO DE MATERIAIS PARA CONSTRUÇÃO EIRELI",
    "eng_resp": "DIEGO MARLON MARIANO",
    "finalidade": "TOP/0017/23 - GALPÃO 1 DA SECRETARIA MUNICIPAL DO MEIO AMBIENTE E URBANISMO",
    "globalid": "{9C7C3372-D351-40D4-AB84-DD0034754760}",
    "inic_obra": 1691118000000,
    "last_edited_date": 1780064618094,
    "last_edited_user": "jpoiate",
    "nr_autorização": null,
    "objectid": 94,
    "orig_recurso": "OPERAÇÃO DE CRÉDITO",
    "qtd_arvores_suprimidas": null,
    "secretaria_fiscal": "obras",
    "status": "concluido",
    "telefone": "3203-1230",
    "term_obra": 1719630000000
   },
   "type": "Feature"
  },
  {
   "geometry": {
    "coordinates": [
     -49.41083552308487,
     -20.81162752362198
    ],
    "type": "Point"
   },
   "id": 95,
   "properties": {
    "alcance_social": "TODOS OS MUNÍCIPES",
    "autorizado_por": null,
    "contrato": "COC/0001/22",
    "created_date": 1750962296499,
    "created_user": "alitoledo",
    "custo_obra": 957777.79,
    "departamento_fiscal": "DEPARTAMENTO DE OBRAS PÚBLICAS",
    "email": "https://www.riopreto.sp.gov.br/ouvidoria",
    "emp_construtora": "MADRI ISKI CONSTRUÇÕES EIRELI",
    "eng_resp": "ANTONIO ADRIANO RABESCO ISQUI",
    "finalidade": "COC/0001/22 - 544 GAVETAS NO CEMITÉRIO SÃO JOÃO BATISTA",
    "globalid": "{43F0B22D-B17B-4E37-A851-6BBBE8776356}",
    "inic_obra": 1641870000000,
    "last_edited_date": 1780064604691,
    "last_edited_user": "jpoiate",
    "nr_autorização": null,
    "objectid": 95,
    "orig_recurso": "RECURSOS PRÓPRIOS",
    "qtd_arvores_suprimidas": null,
    "secretaria_fiscal": "obras",
    "status": "concluido",
    "telefone": "3203-1230",
    "term_obra": 1670382000000
   },
   "type": "Feature"
  },
  {
   "geometry": {
    "coordinates": [
     -49.360890565015254,
     -20.819356692306556
    ],
    "type": "Point"
   },
   "id": 96,
   "properties": {
    "alcance_social": "TODA A POPULAÇÃO",
    "autorizado_por": null,
    "contrato": "COC/0002/22",
    "created_date": 1750962639543,
    "created_user": "dbalmeida",
    "custo_obra": 428369.05,
    "departamento_fiscal": "DEPARTAMENTO DE INFRAESTRUTURA",
    "email": "https://www.riopreto.sp.gov.br/ouvidoria",
    "emp_construtora": "USINA DO VALE CONTRUTORA EIRELI",
    "eng_resp": "ADILSON TOSCHI",
    "finalidade": "COC/0002/22 - EXECUÇÃO DA OBRA DE RECAPEAMENTO ASFÁLTICO EM VÁRIAS RUAS DOS BAIRROS JARDIM ROSEIRAL, JARDIM ANALICE E PARQUE CELESTE COM APLICAÇÃO DE C.B.U.Q. FAIXA III DO DER/SP",
    "globalid": "{49BAFFAF-F411-4875-94D3-3011D553055E}",
    "inic_obra": 1649300400000,
    "last_edited_date": 1780064593309,
    "last_edited_user": "jpoiate",
    "nr_autorização": null,
    "objectid": 96,
    "orig_recurso": "RECURSO PRÓPRIO E RECURSO FEDERAL",
    "qtd_arvores_suprimidas": null,
    "secretaria_fiscal": "obras",
    "status": "concluido",
    "telefone": "3203-1230",
    "term_obra": 1651806000000
   },
   "type": "Feature"
  },
  {
   "geometry": {
    "coordinates": [
     -49.42076926507488,
     -20.820353773108543
    ],
    "type": "Point"
   },
   "id": 97,
   "properties": {
    "alcance_social": "MUNICÍPES",
    "autorizado_por": null,
    "contrato": "COC/0011/24",
    "created_date": 1750962869651,
    "created_user": "alitoledo",
    "custo_obra": 8599435.09,
    "departamento_fiscal": "COORDENADORIA DE OBRAS PÚBLICAS",
    "email": "https://www.riopreto.sp.gov.br/ouvidoria",
    "emp_construtora": "LGR CONSTRUTORA LTDA",
    "eng_resp": "EDGARD CELSO TEIXEIRA",
    "finalidade": "COC/0011/24 - ARENA MULTIUSO NO INTERIOR DO RECINTO DE EXPOSIÇÕES “ALBERTO B. LUCATTO”",
    "globalid": "{AF26DEB7-1E39-4C0A-9652-95A9AB687D5E}",
    "inic_obra": 1719284400000,
    "last_edited_date": 1780064583028,
    "last_edited_user": "jpoiate",
    "nr_autorização": null,
    "objectid": 97,
    "orig_recurso": "OPERAÇÃO DE CRÉDITO",
    "qtd_arvores_suprimidas": null,
    "secretaria_fiscal": "obras",
    "status": "concluido",
    "telefone": "3203-1230",
    "term_obra": 1747796400000
   },
   "type": "Feature"
  },
  {
   "geometry": {
    "coordinates": [
     -49.36756338838794,
     -20.811439617188437
    ],
    "type": "Point"
   },
   "id": 98,
   "properties": {
    "alcance_social": "TODA A POPULAÇÃO",
    "autorizado_por": null,
    "contrato": "COC/0002/23",
    "created_date": 1750963258549,
    "created_user": "dbalmeida",
    "custo_obra": 1223314.65,
    "departamento_fiscal": "DEPARTAMENTO DE INFRAESTRUTURA",
    "email": "https://www.riopreto.sp.gov.br/ouvidoria",
    "emp_construtora": "CAPI ENGENHARIA LTDA",
    "eng_resp": "AILTON ADRIANO PISOLATI",
    "finalidade": "COC/0002/23 - EXECUÇÃO DOS SERVIÇOS DE RECUPERAÇÃO DE OBRAS DE ARTE ESPECIAIS (3A, 3B, 5A, 5B, 10A, 10B, 17A, 24, 26A, 34A E 34B E RECUPERAÇÃO DA EROSÃO DO MORADA DO SOL (CÓRREGO SÃO PEDRO))",
    "globalid": "{17CF2BE8-814D-4D88-BDB3-D793CAD72DE5}",
    "inic_obra": 1679886000000,
    "last_edited_date": 1780064570849,
    "last_edited_user": "jpoiate",
    "nr_autorização": null,
    "objectid": 98,
    "orig_recurso": "RECURSO PRÓPRIO",
    "qtd_arvores_suprimidas": null,
    "secretaria_fiscal": "obras",
    "status": "concluido",
    "telefone": "3203-1230",
    "term_obra": 1713927600000
   },
   "type": "Feature"
  },
  {
   "geometry": {
    "coordinates": [
     -49.35790302170518,
     -20.809656399279763
    ],
    "type": "Point"
   },
   "id": 99,
   "properties": {
    "alcance_social": "Toda a população",
    "autorizado_por": null,
    "contrato": "TOP/0036/22",
    "created_date": 1750963395807,
    "created_user": "luimondo",
    "custo_obra": 449696.96,
    "departamento_fiscal": "Departamento de Infraestrutura",
    "email": "https://www.riopreto.sp.gov.br/ouvidoria",
    "emp_construtora": "Capi Engenharia Ltda",
    "eng_resp": "Ailton Adriano Pissolati",
    "finalidade": "TOP/0036/22 - CONTRATAÇÃO DE EMPREITADA DE MÃO DE OBRA COM FORNECIMENTO DE MATERIAIS E EQUIPAMENTOS VISANDO A EXECUÇÃO DA OBRA DE RECUPERAÇÃO DE EROSÕES DOS LAGOS 2 E 3 DA REPRESA MUNICIPAL",
    "globalid": "{84C09877-0CC4-4FF4-8DB5-60E01099244C}",
    "inic_obra": 1662087600000,
    "last_edited_date": 1780064560734,
    "last_edited_user": "jpoiate",
    "nr_autorização": null,
    "objectid": 99,
    "orig_recurso": "Operação de Crédito",
    "qtd_arvores_suprimidas": null,
    "secretaria_fiscal": "obras",
    "status": "concluido",
    "telefone": "3203-1230",
    "term_obra": 1675047600000
   },
   "type": "Feature"
  },
  {
   "geometry": {
    "coordinates": [
     -49.35923017833289,
     -20.76948450859745
    ],
    "type": "Point"
   },
   "id": 100,
   "properties": {
    "alcance_social": "TODA A POPULAÇÃO",
    "autorizado_por": null,
    "contrato": "COC/0002/24",
    "created_date": 1750964069261,
    "created_user": "dbalmeida",
    "custo_obra": 1261380.31,
    "departamento_fiscal": "DEPARTAMENTO DE INFRAESTRUTURA",
    "email": "https://www.riopreto.sp.gov.br/ouvidoria",
    "emp_construtora": "CAPI ENGENHARIA LTDA",
    "eng_resp": "AILTON ADRIANO PISOLATI",
    "finalidade": "COC/0002/24 - EXECUÇÃO DA OBRA DE RECUPERAÇÃO DAS OBRAS DE ARTE ESPECIAIS (OAE'S): 25B, 39A,  39B, 40A, 40B E 79A",
    "globalid": "{9142FD32-9B11-40A2-8C22-537F8A9A4C7F}",
    "inic_obra": 1705892400000,
    "last_edited_date": 1780064547354,
    "last_edited_user": "jpoiate",
    "nr_autorização": null,
    "objectid": 100,
    "orig_recurso": "OPERAÇÃO DE CRÉDITO",
    "qtd_arvores_suprimidas": null,
    "secretaria_fiscal": "obras",
    "status": "concluido",
    "telefone": "3203-1230",
    "term_obra": 1721444400000
   },
   "type": "Feature"
  },
  {
   "geometry": {
    "coordinates": [
     -49.34181279718803,
     -20.852617817064324
    ],
    "type": "Point"
   },
   "id": 101,
   "properties": {
    "alcance_social": "Toda a população",
    "autorizado_por": null,
    "contrato": "TOP/0014/23",
    "created_date": 1750964235843,
    "created_user": "luimondo",
    "custo_obra": 1788890.89,
    "departamento_fiscal": "DEPARTAMENTO DE INFRAESTRUTURA",
    "email": "https://www.riopreto.sp.gov.br/ouvidoria",
    "emp_construtora": "CONCRETA CONSTRUÇÃO E INCORPORAÇÃO LTDA",
    "eng_resp": "JOAO ANTONIO LUCARELO GOMES",
    "finalidade": "TOP/0014/23 - CONTRATAÇÃO DE EMPREITADA DE MÃO DE OBRA COM FORNECIMENTO DE MATERIAIS E EQUIPAMENTOS VISANDO A EXECUÇÃO DA OBRA DE IMPLANTAÇÃO DE GALERIAS DE ÁGUAS PLUVIAIS (AV. PERCY GANDINI S/Nº)",
    "globalid": "{3B96ACFF-59C0-4A28-873C-45B2B5DA6617}",
    "inic_obra": 1688958000000,
    "last_edited_date": 1780064538320,
    "last_edited_user": "jpoiate",
    "nr_autorização": null,
    "objectid": 101,
    "orig_recurso": "Operação de Crédito",
    "qtd_arvores_suprimidas": null,
    "secretaria_fiscal": "obras",
    "status": "concluido",
    "telefone": "3203-1230",
    "term_obra": 1704510000000
   },
   "type": "Feature"
  },
  {
   "geometry": {
    "coordinates": [
     -49.39961351702736,
     -20.80402443780952
    ],
    "type": "Point"
   },
   "id": 102,
   "properties": {
    "alcance_social": "TODA A POPULAÇÃO",
    "autorizado_por": null,
    "contrato": "COC/0003/22",
    "created_date": 1750964665977,
    "created_user": "dbalmeida",
    "custo_obra": 151664.58,
    "departamento_fiscal": "DEPARTAMENTO DE INFRAESTRUTURA",
    "email": "https://www.riopreto.sp.gov.br/ouvidoria",
    "emp_construtora": "USINA DO VALE CONSTRUTORA EIRELI",
    "eng_resp": "JOSÉ OTÁVIO FAVA",
    "finalidade": "COC/0003/22 - EXECUÇÃO DA OBRA DE RECAPEAMENTO ASFÁLTICO EM DIVERSAS RUAS DOS BAIRROS JARDIM CANAÃ E PARQU INDUSTRIAL COM APLICAÇÃO DE C.B.U.Q. FAIXA III DO DER/SP",
    "globalid": "{11461839-4EC5-4DA7-9743-9B5A928B16D0}",
    "inic_obra": 1646622000000,
    "last_edited_date": 1780064528313,
    "last_edited_user": "jpoiate",
    "nr_autorização": null,
    "objectid": 102,
    "orig_recurso": "RECURSO PRÓPRIO, RECURSO ESTADUAL",
    "qtd_arvores_suprimidas": null,
    "secretaria_fiscal": "obras",
    "status": "concluido",
    "telefone": "3203-1230",
    "term_obra": 1649214000000
   },
   "type": "Feature"
  },
  {
   "geometry": {
    "coordinates": [
     -49.39562115686803,
     -20.827976648495863
    ],
    "type": "Point"
   },
   "id": 103,
   "properties": {
    "alcance_social": "MUNICÍPES",
    "autorizado_por": null,
    "contrato": "COC/0037/22",
    "created_date": 1750965113686,
    "created_user": "marcastelano",
    "custo_obra": 1904124.26,
    "departamento_fiscal": "COORDENADORIA DE OBRAS PÚBLICAS",
    "email": "https://www.riopreto.sp.gov.br/ouvidoria",
    "emp_construtora": "KAV ENGENHARIA RIO PRETO LTDA.",
    "eng_resp": "THARSIO BARBARELLI FRAZATO",
    "finalidade": "COC/0037/22 - REFORMA COMPLEMENTAR DO TEATRO HUMBERTO SINIBALDI NETO",
    "globalid": "{DF4CA0F0-B69F-4BC9-B145-C98F24F439BD}",
    "inic_obra": 1672196400000,
    "last_edited_date": 1780064518011,
    "last_edited_user": "jpoiate",
    "nr_autorização": null,
    "objectid": 103,
    "orig_recurso": "OPERAÇÃO DE CRÉDITO",
    "qtd_arvores_suprimidas": null,
    "secretaria_fiscal": "obras",
    "status": "concluido",
    "telefone": "3203-1230",
    "term_obra": 1687748400000
   },
   "type": "Feature"
  },
  {
   "geometry": {
    "coordinates": [
     -49.37842466336668,
     -20.77633336545615
    ],
    "type": "Point"
   },
   "id": 104,
   "properties": {
    "alcance_social": "Toda a população",
    "autorizado_por": null,
    "contrato": "TOP/0007/23",
    "created_date": 1750965563725,
    "created_user": "luimondo",
    "custo_obra": 616200.0,
    "departamento_fiscal": "DEPARTAMENTO DE INFRAESTRUTURA",
    "email": "https://www.riopreto.sp.gov.br/ouvidoria",
    "emp_construtora": "OCTON ENGENHARIA E INCORPORAÇÃO LTDA",
    "eng_resp": "GUILHERME DA SILVEIRA",
    "finalidade": "TOP/0007/23 - EMPREITADA DE MÃO DE OBRA COM FORNECIMENTO DE MATERIAIS E EQUIPAMENTOS PARA A EXECUÇÃO DA OBRA DE IMPLANTAÇÃO DE REDE DE DRENAGEM ENTRE A RUA JOÃO DOS SANTOS E AVENIDA VALDOMIRO LOPES (VILA CLEMENTINA)",
    "globalid": "{41B6206F-E13E-49CC-86ED-1413C8B47141}",
    "inic_obra": 1679540400000,
    "last_edited_date": 1780064507637,
    "last_edited_user": "jpoiate",
    "nr_autorização": null,
    "objectid": 104,
    "orig_recurso": "Operação de Crédito",
    "qtd_arvores_suprimidas": null,
    "secretaria_fiscal": "obras",
    "status": "concluido",
    "telefone": "3203-1230",
    "term_obra": 1687316400000
   },
   "type": "Feature"
  },
  {
   "geometry": {
    "coordinates": [
     -49.37768740972479,
     -20.80880140635209
    ],
    "type": "Point"
   },
   "id": 105,
   "properties": {
    "alcance_social": "MUNÍCIPES",
    "autorizado_por": null,
    "contrato": "COC/0014/24",
    "created_date": 1750965789243,
    "created_user": "alitoledo",
    "custo_obra": 147332.87,
    "departamento_fiscal": "COORDENADORIA DE OBRAS PÚBLICAS",
    "email": "https://www.riopreto.sp.gov.br/ouvidoria",
    "emp_construtora": "CONSTRUTORA RIO OBRAS COMERCIO DE MATERIAIS PARA CONSTRUÇÃO EIRELI",
    "eng_resp": "DIEGO MARLON MARIANO",
    "finalidade": "COC/0014/24 - FECHAMENTO LATERAL COM ESTRUTURA METÁLICA “BRISE” NO SHOPPING WALDEMAR ALVES DOS SANTOS",
    "globalid": "{E4492472-30A4-4983-B4C1-D6282D50B1CF}",
    "inic_obra": 1727665200000,
    "last_edited_date": 1780064234067,
    "last_edited_user": "jpoiate",
    "nr_autorização": null,
    "objectid": 105,
    "orig_recurso": "RECURSOS PRÓPRIOS",
    "qtd_arvores_suprimidas": null,
    "secretaria_fiscal": "obras",
    "status": "concluido",
    "telefone": "3203-1230",
    "term_obra": 1743217200000
   },
   "type": "Feature"
  },
  {
   "geometry": {
    "coordinates": [
     -49.351682091344614,
     -20.82507783551813
    ],
    "type": "Point"
   },
   "id": 106,
   "properties": {
    "alcance_social": "TODA A POPULAÇÃO",
    "autorizado_por": null,
    "contrato": "COC/0004/24",
    "created_date": 1750965942315,
    "created_user": "dbalmeida",
    "custo_obra": 1079077.0,
    "departamento_fiscal": "DEPARTAMENTO DE INFRAESTRUTURA",
    "email": "https://www.riopreto.sp.gov.br/ouvidoria",
    "emp_construtora": "LGR CONSTRUTORA LTDA",
    "eng_resp": "EDGARD CELSO TEIXEIRA",
    "finalidade": "COC/0004/24 - IMPLANTAÇÃO DE NOVO SISTEMA DE ILUMINAÇÃO PÚBLICA ORNAMENTAL (\"LED\"), VISANDO ATENDER AS CICLOVIAS INSTALADAS NAS AVENIDAS TROÂNGULO E DE MAIO",
    "globalid": "{68F2F9BB-2882-4ACC-9F9A-600EC026ADA3}",
    "inic_obra": 1706151600000,
    "last_edited_date": 1780064220359,
    "last_edited_user": "jpoiate",
    "nr_autorização": null,
    "objectid": 106,
    "orig_recurso": "OPERAÇÃO DE CRÉDITO",
    "qtd_arvores_suprimidas": null,
    "secretaria_fiscal": "obras",
    "status": "concluido",
    "telefone": "3203-1230",
    "term_obra": 1716519600000
   },
   "type": "Feature"
  },
  {
   "geometry": {
    "coordinates": [
     -49.36667082411826,
     -20.810581795317287
    ],
    "type": "Point"
   },
   "id": 107,
   "properties": {
    "alcance_social": "MUNÍCIPES",
    "autorizado_por": null,
    "contrato": "COC/0006/24",
    "created_date": 1750966292985,
    "created_user": "rafpanosso",
    "custo_obra": 6670406.18,
    "departamento_fiscal": "COORDENADORIA DE OBRAS PÚBLICAS",
    "email": "https://www.riopreto.sp.gov.br/ouvidoria",
    "emp_construtora": "J.A. TINELI MARQUES & CIA LTDA EPP",
    "eng_resp": "GUILHERME POLAINI TINELI",
    "finalidade": "COC/0006/24 - OBRA DE REFORMA E REVITALIZAÇÃO DOS GINÁSIOS ANTONIO CARLOS NATALONE",
    "globalid": "{88522038-43F8-45AC-982D-3C9793AD9484}",
    "inic_obra": 1706151600000,
    "last_edited_date": 1780064178285,
    "last_edited_user": "jpoiate",
    "nr_autorização": null,
    "objectid": 107,
    "orig_recurso": "OPERAÇÃO DE CRÉDITO",
    "qtd_arvores_suprimidas": null,
    "secretaria_fiscal": "obras",
    "status": "concluido",
    "telefone": "3203-1230",
    "term_obra": 1739847600000
   },
   "type": "Feature"
  },
  {
   "geometry": {
    "coordinates": [
     -49.372034532627396,
     -20.814014404573335
    ],
    "type": "Point"
   },
   "id": 108,
   "properties": {
    "alcance_social": "TODA A POPULAÇÃO",
    "autorizado_por": null,
    "contrato": "COC/0004/22",
    "created_date": 1750967039218,
    "created_user": "dbalmeida",
    "custo_obra": 251564.1,
    "departamento_fiscal": "DEPARTAMENTO DE INFRAESTRUTURA",
    "email": "https://www.riopreto.sp.gov.br/ouvidoria",
    "emp_construtora": "USINA DO VALE CONSTRUTORA EIRELI",
    "eng_resp": "ADILSON TOSCHI",
    "finalidade": "COC/0004/22 - EXECUÇÃO DE RECAPEAMENTO ASFÁLTICO EM DIVERSAS RUAS DO BAIRRO VILA DINIZ COM APLICAÇÃO DE C.B.U.Q. FAIXA III DO DER /SP",
    "globalid": "{AA9E35FB-4881-45B2-815B-59D2F50C6DB5}",
    "inic_obra": 1646622000000,
    "last_edited_date": 1780064162641,
    "last_edited_user": "jpoiate",
    "nr_autorização": null,
    "objectid": 108,
    "orig_recurso": "RECURSO PRÓPRIO E RECURSO ESTADUAL",
    "qtd_arvores_suprimidas": null,
    "secretaria_fiscal": "obras",
    "status": "concluido",
    "telefone": "3203-1230",
    "term_obra": 1649214000000
   },
   "type": "Feature"
  },
  {
   "geometry": {
    "coordinates": [
     -49.351581126096555,
     -20.825972205130718
    ],
    "type": "Point"
   },
   "id": 109,
   "properties": {
    "alcance_social": "Toda a população",
    "autorizado_por": null,
    "contrato": "TOP/0006/23",
    "created_date": 1750967198093,
    "created_user": "luimondo",
    "custo_obra": 1396414.36,
    "departamento_fiscal": "DEPARTAMENTO DE INFRAESTRUTURA",
    "email": "https://www.riopreto.sp.gov.br/ouvidoria",
    "emp_construtora": "CONSTROESTE CONSTRUTORA E PARTICIPAÇÕES LTDA",
    "eng_resp": "CAMILA DO CARMO FARIA DE BARROS RUIZ",
    "finalidade": "TOP/0006/23 - EMPREITADA DE MÃO DE OBRA COM FORNECIMENTO DE MATERIAIS E EQUIPAMENTOS PARA EXECUÇÃO DE CICLOVIAS/CICLOFAIXAS NA AVENIDA DE MAIO",
    "globalid": "{BF79DF5A-98FB-4368-95C7-A02CB3F7F6A7}",
    "inic_obra": 1679108400000,
    "last_edited_date": 1780064146875,
    "last_edited_user": "jpoiate",
    "nr_autorização": null,
    "objectid": 109,
    "orig_recurso": "Operação de Crédito",
    "qtd_arvores_suprimidas": null,
    "secretaria_fiscal": "obras",
    "status": "concluido",
    "telefone": "3203-1230",
    "term_obra": 1699844400000
   },
   "type": "Feature"
  },
  {
   "geometry": {
    "coordinates": [
     -49.404233963063675,
     -20.80058596796336
    ],
    "type": "Point"
   },
   "id": 110,
   "properties": {
    "alcance_social": "Toda a população",
    "autorizado_por": null,
    "contrato": "TOP/0006/22",
    "created_date": 1750967530413,
    "created_user": "luimondo",
    "custo_obra": 994537.26,
    "departamento_fiscal": "DEPARTAMENTO DE INFRAESTRUTURA",
    "email": "https://www.riopreto.sp.gov.br/ouvidoria",
    "emp_construtora": "K.G.P. CONSTRUTORA LTDA.",
    "eng_resp": "GUILHERME DA SILVEIRA",
    "finalidade": "TOP/0006/22 - EMPREITADA DE MÃO DE OBRA COM FORNECIMENTO DE MATERIAIS E EQUIPAMENTOS A EXECUÇÃO DA OBRA DE ADEQUAÇÃO DE GREIDE/RECUPERAÇÃO DE EROSÃO NA AVENIDA DR. ERNANI PIRES DOMINGUES",
    "globalid": "{97A9E24B-360A-48B8-B267-E6415A7D1BDB}",
    "inic_obra": 1643598000000,
    "last_edited_date": 1780064136175,
    "last_edited_user": "jpoiate",
    "nr_autorização": null,
    "objectid": 110,
    "orig_recurso": "Operação de Crédito",
    "qtd_arvores_suprimidas": null,
    "secretaria_fiscal": "obras",
    "status": "concluido",
    "telefone": "3203-1230",
    "term_obra": 1656558000000
   },
   "type": "Feature"
  },
  {
   "geometry": {
    "coordinates": [
     -49.39828497968905,
     -20.767117607850185
    ],
    "type": "Point"
   },
   "id": 111,
   "properties": {
    "alcance_social": "MUNÍCIPES",
    "autorizado_por": null,
    "contrato": "COC/0017/23",
    "created_date": 1750967532208,
    "created_user": "marcastelano",
    "custo_obra": 5962370.1,
    "departamento_fiscal": "COORDENADORIA DE OBRAS PÚBLICAS",
    "email": "https://www.riopreto.sp.gov.br/ouvidoria",
    "emp_construtora": "LGR CONSTRUTORA LTDA",
    "eng_resp": "Edgard Celso Teixeira -CREA/SP 5060908658",
    "finalidade": "COC/0017/23-REFORMA E REVITALIZAÇÃO DO COMPLEXO ESPORTIVO REI PELÉ",
    "globalid": "{A067A638-C3EB-46B7-A8D7-FBE3A3CED615}",
    "inic_obra": 1692068400000,
    "last_edited_date": 1780064125565,
    "last_edited_user": "jpoiate",
    "nr_autorização": null,
    "objectid": 111,
    "orig_recurso": "OPERAÇÃO DE CRÉDITO",
    "qtd_arvores_suprimidas": null,
    "secretaria_fiscal": "obras",
    "status": "concluido",
    "telefone": "3203-1230",
    "term_obra": 1717988400000
   },
   "type": "Feature"
  },
  {
   "geometry": {
    "coordinates": [
     -49.37930926766462,
     -20.8074906552743
    ],
    "type": "Point"
   },
   "id": 112,
   "properties": {
    "alcance_social": "Toda a população",
    "autorizado_por": null,
    "contrato": "PRE/0003/25",
    "created_date": 1750967876880,
    "created_user": "luimondo",
    "custo_obra": 711828.81,
    "departamento_fiscal": "DEPARTAMENTO DE INFRAESTRUTURA",
    "email": "https://www.riopreto.sp.gov.br/ouvidoria",
    "emp_construtora": "L.G. LIMA EMPREENDIMENTOS LTDA",
    "eng_resp": "EDGARD CELSO TEIXEIRA",
    "finalidade": "PRE/0003/25 - EXECUÇÃO DE SERVIÇOS DE ENGENHARIA VISANDO A REALIZAÇÃO DA OBRA DE MICRO DRENAGEM DA RUA PEDRO AMARAL",
    "globalid": "{92CA8FBF-4B70-4B49-9D0E-F2A0073806B2}",
    "inic_obra": 1747364400000,
    "last_edited_date": 1780064116951,
    "last_edited_user": "jpoiate",
    "nr_autorização": null,
    "objectid": 112,
    "orig_recurso": "Operação de Crédito",
    "qtd_arvores_suprimidas": null,
    "secretaria_fiscal": "obras",
    "status": "concluido",
    "telefone": "3203-1230",
    "term_obra": 1760324400000
   },
   "type": "Feature"
  },
  {
   "geometry": {
    "coordinates": [
     -49.41263301693408,
     -20.773057659900473
    ],
    "type": "Point"
   },
   "id": 113,
   "properties": {
    "alcance_social": "TODA A POPULAÇÃO",
    "autorizado_por": null,
    "contrato": "COC/0005/24",
    "created_date": 1750968032407,
    "created_user": "dbalmeida",
    "custo_obra": 644048.13,
    "departamento_fiscal": "DEPARTAMENTO DE INFRAESTRUTURA",
    "email": "https://www.riopreto.sp.gov.br/ouvidoria",
    "emp_construtora": "LGR CONSTRUTORA LTDA",
    "eng_resp": "EDGARD CELSO TEIXEIRA",
    "finalidade": "COC/0005/24 - EXECUÇÃO DA IMPLANTAÇÃO DE NOVO SISTEMA DE ILUMINAÇÃO PÚBLICA ORNAMENTAL (LED) PARA ATENDER À PRAÇA PIEDADINHA NOS QUADRILÁTEROS LOCALIZADS NA AVENIDA ANTÔNIO MARCOS DE OLIVEIRA ENTRE AS RUAS EGÍDIO CASAGRANDE, LEONCIO FERREIRA",
    "globalid": "{9B1F9A2E-1DA0-4110-AEA8-29F794789FE9}",
    "inic_obra": 1706151600000,
    "last_edited_date": 1780064092582,
    "last_edited_user": "jpoiate",
    "nr_autorização": null,
    "objectid": 113,
    "orig_recurso": "OPERAÇÃO DE CRÉDITO",
    "qtd_arvores_suprimidas": null,
    "secretaria_fiscal": "obras",
    "status": "concluido",
    "telefone": "3203-1230",
    "term_obra": 1719111600000
   },
   "type": "Feature"
  },
  {
   "geometry": {
    "coordinates": [
     -49.4129024630103,
     -20.80576079284491
    ],
    "type": "Point"
   },
   "id": 114,
   "properties": {
    "alcance_social": "MORADORES DO BAIRRO",
    "autorizado_por": null,
    "contrato": "COC/0006/23",
    "created_date": 1751023203975,
    "created_user": "dbalmeida",
    "custo_obra": 14978418.74,
    "departamento_fiscal": "DEPARTAMENTO DE INFRAESTRUTURA",
    "email": "https://www.riopreto.sp.gov.br/ouvidoria",
    "emp_construtora": "CONSTROESTE CONSTRUTORA E PARTICIPAÇÕES LTDA",
    "eng_resp": "BRUNO PIRANI PRIOLI",
    "finalidade": "COC/0006/23 - EXECUÇÃO DE PAVIMENTAÇÃO, IMPLANTAÇÃO DE SISTEMA DE DRENAGEM DE ÁGUAS PLUVIAIS, ESGOTO SANITÁRIO E REDES DE ÁGUA DE ABASTECIMENTO NA FAVELA MARTE 3D NO MUNICÍPIO DE SÃO JOSÉ DO RIO PRETO",
    "globalid": "{D44F3B55-E6FB-4925-BADF-65456EB08648}",
    "inic_obra": 1684983600000,
    "last_edited_date": 1780063984026,
    "last_edited_user": "lquinto",
    "nr_autorização": null,
    "objectid": 114,
    "orig_recurso": "OPERAÇÃO DE CRÉDITO",
    "qtd_arvores_suprimidas": null,
    "secretaria_fiscal": "obras",
    "status": "concluido",
    "telefone": "3203-1230",
    "term_obra": 1726455600000
   },
   "type": "Feature"
  },
  {
   "geometry": {
    "coordinates": [
     -49.36713429282111,
     -20.809311090681394
    ],
    "type": "Point"
   },
   "id": 115,
   "properties": {
    "alcance_social": "TODA A POPULAÇÃO",
    "autorizado_por": null,
    "contrato": "COC/0008/24",
    "created_date": 1751023704329,
    "created_user": "dbalmeida",
    "custo_obra": 3394583.46,
    "departamento_fiscal": "DEPARTAMENTO DE INFRAESTRUTURA",
    "email": "https://www.riopreto.sp.gov.br/ouvidoria",
    "emp_construtora": "CONSTROESTE CONSTRUTORA E PARTICIPAÇÕES",
    "eng_resp": "CAROLINA DO CARMO FARIA DE BARROS BERTOLINI",
    "finalidade": "COC/0008/24 - EXECUÇÃO DA OBRA DE IMPLANTAÇÃO DE CICLOVIA ENTRE O NOVO TERMINAL DE ÔNIBUS URBANO E O LAGO III, AVENIDA NADMA DAMHA E REFORMA E REVITALIZAÇÃO DA PISTA DE CAMINHADA DO LAGO II",
    "globalid": "{7FE8FB29-1183-4D30-9D09-206D7CEC0F17}",
    "inic_obra": 1706151600000,
    "last_edited_date": 1780062509048,
    "last_edited_user": "jpoiate",
    "nr_autorização": null,
    "objectid": 115,
    "orig_recurso": "OPERAÇÃO DE CRÉDITO",
    "qtd_arvores_suprimidas": null,
    "secretaria_fiscal": "obras",
    "status": "concluido",
    "telefone": "3203-1230",
    "term_obra": 1729479600000
   },
   "type": "Feature"
  },
  {
   "geometry": {
    "coordinates": [
     -49.32259828511328,
     -20.794668480222473
    ],
    "type": "Point"
   },
   "id": 116,
   "properties": {
    "alcance_social": "Toda a população",
    "autorizado_por": null,
    "contrato": "DPL/0022/25",
    "created_date": 1751023841058,
    "created_user": "luimondo",
    "custo_obra": 122348.91,
    "departamento_fiscal": "DEPARTAMENTO DE INFRAESTRUTURA",
    "email": "https://www.riopreto.sp.gov.br/ouvidoria",
    "emp_construtora": "LGR CONSTRUTORA LTDA",
    "eng_resp": "EDGARD CELSO TEIXEIRA",
    "finalidade": "DPL/0022/25 - EMPREITADA DE MÃO DE OBRA COM FORNECIMENTO DE MATERIAIS PARA RECUPERAÇÃO DAS OBRAS DE ARTE ESPECIAIS (OAE'S): RECUPERAÇÃO DA EROSÃO DE CABECEIRA DA PONTE SOBRE O CÓRREGO DA FELICIDADE.",
    "globalid": "{50797B2E-59FD-4805-961D-7AE4FC4220E0}",
    "inic_obra": -55785531212000,
    "last_edited_date": 1780063918037,
    "last_edited_user": "lquinto",
    "nr_autorização": null,
    "objectid": 116,
    "orig_recurso": "Operação de Crédito",
    "qtd_arvores_suprimidas": null,
    "secretaria_fiscal": "obras",
    "status": "concluido",
    "telefone": "3203-1230",
    "term_obra": 1745550000000
   },
   "type": "Feature"
  },
  {
   "geometry": {
    "coordinates": [
     -49.37876324288885,
     -20.8039164422642
    ],
    "type": "Point"
   },
   "id": 117,
   "properties": {
    "alcance_social": "TODA A POPULAÇÃO",
    "autorizado_por": null,
    "contrato": "COC/0009/23",
    "created_date": 1751024158943,
    "created_user": "dbalmeida",
    "custo_obra": 1167281.87,
    "departamento_fiscal": "DEPARTAMENTO DE INFRAESTRUTURA",
    "email": "https://www.riopreto.sp.gov.br/ouvidoria",
    "emp_construtora": "CONSTROESTE CONSTRUTORA E PARTICIPAÇÕES LTDA",
    "eng_resp": "KLEBER ELÍDIO DA SILVA",
    "finalidade": "COC/0009/23 - EMPREITADA DE MÃO DE OBRA COM FORNECIMENTO DE MATERIAIS E EQUIPAMENTOS PARA EXECUÇÃO DE OBRA PARA IMPLANTAÇÃO DE NOVO SISTEMA DE ILUMINAÇÃO PÚBLICA ORNAMENTAL (?LED?), VISANDO ATENDER COMPLEXO DE ELEVADOS JOÃO XXIII (JORDÃO REIS)",
    "globalid": "{936E9002-DF61-4CD0-B515-CF24A275922A}",
    "inic_obra": 1683514800000,
    "last_edited_date": 1780063908242,
    "last_edited_user": "lquinto",
    "nr_autorização": null,
    "objectid": 117,
    "orig_recurso": "OPERAÇÃO DE CRÉDITO",
    "qtd_arvores_suprimidas": null,
    "secretaria_fiscal": "obras",
    "status": "concluido",
    "telefone": "3203-1230",
    "term_obra": 1696474800000
   },
   "type": "Feature"
  },
  {
   "geometry": {
    "coordinates": [
     -49.41061791608874,
     -20.73992636184072
    ],
    "type": "Point"
   },
   "id": 118,
   "properties": {
    "alcance_social": "Toda a população",
    "autorizado_por": null,
    "contrato": "COC/0041/23",
    "created_date": 1751024228429,
    "created_user": "luimondo",
    "custo_obra": 3192192.48,
    "departamento_fiscal": "DEPARTAMENTO DE INFRAESTRUTURA",
    "email": "https://www.riopreto.sp.gov.br/ouvidoria",
    "emp_construtora": "CONSTROESTE CONSTRUTORA E PARTICIPAÇÕES LTDA.",
    "eng_resp": "EDMUNDO CABRAL CUGLER",
    "finalidade": "COC/0041/23 - EMPREITADA DE MÃO DE OBRA COM FORNECIMENTO DE MATERIAIS E EQUIPAMENTOS PARA EXECUÇÃO DA OBRA DE CONTENÇÃO DE EROSÃO DE DRENAGEM EM DIVERSOS TRECHOS DO MUNICÍPIO.",
    "globalid": "{407AF76A-AA91-4857-A3F9-E28547E82E06}",
    "inic_obra": 1702609200000,
    "last_edited_date": 1780063894739,
    "last_edited_user": "lquinto",
    "nr_autorização": null,
    "objectid": 118,
    "orig_recurso": "Operação de Crédito",
    "qtd_arvores_suprimidas": null,
    "secretaria_fiscal": "obras",
    "status": "concluido",
    "telefone": "3203-1230",
    "term_obra": 1715569200000
   },
   "type": "Feature"
  },
  {
   "geometry": {
    "coordinates": [
     -49.37775473216713,
     -20.801599649003496
    ],
    "type": "Point"
   },
   "id": 119,
   "properties": {
    "alcance_social": "TODA A POPULAÇÃO",
    "autorizado_por": null,
    "contrato": "COC/0009/24",
    "created_date": 1751024509629,
    "created_user": "dbalmeida",
    "custo_obra": 886683.75,
    "departamento_fiscal": "DEPARTAMENTO DE INFRAESTRUTURA",
    "email": "https://www.riopreto.sp.gov.br/ouvidoria",
    "emp_construtora": "CONSTROESTE CONSTRUTORA E PARTICIPAÇÕES",
    "eng_resp": "KLEBER ELIDIO DA SILVA",
    "finalidade": "COC/0009/24 - CONTRATAÇÃO DE EMPREITADA DE MÃO DE OBRA COM FORNECIMENTO DE MATERIAIS E EQUIPAMENTOS VISANDO A EXECUÇÃO DA OBRA DE IMPLANTAÇÃO DE SISTEMA DE ILUMINAÇÃO PÚBLICA ORNAMENTAL (LED) PARA ATENDER À CICLOVIA E PISTA DE CAMINHADA NO CANTEIRO CENTRAL",
    "globalid": "{ED7A7F23-E3C1-461E-8331-AC7B454BA629}",
    "inic_obra": 1707102000000,
    "last_edited_date": 1780063885893,
    "last_edited_user": "lquinto",
    "nr_autorização": null,
    "objectid": 119,
    "orig_recurso": "OPERAÇÃO DE CRÉDITO",
    "qtd_arvores_suprimidas": null,
    "secretaria_fiscal": "obras",
    "status": "concluido",
    "telefone": "3203-1230",
    "term_obra": 1714878000000
   },
   "type": "Feature"
  },
  {
   "geometry": {
    "coordinates": [
     -49.38468994714611,
     -20.767099801725152
    ],
    "type": "Point"
   },
   "id": 120,
   "properties": {
    "alcance_social": "Toda a população",
    "autorizado_por": null,
    "contrato": "COC/0037/23",
    "created_date": 1751024778735,
    "created_user": "luimondo",
    "custo_obra": 11391334.92,
    "departamento_fiscal": "DEPARTAMENTO DE INFRAESTRUTURA",
    "email": "https://www.riopreto.sp.gov.br/ouvidoria",
    "emp_construtora": "CONSTROESTE CONSTRUTORA E PARTICIPAÇÕES LTDA",
    "eng_resp": "CAROLINA DO CARMO FARIA DE BARROS BERTOLINI",
    "finalidade": "COC/0037/23 - EMPREITADA DE MÃO DE OBRA COM FORNECIMENTO DE MATERIAIS E EQUIPAMENTOS PARA EXECUÇÃO DA OBRA DE PAVIMENTAÇÃO E IMPLANTAÇÃO DE SISTEMA DE DRENAGEM DE ÁGUAS PLUVIAIS EM DIVERSAS RUAS DO MUNICÍPIO",
    "globalid": "{263B914B-85C7-4424-9C62-7E26D9007925}",
    "inic_obra": 1702609200000,
    "last_edited_date": 1780063876733,
    "last_edited_user": "lquinto",
    "nr_autorização": null,
    "objectid": 120,
    "orig_recurso": "Operação de Crédito",
    "qtd_arvores_suprimidas": null,
    "secretaria_fiscal": "obras",
    "status": "concluido",
    "telefone": "3203-1230",
    "term_obra": 1734145200000
   },
   "type": "Feature"
  },
  {
   "geometry": {
    "coordinates": [
     -49.37822970739045,
     -20.814271202592195
    ],
    "type": "Point"
   },
   "id": 121,
   "properties": {
    "alcance_social": "MUNÍCIPES",
    "autorizado_por": null,
    "contrato": "ATA/0952/24",
    "created_date": 1751024952381,
    "created_user": "alitoledo",
    "custo_obra": 2154803.43,
    "departamento_fiscal": "COORDENADORIA DE OBRAS PÚBLICAS",
    "email": "https://www.riopreto.sp.gov.br/ouvidoria",
    "emp_construtora": "CONSTROESTE CONSTRUTORA E PARTICIPAÇÕES LTDA",
    "eng_resp": "JACKSON APARECIDO MALASPINA",
    "finalidade": "ATA/0952/24 - CONSTRUÇÃO DE CALÇADAS EM ÁREAS DE DOMÍNIO PÚBLICO",
    "globalid": "{60ABDA31-3163-401A-8B49-9E8D2C68F950}",
    "inic_obra": 1731466800000,
    "last_edited_date": 1780063865555,
    "last_edited_user": "lquinto",
    "nr_autorização": null,
    "objectid": 121,
    "orig_recurso": "OPERAÇÃO DE CRÉDITO",
    "qtd_arvores_suprimidas": null,
    "secretaria_fiscal": "obras",
    "status": "concluido",
    "telefone": "3203-1230",
    "term_obra": 1765508400000
   },
   "type": "Feature"
  },
  {
   "geometry": {
    "coordinates": [
     -49.42905162599325,
     -20.761154012702857
    ],
    "type": "Point"
   },
   "id": 122,
   "properties": {
    "alcance_social": "TODA A POPULAÇÃO",
    "autorizado_por": null,
    "contrato": "COC/0012/24",
    "created_date": 1751024980702,
    "created_user": "dbalmeida",
    "custo_obra": 1969498.94,
    "departamento_fiscal": "DEPARTAMENTO DE INFRAESTRUTURA",
    "email": "https://www.riopreto.sp.gov.br/ouvidoria",
    "emp_construtora": "CONSTROESTE CONSTRUTORA E PARTICIPAÇÕES",
    "eng_resp": "DANIEL HENRIQUE SANSÃO e JACKSON A. MALASPINA",
    "finalidade": "COC/0012/24 - EXECUÇÃO DO SISTEMA VIÁRIO - REGIÃO NORTE- CÓRREGO TEIXEIRA, ENTRE A ESTRADA MUNICIPAL VALDOMIRO LOPES DA SILVA E O LOTEAMENTO JOSÉ B. COELHO",
    "globalid": "{D1BEE004-4846-4E59-AB6E-945EFCC820BE}",
    "inic_obra": 1730257200000,
    "last_edited_date": 1780063858221,
    "last_edited_user": "lquinto",
    "nr_autorização": null,
    "objectid": 122,
    "orig_recurso": "REPASSE ESTADUAL, RECURSO PRÓPRIO",
    "qtd_arvores_suprimidas": null,
    "secretaria_fiscal": "obras",
    "status": "concluido",
    "telefone": "3203-1230",
    "term_obra": 1748401200000
   },
   "type": "Feature"
  },
  {
   "geometry": {
    "coordinates": [
     -49.45000504199774,
     -20.727381950971278
    ],
    "type": "Point"
   },
   "id": 123,
   "properties": {
    "alcance_social": "TODA A POPULAÇÃO",
    "autorizado_por": null,
    "contrato": "COC/0013/24",
    "created_date": 1751025441982,
    "created_user": "dbalmeida",
    "custo_obra": 2582830.76,
    "departamento_fiscal": "DEPARTAMENTO DE INFRAESTRUTURA",
    "email": "https://www.riopreto.sp.gov.br/ouvidoria",
    "emp_construtora": "CONSTROESTE CONSTRUTORA E PARTICIPAÇÕES",
    "eng_resp": "JACKSON APARECIDO MALASPINA",
    "finalidade": "COC/0013/24 - EXECUÇÃO DE SERVIÇOS DE ENGENHARIA PARA IMPLANTAÇÃO DE \"PISTA DE ARRANCADA\"",
    "globalid": "{66D5D24B-B336-4CA0-A8F7-5A343211D785}",
    "inic_obra": 1727665200000,
    "last_edited_date": 1780063849487,
    "last_edited_user": "lquinto",
    "nr_autorização": null,
    "objectid": 123,
    "orig_recurso": "OPERAÇÃO DE CRÉDITO",
    "qtd_arvores_suprimidas": null,
    "secretaria_fiscal": "obras",
    "status": "concluido",
    "telefone": "3203-1230",
    "term_obra": 1743217200000
   },
   "type": "Feature"
  },
  {
   "geometry": {
    "coordinates": [
     -49.42544374387722,
     -20.82902694864353
    ],
    "type": "Point"
   },
   "id": 124,
   "properties": {
    "alcance_social": "Toda a população",
    "autorizado_por": null,
    "contrato": "COC/0036/22",
    "created_date": 1751025673766,
    "created_user": "luimondo",
    "custo_obra": 2713622.76,
    "departamento_fiscal": "DEPARTAMENTO DE INFRAESTRUTURA",
    "email": "https://www.riopreto.sp.gov.br/ouvidoria",
    "emp_construtora": "OBRAS E SERVIÇOS FATOR S/A",
    "eng_resp": "CAIO AMENDOLA CUIM",
    "finalidade": "COC/0036/22 - EXECUÇÃO DE OBRA PAVIMENTAÇÃO, DRENAGEM, CALÇAMENTO E SINALIZAÇÃO VIÁRIA PARA ALARGAMENTO DA AV. JOSÉ PONCE DE AZEVEDO ENTRE AV. JOSÉ ABAS CASSEB E AV. ABELARDO MENEZES, NO DISTRITO IND. ULISSES GUIMARÃES",
    "globalid": "{95861A4C-AE0A-47F7-AFE6-37DF2D1751F4}",
    "inic_obra": 1672196400000,
    "last_edited_date": 1780063840512,
    "last_edited_user": "lquinto",
    "nr_autorização": null,
    "objectid": 124,
    "orig_recurso": "Operação de Crédito",
    "qtd_arvores_suprimidas": null,
    "secretaria_fiscal": "obras",
    "status": "concluido",
    "telefone": "3203-1230",
    "term_obra": 1695524400000
   },
   "type": "Feature"
  },
  {
   "geometry": {
    "coordinates": [
     -49.367393004928,
     -20.812181244884812
    ],
    "type": "Point"
   },
   "id": 125,
   "properties": {
    "alcance_social": "TODA A POPULAÇÃO",
    "autorizado_por": null,
    "contrato": "COC/0014/22",
    "created_date": 1751026007728,
    "created_user": "dbalmeida",
    "custo_obra": 2085148.39,
    "departamento_fiscal": "DEPARTAMENTO DE INFRAESTRUTURA",
    "email": "https://www.riopreto.sp.gov.br/ouvidoria",
    "emp_construtora": "CAPI ENGENHARIA LTDA",
    "eng_resp": "AILTON ADRIANO PISSOLATI",
    "finalidade": "COC/0014/22 - EXECUÇÃO DE SERVIÇOS DE RECUPERAÇÃO DE OBRAS DE ARTE ESPECIAIS",
    "globalid": "{57F88EA9-91DC-4B26-933E-E0494C5140B6}",
    "inic_obra": 1655694000000,
    "last_edited_date": 1780063830831,
    "last_edited_user": "lquinto",
    "nr_autorização": null,
    "objectid": 125,
    "orig_recurso": "RECURSOS PRÓPRIOS E OPERAÇÃO DE CRÉDITO",
    "qtd_arvores_suprimidas": null,
    "secretaria_fiscal": "obras",
    "status": "concluido",
    "telefone": "3203-1230",
    "term_obra": 1679022000000
   },
   "type": "Feature"
  },
  {
   "geometry": {
    "coordinates": [
     -49.38133746504848,
     -20.835465332423492
    ],
    "type": "Point"
   },
   "id": 126,
   "properties": {
    "alcance_social": "TODA A POPULAÇÃO",
    "autorizado_por": null,
    "contrato": "COC/0016/22",
    "created_date": 1751026428685,
    "created_user": "dbalmeida",
    "custo_obra": 5349467.49,
    "departamento_fiscal": "DEPARTAMENTO DE INFRAESTRUTURA",
    "email": "https://www.riopreto.sp.gov.br/ouvidoria",
    "emp_construtora": "RIMAR SERVIÇOS DE CONSTRUÇÃO E LOCAÇÃO DE MÁQUINAS LTDA",
    "eng_resp": "PETTERSON LANDULFO VIEIRA",
    "finalidade": "COC/0016/22 - EXECUÇÃO DA OBRA DE RECAPEAMENTO ASFÁLTICO EM DIVERSAS RUAS DO MUNICÍPIO COM APLICAÇÃO DE C.B.U.Q. FAIXA III DO DER/SP",
    "globalid": "{CF616FB4-E02E-4A49-A168-CDEA43248617}",
    "inic_obra": 1656644400000,
    "last_edited_date": 1780063825526,
    "last_edited_user": "lquinto",
    "nr_autorização": null,
    "objectid": 126,
    "orig_recurso": "REPASSE FEDERAL E RECURSO PRÓPRIO",
    "qtd_arvores_suprimidas": null,
    "secretaria_fiscal": "obras",
    "status": "concluido",
    "telefone": "3203-1230",
    "term_obra": 1679972400000
   },
   "type": "Feature"
  },
  {
   "geometry": {
    "coordinates": [
     -49.38540858769529,
     -20.79787162677977
    ],
    "type": "Point"
   },
   "id": 127,
   "properties": {
    "alcance_social": "Toda a população",
    "autorizado_por": null,
    "contrato": "COC/0035/22",
    "created_date": 1751026679909,
    "created_user": "luimondo",
    "custo_obra": 2604024.02,
    "departamento_fiscal": "DEPARTAMENTO DE INFRAESTRUTURA",
    "email": "https://www.riopreto.sp.gov.br/ouvidoria",
    "emp_construtora": "OBRAS E SERVIÇOS FATOR S/A",
    "eng_resp": "ANDRE LEONARDO CABRERA VARGAS",
    "finalidade": "COC/0035/22 - Empreitada de mão de obra com fornecimento de materiais para execução de recapeamento asfáltico em diversas Ruas do Bairro Boa Vista, com aplicação de CBUQ Faixa III",
    "globalid": "{01E1C926-13C0-4767-8D21-3C672C620D13}",
    "inic_obra": 1670986800000,
    "last_edited_date": 1780063819120,
    "last_edited_user": "lquinto",
    "nr_autorização": null,
    "objectid": 127,
    "orig_recurso": "Repasse Estadual e Recursos Próprios",
    "qtd_arvores_suprimidas": null,
    "secretaria_fiscal": "obras",
    "status": "concluido",
    "telefone": "3203-1230",
    "term_obra": 1686538800000
   },
   "type": "Feature"
  },
  {
   "geometry": {
    "coordinates": [
     -49.43590098179399,
     -20.820502060274922
    ],
    "type": "Point"
   },
   "id": 128,
   "properties": {
    "alcance_social": "TODA A POPULAÇÃO",
    "autorizado_por": null,
    "contrato": "COC/0016/23",
    "created_date": 1751026803985,
    "created_user": "dbalmeida",
    "custo_obra": 11032734.68,
    "departamento_fiscal": "DEPARTAMENTO DE INFRAESTRUTURA",
    "email": "https://www.riopreto.sp.gov.br/ouvidoria",
    "emp_construtora": "CONSTROESTE CONSTRUTORA E PARTICIPAÇÕES",
    "eng_resp": "BRUNO PIRANI PRIOLI",
    "finalidade": "COC/0016/23 - CONTRATAÇÃO DE EMPREITADA DE MÃO DE OBRA COM FORNECIMENTO DE MATERIAIS E EQUIPAMENTOS VISANDO A EXECUÇÃO DA OBRA DE DUPLICAÇÃO DA AVENIDA ABELARDO MENEZES, NO TRECHO ENTRE A RUA JOSÉ RIBEIRO NETO E A ALÇA DE ACESSO DO KM 444 DA SP-310",
    "globalid": "{F1D13C3A-65AA-4FAA-B925-33B19F533E37}",
    "inic_obra": 1688526000000,
    "last_edited_date": 1780063811336,
    "last_edited_user": "lquinto",
    "nr_autorização": null,
    "objectid": 128,
    "orig_recurso": "REPASSE ESTADUAL, OPERAÇÃO DE CRÉDITO E RECURSOS PRÓPRIOS",
    "qtd_arvores_suprimidas": null,
    "secretaria_fiscal": "obras",
    "status": "concluido",
    "telefone": "3203-1230",
    "term_obra": 1711854000000
   },
   "type": "Feature"
  },
  {
   "geometry": {
    "coordinates": [
     -49.38431750203605,
     -20.776349197568177
    ],
    "type": "Point"
   },
   "id": 129,
   "properties": {
    "alcance_social": "TODA A POPULAÇÃO",
    "autorizado_por": null,
    "contrato": "COC/0016/24",
    "created_date": 1751026981830,
    "created_user": "dbalmeida",
    "custo_obra": 1628500.0,
    "departamento_fiscal": "DEPARTAMENTO DE INFRAESTRUTURA",
    "email": "https://www.riopreto.sp.gov.br/ouvidoria",
    "emp_construtora": "CAPI ENGENHARIA LTDA",
    "eng_resp": "AILTON ADRIANO PISSOLATI",
    "finalidade": "COC/0016/24 - REALIZAÇÃO E OBRA DE DUPLICAÇÃO DA AVENIDA NOÉ GONÇALVES DE SOUZA",
    "globalid": "{D10883B6-C16C-4C1E-BD33-9D86D53CF907}",
    "inic_obra": 1729047600000,
    "last_edited_date": 1780063789790,
    "last_edited_user": "lquinto",
    "nr_autorização": null,
    "objectid": 129,
    "orig_recurso": "RECURSOS PRÓPRIOS",
    "qtd_arvores_suprimidas": null,
    "secretaria_fiscal": "obras",
    "status": "concluido",
    "telefone": "3203-1230",
    "term_obra": 1740711600000
   },
   "type": "Feature"
  },
  {
   "geometry": {
    "coordinates": [
     -49.31181713985788,
     -20.862007871517257
    ],
    "type": "Point"
   },
   "id": 130,
   "properties": {
    "alcance_social": "MUNÍCIPES",
    "autorizado_por": null,
    "contrato": "COC/0010/24",
    "created_date": 1751027321873,
    "created_user": "alitoledo",
    "custo_obra": 844265.49,
    "departamento_fiscal": "COORDENADORIA DE OBRAS PÚBLICAS",
    "email": "https://www.riopreto.sp.gov.br/ouvidoria",
    "emp_construtora": "CONSTRUTORA ERP LTDA",
    "eng_resp": "EVERTON REIS DE PAULA",
    "finalidade": "COC/0010/24 - AMPLIAÇÃO DO CEMITÉRIO DO DISTRITO DE ENGENHEIRO SCHMITT",
    "globalid": "{2C82B7FC-50EC-4CBE-AC73-58699303D851}",
    "inic_obra": 1708916400000,
    "last_edited_date": 1780063779601,
    "last_edited_user": "lquinto",
    "nr_autorização": null,
    "objectid": 130,
    "orig_recurso": "OPERAÇÃO DE CRÉDITO",
    "qtd_arvores_suprimidas": null,
    "secretaria_fiscal": "obras",
    "status": "concluido",
    "telefone": "3203-1230",
    "term_obra": 1729652400000
   },
   "type": "Feature"
  },
  {
   "geometry": {
    "coordinates": [
     -49.40839670668294,
     -20.80782823249935
    ],
    "type": "Point"
   },
   "id": 131,
   "properties": {
    "alcance_social": "TODA A POPULAÇÃO",
    "autorizado_por": null,
    "contrato": "COC/0018/22",
    "created_date": 1751027646534,
    "created_user": "dbalmeida",
    "custo_obra": 23996456.36,
    "departamento_fiscal": "DEPARTAMENTO DE INFRAESTRUTURA",
    "email": "https://www.riopreto.sp.gov.br/ouvidoria",
    "emp_construtora": "CONSTROESTE CONSTRUTORA E PARTICIPAÇÕES",
    "eng_resp": "CAROLINA DO CARMO FARIA DE BARROS BERTOLINI",
    "finalidade": "COC/0018/22 - RECAPEAMENTO ASFÁLTICO DE DIVERSAS RUAS E AVENIDAS NAS MACRORREGIÕES",
    "globalid": "{61F994B2-8422-405C-B827-4CD1AD339668}",
    "inic_obra": 1659063600000,
    "last_edited_date": 1780063772413,
    "last_edited_user": "lquinto",
    "nr_autorização": null,
    "objectid": 131,
    "orig_recurso": "OPERAÇÃO DE CRÉDITO",
    "qtd_arvores_suprimidas": null,
    "secretaria_fiscal": "obras",
    "status": "concluido",
    "telefone": "3203-1230",
    "term_obra": 1682391600000
   },
   "type": "Feature"
  },
  {
   "geometry": {
    "coordinates": [
     -49.3712868055276,
     -20.840341086453137
    ],
    "type": "Point"
   },
   "id": 132,
   "properties": {
    "alcance_social": "Toda a população",
    "autorizado_por": null,
    "contrato": "COC/0035/21",
    "created_date": 1751027818548,
    "created_user": "luimondo",
    "custo_obra": 285371.8,
    "departamento_fiscal": "DEPARTAMENTO DE INFRAESTRUTURA",
    "email": "https://www.riopreto.sp.gov.br/ouvidoria",
    "emp_construtora": "ALCIMES CONSTRUTORA LTDA",
    "eng_resp": "HAROLDO ALCANTARA CASTILHO FILHO",
    "finalidade": ": COC/0035/21 - EXECUÇÃO DA OBRA DE RECAPEAMENTO ASFALTICO EM DIVERSAS RUAS E AVENIDAS DO BAIRRO JARDIM TANGARÁ COM APLICAÇÃO DE C.B.U.Q. FAIXA III DO DER/SP",
    "globalid": "{154B77AE-872D-4676-B7DC-C0479DC63983}",
    "inic_obra": 1641351600000,
    "last_edited_date": 1780063748059,
    "last_edited_user": "lquinto",
    "nr_autorização": null,
    "objectid": 132,
    "orig_recurso": "Repasse Estadual e Recursos Próprios",
    "qtd_arvores_suprimidas": null,
    "secretaria_fiscal": "obras",
    "status": "concluido",
    "telefone": "3203-1230",
    "term_obra": 1643857200000
   },
   "type": "Feature"
  },
  {
   "geometry": {
    "coordinates": [
     -49.37476180525356,
     -20.75243753938663
    ],
    "type": "Point"
   },
   "id": 133,
   "properties": {
    "alcance_social": "TODA A POPULAÇÃO",
    "autorizado_por": null,
    "contrato": "COC/0019/22",
    "created_date": 1751028289769,
    "created_user": "dbalmeida",
    "custo_obra": 7747318.65,
    "departamento_fiscal": "DEPARTAMENTO DE INFRAESTRUTURA",
    "email": "https://www.riopreto.sp.gov.br/ouvidoria",
    "emp_construtora": "CONSTROESTE CONSTRUTORA E PARTICIPAÇÕES",
    "eng_resp": "CAMILA DO CARMO FARIA DE BARROS RUIZ",
    "finalidade": "COC/0019/22 - CONSTRUÇÃO DE PONTE SOBRE O RIO PRETO, INTERLIGANDO O JD SOLIDARIEDADE E JD NUNES",
    "globalid": "{E5E28429-9EB2-4FB6-9EB6-0641956538C6}",
    "inic_obra": 1667271600000,
    "last_edited_date": 1780063725478,
    "last_edited_user": "lquinto",
    "nr_autorização": null,
    "objectid": 133,
    "orig_recurso": "REPASSE ESTADUAL, OPERAÇÃO DE CRÉDITO E RECURSOS PRÓPRIOS",
    "qtd_arvores_suprimidas": null,
    "secretaria_fiscal": "obras",
    "status": "concluido",
    "telefone": "3203-1230",
    "term_obra": 1698375600000
   },
   "type": "Feature"
  },
  {
   "geometry": {
    "coordinates": [
     -49.42170407172246,
     -20.820116582190625
    ],
    "type": "Point"
   },
   "id": 134,
   "properties": {
    "alcance_social": "MUNÍCIPES",
    "autorizado_por": null,
    "contrato": "PRE/0137/24",
    "created_date": 1751028564990,
    "created_user": "rafpanosso",
    "custo_obra": 745313.51,
    "departamento_fiscal": "COORDENADORIA DE OBRAS PÚBLICAS",
    "email": "https://www.riopreto.sp.gov.br/ouvidoria",
    "emp_construtora": "LGR CONSTRUTORA LTDA",
    "eng_resp": "EDGARD CELSO TEIXEIRA",
    "finalidade": "PRE/0137/24 - CONSTRUÇÃO DE SANITÁRIOS NO RECINTO DE EXPOSIÇÕES ALBERTO BERTELLI LUCATTO",
    "globalid": "{4D222C99-F116-4B40-8DB3-2EE5A8886C80}",
    "inic_obra": 1731898800000,
    "last_edited_date": 1780063716702,
    "last_edited_user": "lquinto",
    "nr_autorização": null,
    "objectid": 134,
    "orig_recurso": "REPASSE FEDERAL E RECURSOS PROPRIOS",
    "qtd_arvores_suprimidas": null,
    "secretaria_fiscal": "agricultura_abastecimento",
    "status": "concluido",
    "telefone": "3232-0016",
    "term_obra": 1756522800000
   },
   "type": "Feature"
  },
  {
   "geometry": {
    "coordinates": [
     -49.36365554981538,
     -20.7720087925687
    ],
    "type": "Point"
   },
   "id": 135,
   "properties": {
    "alcance_social": "MUNÍCIPES DOS BAIRROS E REGIÃO",
    "autorizado_por": null,
    "contrato": "COC/0015/24",
    "created_date": 1751028674806,
    "created_user": "alitoledo",
    "custo_obra": 1026239.47,
    "departamento_fiscal": "COORDENADORIA DE OBRA PÚBLICAS",
    "email": "https://www.riopreto.sp.gov.br/ouvidoria",
    "emp_construtora": "R A C CONSTRUÇÕES RIO PRETO LTDA ME",
    "eng_resp": "RAFAEL BATISTA CASELLA JUNIOR",
    "finalidade": "COC/0015/24 - REVITALIZAÇÃO E MODERNIZAÇÃO DE CAMPOS DE FUTEBOL JOÃO PAULO II, LARANJEIRAS E VILA TONINHO",
    "globalid": "{32C8F3FE-5180-4455-9786-265B951622E9}",
    "inic_obra": 1737687600000,
    "last_edited_date": 1780063709056,
    "last_edited_user": "lquinto",
    "nr_autorização": null,
    "objectid": 135,
    "orig_recurso": "REPASSE FEDERAL E RECURSOS PROPRIOS",
    "qtd_arvores_suprimidas": null,
    "secretaria_fiscal": "esporte_lazer",
    "status": "concluido",
    "telefone": "17-3201-8890",
    "term_obra": 1754535600000
   },
   "type": "Feature"
  },
  {
   "geometry": {
    "coordinates": [
     -49.409009962272904,
     -20.83805424525479
    ],
    "type": "Point"
   },
   "id": 136,
   "properties": {
    "alcance_social": "TODA A POPULAÇÃO",
    "autorizado_por": null,
    "contrato": "COC/0021/23",
    "created_date": 1751028768546,
    "created_user": "dbalmeida",
    "custo_obra": 1041431.21,
    "departamento_fiscal": "DEPARTAMENTO DE INFRAESTRUTURA",
    "email": "https://www.riopreto.sp.gov.br/ouvidoria",
    "emp_construtora": "CONSTROESTE CONSTRUTORA E PARTICIPAÇÕES",
    "eng_resp": "NOBUO SUZUKI",
    "finalidade": "COC/0021/23 - INPLANTAÇÃO DE NOVO SISTEMA DE ILUMINAÇÃO PÚBLICA ORNAMENTAL (?LED?), VISANDO ATENDER A CICLOVIA (AV JUSCELINO KUBITSCHEK DE OLIVEIRA)",
    "globalid": "{923E0692-9EE1-4D72-A287-1BBD9A1A0396}",
    "inic_obra": 1691118000000,
    "last_edited_date": 1780063696990,
    "last_edited_user": "lquinto",
    "nr_autorização": null,
    "objectid": 136,
    "orig_recurso": "OPERAÇÃO DE CRÉDITO",
    "qtd_arvores_suprimidas": null,
    "secretaria_fiscal": "obras",
    "status": "concluido",
    "telefone": "3203-1230",
    "term_obra": 1706670000000
   },
   "type": "Feature"
  },
  {
   "geometry": {
    "coordinates": [
     -49.357061821306836,
     -20.80143322541625
    ],
    "type": "Point"
   },
   "id": 137,
   "properties": {
    "alcance_social": "Toda a população",
    "autorizado_por": null,
    "contrato": "COC/0034/21",
    "created_date": 1751028812081,
    "created_user": "luimondo",
    "custo_obra": 199569.16,
    "departamento_fiscal": "DEPARTAMENTO DE INFRAESTRUTURA",
    "email": "https://www.riopreto.sp.gov.br/ouvidoria",
    "emp_construtora": "ALCIMES CONSTRUTORA LTDA",
    "eng_resp": "HAROLDO ALCANTARA CASTILHO FILHO",
    "finalidade": "COC/0034/21 - EXECUÇÃO DA OBRA DE RECAPEAMENTO ASFÁLTICO EM DIVERSAS RUAS E AVENIDAS DO BAIRRO JARDIM PRIMAVERA COM APLICAÇÃO DE C.B.U.Q. FAIXA III DO DER/SP",
    "globalid": "{7D952D37-86FE-420F-8D69-0E4A26F155A7}",
    "inic_obra": 1641351600000,
    "last_edited_date": 1780063688855,
    "last_edited_user": "lquinto",
    "nr_autorização": null,
    "objectid": 137,
    "orig_recurso": "Repasse Estadual",
    "qtd_arvores_suprimidas": null,
    "secretaria_fiscal": "obras",
    "status": "concluido",
    "telefone": "3203-1230",
    "term_obra": 1643857200000
   },
   "type": "Feature"
  },
  {
   "geometry": {
    "coordinates": [
     -49.361953287267724,
     -20.8246073590345
    ],
    "type": "Point"
   },
   "id": 138,
   "properties": {
    "alcance_social": "TODA A POPULAÇÃO",
    "autorizado_por": null,
    "contrato": "COC/0022/21",
    "created_date": 1751029201624,
    "created_user": "dbalmeida",
    "custo_obra": 317497.89,
    "departamento_fiscal": "DEPARTAMENTO DE INFRAESTRUTURA",
    "email": "https://www.riopreto.sp.gov.br/ouvidoria",
    "emp_construtora": "GREEN OBRAS E SERVIÇOS LTDA",
    "eng_resp": "TALITA ADOLFO",
    "finalidade": "COC/0022/21 - EXECUÇÃO DE OBRA DE RECAPEAMENTO ASFÁLTICO EM RUAS DA MACRORREGIÃO CENTRAL COM APLICAÇÃO DE C.B.U.Q. FAIXA III DO DER/SP",
    "globalid": "{697227F6-CCB6-47BB-91FB-D8D07384FFEE}",
    "inic_obra": 1651633200000,
    "last_edited_date": 1780063679799,
    "last_edited_user": "lquinto",
    "nr_autorização": null,
    "objectid": 138,
    "orig_recurso": "REPASSE FEDERAL E RECURSO PRÓPRIO",
    "qtd_arvores_suprimidas": null,
    "secretaria_fiscal": "obras",
    "status": "concluido",
    "telefone": "3203-1230",
    "term_obra": 1654225200000
   },
   "type": "Feature"
  },
  {
   "geometry": {
    "coordinates": [
     -49.36238991610652,
     -20.826652219710017
    ],
    "type": "Point"
   },
   "id": 139,
   "properties": {
    "alcance_social": "Toda a população",
    "autorizado_por": null,
    "contrato": "COC/0033/22",
    "created_date": 1751029234489,
    "created_user": "luimondo",
    "custo_obra": 3811576.34,
    "departamento_fiscal": "DEPARTAMENTO DE INFRAESTRUTURA",
    "email": "https://www.riopreto.sp.gov.br/ouvidoria",
    "emp_construtora": "CONSTROESTE CONSTRUTORA E PARTICIPAÇÕES LTDA",
    "eng_resp": "DANIEL HENRIQUE SANSAO",
    "finalidade": "COC/0033/22 - EMPREITADA DE MÃO DE OBRA COM FORNECIMENTO DE MATERIAIS E EQUIPAMENTOS VISANDO RECAPEAMENTO ASFÁLTICO EM DIVERSOS BAIRROS DO MUNICÍPIO",
    "globalid": "{19A70AEF-20FE-4B6C-B221-7C8895C3A451}",
    "inic_obra": 1672196400000,
    "last_edited_date": 1780063671584,
    "last_edited_user": "lquinto",
    "nr_autorização": null,
    "objectid": 139,
    "orig_recurso": "Repasse Estadual, Recursos Próprios e Operação de Crédito",
    "qtd_arvores_suprimidas": null,
    "secretaria_fiscal": "obras",
    "status": "concluido",
    "telefone": "3203-1230",
    "term_obra": 1682564400000
   },
   "type": "Feature"
  },
  {
   "geometry": {
    "coordinates": [
     -49.38363393710544,
     -20.780357980218994
    ],
    "type": "Point"
   },
   "id": 140,
   "properties": {
    "alcance_social": "Toda a população",
    "autorizado_por": null,
    "contrato": "COC/0033/21",
    "created_date": 1751029558030,
    "created_user": "luimondo",
    "custo_obra": 243598.99,
    "departamento_fiscal": "DEPARTAMENTO DE INFRAESTRUTURA",
    "email": "https://www.riopreto.sp.gov.br/ouvidoria",
    "emp_construtora": "ALCIMES CONSTRUTORA LTDA",
    "eng_resp": "HAROLDO ALCANTARA CASTILHO FILHO",
    "finalidade": "COC/0033/21 - EXECUÇÃO DA OBRA DE RECAPEAMENTO ASFÁLTICO EM DIVERSAS AVENIDAS DOS BAIRROS JARDIM RESIDENCIAL VALE DO SOL E CHÁCARA TRANQUILIDADE COM APLICAÇÃO DE C.B.U.Q. FAIXA III DO DER/SP",
    "globalid": "{AA6A64AC-0AA6-486E-91BC-D9A3B1F26711}",
    "inic_obra": 1641351600000,
    "last_edited_date": 1780063661704,
    "last_edited_user": "lquinto",
    "nr_autorização": null,
    "objectid": 140,
    "orig_recurso": "Repasse Estadual e Recursos Próprios",
    "qtd_arvores_suprimidas": null,
    "secretaria_fiscal": "obras",
    "status": "concluido",
    "telefone": "3203-1230",
    "term_obra": 1643857200000
   },
   "type": "Feature"
  },
  {
   "geometry": {
    "coordinates": [
     -49.34288814526182,
     -20.827861394867064
    ],
    "type": "Point"
   },
   "id": 141,
   "properties": {
    "alcance_social": "TODA A POPULAÇÃO",
    "autorizado_por": null,
    "contrato": "COC/0023/23",
    "created_date": 1751029587007,
    "created_user": "dbalmeida",
    "custo_obra": 507269.26,
    "departamento_fiscal": "DEPARTAMENTO DE INFRAESTRUTURA",
    "email": "https://www.riopreto.sp.gov.br/ouvidoria",
    "emp_construtora": "CONSTROESTE CONSTRUTORA E PARTICIPAÇÕES",
    "eng_resp": "NOBUO SUZUKI",
    "finalidade": "COC/0023/23 - EMPREITADA DE MÃO DE OBRA COM FORNECIMENTO DE MATERIAIS EEQUIPAMENTOS PARA A EXECUÇÃO DE OBRA PARA OMPLANTAÇÃO DE NOVO SISTEMA DE ILUMINAÇÃO PÚBLICA ORNAMENTAL (?LED?), VISANDO ATENDER A CICLOVIA NA AV CECCONI & GEROSA",
    "globalid": "{13BAA7AA-4E8C-4C1D-BC42-32A6C28E9145}",
    "inic_obra": 1691982000000,
    "last_edited_date": 1780063623694,
    "last_edited_user": "lquinto",
    "nr_autorização": null,
    "objectid": 141,
    "orig_recurso": "OPERAÇÃO DE CRÉDITO",
    "qtd_arvores_suprimidas": null,
    "secretaria_fiscal": "obras",
    "status": "concluido",
    "telefone": "3203-1230",
    "term_obra": 1707534000000
   },
   "type": "Feature"
  },
  {
   "geometry": {
    "coordinates": [
     -49.39624294196162,
     -20.81854077279842
    ],
    "type": "Point"
   },
   "id": 142,
   "properties": {
    "alcance_social": "Toda a população",
    "autorizado_por": null,
    "contrato": "COC/0032/23",
    "created_date": 1751030066324,
    "created_user": "luimondo",
    "custo_obra": 7206685.51,
    "departamento_fiscal": "DEPARTAMENTO DE INFRAESTRUTURA",
    "email": "https://www.riopreto.sp.gov.br/ouvidoria",
    "emp_construtora": "CONSTROESTE CONSTRUTORA E PARTICIPAÇÕES LTDA",
    "eng_resp": "KLEBER ELIDIO DA SILVA",
    "finalidade": "COC/0032/23 - CONTRATAÇÃO DE EMPREITADA DE MÃO DE OBRA COM FORNECIMENTO DE MATERIAIS E EQUIPAMENTOS VISANDO A EXECUÇÃO DE OBRA PARA IMPLANTAÇÃO DE NOVO SISTEMA DE ILUMINAÇÃO PÚBLICA ORNAMENTAL (\"LED\")",
    "globalid": "{00086EAF-A8A5-43BA-B6C5-802C2B48034D}",
    "inic_obra": 1697598000000,
    "last_edited_date": 1780063608306,
    "last_edited_user": "lquinto",
    "nr_autorização": null,
    "objectid": 142,
    "orig_recurso": "Operação de Crédito",
    "qtd_arvores_suprimidas": null,
    "secretaria_fiscal": "obras",
    "status": "concluido",
    "telefone": "3203-1230",
    "term_obra": 1720926000000
   },
   "type": "Feature"
  },
  {
   "geometry": {
    "coordinates": [
     -49.37819674460943,
     -20.79946016565842
    ],
    "type": "Point"
   },
   "id": 143,
   "properties": {
    "alcance_social": "TODA A POPULAÇÃO",
    "autorizado_por": null,
    "contrato": "COC/0026/23",
    "created_date": 1751030084244,
    "created_user": "dbalmeida",
    "custo_obra": 1041356.54,
    "departamento_fiscal": "DEPARTAMENTO DE INFRAESTRUTURA",
    "email": "https://www.riopreto.sp.gov.br/ouvidoria",
    "emp_construtora": "CONSTROESTE CONSTRUTORA E PARTICIPAÇÕES",
    "eng_resp": "NOBUO SUZUKI",
    "finalidade": "COC/0026/23 - CONTRATAÇÃO DE EMPREITADA DE MÃO DE OBRA COM FORNECIMENTO DE MATERIAIS E EQUIPAMENTOS VISANDO A EXECUÇÃO DA OBRA DE IMPLANTAÇÃO DE NOVO SISTEMA DE ILUMINAÇÃO PÚBLICA ORNAMENTAL (\"LED\"), VISANDO ATENDER O PARQUE SETORIAL (AV PHILADELPHO)",
    "globalid": "{7DE4D311-DC3F-4138-A9B8-768706EB1C4F}",
    "inic_obra": 1692759600000,
    "last_edited_date": 1780063597015,
    "last_edited_user": "lquinto",
    "nr_autorização": null,
    "objectid": 143,
    "orig_recurso": "OPERAÇÃO DE CRÉDITO",
    "qtd_arvores_suprimidas": null,
    "secretaria_fiscal": "obras",
    "status": "concluido",
    "telefone": "3203-1230",
    "term_obra": 1713495600000
   },
   "type": "Feature"
  },
  {
   "geometry": {
    "coordinates": [
     -49.37247829588618,
     -20.83643843439502
    ],
    "type": "Point"
   },
   "id": 144,
   "properties": {
    "alcance_social": "Toda a população",
    "autorizado_por": null,
    "contrato": "COC/0032/22",
    "created_date": 1751030430841,
    "created_user": "luimondo",
    "custo_obra": 8183019.26,
    "departamento_fiscal": "DEPARTAMENTO DE INFRAESTRUTURA",
    "email": "https://www.riopreto.sp.gov.br/ouvidoria",
    "emp_construtora": "CONSTROESTE CONSTRUTORA E PARTICIPAÇÕES LTDA",
    "eng_resp": "CAMILA DO CARMO FARIA DE BARROS RUIZ",
    "finalidade": "COC/0032/22 - EMPREITADA DE MÃO DE OBRA COM FORNECIMENTO DE MATERIAIS E EQUIPAMENTOS VISANDO A EXECUÇÃO E A IMPLANTAÇÃO DE SISTEMA DE MACRO E MICRO DRENAGEM DE ÁGUAS PLUVIAIS  NA CABECEIRA DO CÓRREGO DA BAIXADA SECA, JD. OURO VERDE",
    "globalid": "{09D5E559-B93E-42BF-A7A7-71F13F60049A}",
    "inic_obra": 1672196400000,
    "last_edited_date": 1780063582858,
    "last_edited_user": "lquinto",
    "nr_autorização": null,
    "objectid": 144,
    "orig_recurso": "Operação de Crédito",
    "qtd_arvores_suprimidas": null,
    "secretaria_fiscal": "obras",
    "status": "concluido",
    "telefone": "3203-1230",
    "term_obra": 1708916400000
   },
   "type": "Feature"
  },
  {
   "geometry": {
    "coordinates": [
     -49.41646528383506,
     -20.789074297294622
    ],
    "type": "Point"
   },
   "id": 145,
   "properties": {
    "alcance_social": "MUNÍCIPES",
    "autorizado_por": null,
    "contrato": "TOP/0040/22",
    "created_date": 1751030565963,
    "created_user": "rafpanosso",
    "custo_obra": 981558.21,
    "departamento_fiscal": "COORDENADORIA DE OBRAS PÚBLICAS",
    "email": "https://www.riopreto.sp.gov.br/ouvidoria",
    "emp_construtora": "R A C CONSTRUÇÕES RIO PRETO LTDA ME",
    "eng_resp": "RAFAEL BATISTA CASELLA JUNIOR",
    "finalidade": "TOP/0040/22 - EMPREITADA DE MÃO DE OBRA COM FORNECIMENTO DE MATERIAIS E EQUIPAMENTOS A EXECUÇÃO DA OBRA DE CONSTRUÇÃO DE EQUIPAMENTO COMUNITÁRIO – CASA SP AFRO BRASIL -",
    "globalid": "{EB842C08-E504-4148-95B4-C4A5C3E15174}",
    "inic_obra": 1667185200000,
    "last_edited_date": 1780063559255,
    "last_edited_user": "lquinto",
    "nr_autorização": null,
    "objectid": 145,
    "orig_recurso": "REPASSE ESTADUAL, RECURSOS PRÓPRIOS E OPERAÇÃO DE CRÉDITO",
    "qtd_arvores_suprimidas": null,
    "secretaria_fiscal": "obras",
    "status": "concluido",
    "telefone": "3203-1230",
    "term_obra": 1716433200000
   },
   "type": "Feature"
  },
  {
   "geometry": {
    "coordinates": [
     -49.35743464011605,
     -20.772584326671318
    ],
    "type": "Point"
   },
   "id": 146,
   "properties": {
    "alcance_social": "TODA A POPULAÇÃO",
    "autorizado_por": null,
    "contrato": "COC/0027/22",
    "created_date": 1751030736510,
    "created_user": "dbalmeida",
    "custo_obra": 8094164.9,
    "departamento_fiscal": "DEPARTAMENTO DE INFRAESTRUTURA",
    "email": "https://www.riopreto.sp.gov.br/ouvidoria",
    "emp_construtora": "CONSTROESTE CONSTRUTORA E PARTICIPAÇÕES",
    "eng_resp": "CAMILA DO CARMO FARIA DE BARROS",
    "finalidade": "COC/0027/22 - EXECUÇÃO E A IMPLANTAÇÃO DE PAVIMENTAÇÃO, DRENAGEM, CALÇAMENTO E SINALIZAÇÃO VIÁRIA NA AVENIDA MARGINAL E A RUA ULISSES VIANA RICARDI, ENTRE AS AVENIDAS NELSON DA VEIGA A AVENIDA DANILO GALEAZZI RUA PROJETADA D E TRECHOS DAS RUAS",
    "globalid": "{ED5B1B05-4022-4C96-A358-7D4C6375FFFC}",
    "inic_obra": 1662346800000,
    "last_edited_date": 1780063545130,
    "last_edited_user": "lquinto",
    "nr_autorização": null,
    "objectid": 146,
    "orig_recurso": "OPERAÇÃO DE CRÉDITO",
    "qtd_arvores_suprimidas": null,
    "secretaria_fiscal": "obras",
    "status": "concluido",
    "telefone": "3203-1230",
    "term_obra": 1693450800000
   },
   "type": "Feature"
  },
  {
   "geometry": {
    "coordinates": [
     -49.35989981039345,
     -20.82015945334776
    ],
    "type": "Point"
   },
   "id": 147,
   "properties": {
    "alcance_social": "Toda a população",
    "autorizado_por": null,
    "contrato": "COC/0032/21",
    "created_date": 1751030767921,
    "created_user": "luimondo",
    "custo_obra": 285236.02,
    "departamento_fiscal": "DEPARTAMENTO DE INFRAESTRUTURA",
    "email": "https://www.riopreto.sp.gov.br/ouvidoria",
    "emp_construtora": "NOROMIX CONCRETO S/A",
    "eng_resp": "CAIO AMENDOLA CUIM",
    "finalidade": "COC/0032/21 - Execução da obra de Recapeamento asfáltico em várias ruas da Macrorregião Central (Bairro Mansour Daud) com aplicação de C.B.U.Q. Faixa III do DER/SP",
    "globalid": "{58F8847E-EAA7-45CC-A638-38A379484B27}",
    "inic_obra": 1651633200000,
    "last_edited_date": 1780063531203,
    "last_edited_user": "lquinto",
    "nr_autorização": null,
    "objectid": 147,
    "orig_recurso": "Repasse Federal e Recursos Próprios",
    "qtd_arvores_suprimidas": null,
    "secretaria_fiscal": "obras",
    "status": "concluido",
    "telefone": "3203-1230",
    "term_obra": 1654225200000
   },
   "type": "Feature"
  },
  {
   "geometry": {
    "coordinates": [
     -49.353945150564556,
     -20.8115835030025
    ],
    "type": "Point"
   },
   "id": 148,
   "properties": {
    "alcance_social": "TODA A POPULAÇÃO",
    "autorizado_por": null,
    "contrato": "COC/0027/23",
    "created_date": 1751031060489,
    "created_user": "dbalmeida",
    "custo_obra": 1030164.36,
    "departamento_fiscal": "DEPARTAMENTO DE INFRAESTRUTURA",
    "email": "https://www.riopreto.sp.gov.br/ouvidoria",
    "emp_construtora": "CONSTROESTE CONSTRUTORA E PARTICIPAÇÕES",
    "eng_resp": "NOBUO SUZUKI",
    "finalidade": "COC/0027/23 - EXECUÇÃO DE OBRA PARA IMPLANTAÇÃO DE NOVO SISTEMA DE ILUMINAÇÃO PÚBLICA ORNAMENTAL (\"LED\"), VISANDO ATENDER A PONTE JULIO ZACARIN E A PASSARELA METÁLICA LOCALIZADOS, RESPECTIVAMENTE, NO PROLONGAMENTO DA AVENIDA SABINO CARDOSO FILHO",
    "globalid": "{CC132E77-FE37-49E8-8EA1-4FE1896DDD54}",
    "inic_obra": 1692759600000,
    "last_edited_date": 1780063515876,
    "last_edited_user": "lquinto",
    "nr_autorização": null,
    "objectid": 148,
    "orig_recurso": "OPERAÇÃO DE CRÉDITO",
    "qtd_arvores_suprimidas": null,
    "secretaria_fiscal": "obras",
    "status": "concluido",
    "telefone": "3203-1230",
    "term_obra": 1700535600000
   },
   "type": "Feature"
  },
  {
   "geometry": {
    "coordinates": [
     -49.335218049989955,
     -20.842601936296337
    ],
    "type": "Point"
   },
   "id": 149,
   "properties": {
    "alcance_social": "TODA A POPULAÇÃO",
    "autorizado_por": null,
    "contrato": "COC/0028/23",
    "created_date": 1751031287195,
    "created_user": "dbalmeida",
    "custo_obra": 8189158.41,
    "departamento_fiscal": "DEPARTAMENTO DE INFRAESTRUTURA",
    "email": "https://www.riopreto.sp.gov.br/ouvidoria",
    "emp_construtora": "CONSTROESTE CONSTRUTORA E PARTICIPAÇÕES",
    "eng_resp": "CAMILA DO CARMO FARIA DE BARROS RUIZ",
    "finalidade": "COC/0028/23 - EXECUÇÃO DAS OBRAS DO VIADUTO FERROVIÁRIO SOBRE A RUA NELSON VITALINO E PASSARELA SOBRE O RIO PRETO",
    "globalid": "{8BF6046A-D4F9-47B4-894D-6A9853381ED8}",
    "inic_obra": 1697425200000,
    "last_edited_date": 1780063499145,
    "last_edited_user": "lquinto",
    "nr_autorização": null,
    "objectid": 149,
    "orig_recurso": "OPERAÇÃO DE CRÉDITO",
    "qtd_arvores_suprimidas": null,
    "secretaria_fiscal": "obras",
    "status": "concluido",
    "telefone": "3203-1230",
    "term_obra": 1728529200000
   },
   "type": "Feature"
  },
  {
   "geometry": {
    "coordinates": [
     -49.39300332868787,
     -20.832717055335515
    ],
    "type": "Point"
   },
   "id": 151,
   "properties": {
    "alcance_social": "MUNÍCIPES DE TODA A CIDADE E REGIÃO",
    "autorizado_por": null,
    "contrato": "TOP/0018/23",
    "created_date": 1751031477927,
    "created_user": "alitoledo",
    "custo_obra": 1356837.14,
    "departamento_fiscal": "COORDENADORIA DE OBRAS PÚBLICAS",
    "email": "https://www.riopreto.sp.gov.br/ouvidoria",
    "emp_construtora": "GOMAP ENGENHARIA E CONSTRUÇÕES LTDA.",
    "eng_resp": "JOSÉ LUIZ GOMES",
    "finalidade": "TOP/0018/23 - REFORMA/RECUPERAÇÃO ESTRUTURAL DE ELEMENTOS DE CONCRETO ARMADO DO CENTRO REGIONAL DE EVENTOS",
    "globalid": "{6E261E96-8940-4D86-A1FB-E5A7F4A3196C}",
    "inic_obra": 1694487600000,
    "last_edited_date": 1780063487666,
    "last_edited_user": "lquinto",
    "nr_autorização": null,
    "objectid": 151,
    "orig_recurso": "OPERAÇÃO DE CRÉDITO",
    "qtd_arvores_suprimidas": null,
    "secretaria_fiscal": "obras",
    "status": "concluido",
    "telefone": "3203-1230",
    "term_obra": 1717815600000
   },
   "type": "Feature"
  },
  {
   "geometry": {
    "coordinates": [
     -49.393443211224614,
     -20.832797274388735
    ],
    "type": "Point"
   },
   "id": 152,
   "properties": {
    "alcance_social": "MUNÍCIPES DE TODA A CIDADE E REGIÃO",
    "autorizado_por": null,
    "contrato": "TOP/0020/22",
    "created_date": 1751031631388,
    "created_user": "alitoledo",
    "custo_obra": 2234401.06,
    "departamento_fiscal": "COORDENADORIA DE OBRAS PÚBLICAS",
    "email": "https://www.riopreto.sp.gov.br/ouvidoria",
    "emp_construtora": "LGR CONSTRUTORA LTDA",
    "eng_resp": "EDGARD CELSO TEIXEIRA",
    "finalidade": "TOP/0020/22 - REVITALIZAÇÃO DO CENTRO REGIONAL DE EVENTOS",
    "globalid": "{4CF6047B-7628-4BEF-93DB-547D548D129B}",
    "inic_obra": 1655953200000,
    "last_edited_date": 1780063477500,
    "last_edited_user": "lquinto",
    "nr_autorização": null,
    "objectid": 152,
    "orig_recurso": "REPASSE ESTADUAL E RECURSOS PRÓPRIOS",
    "qtd_arvores_suprimidas": null,
    "secretaria_fiscal": "esporte_lazer",
    "status": "concluido",
    "telefone": "3201-8890",
    "term_obra": 1702695600000
   },
   "type": "Feature"
  },
  {
   "geometry": {
    "coordinates": [
     -49.38326900191114,
     -20.794628628448937
    ],
    "type": "Point"
   },
   "id": 153,
   "properties": {
    "alcance_social": "TODA A POPULAÇÃO",
    "autorizado_por": null,
    "contrato": "COC/0029/23",
    "created_date": 1751031645434,
    "created_user": "dbalmeida",
    "custo_obra": 41591807.85,
    "departamento_fiscal": "DEPARTAMENTO DE INFRAESTRUTURA",
    "email": "https://www.riopreto.sp.gov.br/ouvidoria",
    "emp_construtora": "CONSTROESTE CONSTRUTORA E PARTICIPAÇÕES",
    "eng_resp": "CAMILA DO CARMO FARIA DE BARROS RUIZ",
    "finalidade": "COC/0029/23 - RECAPEAMENTO ASFÁLTICO DIVERSAS RUAS E AVENIDAS NAS MACRORREGIÕES",
    "globalid": "{1DAA3507-7936-483E-ADC8-DFEBDCF02803}",
    "inic_obra": 1697425200000,
    "last_edited_date": 1780063468635,
    "last_edited_user": "lquinto",
    "nr_autorização": null,
    "objectid": 153,
    "orig_recurso": "RECURSOS PRÓPRIOS E OPERAÇÃO DE CRÉDITO",
    "qtd_arvores_suprimidas": null,
    "secretaria_fiscal": "obras",
    "status": "concluido",
    "telefone": "3203-1230",
    "term_obra": 1725937200000
   },
   "type": "Feature"
  },
  {
   "geometry": {
    "coordinates": [
     -49.394082305955415,
     -20.83944182198351
    ],
    "type": "Point"
   },
   "id": 154,
   "properties": {
    "alcance_social": "Toda a população",
    "autorizado_por": null,
    "contrato": "COC/0029/22",
    "created_date": 1751031692575,
    "created_user": "luimondo",
    "custo_obra": 8555523.59,
    "departamento_fiscal": "DEPARTAMENTO DE INFRAESTRUTURA",
    "email": "https://www.riopreto.sp.gov.br/ouvidoria",
    "emp_construtora": "CONSTROESTE CONSTRUTORA E PARTICIPAÇÕES LTDA",
    "eng_resp": "EDMUNDO CABRAL CUGLER",
    "finalidade": "COC/0029/22 - EXECUÇÃO DO SERVIÇO DE LIMPEZA DOS PISCINÕES PROFUNDOS, LAGOAS DE RETENÇÕES/ DETENÇÕES DE ÁGUA PLUVIAIS, CANAIS DA CALHA DO CANAL DO RIO PRETO E MELHORIA DA MICRODRENAGEM DE FORMA LOCALIZADA",
    "globalid": "{88312F8E-6989-4A63-95AB-6ABAC87B1388}",
    "inic_obra": 1664334000000,
    "last_edited_date": 1780063448004,
    "last_edited_user": "lquinto",
    "nr_autorização": null,
    "objectid": 154,
    "orig_recurso": "Recursos Próprios",
    "qtd_arvores_suprimidas": null,
    "secretaria_fiscal": "obras",
    "status": "concluido",
    "telefone": "3203-1230",
    "term_obra": 1727406000000
   },
   "type": "Feature"
  },
  {
   "geometry": {
    "coordinates": [
     -49.40865797449681,
     -20.779867113015058
    ],
    "type": "Point"
   },
   "id": 155,
   "properties": {
    "alcance_social": "MUNÍCIPES",
    "autorizado_por": null,
    "contrato": "TOP/0029/22",
    "created_date": 1751032177126,
    "created_user": "rafpanosso",
    "custo_obra": 1071086.11,
    "departamento_fiscal": "COORDENARIA DE OBRAS PÚBLICAS",
    "email": "https://www.riopreto.sp.gov.br/ouvidoria",
    "emp_construtora": "J.A. TINELI MARQUES & CIA LTDA EPP",
    "eng_resp": "GUILHERME POLAINI TINELI",
    "finalidade": "TOP/0029/22 - EMPREITADA DE MÃO DE  OBRA COM FORNECIMENTO DE MATERIAIS A REFORMA/READEQUAÇÃO DA ESTRUTURA METÁLICA  DA QUADRA POLIESPORTIVA, DA MALHA E DA BOCHA, NO CENTRO ESPORTIVO INTEGRADO DR.  ALOYSIO NUNES FERREIRA (PINHEIRINHO)",
    "globalid": "{188DDFAB-A2D5-4921-BA89-7E6F42CD7C87}",
    "inic_obra": 1660532400000,
    "last_edited_date": 1780063438074,
    "last_edited_user": "lquinto",
    "nr_autorização": null,
    "objectid": 155,
    "orig_recurso": "OPERAÇÃO DE CRÉDITO",
    "qtd_arvores_suprimidas": null,
    "secretaria_fiscal": "obras",
    "status": "concluido",
    "telefone": "3203-1230",
    "term_obra": 1678676400000
   },
   "type": "Feature"
  },
  {
   "geometry": {
    "coordinates": [
     -49.40797222576174,
     -20.80985852848139
    ],
    "type": "Point"
   },
   "id": 157,
   "properties": {
    "alcance_social": "MUNÍCIPES",
    "autorizado_por": null,
    "contrato": "COC/0042/23",
    "created_date": 1751032655722,
    "created_user": "alitoledo",
    "custo_obra": 1654313.34,
    "departamento_fiscal": "COORDENADORIA DE OBRAS PÚBLICAS",
    "email": "https://www.riopreto.sp.gov.br/ouvidoria",
    "emp_construtora": "CONSTRUTORA ERP LTDA",
    "eng_resp": "EVERTON REIS DE PAULA",
    "finalidade": "COC/0042/23 - CONSTRUÇÃO DE 920 GAVETAS NO CEMITÉRIO SÃO JOÃO BATISTA",
    "globalid": "{8BD91AA9-F664-490E-BF2D-0A232A09AF71}",
    "inic_obra": 1704769200000,
    "last_edited_date": 1780063426612,
    "last_edited_user": "lquinto",
    "nr_autorização": null,
    "objectid": 157,
    "orig_recurso": "OPERAÇÃO DE CRÉDITO",
    "qtd_arvores_suprimidas": null,
    "secretaria_fiscal": "obras",
    "status": "concluido",
    "telefone": "3203-1230",
    "term_obra": 1733281200000
   },
   "type": "Feature"
  },
  {
   "geometry": {
    "coordinates": [
     -49.41990437700079,
     -20.81725619166762
    ],
    "type": "Point"
   },
   "id": 158,
   "properties": {
    "alcance_social": "MUNÍCIPES",
    "autorizado_por": null,
    "contrato": "TOP/0033/21",
    "created_date": 1751033285961,
    "created_user": "rafpanosso",
    "custo_obra": 1181105.52,
    "departamento_fiscal": "COORDENADORIA DE OBRAS PÚBLICAS",
    "email": "https://www.riopreto.sp.gov.br/ouvidoria",
    "emp_construtora": "LGR CONSTRUTORA LTDA",
    "eng_resp": "EDGARD CELSO TEIXEIRA",
    "finalidade": "TOP/0033/21 - EMPREITADA DE MÃO DE OBRA COM FORNECIMENTO DE MATERIAIS E  EQUIPAMENTOS A REFORMA DO PARQUE CIDADE DAS CRIANÇAS – 2ª ETAPA",
    "globalid": "{A4C998D7-FF5E-4DFF-9617-D83FD3FBC8E6}",
    "inic_obra": 1641265200000,
    "last_edited_date": 1780063420282,
    "last_edited_user": "lquinto",
    "nr_autorização": null,
    "objectid": 158,
    "orig_recurso": "OPERAÇÃO DE CRÉDITO",
    "qtd_arvores_suprimidas": null,
    "secretaria_fiscal": "obras",
    "status": "concluido",
    "telefone": "3203-1230",
    "term_obra": 1667098800000
   },
   "type": "Feature"
  },
  {
   "geometry": {
    "coordinates": [
     -49.3093483853025,
     -20.868072351557913
    ],
    "type": "Point"
   },
   "id": 159,
   "properties": {
    "alcance_social": "POPULAÇÃO EM GERAL",
    "autorizado_por": null,
    "contrato": "TOP/0025/23",
    "created_date": 1751033622079,
    "created_user": "patassis",
    "custo_obra": 1621466.11,
    "departamento_fiscal": "COORDENADORIA DE OBRAS PÚBLICAS",
    "email": "https://www.riopreto.sp.gov.br/ouvidoria",
    "emp_construtora": "KAV ENGENHARIA RIO PRETO LTDA",
    "eng_resp": "JOSÉ ROBERTO CARARETO",
    "finalidade": "TOP/0025/23 - REFORMA DE PRÉDIO PARA IMPLEMENTAÇÃO DAS UNIDADES GANHA TEMPO E SUBPREFEITURA DE ENGENHEIRO SCHMITT E EXECUÇÃO DE FORRO EM GESSO ACARTONADO NO CENTRO COMUNITÁRIO",
    "globalid": "{6FB576AD-BF8F-431C-874C-C8749A885BF2}",
    "inic_obra": 1699844400000,
    "last_edited_date": 1780063413476,
    "last_edited_user": "lquinto",
    "nr_autorização": null,
    "objectid": 159,
    "orig_recurso": "OPERAÇÃO DE CRÉDITO",
    "qtd_arvores_suprimidas": null,
    "secretaria_fiscal": "obras",
    "status": "concluido",
    "telefone": "3203-1230",
    "term_obra": 1720580400000
   },
   "type": "Feature"
  },
  {
   "geometry": {
    "coordinates": [
     -49.377304050982346,
     -20.807471528823005
    ],
    "type": "Point"
   },
   "id": 160,
   "properties": {
    "alcance_social": "LAZER CONTEMPLATIVO PARA O PÚBLICO EM GERAL",
    "autorizado_por": null,
    "contrato": "TOP/0020/23",
    "created_date": 1751034359106,
    "created_user": "patassis",
    "custo_obra": 824602.89,
    "departamento_fiscal": "COORDENADORIA DE OBRAS PÚBLICAS",
    "email": "https://www.riopreto.sp.gov.br/ouvidoria",
    "emp_construtora": "CONSTROESTE CONSTRUTORA E PARTICIPAÇÕES LTDA",
    "eng_resp": "Daniel Henrique Sansão",
    "finalidade": "TOP/0020/23 - REFORMA/REVITALIZAÇÃO DA PRAÇA CÍVICA",
    "globalid": "{9CF17E0A-4543-45C2-B8C8-67439ABDF048}",
    "inic_obra": 1705028400000,
    "last_edited_date": 1780063402939,
    "last_edited_user": "lquinto",
    "nr_autorização": null,
    "objectid": 160,
    "orig_recurso": "OPERAÇÃO DE CRÉDITO",
    "qtd_arvores_suprimidas": null,
    "secretaria_fiscal": "obras",
    "status": "concluido",
    "telefone": "3203-1230",
    "term_obra": 1717988400000
   },
   "type": "Feature"
  },
  {
   "geometry": {
    "coordinates": [
     -49.42200074483662,
     -20.819590129465354
    ],
    "type": "Point"
   },
   "id": 161,
   "properties": {
    "alcance_social": "MUNÍCIPES DA CIDADE E REGIÃO",
    "autorizado_por": null,
    "contrato": "TOP/0052/22",
    "created_date": 1751034458809,
    "created_user": "alitoledo",
    "custo_obra": 2684007.57,
    "departamento_fiscal": "DEPARTAMENTO DE INFRAESTRUTURA",
    "email": "https://www.riopreto.sp.gov.br/ouvidoria",
    "emp_construtora": "LGR CONSTRUTORA LTDA",
    "eng_resp": "EDGARD CELSO TEIXEIRA",
    "finalidade": "TOP/0052/22 - REFORMA/READEQUAÇÃO DO RECINTO DE EXPOSIÇÕES ALBERTO BERTELLI LUCATTO",
    "globalid": "{74419B3D-35B2-4858-8C04-D6150385F2CA}",
    "inic_obra": 1670209200000,
    "last_edited_date": 1780063395037,
    "last_edited_user": "lquinto",
    "nr_autorização": null,
    "objectid": 161,
    "orig_recurso": "OPERAÇÃO DE CRÉDITO",
    "qtd_arvores_suprimidas": null,
    "secretaria_fiscal": "obras",
    "status": "concluido",
    "telefone": "3203-1230",
    "term_obra": 1685761200000
   },
   "type": "Feature"
  },
  {
   "geometry": {
    "coordinates": [
     -49.396457944741705,
     -20.804358315325455
    ],
    "type": "Point"
   },
   "id": 162,
   "properties": {
    "alcance_social": "Toda a população",
    "autorizado_por": null,
    "contrato": "COC/0036/21",
    "created_date": 1751034836755,
    "created_user": "luimondo",
    "custo_obra": 163455.16,
    "departamento_fiscal": "DEPARTAMENTO DE INFRAESTRUTURA",
    "email": "https://www.riopreto.sp.gov.br/ouvidoria",
    "emp_construtora": "ALCIMES CONSTRUTORA LTDA",
    "eng_resp": "HAROLDO ALCANTARA CASTILHO FILHO",
    "finalidade": "COC/0036/21 - EXECUÇÃO DA OBRA DE RECAPEAMENTO ASFÁLTICO EM DIVERSAS RUAS DO BAIRRO PARQUE INDUSTRIAL COM APLICAÇÃO DE C.B.U.Q. FAIXA III DO DER/SP",
    "globalid": "{8DED6975-CA27-406F-BB9E-8AC364271A73}",
    "inic_obra": 1641351600000,
    "last_edited_date": 1780063387124,
    "last_edited_user": "lquinto",
    "nr_autorização": null,
    "objectid": 162,
    "orig_recurso": "Repasse Estadual e Recursos Próprios",
    "qtd_arvores_suprimidas": null,
    "secretaria_fiscal": "obras",
    "status": "concluido",
    "telefone": "3203-1230",
    "term_obra": 1643857200000
   },
   "type": "Feature"
  },
  {
   "geometry": {
    "coordinates": [
     -49.327485630501975,
     -20.755631597307808
    ],
    "type": "Point"
   },
   "id": 163,
   "properties": {
    "alcance_social": "MUNÍCIPES",
    "autorizado_por": null,
    "contrato": "TOP/0027/22",
    "created_date": 1751035018364,
    "created_user": "rafpanosso",
    "custo_obra": 1066224.52,
    "departamento_fiscal": "COORDENADORIA DE OBRAS PÚBLICAS",
    "email": "https://www.riopreto.sp.gov.br/ouvidoria",
    "emp_construtora": "LGR CONSTRUTORA LTDA",
    "eng_resp": "EDGARD CELSO TEIXEIRA",
    "finalidade": "TOP/0027/22 - EMPREITADA DE MÃO DE OBRA COM FORNECIMENTO DE MATERIAIS E EQUIPAMENTOS  PARA A EXECUÇÃO DA OBRA DE REFORMA/AMPLIAÇÃO DO CRAS LEALDADE E  AMIZADE",
    "globalid": "{6104EC67-7F64-40FD-B2EA-77349F7DAC18}",
    "inic_obra": 1658977200000,
    "last_edited_date": 1780063374330,
    "last_edited_user": "lquinto",
    "nr_autorização": null,
    "objectid": 163,
    "orig_recurso": "OPERAÇÃO DE CRÉDITO",
    "qtd_arvores_suprimidas": null,
    "secretaria_fiscal": "obras",
    "status": "concluido",
    "telefone": "3203-1230",
    "term_obra": 1695265200000
   },
   "type": "Feature"
  },
  {
   "geometry": {
    "coordinates": [
     -49.3739542000502,
     -20.812755341045833
    ],
    "type": "Point"
   },
   "id": 164,
   "properties": {
    "alcance_social": "MUNÍCIPES",
    "autorizado_por": null,
    "contrato": "TOP/0026/22",
    "created_date": 1751035663028,
    "created_user": "rafpanosso",
    "custo_obra": 625488.08,
    "departamento_fiscal": "COORDENADORIA DE OBRAS PÚBLICAS",
    "email": "https://www.riopreto.sp.gov.br/ouvidoria",
    "emp_construtora": "KM&M ENGENHARIA PROJETO E CONSTRUÇÃO LTDA",
    "eng_resp": "KELLY ALVES DE JESUS MIRANDA",
    "finalidade": "TOP/0026/22 - EMPREITADA DE MÃO DE OBRA COM FORNECIMENTO DE MATERIAIS E EQUIPAMENTOS PARA EXECUÇÃO DA OBRA DE REFORMA DO PRÉDIO DO FUNDO SOCIAL DE SOLIDARIEDADE",
    "globalid": "{23976A6C-2E06-4306-B1DD-3B54C218907F}",
    "inic_obra": 1658458800000,
    "last_edited_date": 1780063363803,
    "last_edited_user": "lquinto",
    "nr_autorização": null,
    "objectid": 164,
    "orig_recurso": "OPERAÇÃO DE CRÉDITO",
    "qtd_arvores_suprimidas": null,
    "secretaria_fiscal": "obras",
    "status": "concluido",
    "telefone": "3203-1230",
    "term_obra": 1681786800000
   },
   "type": "Feature"
  },
  {
   "geometry": {
    "coordinates": [
     -49.37696946447163,
     -20.808904460013604
    ],
    "type": "Point"
   },
   "id": 165,
   "properties": {
    "alcance_social": "MUNÍCIPES E TURISTAS",
    "autorizado_por": null,
    "contrato": "COC/0019/21",
    "created_date": 1751036139436,
    "created_user": "marcastelano",
    "custo_obra": 2305531.23,
    "departamento_fiscal": "COORDENADORIA DE OBRAS PÚBLICAS",
    "email": "https://www.riopreto.sp.gov.br/ouvidoria",
    "emp_construtora": "CONSTROESTE CONSTRUTORA E PARTICIPAÇÕES LTDA",
    "eng_resp": "DENNER FERNANDES BEATO",
    "finalidade": "COC/0019/21 - REFORMA /REVITALIZAÇÃO DA ESTAÇÃO FERROVIÁRIA DE SÃO JOSÉ DO RIO PRETO (2a. ETAPA)",
    "globalid": "{3C7B7DF8-BAAB-403A-B3C3-5C78218B1687}",
    "inic_obra": 1632798000000,
    "last_edited_date": 1780063355420,
    "last_edited_user": "lquinto",
    "nr_autorização": null,
    "objectid": 165,
    "orig_recurso": "REPASSE FEDERAL E RECURSOS PRÓPRIOS",
    "qtd_arvores_suprimidas": null,
    "secretaria_fiscal": "obras",
    "status": "concluido",
    "telefone": "3211-4029",
    "term_obra": 1653534000000
   },
   "type": "Feature"
  },
  {
   "geometry": {
    "coordinates": [
     -49.421821530937436,
     -20.795922325149082
    ],
    "type": "Point"
   },
   "id": 166,
   "properties": {
    "alcance_social": "MUNÍCIPES - ESPORTES E LAZER",
    "autorizado_por": null,
    "contrato": "TOP/0044/22",
    "created_date": 1751046821739,
    "created_user": "marcastelano",
    "custo_obra": 1983160.91,
    "departamento_fiscal": "COORDENADORIA DE OBRAS PÚBLICAS",
    "email": "https://www.riopreto.sp.gov.br/ouvidoria",
    "emp_construtora": "LGR CONSTRUTORA LTDA",
    "eng_resp": "Edgard Celso Teixeira - CREA/SP 5060908658",
    "finalidade": "TOP/0044/22 - REFORMA/READEQUAÇÃO DA PRAÇA DAS SETE QUADRAS DO BAIRRO CECAP",
    "globalid": "{6DA0B7F5-DD57-4BF1-8534-F5720CCEB8F0}",
    "inic_obra": 1670382000000,
    "last_edited_date": 1780063348917,
    "last_edited_user": "lquinto",
    "nr_autorização": null,
    "objectid": 166,
    "orig_recurso": "OPERAÇÃO DE CRÉDITO",
    "qtd_arvores_suprimidas": null,
    "secretaria_fiscal": "obras",
    "status": "concluido",
    "telefone": "3203-1230",
    "term_obra": 1698894000000
   },
   "type": "Feature"
  },
  {
   "geometry": {
    "coordinates": [
     -49.3775726526422,
     -20.808896323979813
    ],
    "type": "Point"
   },
   "id": 167,
   "properties": {
    "alcance_social": "MUNÍCIPES",
    "autorizado_por": null,
    "contrato": "COC/0023/21",
    "created_date": 1751046965397,
    "created_user": "rafpanosso",
    "custo_obra": 1644005.12,
    "departamento_fiscal": "COORDENADORIA DE OBRAS PÚBLICAS",
    "email": "https://www.riopreto.sp.gov.br/ouvidoria",
    "emp_construtora": "CONSTROESTE CONSTRUTORA E PARTICIPAÇÕES LTDA",
    "eng_resp": "CAROLINA DO CARMO FARIA DE BARROS BERTOLINI",
    "finalidade": "COC/0023/21 - EMPREITADA DE MÃO DE OBRA COM FORNECIMENTO DE MATERIAIS E EQUIPAMENTOS PARA EXECUÇÃO DA DEMOLIÇÃO DE COBERTURA DA RODOVIÁRIA GOVERNADOR LAUDO NATEL",
    "globalid": "{210B06D7-01C1-4C87-BC54-DB552B56D419}",
    "inic_obra": 1637550000000,
    "last_edited_date": 1780063342140,
    "last_edited_user": "lquinto",
    "nr_autorização": null,
    "objectid": 167,
    "orig_recurso": "RECURSOS PRÓPRIOS",
    "qtd_arvores_suprimidas": null,
    "secretaria_fiscal": "obras",
    "status": "concluido",
    "telefone": "3203-1230",
    "term_obra": 1653102000000
   },
   "type": "Feature"
  },
  {
   "geometry": {
    "coordinates": [
     -49.376202867360995,
     -20.776655545669737
    ],
    "type": "Point"
   },
   "id": 168,
   "properties": {
    "alcance_social": "TRANSEUNTES DO LOCAL",
    "autorizado_por": null,
    "contrato": "TOP/0023/23",
    "created_date": 1751047231284,
    "created_user": "alitoledo",
    "custo_obra": 37020.25,
    "departamento_fiscal": "COORDENADORIA DE OBRAS PÚBLICAS",
    "email": "https://www.riopreto.sp.gov.br/ouvidoria",
    "emp_construtora": "MF DIAS & CIA LTDA EPP",
    "eng_resp": "MAURILIO FAUSTINO DIAS",
    "finalidade": "TOP/0023/23 - CALÇADA DE PASSEIO PÚBLICO - SEC DA MULHER",
    "globalid": "{FB7A2043-A4CD-439B-A723-51E3DF3E9C18}",
    "inic_obra": 1697511600000,
    "last_edited_date": 1780063329228,
    "last_edited_user": "lquinto",
    "nr_autorização": null,
    "objectid": 168,
    "orig_recurso": "RECURSOS PRÓPRIOS",
    "qtd_arvores_suprimidas": null,
    "secretaria_fiscal": "obras",
    "status": "concluido",
    "telefone": "3203-1230",
    "term_obra": 1700103600000
   },
   "type": "Feature"
  },
  {
   "geometry": {
    "coordinates": [
     -49.368480342815886,
     -20.83488932377779
    ],
    "type": "Point"
   },
   "id": 169,
   "properties": {
    "alcance_social": "ATLETAS E MUNÍCIPES DA REGIÃO",
    "autorizado_por": null,
    "contrato": "TOP/0015/23",
    "created_date": 1751047910029,
    "created_user": "alitoledo",
    "custo_obra": 846829.46,
    "departamento_fiscal": "COORDENADORIA DE OBRAS PÚBLICAS",
    "email": "https://www.riopreto.sp.gov.br/ouvidoria",
    "emp_construtora": "R A C CONSTRUÇÕES RIO PRETO LTDA ME",
    "eng_resp": "RAFAEL BATISTA CASELLA JUNIOR",
    "finalidade": "TOP/0015/23 - CONSTRUÇÃO DE VESTIÁRIOS E ILUMINAÇÃO DO CAMPO DE FUTEBOL AMERICANO (BAIRRO QUINTA DAS PAINEIRAS)",
    "globalid": "{B8D97401-1D1B-456B-B514-F9D62D5C42C4}",
    "inic_obra": 1691118000000,
    "last_edited_date": 1780063319766,
    "last_edited_user": "lquinto",
    "nr_autorização": null,
    "objectid": 169,
    "orig_recurso": "OPERAÇÃO DE CRÉDITO",
    "qtd_arvores_suprimidas": null,
    "secretaria_fiscal": "obras",
    "status": "concluido",
    "telefone": "3203-1230",
    "term_obra": 1714446000000
   },
   "type": "Feature"
  },
  {
   "geometry": {
    "coordinates": [
     -49.42351825447303,
     -20.821104448676095
    ],
    "type": "Point"
   },
   "id": 170,
   "properties": {
    "alcance_social": "TRABALHADORES DE EVENTOS AGRÍCOLAS",
    "autorizado_por": null,
    "contrato": "TOP/0008/23",
    "created_date": 1751048137257,
    "created_user": "rafpanosso",
    "custo_obra": 1669844.01,
    "departamento_fiscal": "COORDENADORIA DE OBRAS PÚBLICAS",
    "email": "https://www.riopreto.sp.gov.br/ouvidoria",
    "emp_construtora": "R A C CONSTRUÇÕES RIO PRETO LTDA ME",
    "eng_resp": "RAFAEL BATISTA CASELLA JUNIOR",
    "finalidade": "TOP/0008/23 - EMPREITADA DE MÃO DE OBRA COM FORNECIMENTO DE MATERIAIS E EQUIPAMENTOS PARA CONSTRUÇÃO DE ALOJAMENTOS NO RECINTO DE EXPOSIÇÕES ALBERTO BERTELLI LUCATTO",
    "globalid": "{93DBEE9C-6E3C-4E22-B430-A6A7B2457D23}",
    "inic_obra": 1682305200000,
    "last_edited_date": 1780063312934,
    "last_edited_user": "lquinto",
    "nr_autorização": null,
    "objectid": 170,
    "orig_recurso": "OPERAÇÃO DE CRÉDITO",
    "qtd_arvores_suprimidas": null,
    "secretaria_fiscal": "obras",
    "status": "concluido",
    "telefone": "3203-1230",
    "term_obra": 1710817200000
   },
   "type": "Feature"
  },
  {
   "geometry": {
    "coordinates": [
     -49.42507860386704,
     -20.76507132605088
    ],
    "type": "Point"
   },
   "id": 172,
   "properties": {
    "alcance_social": "Toda a população",
    "autorizado_por": null,
    "contrato": "DPL/0038/25",
    "created_date": 1751049027662,
    "created_user": "luimondo",
    "custo_obra": 124436.11,
    "departamento_fiscal": "DEPARTAMENTO DE INFRAESTRUTURA",
    "email": "https://www.riopreto.sp.gov.br/ouvidoria",
    "emp_construtora": "L G LIMA EMPREENDIMENTOS LTDA",
    "eng_resp": "EDGARD CELSO TEIXEIRA",
    "finalidade": "DPL/0038/25 - PRESTAÇÃO DE SERVIÇO, COM FORNECIMENTO DE MÃO DE OBRA, MATERIAIS E EQUIPAMENTOS PARA RECUPERAÇÃO DA EROSÃO DE TALUDE E PAVIMENTO NA TRAVESSIA DA ESTRADA MUNICIPAL VALDOMIRO LOPES DA SILVA, SOBRE O CÓRREGO SÃO PEDRO",
    "globalid": "{39C713BB-EA7C-4D0C-A6D2-11DD21767F54}",
    "inic_obra": 1748401200000,
    "last_edited_date": 1780063303070,
    "last_edited_user": "lquinto",
    "nr_autorização": null,
    "objectid": 172,
    "orig_recurso": "Operação de Crédito",
    "qtd_arvores_suprimidas": null,
    "secretaria_fiscal": "obras",
    "status": "concluido",
    "telefone": "3203-1230",
    "term_obra": 1750993200000
   },
   "type": "Feature"
  },
  {
   "geometry": {
    "coordinates": [
     -49.3813291735984,
     -20.810950083793184
    ],
    "type": "Point"
   },
   "id": 173,
   "properties": {
    "alcance_social": "PRESERVAÇÃO DO MEMORIAL DINORATH DO VALLE",
    "autorizado_por": null,
    "contrato": "DPL/0096/24",
    "created_date": 1751049091946,
    "created_user": "alitoledo",
    "custo_obra": 30150.0,
    "departamento_fiscal": "COORDENADORIA DE OBRAS PÚBLICAS",
    "email": "https://www.riopreto.sp.gov.br/ouvidoria",
    "emp_construtora": "CERON LOMBARDI ENGENHARIA LTDA",
    "eng_resp": "GUSTAVO CERON LOMBARDI",
    "finalidade": "DPL/0096/24 - REFORÇO ESTRUTURAL DE FUNDAÇÕES PARA O MEMORIA DINORATH DO VALLE",
    "globalid": "{14DF418C-4421-4502-845D-2FC5B89B6505}",
    "inic_obra": 1725850800000,
    "last_edited_date": 1780063294962,
    "last_edited_user": "lquinto",
    "nr_autorização": null,
    "objectid": 173,
    "orig_recurso": "OPERAÇÃO DE CRÉDITO",
    "qtd_arvores_suprimidas": null,
    "secretaria_fiscal": "obras",
    "status": "concluido",
    "telefone": "3203-1230",
    "term_obra": 1728442800000
   },
   "type": "Feature"
  },
  {
   "geometry": {
    "coordinates": [
     -49.42141905155417,
     -20.820776795650488
    ],
    "type": "Point"
   },
   "id": 174,
   "properties": {
    "alcance_social": "MUNICIPES USUÁRIOS DO RECINTO DE EXPOSIÇÃO",
    "autorizado_por": null,
    "contrato": "TOP/0017/21",
    "created_date": 1751050044421,
    "created_user": "alitoledo",
    "custo_obra": 571040.77,
    "departamento_fiscal": "COORDENADORIA DE OBRAS PÚBLICAS",
    "email": "https://www.riopreto.sp.gov.br/ouvidoria",
    "emp_construtora": "KM&M ENGENHARIA PROJETO E CONSTRUÇÃO LTDA",
    "eng_resp": "KELLY ALVES DE JESUS MIRANDA",
    "finalidade": "TOP/0017/21 - CONSTRUÇÃO DE SANITÁRIOS NO RECINTO DE EXPOSIÇÕES ALBERTO BERTELLI LUCATTO",
    "globalid": "{161947F4-89B0-4413-A5C5-42CE5B408AB5}",
    "inic_obra": 1635994800000,
    "last_edited_date": 1780063286021,
    "last_edited_user": "lquinto",
    "nr_autorização": null,
    "objectid": 174,
    "orig_recurso": "REPASSE FEDERAL",
    "qtd_arvores_suprimidas": null,
    "secretaria_fiscal": "agricultura_abastecimento",
    "status": "concluido",
    "telefone": "3232-0016",
    "term_obra": 1654052400000
   },
   "type": "Feature"
  },
  {
   "geometry": {
    "coordinates": [
     -49.42219040524425,
     -20.82116358693808
    ],
    "type": "Point"
   },
   "id": 175,
   "properties": {
    "alcance_social": "MUNÍCIPES UTILIZANDO O RECINTO DE EXPOSIÇÃO",
    "autorizado_por": null,
    "contrato": "TOP/0007/22",
    "created_date": 1751050787794,
    "created_user": "alitoledo",
    "custo_obra": 205067.19,
    "departamento_fiscal": "COORDENADORIA DE OBRAS PÚBLICAS",
    "email": "https://www.riopreto.sp.gov.br/ouvidoria",
    "emp_construtora": "LGR CONSTRUTORA LTDA",
    "eng_resp": "EDGARD CELSO TEIXEIRA",
    "finalidade": "TOP/0007/22 - CONSTRUÇÃO DE CALÇADA AO REDOR DA PISTA DE JULGAMENTO DE ANIMAIS DO RECINTO DE EXPOSIÇÕES ALBERTO BERTELLI LUCATTO",
    "globalid": "{96924803-D062-49E5-BA68-FACDFCD0422B}",
    "inic_obra": 1645412400000,
    "last_edited_date": 1780063273941,
    "last_edited_user": "lquinto",
    "nr_autorização": null,
    "objectid": 175,
    "orig_recurso": "RECURSOS PRÓPRIOS",
    "qtd_arvores_suprimidas": null,
    "secretaria_fiscal": "agricultura_abastecimento",
    "status": "concluido",
    "telefone": "3232-0016",
    "term_obra": 1655780400000
   },
   "type": "Feature"
  },
  {
   "geometry": {
    "coordinates": [
     -49.378859474015336,
     -20.81362267685744
    ],
    "type": "Point"
   },
   "id": 176,
   "properties": {
    "alcance_social": "USUÁRIOS DO POUPATEMPO",
    "autorizado_por": null,
    "contrato": "TOP/0012/23",
    "created_date": 1751051207752,
    "created_user": "alitoledo",
    "custo_obra": 179515.08,
    "departamento_fiscal": "COORDENADORIA DE OBRAS PÚBLICAS",
    "email": "https://www.riopreto.sp.gov.br/ouvidoria",
    "emp_construtora": "GGH ASCENSORES EIRELI LTDA",
    "eng_resp": "DIONES LUIS PARABONI VAZ",
    "finalidade": "TOP/0012/23 -  INSTALAÇÃO DE ELEVADOR NO POUPATEMPO DE SÃO JOSÉ DO RIO PRETO",
    "globalid": "{84D754C4-06E1-4315-A193-05BAD4AD16E8}",
    "inic_obra": 1688007600000,
    "last_edited_date": 1780063260506,
    "last_edited_user": "lquinto",
    "nr_autorização": null,
    "objectid": 176,
    "orig_recurso": "RECURSOS PRÓPRIOS",
    "qtd_arvores_suprimidas": null,
    "secretaria_fiscal": "fazenda",
    "status": "concluido",
    "telefone": "3203-1230",
    "term_obra": 1700967600000
   },
   "type": "Feature"
  },
  {
   "geometry": {
    "coordinates": [
     -49.41570230154511,
     -20.817161447238682
    ],
    "type": "Point"
   },
   "id": 177,
   "properties": {
    "alcance_social": "USUÁRIOS DA INCUBADORA",
    "autorizado_por": null,
    "contrato": "TOP/0016/23",
    "created_date": 1751051881966,
    "created_user": "alitoledo",
    "custo_obra": 165191.23,
    "departamento_fiscal": "PLANEJAMENTO",
    "email": "https://www.riopreto.sp.gov.br/ouvidoria",
    "emp_construtora": "LUTÉRCIO DA SILVA SARTORI LTDA",
    "eng_resp": "NICHOLAS KRAUNISKI MALERBA",
    "finalidade": "TOP/0016/23 - READEQUAÇÃO NO EDIFÍCIO CENTRO INCUBADOR DE EMPRESAS PROF. RUI DEZANI",
    "globalid": "{94C6285F-AF86-4B72-A1BE-A54060E4673C}",
    "inic_obra": 1690772400000,
    "last_edited_date": 1780063253135,
    "last_edited_user": "lquinto",
    "nr_autorização": null,
    "objectid": 177,
    "orig_recurso": "RECURSOS PRÓPRIOS",
    "qtd_arvores_suprimidas": null,
    "secretaria_fiscal": "planejamento_estrategico",
    "status": "concluido",
    "telefone": "3226-4934",
    "term_obra": 1701140400000
   },
   "type": "Feature"
  },
  {
   "geometry": {
    "coordinates": [
     -49.40714984776352,
     -20.807386022799243
    ],
    "type": "Point"
   },
   "id": 178,
   "properties": {
    "alcance_social": "MUNÍCIPES DA REGIÃO DE SÃO JOSÉ DO RIO PRETO",
    "autorizado_por": null,
    "contrato": "DPL/0024/25",
    "created_date": 1751052574444,
    "created_user": "marcastelano",
    "custo_obra": 124234.8,
    "departamento_fiscal": "COORDENADORIA DE OBRAS PÚBLICAS",
    "email": "https://www.riopreto.sp.gov.br/ouvidoria",
    "emp_construtora": "LGR CONSTRUTORA LTDA",
    "eng_resp": "EDGARD CELSO TEIXEIRA",
    "finalidade": "DPL/0024/25 - REFORMA DO PRÉDIO DA BASE DO SAMU",
    "globalid": "{5A4F5038-C64C-4899-99C7-F95B3F1811FA}",
    "inic_obra": 1743562800000,
    "last_edited_date": 1780063245697,
    "last_edited_user": "lquinto",
    "nr_autorização": null,
    "objectid": 178,
    "orig_recurso": "OPERAÇÃO DE CRÉDITO",
    "qtd_arvores_suprimidas": null,
    "secretaria_fiscal": "obras",
    "status": "concluido",
    "telefone": "3203-1230",
    "term_obra": 1748746800000
   },
   "type": "Feature"
  },
  {
   "geometry": {
    "coordinates": [
     -49.377464352649866,
     -20.796731375847077
    ],
    "type": "Point"
   },
   "id": 179,
   "properties": {
    "alcance_social": "TODOS OS MUNÍCIPES",
    "autorizado_por": null,
    "contrato": "PRE/0128/24",
    "created_date": 1751306551572,
    "created_user": "alitoledo",
    "custo_obra": 878920.22,
    "departamento_fiscal": "DEPARTAMENTO DE PROJETOS E ACOMPANHAMENTO DE OBRA DA SAÚDE",
    "email": "https://www.riopreto.sp.gov.br/ouvidoria",
    "emp_construtora": "CONSTRUTORA RIO OBRAS COMERCIO DE MATERIAIS PARA COSNTRUÇÃO LTDA",
    "eng_resp": "DIEGO MARLON MARIANO",
    "finalidade": "PRE/0128/24 - FINALIZAÇÃO DA CONSTRUÇÃO DO BANCO DE LEITE HUMANO",
    "globalid": "{9FE52BF4-F445-480A-91E7-F53065F3D89E}",
    "inic_obra": 1729911600000,
    "last_edited_date": 1780063239125,
    "last_edited_user": "lquinto",
    "nr_autorização": null,
    "objectid": 179,
    "orig_recurso": "F7 - Operação de crédito - Outros",
    "qtd_arvores_suprimidas": null,
    "secretaria_fiscal": "saude",
    "status": "concluido",
    "telefone": "3216-9766",
    "term_obra": 1754622000000
   },
   "type": "Feature"
  },
  {
   "geometry": {
    "coordinates": [
     -49.40321553224627,
     -20.789222243179697
    ],
    "type": "Point"
   },
   "id": 180,
   "properties": {
    "alcance_social": "MUNÍCIPES DA REGIÃO",
    "autorizado_por": null,
    "contrato": "COC/0031/23",
    "created_date": 1751307246625,
    "created_user": "alitoledo",
    "custo_obra": 4882344.9,
    "departamento_fiscal": "DEPARTAMENTO DE PROJETOS E ACOMPANHAMENTO DE OBRAS DA SAÚDE",
    "email": "https://www.riopreto.sp.gov.br/ouvidoria",
    "emp_construtora": "MADRI ISKI - CONSTRUÇÕES LTDA",
    "eng_resp": "ANTONIO ADRIANO RABESCO ISQUI",
    "finalidade": "COC/0031/23 - UBS ELDORADO",
    "globalid": "{EA512053-952A-4D6D-97E9-A5F4F63128B6}",
    "inic_obra": 1698030000000,
    "last_edited_date": 1780063229175,
    "last_edited_user": "lquinto",
    "nr_autorização": null,
    "objectid": 180,
    "orig_recurso": "F7 - Operação de crédito - Outros",
    "qtd_arvores_suprimidas": null,
    "secretaria_fiscal": "saude",
    "status": "concluido",
    "telefone": "3216-9766",
    "term_obra": 1751166000000
   },
   "type": "Feature"
  },
  {
   "geometry": {
    "coordinates": [
     -49.383356517582754,
     -20.8395003040741
    ],
    "type": "Point"
   },
   "id": 181,
   "properties": {
    "alcance_social": "MUNÍCIPES DA REGIÃO",
    "autorizado_por": null,
    "contrato": "COC/0030/23",
    "created_date": 1751307870469,
    "created_user": "alitoledo",
    "custo_obra": 6757885.3,
    "departamento_fiscal": "DEPARTAMENTO DE PROJETOS E ACOMPANHAMENTO DE OBRA DA SAÚDE",
    "email": "https://www.riopreto.sp.gov.br/ouvidoria",
    "emp_construtora": "MADRI ISKI - CONSTRUÇÕES LTDA",
    "eng_resp": "ANTONIO ADRIANO RABESCO ISQUI",
    "finalidade": "COC/0030/23 - CENTRO DE SAÚDE ESCOLA UBS ESTORIL",
    "globalid": "{95497332-ADB8-495B-B4D1-09F8896E10D2}",
    "inic_obra": 1697425200000,
    "last_edited_date": 1780063221846,
    "last_edited_user": "lquinto",
    "nr_autorização": null,
    "objectid": 181,
    "orig_recurso": "F7 - Operação de crédito - Outros",
    "qtd_arvores_suprimidas": null,
    "secretaria_fiscal": "saude",
    "status": "concluido",
    "telefone": "3216-9766",
    "term_obra": 1740625200000
   },
   "type": "Feature"
  },
  {
   "geometry": {
    "coordinates": [
     -49.42393805068005,
     -20.811422209273772
    ],
    "type": "Point"
   },
   "id": 182,
   "properties": {
    "alcance_social": "MUNÍCIPES DA REGIÃO",
    "autorizado_por": null,
    "contrato": "PRE/0140/24",
    "created_date": 1751308337982,
    "created_user": "alitoledo",
    "custo_obra": 163105.09,
    "departamento_fiscal": "DEPARTAMENTO DE PROJETOS E ACOMPANHAMENTO DE OBRA DA SAÚDE",
    "email": "https://www.riopreto.sp.gov.br/ouvidoria",
    "emp_construtora": "CONSTRUTORA RIO OBRAS COMERCIO DE MATERIAIS PARA CONSTRUÇÃO LTDA",
    "eng_resp": "DIEGO MARLON MARIANO",
    "finalidade": "PRE/0140/24 - ADEQUAÇÃO DO SISTEMA DE CAPTAÇÃO DE AGUAS DA UBS GONZAGA DE CAMPOS",
    "globalid": "{22F1B01B-D079-4B1B-95BF-C7C9D0E5AC6B}",
    "inic_obra": 1734490800000,
    "last_edited_date": 1780063215165,
    "last_edited_user": "lquinto",
    "nr_autorização": null,
    "objectid": 182,
    "orig_recurso": "F5 - Repasse Federal",
    "qtd_arvores_suprimidas": null,
    "secretaria_fiscal": "saude",
    "status": "concluido",
    "telefone": "3216-9766",
    "term_obra": 1753930800000
   },
   "type": "Feature"
  },
  {
   "geometry": {
    "coordinates": [
     -49.37820817387479,
     -20.844972220266953
    ],
    "type": "Point"
   },
   "id": 183,
   "properties": {
    "alcance_social": "MUNÍCIPES DA REGIÃO",
    "autorizado_por": null,
    "contrato": "PRE/0145/24",
    "created_date": 1751309818896,
    "created_user": "alitoledo",
    "custo_obra": 603689.31,
    "departamento_fiscal": "DEPARTAMENTO DE PROJETOS E ACOMPANHAMENTO DE OBRA DA SAÚDE",
    "email": "https://www.riopreto.sp.gov.br/ouvidoria",
    "emp_construtora": "MADRI ISKI CONSTRUÇÕES EIRELI",
    "eng_resp": "ANTONIO ADRIANO RABESCO ISQUI",
    "finalidade": "PRE/0145/24 - REFORMA DA UBS SÃO FRANCISCO",
    "globalid": "{90B1A602-0227-4E7E-9A65-DD1BCA1C3571}",
    "inic_obra": 1733108400000,
    "last_edited_date": 1780063208750,
    "last_edited_user": "lquinto",
    "nr_autorização": null,
    "objectid": 183,
    "orig_recurso": "F5 - Repasse Federal",
    "qtd_arvores_suprimidas": null,
    "secretaria_fiscal": "saude",
    "status": "concluido",
    "telefone": "3216-9766",
    "term_obra": 1748660400000
   },
   "type": "Feature"
  },
  {
   "geometry": {
    "coordinates": [
     -49.37873488666859,
     -20.809943518358896
    ],
    "type": "Point"
   },
   "id": 184,
   "properties": {
    "alcance_social": "MUNÍCIPES",
    "autorizado_por": null,
    "contrato": "TOP/0027/23",
    "created_date": 1751374850955,
    "created_user": "alitoledo",
    "custo_obra": 1429615.99,
    "departamento_fiscal": "COORDENADORIA DE OBRAS PÚBLICAS",
    "email": "https://www.riopreto.sp.gov.br/ouvidoria",
    "emp_construtora": "CONSTROESTE CONSTRUTORA E PARTICIPAÇÕES LTDA",
    "eng_resp": "DANIEL HENRIQUE SANSÃO",
    "finalidade": "TOP/0027/23 - REVITALIZAÇÃO DA PRAÇA DOM JOSÉ MARCONDES",
    "globalid": "{562CA74A-5834-45C8-A62D-4BDEF22FB90E}",
    "inic_obra": 1705028400000,
    "last_edited_date": 1780063204255,
    "last_edited_user": "lquinto",
    "nr_autorização": null,
    "objectid": 184,
    "orig_recurso": "OPERAÇÃO DE CRÉDITO",
    "qtd_arvores_suprimidas": null,
    "secretaria_fiscal": "obras",
    "status": "concluido",
    "telefone": "3203-1230",
    "term_obra": 1720580400000
   },
   "type": "Feature"
  },
  {
   "geometry": {
    "coordinates": [
     -49.40703085781931,
     -20.807420407099414
    ],
    "type": "Point"
   },
   "id": 185,
   "properties": {
    "alcance_social": "MUNÍCIPES",
    "autorizado_por": null,
    "contrato": "TOP/0026/23 ",
    "created_date": 1751375382940,
    "created_user": "alitoledo",
    "custo_obra": 585584.93,
    "departamento_fiscal": "DEPARTAMENTO DE PROJETOS E ACOMPANHAMENTO DE OBRAS DA SAÚDE",
    "email": "https://www.riopreto.sp.gov.br/ouvidoria",
    "emp_construtora": "MADRI ISKI - CONSTRUÇÕES LTDA",
    "eng_resp": "ANTONIO ADRIANO RABESCO ISQUI",
    "finalidade": "TOP/0026/23 - REFORMA SAMU",
    "globalid": "{F110BB3A-999A-4EAC-9154-212ADB317410}",
    "inic_obra": 1702263600000,
    "last_edited_date": 1780063123129,
    "last_edited_user": "lquinto",
    "nr_autorização": null,
    "objectid": 185,
    "orig_recurso": "FR 05 - repasse federal e FR 01 - recursos próprios",
    "qtd_arvores_suprimidas": null,
    "secretaria_fiscal": "saude",
    "status": "concluido",
    "telefone": "3203-1230",
    "term_obra": 1741143600000
   },
   "type": "Feature"
  },
  {
   "geometry": {
    "coordinates": [
     -49.40944228997811,
     -20.812785927011628
    ],
    "type": "Point"
   },
   "id": 186,
   "properties": {
    "alcance_social": "MUNÍCIPES",
    "autorizado_por": null,
    "contrato": "PRE/0015/25",
    "created_date": 1774458033241,
    "created_user": "bcribeiro",
    "custo_obra": 252839.21,
    "departamento_fiscal": "COORDENADORIA DE OBRAS PÚBLICAS",
    "email": "https://www.riopreto.sp.gov.br/ouvidoria",
    "emp_construtora": "LGR CONSTRUTORA LTDA",
    "eng_resp": "EDGARD CELSO TEIXEIRA",
    "finalidade": "PRE/0015/25 - EXECUÇÃO DA OBRA DE CONSTRUÇÃO DE 920 (NOVECENTAS E VINTE) GAVETAS NO CEMITÉRIO SÃO JOÃO BATISTA",
    "globalid": "{FB006369-16B7-4BCD-AB3E-D431C79BE5A7}",
    "inic_obra": 1747364400000,
    "last_edited_date": 1780063111984,
    "last_edited_user": "lquinto",
    "nr_autorização": null,
    "objectid": 186,
    "orig_recurso": "OPERAÇÃO DE CRÉDITO",
    "qtd_arvores_suprimidas": null,
    "secretaria_fiscal": "obras",
    "status": "concluido",
    "telefone": "(17) 3203 1230",
    "term_obra": 1761620400000
   },
   "type": "Feature"
  },
  {
   "geometry": {
    "coordinates": [
     -49.311710238542446,
     -20.862256079302654
    ],
    "type": "Point"
   },
   "id": 188,
   "properties": {
    "alcance_social": "MUNÍCIPES",
    "autorizado_por": null,
    "contrato": "PRE/0021/25",
    "created_date": 1774459300360,
    "created_user": "bcribeiro",
    "custo_obra": 2753090.67,
    "departamento_fiscal": "COORDENADORIA DE OBRAS PÚBLICAS",
    "email": "https://www.riopreto.sp.gov.br/ouvidoria",
    "emp_construtora": "LGR CONSTRUTORA LTDA",
    "eng_resp": "EDGARD CELSO TEIXEIRA",
    "finalidade": "PRE/0021/25 - EXECUÇÃO DE OBRA DE AMPLIAÇÃO DE CEMITÉRIO DO DISTRITO DE ENGENHEIRO SCHMITT",
    "globalid": "{BCE04A9C-7712-46A3-85E6-6400479D337B}",
    "inic_obra": 1750215600000,
    "last_edited_date": 1780063102525,
    "last_edited_user": "lquinto",
    "nr_autorização": null,
    "objectid": 188,
    "orig_recurso": "OPERAÇÃO DE CRÉDITO",
    "qtd_arvores_suprimidas": null,
    "secretaria_fiscal": "obras",
    "status": "andamento",
    "telefone": "(17) 3203 1230",
    "term_obra": 1781319600000
   },
   "type": "Feature"
  },
  {
   "geometry": {
    "coordinates": [
     -49.412302895050324,
     -20.77375559915502
    ],
    "type": "Point"
   },
   "id": 189,
   "properties": {
    "alcance_social": "TODA A POPULAÇÃO",
    "autorizado_por": null,
    "contrato": "PRE/0087/25",
    "created_date": 1775827035882,
    "created_user": "dbalmeida",
    "custo_obra": 427194.55,
    "departamento_fiscal": "DEPARTAMENTO DE INFRAESTRUTURA",
    "email": "SMOBRAS@RIOPRETO.SP.GOV.BR",
    "emp_construtora": "CONSTROESTE CONSTRUTORA E PARTICIPAÇÕES",
    "eng_resp": "CAMILA DO CARMO FARIA DE BARROS RUIZ",
    "finalidade": "PRE/0087/25 - RECAPEAMENTO",
    "globalid": "{1F0BB01D-DFE3-4E98-B6E5-AED820C36D4A}",
    "inic_obra": 1769482800000,
    "last_edited_date": 1780063090197,
    "last_edited_user": "lquinto",
    "nr_autorização": null,
    "objectid": 189,
    "orig_recurso": "RECURSO FEDERAL",
    "qtd_arvores_suprimidas": null,
    "secretaria_fiscal": "obras",
    "status": "concluido",
    "telefone": "01732031230",
    "term_obra": 1772074800000
   },
   "type": "Feature"
  },
  {
   "geometry": {
    "coordinates": [
     -49.39674553588836,
     -20.774488248674878
    ],
    "type": "Point"
   },
   "id": 190,
   "properties": {
    "alcance_social": "TODA A POULAÇÃO",
    "autorizado_por": null,
    "contrato": "DPL/0110/25",
    "created_date": 1775828337112,
    "created_user": "dbalmeida",
    "custo_obra": 121231.62,
    "departamento_fiscal": "INFRAESTRUTURA",
    "email": "SMOBRAS@RIOPRETO.SP.GOV.BR",
    "emp_construtora": "NOROESTE CONSTRUTORA PAULISTA LTDA",
    "eng_resp": "TARLEI RODRIGUES JUNIOR",
    "finalidade": "DPL/0110/25 - BOLSÃO DE ESTACIONAMENTO",
    "globalid": "{4F01A3F4-F1E9-4971-A361-EDF108C6E996}",
    "inic_obra": 1761879600000,
    "last_edited_date": 1780063080048,
    "last_edited_user": "lquinto",
    "nr_autorização": null,
    "objectid": 190,
    "orig_recurso": "RECURSO PRÓPRIO",
    "qtd_arvores_suprimidas": null,
    "secretaria_fiscal": "obras",
    "status": "concluido",
    "telefone": "01732031230",
    "term_obra": 1764471600000
   },
   "type": "Feature"
  },
  {
   "geometry": {
    "coordinates": [
     -49.31910894737708,
     -20.77260000043133
    ],
    "type": "Point"
   },
   "id": 191,
   "properties": {
    "alcance_social": "TODA A POPULAÇÃO",
    "autorizado_por": null,
    "contrato": "DPL/0128/25",
    "created_date": 1775829056279,
    "created_user": "dbalmeida",
    "custo_obra": 123313.41,
    "departamento_fiscal": "COORDENADORIA DE OBRAS PÚBLICAS",
    "email": "https://www.riopreto.sp.gov.br/ouvidoria",
    "emp_construtora": "NOROESTE CONSTRUTORA PAULISTA LTDA",
    "eng_resp": "TARLEI RODRIGUES JUNIOR",
    "finalidade": "DPL/0128/25 - EXECUÇÃO DE BOLSÃO DE ESTACIONAMENTO",
    "globalid": "{AEA95C58-34F1-4033-9744-363E6E1682D3}",
    "inic_obra": 1765422000000,
    "last_edited_date": 1780063057182,
    "last_edited_user": "lquinto",
    "nr_autorização": null,
    "objectid": 191,
    "orig_recurso": "RECURSO PRÓPRIO",
    "qtd_arvores_suprimidas": null,
    "secretaria_fiscal": "obras",
    "status": "concluido",
    "telefone": "17 3203 1230",
    "term_obra": 1773198000000
   },
   "type": "Feature"
  },
  {
   "geometry": {
    "coordinates": [
     -49.34467156430716,
     -20.843936549237117
    ],
    "type": "Point"
   },
   "id": 192,
   "properties": {
    "alcance_social": "Munícipes",
    "autorizado_por": null,
    "contrato": "PRE/0089/25",
    "created_date": 1775845341368,
    "created_user": "alitoledo",
    "custo_obra": 185183.64,
    "departamento_fiscal": "Coordenadoria de Obras Públicas",
    "email": "http://www.riopreto.sp.gob.br/ouvidoria",
    "emp_construtora": "CONSTRUTORA RIO OBRAS",
    "eng_resp": "Diego Marlon Mariano",
    "finalidade": "PRE/0089/25 - Reforma do P.S. Vila Toninho",
    "globalid": "{3756BD0B-B0EF-4428-9279-59895017D317}",
    "inic_obra": 1769137200000,
    "last_edited_date": 1780063047453,
    "last_edited_user": "lquinto",
    "nr_autorização": null,
    "objectid": 192,
    "orig_recurso": "Recurso Próprio",
    "qtd_arvores_suprimidas": null,
    "secretaria_fiscal": "saude",
    "status": "andamento",
    "telefone": "32031230",
    "term_obra": 1789873200000
   },
   "type": "Feature"
  },
  {
   "geometry": {
    "coordinates": [
     -49.3731801756688,
     -20.773139417506552
    ],
    "type": "Point"
   },
   "id": 193,
   "properties": {
    "alcance_social": "Munícipes",
    "autorizado_por": null,
    "contrato": "2/25",
    "created_date": 1775845461121,
    "created_user": "alitoledo",
    "custo_obra": 124504.22,
    "departamento_fiscal": "Coordenadoria de Obras Públicas",
    "email": "http://ww.riopreto.sp.gov.br/ouvidoria",
    "emp_construtora": "Construtora Rio Obras",
    "eng_resp": "Diego Marlon Mariano",
    "finalidade": "2/25 - EMPREITADA DE MÃO DE OBRA COM FORNECIMENTO DE MATERIAIS E EQUIPAMENTOS PARA A EXECUÇÃO DA OBRA DE CONSTRUÇÃO DE MURO DE DIVISA E REFORMA DO REFEITÓRIO NO CENTRO DE ATENÇÃO PSICOSSOCIAL ÁLCOOL E DROGAS NORT",
    "globalid": "{604EF373-94F2-4D29-A780-300E4A387021}",
    "inic_obra": 1766372400000,
    "last_edited_date": 1780063037173,
    "last_edited_user": "lquinto",
    "nr_autorização": null,
    "objectid": 193,
    "orig_recurso": "Recursos Próprios Municipais",
    "qtd_arvores_suprimidas": null,
    "secretaria_fiscal": "saude",
    "status": "concluido",
    "telefone": "32031230",
    "term_obra": 1768964400000
   },
   "type": "Feature"
  },
  {
   "geometry": {
    "coordinates": [
     -49.35895608617004,
     -20.79099709371367
    ],
    "type": "Point"
   },
   "id": 194,
   "properties": {
    "alcance_social": "Munícipes da cidade e região",
    "autorizado_por": null,
    "contrato": "PRE/0042/25",
    "created_date": 1775845602224,
    "created_user": "alitoledo",
    "custo_obra": 233047.35,
    "departamento_fiscal": "Coordenadoria de Obras Públicas",
    "email": "http://www.riopreto.sp.gov.br/ouvidoria",
    "emp_construtora": "LC EMPREENDIMENTOS E CONSTRUÇÕES LTDA",
    "eng_resp": "Lucas Lauriano Canalle",
    "finalidade": "PRE/0042/25 - REFORMA DO POSTO DO CORPO DE BOMBEIROS JD. ALTO ALEGRE",
    "globalid": "{13260EC9-009E-4210-A287-EC2B8A0F88C4}",
    "inic_obra": 1758250800000,
    "last_edited_date": 1780063019877,
    "last_edited_user": "lquinto",
    "nr_autorização": null,
    "objectid": 194,
    "orig_recurso": "Recursos Próprios",
    "qtd_arvores_suprimidas": null,
    "secretaria_fiscal": "obras",
    "status": "concluido",
    "telefone": "32031230",
    "term_obra": 1778986800000
   },
   "type": "Feature"
  },
  {
   "geometry": {
    "coordinates": [
     -49.353837939330354,
     -20.758566537426145
    ],
    "type": "Point"
   },
   "id": 195,
   "properties": {
    "alcance_social": "Produtores Rurais e Munícipes",
    "autorizado_por": "municipio",
    "contrato": "COC/0001/25",
    "created_date": 1775845741742,
    "created_user": "alitoledo",
    "custo_obra": 76931.94,
    "departamento_fiscal": "Coordenadoria de Obras Públicas",
    "email": "http://www.riopreto.sp.gov.br/ouvidoria",
    "emp_construtora": "FLANT CONSTRUTORA LTDA",
    "eng_resp": "Patrícia Vieira De Moraes Feliciano",
    "finalidade": "COC/0001/25 - CONSTRUÇÃO DE GALPÃO PARA PACKING HOUSE",
    "globalid": "{E865B4B8-3638-4D04-8096-E76495C56EAB}",
    "inic_obra": 1755486000000,
    "last_edited_date": 1780063008540,
    "last_edited_user": "lquinto",
    "nr_autorização": null,
    "objectid": 195,
    "orig_recurso": "Recurso Federal",
    "qtd_arvores_suprimidas": null,
    "secretaria_fiscal": "agricultura_abastecimento",
    "status": "concluido",
    "telefone": "17-3203-1230",
    "term_obra": 1776308400000
   },
   "type": "Feature"
  },
  {
   "geometry": {
    "coordinates": [
     -49.39840680112306,
     -20.747047086135144
    ],
    "type": "Point"
   },
   "id": 196,
   "properties": {
    "alcance_social": "Munícipes",
    "autorizado_por": null,
    "contrato": "PRE/0058/25",
    "created_date": 1776342123582,
    "created_user": "alitoledo",
    "custo_obra": 185119.27,
    "departamento_fiscal": "Coordenadoria de Obras Públicas",
    "email": "http://www.riopreto.sp.gov.br/ouvidoria",
    "emp_construtora": "CONSTRUTORA RIO OBRAS",
    "eng_resp": "Diego Marlon Mariano",
    "finalidade": "PRE/0058/25",
    "globalid": "{094594E2-32E4-4BAD-97F6-294C29F93470}",
    "inic_obra": 1768446000000,
    "last_edited_date": 1780062999719,
    "last_edited_user": "lquinto",
    "nr_autorização": null,
    "objectid": 196,
    "orig_recurso": "Repasse Federal",
    "qtd_arvores_suprimidas": null,
    "secretaria_fiscal": "esporte_lazer",
    "status": "andamento",
    "telefone": "32031230",
    "term_obra": 1778814000000
   },
   "type": "Feature"
  },
  {
   "geometry": {
    "coordinates": [
     -49.386478697692674,
     -20.753392157946152
    ],
    "type": "Point"
   },
   "id": 197,
   "properties": {
    "alcance_social": "Munícipes",
    "autorizado_por": null,
    "contrato": "COC/0001/26",
    "created_date": 1776342510218,
    "created_user": "alitoledo",
    "custo_obra": 342475.21,
    "departamento_fiscal": "Coordenadoria de Obras Públicas",
    "email": "hppt://www.riopreto.sp.gov.br/ouvidoria",
    "emp_construtora": "CONSTRUTORA RIO OBRAS",
    "eng_resp": "Diego Marlon  Mariano",
    "finalidade": "COC/0001/26",
    "globalid": "{6C676D28-8907-4059-815D-B579C784BDEE}",
    "inic_obra": 1768878000000,
    "last_edited_date": 1780062990260,
    "last_edited_user": "lquinto",
    "nr_autorização": null,
    "objectid": 197,
    "orig_recurso": "Repasse Federal e Recursos Próprios",
    "qtd_arvores_suprimidas": null,
    "secretaria_fiscal": "educacao",
    "status": "andamento",
    "telefone": "3203-1230",
    "term_obra": 1810263600000
   },
   "type": "Feature"
  },
  {
   "geometry": {
    "coordinates": [
     -49.37144889574084,
     -20.818381332940337
    ],
    "type": "Point"
   },
   "id": 198,
   "properties": {
    "alcance_social": "TODA A POPULAÇÃO",
    "autorizado_por": null,
    "contrato": "PRE/0035/26",
    "created_date": 1779303030936,
    "created_user": "bcribeiro",
    "custo_obra": 1645786.47,
    "departamento_fiscal": "COORDENADORIA DE OBRAS PÚBLICAS",
    "email": "https://www.riopreto.sp.gov.br/ouvidoria",
    "emp_construtora": "CONSTRUTORA RIO OBRAS COMÉRCIO DE MATERIAIS PARA CONSTRUÇÃO LTDA",
    "eng_resp": "DIEGO MARLON MARIANO",
    "finalidade": "PRE/0035/26 - EXECUÇÃO DA OBRA DE REFORMA DO VELÓRIO E ADMINISTRAÇÃO DO CEMITÉRIO DA RESSURREIÇÃO.",
    "globalid": "{975C84A3-5375-4E5F-B51C-4F35BC3A8AB6}",
    "inic_obra": 1778036400000,
    "last_edited_date": 1780062984579,
    "last_edited_user": "lquinto",
    "nr_autorização": null,
    "objectid": 198,
    "orig_recurso": "RECURSO PRÓPRIO",
    "qtd_arvores_suprimidas": null,
    "secretaria_fiscal": "obras",
    "status": "andamento",
    "telefone": "17 3203 1230",
    "term_obra": 1798772400000
   },
   "type": "Feature"
  },
  {
   "geometry": {
    "coordinates": [
     -49.37409239507688,
     -20.763246861879356
    ],
    "type": "Point"
   },
   "id": 199,
   "properties": {
    "alcance_social": "TODA A POPULAÇÃO",
    "autorizado_por": null,
    "contrato": "DPL/0101/25",
    "created_date": 1779306229753,
    "created_user": "bcribeiro",
    "custo_obra": 124691.38,
    "departamento_fiscal": "COORDENADORIA DE OBRAS PÚBLICAS",
    "email": "https://www.riopreto.sp.gov.br/ouvidoria",
    "emp_construtora": "LGR CONSTRUTORA LTDA",
    "eng_resp": "EDGARD CELSO TEIXEIRA",
    "finalidade": "DPL/0101/25 - EXECUÇÃO DE OBRA DE COMPLEMENTO DE MICRODRENAGEM NA AV. VALDOMIRO LOPES DA SILVA",
    "globalid": "{09B41B61-B16B-4095-B8F1-FB2637F35F44}",
    "inic_obra": 1760065200000,
    "last_edited_date": 1780062963577,
    "last_edited_user": "lquinto",
    "nr_autorização": null,
    "objectid": 199,
    "orig_recurso": "RECURSO PRÓPRIO",
    "qtd_arvores_suprimidas": null,
    "secretaria_fiscal": "obras",
    "status": "concluido",
    "telefone": "17 3203 1230",
    "term_obra": 1762657200000
   },
   "type": "Feature"
  },
  {
   "geometry": {
    "coordinates": [
     -49.375423191678124,
     -20.80916206027054
    ],
    "type": "Point"
   },
   "id": 200,
   "properties": {
    "alcance_social": "TODA A POPULAÇÃO",
    "autorizado_por": null,
    "contrato": "PRE/0062/25",
    "created_date": 1779714489329,
    "created_user": "bcribeiro",
    "custo_obra": 188000.0,
    "departamento_fiscal": "COORDENADORIA DE OBRAS PÚBLICAS",
    "email": "https://www.riopreto.sp.gov.br/ouvidoria",
    "emp_construtora": "C & F EMPREEND ELETR TELEFONICOS E SERV LTDA EPP",
    "eng_resp": "Denis Cantoia Figueiredo",
    "finalidade": "PRE/0062/25 - REFORMA, AUMENTO DE CARGA E MUDANÇA DO POSTO DE TRANSFORMAÇÃO DE ENERGIA ELÉTRICA PARA O PRÉDIO DA BIBLIOTECA MUNICIPAL (PRAÇA JORNALISTA LEONARDO GOMES, Nº 01 - CENTRO)",
    "globalid": "{E23C30B8-38C5-448E-A956-168340E4A392}",
    "inic_obra": 1762916400000,
    "last_edited_date": 1780062944754,
    "last_edited_user": "lquinto",
    "nr_autorização": null,
    "objectid": 200,
    "orig_recurso": "OPERAÇÃO DE CRÉDITO",
    "qtd_arvores_suprimidas": null,
    "secretaria_fiscal": "obras",
    "status": "andamento",
    "telefone": "173203 1230",
    "term_obra": 1784948400000
   },
   "type": "Feature"
  },
  {
   "geometry": {
    "coordinates": [
     -49.353634609259046,
     -20.810838456433892
    ],
    "type": "Point"
   },
   "id": 201,
   "properties": {
    "alcance_social": "TODA A POPULAÇÃO",
    "autorizado_por": null,
    "contrato": "PRE/0073/25",
    "created_date": 1779714969025,
    "created_user": "bcribeiro",
    "custo_obra": 885389.55,
    "departamento_fiscal": "COORDENADORIA DE OBRAS PÚBLICAS",
    "email": "https://www.riopreto.sp.gov.br/ouvidoria",
    "emp_construtora": "CONSTROESTE CONSTRUTORA E PARTICIPACOES LTDA",
    "eng_resp": "KLÉBER ELÍDIO DA SILVA",
    "finalidade": "PRE/0073/25 - READEQUAÇÃO E COMPLEMENTAÇÃO DO SISTEMA DE ILUMINAÇÃO PÚBLICA ORNAMENTAL (LED) DA PONTE JÚLIO ZACARIN  (\"PONTE ESTAIADA\")...",
    "globalid": "{2F92AF35-0484-43A6-B9D8-2746CEADD974}",
    "inic_obra": 1763953200000,
    "last_edited_date": 1780062895374,
    "last_edited_user": "lquinto",
    "nr_autorização": null,
    "objectid": 201,
    "orig_recurso": "RECURSO PRÓPRIO",
    "qtd_arvores_suprimidas": null,
    "secretaria_fiscal": "obras",
    "status": "concluido",
    "telefone": "17 3203 1230",
    "term_obra": 1769137200000
   },
   "type": "Feature"
  }
 ],
 "type": "FeatureCollection"
}