{
 "features": [
  {
   "geometry": {
    "coordinates": [
     [
      -49.37129905438994,
      -20.786557934930403
     ],
     [
      -49.371377185890914,
      -20.78585447920805
     ]
    ],
    "type": "LineString"
   },
   "id": 3,
   "properties": {
    "DESCRIÇÃO": "Interligação da Avenida Vinte e Cinco de Janeiro, da Avenida Maria da Silva Dória até a Avenida Solon da Silva Varginha, entre os loteamentos Jd. Santa Rosa I e Vila Novaes. ",
    "LEI_ANTERIOR": "Lei 9711/2006 - Item 2",
    "NUMERO_LEI": 8,
    "OBJECTID": 3,
    "SHAPE.LEN": 78.30276205045391
   },
   "type": "Feature"
  },
  {
   "geometry": {
    "coordinates": [
     [
      -49.38980863774151,
      -20.828554381149882
     ],
     [
      -49.39117651991614,
      -20.82799907725176
     ]
    ],
    "type": "LineString"
   },
   "id": 4,
   "properties": {
    "DESCRIÇÃO": "Prolongamento na mesma largura da Rua Alexandre Rosa, da Rua dos Radialistas Riopretenses até a Avenida José Munia.",
    "LEI_ANTERIOR": "Lei 9711/2006 - Item 23",
    "NUMERO_LEI": 23,
    "OBJECTID": 4,
    "SHAPE.LEN": 155.079657075711
   },
   "type": "Feature"
  },
  {
   "geometry": {
    "coordinates": [
     [
      -49.390269929037096,
      -20.827195509425668
     ],
     [
      -49.389096671282445,
      -20.82784336954596
     ]
    ],
    "type": "LineString"
   },
   "id": 5,
   "properties": {
    "DESCRIÇÃO": "Prolongamento na mesma largura da Rua Francisco Cal, da Rua dos Radialistas Riopretenses até a Avenida José Munia.",
    "LEI_ANTERIOR": "Lei 9711/2006 - Item 24",
    "NUMERO_LEI": 24,
    "OBJECTID": 5,
    "SHAPE.LEN": 141.622479453122
   },
   "type": "Feature"
  },
  {
   "geometry": {
    "coordinates": [
     [
      -49.35708783699971,
      -20.819280690964572
     ],
     [
      -49.35405720587034,
      -20.822449920595528
     ]
    ],
    "type": "LineString"
   },
   "id": 6,
   "properties": {
    "DESCRIÇÃO": "Prolongamento na mesma largura da Avenida de Maio, da Rua Salua José Hallal até a Avenida Marginal Dr. Lineu de Alcântara Gil.",
    "LEI_ANTERIOR": "Lei 9711/2006 - Item 27",
    "NUMERO_LEI": 25,
    "OBJECTID": 6,
    "SHAPE.LEN": 471.827919157663
   },
   "type": "Feature"
  },
  {
   "geometry": {
    "coordinates": [
     [
      -49.33406422653274,
      -20.857657773020417
     ],
     [
      -49.33334205013085,
      -20.857111728302968
     ],
     [
      -49.332759795799255,
      -20.8563098818672
     ]
    ],
    "type": "LineString"
   },
   "id": 7,
   "properties": {
    "DESCRIÇÃO": "Abertura da Avenida Marginal do Córrego Santa Regina (atual Avenida Antonio Cabrera Mano), da Rua Maria Ceron Volpe, na Vila Toninho, até a Rua Ademir Fernandes, no Residencial Vila Verde.",
    "LEI_ANTERIOR": "Lei 9711/2006 - Item 30",
    "NUMERO_LEI": 26,
    "OBJECTID": 7,
    "SHAPE.LEN": 203.93270706157602
   },
   "type": "Feature"
  },
  {
   "geometry": {
    "coordinates": [
     [
      -49.39028439399891,
      -20.815305829600973
     ],
     [
      -49.38971808393442,
      -20.815903647129932
     ]
    ],
    "type": "LineString"
   },
   "id": 8,
   "properties": {
    "DESCRIÇÃO": "Prolongamento na mesma largura da Rua Cila, da Rua Imperial até a Rua Benjamin Constant.",
    "LEI_ANTERIOR": "Lei 9711/2006 - Item 33",
    "NUMERO_LEI": 27,
    "OBJECTID": 8,
    "SHAPE.LEN": 88.6294758992176
   },
   "type": "Feature"
  },
  {
   "geometry": {
    "coordinates": [
     [
      -49.41672737896244,
      -20.82613214150997
     ],
     [
      -49.41597458916829,
      -20.826846302433136
     ],
     [
      -49.41439019416998,
      -20.82763470515203
     ],
     [
      -49.411866814423995,
      -20.828865699735697
     ],
     [
      -49.40932459701539,
      -20.830127103292106
     ],
     [
      -49.40833233809824,
      -20.83062238309183
     ],
     [
      -49.40791946673033,
      -20.829955040194427
     ],
     [
      -49.405358561942975,
      -20.83091677676809
     ]
    ],
    "type": "LineString"
   },
   "id": 322,
   "properties": {
    "DESCRIÇÃO": "Prolongamento na mesma largura da Avenida Marco Costantini, da Avenida Juscelino Kubitschek até o Distrito Industrial Dr. Ulysses da Silveira Guimarães.",
    "LEI_ANTERIOR": "Lei 9711/2006 - Item 3",
    "NUMERO_LEI": 9,
    "OBJECTID": 322,
    "SHAPE.LEN": 1382.3908214098701
   },
   "type": "Feature"
  },
  {
   "geometry": {
    "coordinates": [
     [
      -49.40528928154813,
      -20.830788588650456
     ],
     [
      -49.40797641888819,
      -20.82976193992337
     ],
     [
      -49.408402103217156,
      -20.830411325357684
     ],
     [
      -49.41012592808538,
      -20.82959433124422
     ],
     [
      -49.41139246329111,
      -20.82895601222995
     ],
     [
      -49.41325691947346,
      -20.828068763318417
     ],
     [
      -49.414274065563816,
      -20.82755714890915
     ],
     [
      -49.415848543813,
      -20.82674475544235
     ],
     [
      -49.41612083517253,
      -20.82647480656584
     ],
     [
      -49.416652369100234,
      -20.826010645182286
     ]
    ],
    "type": "LineString"
   },
   "id": 323,
   "properties": {
    "DESCRIÇÃO": "Prolongamento na mesma largura da Avenida Marco Costantini, da Avenida Juscelino Kubitschek até o Distrito Industrial Dr. Ulysses da Silveira Guimarães.",
    "LEI_ANTERIOR": "Lei 9711/2006 - Item 3",
    "NUMERO_LEI": 9,
    "OBJECTID": 323,
    "SHAPE.LEN": 1378.03187529453
   },
   "type": "Feature"
  },
  {
   "geometry": {
    "coordinates": [
     [
      -49.40276496103445,
      -20.84416548334943
     ],
     [
      -49.40410582376995,
      -20.844163633607405
     ],
     [
      -49.40871718667937,
      -20.84315072338357
     ],
     [
      -49.41073922645092,
      -20.84265752382675
     ]
    ],
    "type": "LineString"
   },
   "id": 324,
   "properties": {
    "DESCRIÇÃO": "Prolongamento na mesma largura da Avenida Benedito Rodrigues Lisboa, da Avenida Anísio Haddad até a Avenida Juscelino Kubitschek de Oliveira.",
    "LEI_ANTERIOR": "Lei 9711/2006 - Item 6",
    "NUMERO_LEI": 10,
    "OBJECTID": 324,
    "SHAPE.LEN": 849.7936673331311
   },
   "type": "Feature"
  },
  {
   "geometry": {
    "coordinates": [
     [
      -49.41083590234721,
      -20.843007264239617
     ],
     [
      -49.40884331459049,
      -20.843489084610937
     ],
     [
      -49.40595242758087,
      -20.844125580482462
     ],
     [
      -49.404246800567286,
      -20.844501087295814
     ],
     [
      -49.402720793826056,
      -20.844539046575278
     ]
    ],
    "type": "LineString"
   },
   "id": 325,
   "properties": {
    "DESCRIÇÃO": "Prolongamento na mesma largura da Avenida Benedito Rodrigues Lisboa, da Avenida Anísio Haddad até a Avenida Juscelino Kubitschek de Oliveira.",
    "LEI_ANTERIOR": "Lei 9711/2006 - Item 6",
    "NUMERO_LEI": 10,
    "OBJECTID": 325,
    "SHAPE.LEN": 864.305036180933
   },
   "type": "Feature"
  },
  {
   "geometry": {
    "coordinates": [
     [
      -49.421933572956,
      -20.840549005357207
     ],
     [
      -49.4176034840789,
      -20.841516230199165
     ]
    ],
    "type": "LineString"
   },
   "id": 327,
   "properties": {
    "DESCRIÇÃO": "Prolongamento e abertura na mesma largura da Avenida Dr. Joaquim Nagamine, da Avenida Mário Martins André até a Rua República do Líbano.",
    "LEI_ANTERIOR": "Lei 9711/2006 - Item 6",
    "NUMERO_LEI": 12,
    "OBJECTID": 327,
    "SHAPE.LEN": 463.19334023850104
   },
   "type": "Feature"
  },
  {
   "geometry": {
    "coordinates": [
     [
      -49.42034860124737,
      -20.837909912043994
     ],
     [
      -49.42090882265526,
      -20.837537091637106
     ],
     [
      -49.4228269942301,
      -20.836087333095655
     ],
     [
      -49.423951868349086,
      -20.83498779677434
     ],
     [
      -49.424866826405534,
      -20.833687520916552
     ],
     [
      -49.42530330625186,
      -20.8326638097408
     ],
     [
      -49.425575375318104,
      -20.83217037430369
     ],
     [
      -49.426209284933435,
      -20.83110664845337
     ],
     [
      -49.42655961186075,
      -20.830781128372262
     ],
     [
      -49.426914542902175,
      -20.83051561076703
     ],
     [
      -49.427343429410065,
      -20.83022079066182
     ],
     [
      -49.427617685343705,
      -20.830127705933933
     ],
     [
      -49.42801268607094,
      -20.830035727675213
     ],
     [
      -49.42822962391307,
      -20.82995406615858
     ],
     [
      -49.428892943394345,
      -20.829442704847327
     ],
     [
      -49.42949363417766,
      -20.8288005032181
     ],
     [
      -49.42994250500297,
      -20.8284162318882
     ],
     [
      -49.43053167642227,
      -20.82798544292955
     ],
     [
      -49.43094746807236,
      -20.827726344291463
     ],
     [
      -49.432427628141205,
      -20.82656278611646
     ],
     [
      -49.433362417492894,
      -20.825896141282858
     ],
     [
      -49.43363758910938,
      -20.825713427181462
     ],
     [
      -49.4347245748528,
      -20.825078041104703
     ],
     [
      -49.43575787431816,
      -20.82447083921285
     ],
     [
      -49.436437003682514,
      -20.823695485080982
     ],
     [
      -49.4367663838439,
      -20.823470407837323
     ],
     [
      -49.43704793868669,
      -20.82287648391352
     ],
     [
      -49.437144401432796,
      -20.822396960540736
     ],
     [
      -49.43708687277157,
      -20.822059436675538
     ],
     [
      -49.43687794157954,
      -20.821612978818358
     ],
     [
      -49.436518054472295,
      -20.821014569446966
     ],
     [
      -49.43608051007128,
      -20.82055168489646
     ],
     [
      -49.43549075295942,
      -20.820058729369123
     ],
     [
      -49.435271242523335,
      -20.819898980700557
     ],
     [
      -49.435135761156396,
      -20.819725659458655
     ],
     [
      -49.43513583520374,
      -20.81971848949832
     ]
    ],
    "type": "LineString"
   },
   "id": 329,
   "properties": {
    "DESCRIÇÃO": "Abertura da segunda pista da Avenida Abelardo Menezes, na rotatória da Rua Hélio Negrelli até o dispositivo de acesso da Rodovia Washington Luís no Km 444.",
    "LEI_ANTERIOR": "Lei 9711/2006 - Item 7",
    "NUMERO_LEI": 13,
    "OBJECTID": 329,
    "SHAPE.LEN": 2885.01289829145
   },
   "type": "Feature"
  },
  {
   "geometry": {
    "coordinates": [
     [
      -49.392341814435234,
      -20.83522907758775
     ],
     [
      -49.38891854657404,
      -20.83827709911095
     ]
    ],
    "type": "LineString"
   },
   "id": 332,
   "properties": {
    "DESCRIÇÃO": "Prolongamento na mesma largura da Avenida Francisco das Chagas de Oliveira da Rua Paulo Vidalli até a Avenida José Munia.",
    "LEI_ANTERIOR": "Lei 9711/2006 - Item 11",
    "NUMERO_LEI": 15,
    "OBJECTID": 332,
    "SHAPE.LEN": 490.72098323936603
   },
   "type": "Feature"
  },
  {
   "geometry": {
    "coordinates": [
     [
      -49.39230671359563,
      -20.835090596108376
     ],
     [
      -49.38882689497361,
      -20.838186279654746
     ]
    ],
    "type": "LineString"
   },
   "id": 333,
   "properties": {
    "DESCRIÇÃO": "Prolongamento na mesma largura da Avenida Francisco das Chagas de Oliveira da Rua Paulo Vidalli até a Avenida José Munia.",
    "LEI_ANTERIOR": "Lei 9711/2006 - Item 11",
    "NUMERO_LEI": 15,
    "OBJECTID": 333,
    "SHAPE.LEN": 498.62294294847703
   },
   "type": "Feature"
  },
  {
   "geometry": {
    "coordinates": [
     [
      -49.387087596079894,
      -20.850286634295102
     ],
     [
      -49.38534969158791,
      -20.844422752763595
     ],
     [
      -49.3852090770465,
      -20.84393968537527
     ],
     [
      -49.38470832976624,
      -20.84226521224269
     ],
     [
      -49.38592860157158,
      -20.841081303285776
     ]
    ],
    "type": "LineString"
   },
   "id": 334,
   "properties": {
    "DESCRIÇÃO": "Prolongamento na mesma largura da Avenida Francisco das Chagas de Oliveira, com início na Rua Luiz Carlos Spínola até a Avenida Otaviano Fava (marginal da Rodovia BR-153).",
    "LEI_ANTERIOR": "Lei 9711/2006 - Item 11",
    "NUMERO_LEI": 16,
    "OBJECTID": 334,
    "SHAPE.LEN": 1104.42700011701
   },
   "type": "Feature"
  },
  {
   "geometry": {
    "coordinates": [
     [
      -49.38582903057839,
      -20.84099553030312
     ],
     [
      -49.38501279197527,
      -20.841788867780476
     ],
     [
      -49.38456301554449,
      -20.842226019018483
     ],
     [
      -49.3847791818049,
      -20.84297046080722
     ],
     [
      -49.38505782709935,
      -20.843930058803696
     ],
     [
      -49.38531457746433,
      -20.84481424659605
     ],
     [
      -49.38586369323134,
      -20.846705237395806
     ],
     [
      -49.38603511130312,
      -20.847295544097065
     ],
     [
      -49.386315598499884,
      -20.848261434964453
     ],
     [
      -49.386502391504195,
      -20.848904673020147
     ],
     [
      -49.386903206293,
      -20.850284896143354
     ]
    ],
    "type": "LineString"
   },
   "id": 335,
   "properties": {
    "DESCRIÇÃO": "Prolongamento na mesma largura da Avenida Francisco das Chagas de Oliveira, com início na Rua Luiz Carlos Spínola até a Avenida Otaviano Fava (marginal da Rodovia BR-153).",
    "LEI_ANTERIOR": "Lei 9711/2006 - Item 11",
    "NUMERO_LEI": 16,
    "OBJECTID": 335,
    "SHAPE.LEN": 1114.35809698518
   },
   "type": "Feature"
  },
  {
   "geometry": {
    "coordinates": [
     [
      -49.3889900857369,
      -20.84114011149667
     ],
     [
      -49.38926644477855,
      -20.8440293100617
     ]
    ],
    "type": "LineString"
   },
   "id": 337,
   "properties": {
    "DESCRIÇÃO": "Prolongamento na mesma largura da Rua Duarte Pacheco, do Condomínio Green Village até a Avenida Benedito Rodrigues Lisboa.",
    "LEI_ANTERIOR": "Lei 9711/2006 - Item 13",
    "NUMERO_LEI": 17,
    "OBJECTID": 337,
    "SHAPE.LEN": 321.151198487519
   },
   "type": "Feature"
  },
  {
   "geometry": {
    "coordinates": [
     [
      -49.390848062963386,
      -20.83632060160432
     ],
     [
      -49.39282287171158,
      -20.84116877900022
     ]
    ],
    "type": "LineString"
   },
   "id": 338,
   "properties": {
    "DESCRIÇÃO": "Prolongamento da Avenida Romeu Strazzi com largura de 14,00 metros, do loteamento Higienópolis até a Rua Geraldo Mattos Cunha do Jardim Vivendas.",
    "LEI_ANTERIOR": "Lei 9711/2006 - Item 14",
    "NUMERO_LEI": 18,
    "OBJECTID": 338,
    "SHAPE.LEN": 574.7425263084771
   },
   "type": "Feature"
  },
  {
   "geometry": {
    "coordinates": [
     [
      -49.386917889728885,
      -20.814591785536948
     ],
     [
      -49.38623326352743,
      -20.815268997366367
     ]
    ],
    "type": "LineString"
   },
   "id": 339,
   "properties": {
    "DESCRIÇÃO": "Prolongamento na mesma largura da Rua Mirassol, da Rua General Glicério até a Rua Coronel Spínola de Castro.",
    "LEI_ANTERIOR": "Lei 9711/2006 - Item 15",
    "NUMERO_LEI": 19,
    "OBJECTID": 339,
    "SHAPE.LEN": 103.43909350323001
   },
   "type": "Feature"
  },
  {
   "geometry": {
    "coordinates": [
     [
      -49.383402469938275,
      -20.8272507972789
     ],
     [
      -49.38330416958699,
      -20.82716025223696
     ],
     [
      -49.3826651441042,
      -20.826540320140666
     ],
     [
      -49.38193996743909,
      -20.825834276320442
     ]
    ],
    "type": "LineString"
   },
   "id": 341,
   "properties": {
    "DESCRIÇÃO": "Prolongamento na mesma largura da Rua Antonio Olímpio, da Rua Capitão Lindolfo Guimarães Correa até a Avenida Emílio Trevisan.",
    "LEI_ANTERIOR": "Lei 9711/2006 - Item 20",
    "NUMERO_LEI": 20,
    "OBJECTID": 341,
    "SHAPE.LEN": 218.55784185287803
   },
   "type": "Feature"
  },
  {
   "geometry": {
    "coordinates": [
     [
      -49.39020619859851,
      -20.826121961408255
     ],
     [
      -49.3909685251737,
      -20.826836461930366
     ]
    ],
    "type": "LineString"
   },
   "id": 342,
   "properties": {
    "DESCRIÇÃO": "Prolongamento na mesma largura da Rua Tupi, da Rua Francisco Cal até a Rua Jair Martins Mil Homens.",
    "LEI_ANTERIOR": "Lei 9711/2006 - Item 21",
    "NUMERO_LEI": 21,
    "OBJECTID": 342,
    "SHAPE.LEN": 112.03975458630701
   },
   "type": "Feature"
  },
  {
   "geometry": {
    "coordinates": [
     [
      -49.38814268805473,
      -20.825131310956163
     ],
     [
      -49.389488983287244,
      -20.82650175710392
     ]
    ],
    "type": "LineString"
   },
   "id": 344,
   "properties": {
    "DESCRIÇÃO": "Prolongamento na mesma largura da Rua dos Radialistas Riopretenses, da Rua Jair Martins Mil Homens até a Rua Castelo D'água.",
    "LEI_ANTERIOR": "Lei 9711/2006 - Item 22",
    "NUMERO_LEI": 22,
    "OBJECTID": 344,
    "SHAPE.LEN": 206.531733279901
   },
   "type": "Feature"
  },
  {
   "geometry": {
    "coordinates": [
     [
      -49.34874654645056,
      -20.82485837319838
     ],
     [
      -49.34873103830702,
      -20.827494068612804
     ],
     [
      -49.348625347848994,
      -20.828727368983674
     ],
     [
      -49.34836308738878,
      -20.83025784152382
     ],
     [
      -49.347855154052056,
      -20.831753977280894
     ]
    ],
    "type": "LineString"
   },
   "id": 641,
   "properties": {
    "DESCRIÇÃO": "Prolongamento na mesma largura da Avenida Nagib Gabriel, do Jardim Vitória Régia até a Avenida Celso Zanella.",
    "LEI_ANTERIOR": "Lei 9711/2006 - Item 31",
    "NUMERO_LEI": 28,
    "OBJECTID": 641,
    "SHAPE.LEN": 774.2827049802451
   },
   "type": "Feature"
  },
  {
   "geometry": {
    "coordinates": [
     [
      -49.39108559423686,
      -20.819811321837754
     ],
     [
      -49.39216918569819,
      -20.818772494546288
     ]
    ],
    "type": "LineString"
   },
   "id": 642,
   "properties": {
    "DESCRIÇÃO": "Prolongamento na mesma largura da Rua Rio Preto, da Rua General Glicério até a Rua Cel. Spínola de Castro.",
    "LEI_ANTERIOR": "Lei 9711/2006 - Item 32",
    "NUMERO_LEI": 29,
    "OBJECTID": 642,
    "SHAPE.LEN": 161.084901374462
   },
   "type": "Feature"
  },
  {
   "geometry": {
    "coordinates": [
     [
      -49.41532767642472,
      -20.82784709572963
     ],
     [
      -49.414836287764636,
      -20.828127820088397
     ],
     [
      -49.41419528400781,
      -20.8284542639142
     ],
     [
      -49.41173180380675,
      -20.82974064607635
     ],
     [
      -49.410891765134096,
      -20.830166821855165
     ],
     [
      -49.40983886495424,
      -20.830691227723108
     ],
     [
      -49.409365973578296,
      -20.830918371048632
     ],
     [
      -49.409125358640786,
      -20.83105459173308
     ],
     [
      -49.40856771694296,
      -20.831420338059182
     ],
     [
      -49.40818305871682,
      -20.831641086214592
     ]
    ],
    "type": "LineString"
   },
   "id": 644,
   "properties": {
    "DESCRIÇÃO": "Abertura e alargamento para 14,00 metros da Rua Pedro Palotta, da Estrada da Matinha (SJR-351) até a Avenida da Luz.",
    "LEI_ANTERIOR": "Lei 9711/2006 - Item 34",
    "NUMERO_LEI": 7,
    "OBJECTID": 644,
    "SHAPE.LEN": 854.564628974255
   },
   "type": "Feature"
  },
  {
   "geometry": {
    "coordinates": [
     [
      -49.40545105452001,
      -20.80634545059089
     ],
     [
      -49.4065744362401,
      -20.80741445633568
     ]
    ],
    "type": "LineString"
   },
   "id": 645,
   "properties": {
    "DESCRIÇÃO": "Prolongamento na mesma largura da Rua Pedro Góes, da Vila Itália até o Jardim Congonhas.",
    "LEI_ANTERIOR": "Lei 9711/2006 - Item 38",
    "NUMERO_LEI": 31,
    "OBJECTID": 645,
    "SHAPE.LEN": 166.376990387794
   },
   "type": "Feature"
  },
  {
   "geometry": {
    "coordinates": [
     [
      -49.40608656913868,
      -20.805639199828388
     ],
     [
      -49.40714441814873,
      -20.806617978684763
     ]
    ],
    "type": "LineString"
   },
   "id": 657,
   "properties": {
    "DESCRIÇÃO": "Abertura da Rua Manoel Pereira, da Rua Chede Scaff até a Rua Reinaldo Orlando Nogueira.",
    "LEI_ANTERIOR": "Lei 9711/2006 - Item 39",
    "NUMERO_LEI": 32,
    "OBJECTID": 657,
    "SHAPE.LEN": 154.492483170024
   },
   "type": "Feature"
  },
  {
   "geometry": {
    "coordinates": [
     [
      -49.43185442489053,
      -20.800509274559957
     ],
     [
      -49.4355765229895,
      -20.7970559376827
     ],
     [
      -49.437069095148736,
      -20.795769011676267
     ],
     [
      -49.43805724935071,
      -20.79501250830936
     ],
     [
      -49.438444557119716,
      -20.794802022186218
     ],
     [
      -49.439269821989285,
      -20.794562594727676
     ],
     [
      -49.43995216505625,
      -20.795010835041094
     ],
     [
      -49.440280133793955,
      -20.79524654912465
     ],
     [
      -49.44039112880949,
      -20.79533031617968
     ],
     [
      -49.440478623219676,
      -20.79534903634476
     ],
     [
      -49.44077571164748,
      -20.79537683290413
     ],
     [
      -49.44117217386743,
      -20.795380435394286
     ],
     [
      -49.44149653738405,
      -20.79535111585656
     ],
     [
      -49.441744510036294,
      -20.79533544236835
     ],
     [
      -49.44192749218024,
      -20.795337104129718
     ],
     [
      -49.44223623898103,
      -20.795343492923298
     ],
     [
      -49.44275450557277,
      -20.79536612337943
     ],
     [
      -49.4434059393644,
      -20.79541505603694
     ],
     [
      -49.443786381478326,
      -20.795493794741777
     ],
     [
      -49.444399327979085,
      -20.795578225260858
     ],
     [
      -49.44478735822315,
      -20.795660615931617
     ],
     [
      -49.44500417386056,
      -20.79570918782164
     ],
     [
      -49.44587092004503,
      -20.79595365919676
     ],
     [
      -49.44684507225815,
      -20.796134566127865
     ],
     [
      -49.448157630069254,
      -20.79603171941825
     ],
     [
      -49.44915099171198,
      -20.79582559335978
     ],
     [
      -49.45031281892994,
      -20.79554928157575
     ],
     [
      -49.451419501386994,
      -20.794698842525854
     ],
     [
      -49.45466425702253,
      -20.792046416409544
     ],
     [
      -49.45589647460612,
      -20.79084334245156
     ],
     [
      -49.45689141036018,
      -20.78897845894003
     ],
     [
      -49.45757223286787,
      -20.788009421210653
     ],
     [
      -49.45787324979283,
      -20.78776460997137
     ],
     [
      -49.45891912214308,
      -20.788409860696568
     ],
     [
      -49.45982784437834,
      -20.788208481803412
     ]
    ],
    "type": "LineString"
   },
   "id": 660,
   "properties": {
    "DESCRIÇÃO": "Prolongamento e alargamento para no mínimo 50,00 metros da Avenida Octacílio Alves de Almeida (Estrada SJR-250), com início na Avenida José Piedade, passando pela Avenida Idália Silveira Bueno até o limite do município com Mirassol - SP.",
    "LEI_ANTERIOR": "Lei 9711/2006 - Item 41",
    "NUMERO_LEI": 34,
    "OBJECTID": 660,
    "SHAPE.LEN": 3628.14761485925
   },
   "type": "Feature"
  },
  {
   "geometry": {
    "coordinates": [
     [
      -49.43002197726249,
      -20.812900597583827
     ],
     [
      -49.429221654441875,
      -20.811808964346827
     ],
     [
      -49.42870202380162,
      -20.81121837353619
     ],
     [
      -49.42821608129001,
      -20.81087486696747
     ],
     [
      -49.42542232761688,
      -20.80915159698014
     ],
     [
      -49.4235516595571,
      -20.808016230218396
     ],
     [
      -49.421506759679545,
      -20.806843269447096
     ],
     [
      -49.42044396714083,
      -20.806260769301872
     ],
     [
      -49.41982160368694,
      -20.80602977709302
     ],
     [
      -49.41906859075428,
      -20.805925240141523
     ],
     [
      -49.418318420057496,
      -20.80594501389977
     ],
     [
      -49.417753641212336,
      -20.806005863610853
     ],
     [
      -49.416732521872106,
      -20.80624716424865
     ],
     [
      -49.41548430807831,
      -20.806657384435738
     ],
     [
      -49.414747787856534,
      -20.80687533328992
     ],
     [
      -49.41429513629661,
      -20.806914525273502
     ],
     [
      -49.413154428137375,
      -20.807011636814693
     ],
     [
      -49.412254194678724,
      -20.806957412077363
     ],
     [
      -49.411275953055494,
      -20.80677998193512
     ],
     [
      -49.41092267951174,
      -20.806624042651478
     ],
     [
      -49.409998436915664,
      -20.806205430597142
     ],
     [
      -49.40914757272049,
      -20.805873156631414
     ],
     [
      -49.40873291323209,
      -20.80566376580751
     ],
     [
      -49.40838595962957,
      -20.8054821138155
     ],
     [
      -49.407715650292246,
      -20.805130051088543
     ],
     [
      -49.40705500258249,
      -20.804810382063806
     ]
    ],
    "type": "LineString"
   },
   "id": 661,
   "properties": {
    "DESCRIÇÃO": "Prolongamento na mesma largura da Avenida Marginal aos trilhos da Ferrovia, da Avenida Feliciano Salles Cunha até a Rua Reinaldo Orlando Nogueira do Jardim Congonhas.",
    "LEI_ANTERIOR": "Lei 9711/2006 - Item 42",
    "NUMERO_LEI": 35,
    "OBJECTID": 661,
    "SHAPE.LEN": 2720.80021290815
   },
   "type": "Feature"
  },
  {
   "geometry": {
    "coordinates": [
     [
      -49.43461404474018,
      -20.814033606647254
     ],
     [
      -49.43300843024372,
      -20.81178999700876
     ],
     [
      -49.43184601203434,
      -20.81047279764649
     ],
     [
      -49.43029387934001,
      -20.80900801463542
     ],
     [
      -49.42939349299231,
      -20.808202295646165
     ],
     [
      -49.42806746534819,
      -20.807335080549855
     ],
     [
      -49.42674513283054,
      -20.80678441176505
     ],
     [
      -49.42642173342347,
      -20.80660170756533
     ],
     [
      -49.42574423508939,
      -20.806023307056385
     ],
     [
      -49.42544220011976,
      -20.805973206248748
     ],
     [
      -49.42526493323271,
      -20.8059699553925
     ],
     [
      -49.42513446909442,
      -20.80585265713132
     ],
     [
      -49.4250291989334,
      -20.805764514722327
     ],
     [
      -49.42486663724733,
      -20.80552776978631
     ],
     [
      -49.42473501591628,
      -20.805384324625695
     ],
     [
      -49.42442890602042,
      -20.805079168790726
     ],
     [
      -49.424054756115666,
      -20.80493792309548
     ],
     [
      -49.423465924456984,
      -20.804876833060113
     ],
     [
      -49.422788877448454,
      -20.804882120241263
     ],
     [
      -49.42213075894312,
      -20.804913709442076
     ]
    ],
    "type": "LineString"
   },
   "id": 664,
   "properties": {
    "DESCRIÇÃO": "Prolongamento com no mínimo 30,00 metros da Avenida Ernani Pires Domingues, do Residencial Macedo Teles I até a Estrada SJR-250 no Jardim do Cedro.",
    "LEI_ANTERIOR": "Lei 9711/2006 - Item 44",
    "NUMERO_LEI": 36,
    "OBJECTID": 664,
    "SHAPE.LEN": 1725.5541486986901
   },
   "type": "Feature"
  },
  {
   "geometry": {
    "coordinates": [
     [
      -49.4329068760595,
      -20.819741615970596
     ],
     [
      -49.42862825635483,
      -20.821561959520373
     ],
     [
      -49.424380008945555,
      -20.822450679044934
     ],
     [
      -49.420911027489915,
      -20.82317298477301
     ]
    ],
    "type": "LineString"
   },
   "id": 665,
   "properties": {
    "DESCRIÇÃO": "Prolongamento da Avenida Arthur Nonato (Avenida Marginal à Rodovia SP-310) do posto da Polícia Rodoviária Estadual até o dispositivo de acesso do Km 444.",
    "LEI_ANTERIOR": "Lei 9711/2006 - Item 45",
    "NUMERO_LEI": 37,
    "OBJECTID": 665,
    "SHAPE.LEN": 1311.6382839202302
   },
   "type": "Feature"
  },
  {
   "geometry": {
    "coordinates": [
     [
      -49.40297054645656,
      -20.796967463785272
     ],
     [
      -49.40201811959427,
      -20.79623737227836
     ]
    ],
    "type": "LineString"
   },
   "id": 667,
   "properties": {
    "DESCRIÇÃO": "Prolongamento na mesma largura da Rua Gualter de Carvalho, da Rua Maria de Almeida Caputo até a Avenida Sebastião Gonçalves de Souza (Avenida Marginal direita do Córrego Cobertinho).",
    "LEI_ANTERIOR": "Lei 9711/2006 - Item 49",
    "NUMERO_LEI": 39,
    "OBJECTID": 667,
    "SHAPE.LEN": 127.922241944863
   },
   "type": "Feature"
  },
  {
   "geometry": {
    "coordinates": [
     [
      -49.40146988394211,
      -20.796737944516902
     ],
     [
      -49.40244062881321,
      -20.797472990017866
     ]
    ],
    "type": "LineString"
   },
   "id": 668,
   "properties": {
    "DESCRIÇÃO": "Prolongamento na mesma largura da Rua Hermógenes de Faria, da Rua Maria de Almeida Caputo até a Avenida Sebastião Gonçalves de Souza (Avenida Marginal direita do Córrego Cobertinho).",
    "LEI_ANTERIOR": "Lei 9711/2006 - Item 50",
    "NUMERO_LEI": 40,
    "OBJECTID": 668,
    "SHAPE.LEN": 129.74898720317603
   },
   "type": "Feature"
  },
  {
   "geometry": {
    "coordinates": [
     [
      -49.401086276733324,
      -20.797077155932648
     ],
     [
      -49.402166016400336,
      -20.797912249038276
     ]
    ],
    "type": "LineString"
   },
   "id": 669,
   "properties": {
    "DESCRIÇÃO": "Prolongamento na mesma largura da Rua José Zanirato, da Rua Maria de Almeida Caputo até a Avenida Sebastião Gonçalves de Souza (Avenida Marginal direita do Córrego Cobertinho).",
    "LEI_ANTERIOR": "Lei 9711/2006 - Item 51",
    "NUMERO_LEI": 41,
    "OBJECTID": 669,
    "SHAPE.LEN": 145.541048822145
   },
   "type": "Feature"
  },
  {
   "geometry": {
    "coordinates": [
     [
      -49.411217021340235,
      -20.79038455255008
     ],
     [
      -49.412883297872426,
      -20.794366394305467
     ]
    ],
    "type": "LineString"
   },
   "id": 670,
   "properties": {
    "DESCRIÇÃO": "Prolongamento na mesma largura da Rua Hugo Benett, da Rua Arthur Roma até a Rua Francisco Leal (Avenida Marginal direita do Córrego Cobertinho).",
    "LEI_ANTERIOR": "Lei 9711/2006 - Item 52",
    "NUMERO_LEI": 42,
    "OBJECTID": 670,
    "SHAPE.LEN": 473.723560633689
   },
   "type": "Feature"
  },
  {
   "geometry": {
    "coordinates": [
     [
      -49.42313576042458,
      -20.799532432017855
     ],
     [
      -49.422069629920266,
      -20.79902582536652
     ],
     [
      -49.42146902871733,
      -20.798712419541978
     ],
     [
      -49.42077886877735,
      -20.79835472823508
     ],
     [
      -49.42030193524942,
      -20.79813693417517
     ],
     [
      -49.41961467958462,
      -20.797795887323254
     ],
     [
      -49.41895972080485,
      -20.797484138642485
     ]
    ],
    "type": "LineString"
   },
   "id": 673,
   "properties": {
    "DESCRIÇÃO": "Prolongamento da Rua Constantino Cabral, da Rua Oswaldo Rodrigues da Costa até a Rua Silvia Amaro Alves.",
    "LEI_ANTERIOR": "Lei 9711/2006 - Item 54",
    "NUMERO_LEI": 43,
    "OBJECTID": 673,
    "SHAPE.LEN": 490.406984352581
   },
   "type": "Feature"
  },
  {
   "geometry": {
    "coordinates": [
     [
      -49.411634609812545,
      -20.79115036693078
     ],
     [
      -49.41002386167602,
      -20.791717198516317
     ]
    ],
    "type": "LineString"
   },
   "id": 674,
   "properties": {
    "DESCRIÇÃO": "Prolongamento na mesma largura da Rua Mansur Buchdid, do Jardim Anielli até a Rua Hugh Hammond Bennett no Eldorado.",
    "LEI_ANTERIOR": "Lei 9711/2006 - Item 55",
    "NUMERO_LEI": 44,
    "OBJECTID": 674,
    "SHAPE.LEN": 179.04816137475402
   },
   "type": "Feature"
  },
  {
   "geometry": {
    "coordinates": [
     [
      -49.412033435078605,
      -20.791907836249464
     ],
     [
      -49.4103385911059,
      -20.79247495442592
     ]
    ],
    "type": "LineString"
   },
   "id": 689,
   "properties": {
    "DESCRIÇÃO": "Prolongamento na mesma largura da Rua Manoel Damas do Jardim Anielli até a Rua Otília Teixeira Benvindo no Eldorado.",
    "LEI_ANTERIOR": "Lei 9711/2006 - Item 56",
    "NUMERO_LEI": 45,
    "OBJECTID": 689,
    "SHAPE.LEN": 187.282778728451
   },
   "type": "Feature"
  },
  {
   "geometry": {
    "coordinates": [
     [
      -49.41263756638781,
      -20.79355808736425
     ],
     [
      -49.411052822471156,
      -20.79389086159756
     ]
    ],
    "type": "LineString"
   },
   "id": 690,
   "properties": {
    "DESCRIÇÃO": "Prolongamento na mesma largura da Rua Rogério Cozzi do Jardim Anielli até a Rua Dircineu Augusto de Ávila no Eldorado.",
    "LEI_ANTERIOR": "Lei 9711/2006 - Item 57",
    "NUMERO_LEI": 46,
    "OBJECTID": 690,
    "SHAPE.LEN": 169.044727801757
   },
   "type": "Feature"
  },
  {
   "geometry": {
    "coordinates": [
     [
      -49.41926875200795,
      -20.799102780442016
     ],
     [
      -49.41980578130772,
      -20.7992452804295
     ],
     [
      -49.41989133838468,
      -20.799265632775402
     ],
     [
      -49.42053382945188,
      -20.799637849749555
     ],
     [
      -49.42187334042546,
      -20.800266105676723
     ],
     [
      -49.42262410955227,
      -20.80059350000042
     ]
    ],
    "type": "LineString"
   },
   "id": 691,
   "properties": {
    "DESCRIÇÃO": "Prolongamento na mesma largura da Avenida Nova Granada, da Rua Estevão Facchini no Parque do Sol até a Rua Silvia Amaro Alves do Rio das Flores.",
    "LEI_ANTERIOR": "Lei 9711/2006 - Item 59",
    "NUMERO_LEI": 47,
    "OBJECTID": 691,
    "SHAPE.LEN": 387.814902944828
   },
   "type": "Feature"
  },
  {
   "geometry": {
    "coordinates": [
     [
      -49.42455279179859,
      -20.794519024939365
     ],
     [
      -49.42511555529649,
      -20.794730599421857
     ],
     [
      -49.42536372156103,
      -20.79497072651165
     ],
     [
      -49.42617772179793,
      -20.79594136502713
     ],
     [
      -49.42627571435547,
      -20.796058213496355
     ],
     [
      -49.42696594368643,
      -20.796495231129274
     ]
    ],
    "type": "LineString"
   },
   "id": 692,
   "properties": {
    "DESCRIÇÃO": " Prolongamento na mesma largura da segunda pista da Avenida Eribelto Manoel Reino, da Rua Heitor do Sim do Jardim Belo Horizonte até a Rua Carlos Roberto Antoniassi do Residencial J. Macedo.",
    "LEI_ANTERIOR": "Lei 9711/2006 - Item 61",
    "NUMERO_LEI": 48,
    "OBJECTID": 692,
    "SHAPE.LEN": 340.11408699952403
   },
   "type": "Feature"
  },
  {
   "geometry": {
    "coordinates": [
     [
      -49.42983983955967,
      -20.808382628988646
     ],
     [
      -49.43054016600847,
      -20.808046128591936
     ],
     [
      -49.43111701456671,
      -20.80776541800813
     ],
     [
      -49.43190582301574,
      -20.807387359457472
     ],
     [
      -49.43159839903925,
      -20.806792808014098
     ],
     [
      -49.43193675875187,
      -20.80636036215813
     ],
     [
      -49.433802653779885,
      -20.80425541476898
     ],
     [
      -49.43463791927568,
      -20.80331720834237
     ]
    ],
    "type": "LineString"
   },
   "id": 693,
   "properties": {
    "DESCRIÇÃO": "Abertura de avenida com no mínimo 30,00 metros de largura da Avenida Ernani Pires Domingues, contornando os loteamentos Jardins Rio Preto e Residencial Palestra até encontrar o prolongamento da Avenida José Piedade do Residencial Palestra (item 49 deste artigo).",
    "LEI_ANTERIOR": "Lei 9711/2006 - Item 62",
    "NUMERO_LEI": 170,
    "OBJECTID": 693,
    "SHAPE.LEN": 813.0880656276651
   },
   "type": "Feature"
  },
  {
   "geometry": {
    "coordinates": [
     [
      [
       -49.43608260281387,
       -20.80283066989722
      ],
      [
       -49.43603621095828,
       -20.803881749112122
      ],
      [
       -49.436016097825544,
       -20.804350148490993
      ],
      [
       -49.43600001249032,
       -20.804677441637274
      ],
      [
       -49.435963597980326,
       -20.805250726332563
      ],
      [
       -49.43596467767859,
       -20.805403677516853
      ],
      [
       -49.43639706502841,
       -20.80636085677128
      ],
      [
       -49.436537541563396,
       -20.806647076413313
      ],
      [
       -49.4369060624495,
       -20.807397927642793
      ],
      [
       -49.43788868559903,
       -20.80919053879574
      ],
      [
       -49.438767893057566,
       -20.80897148854068
      ],
      [
       -49.43914815640604,
       -20.809070553466523
      ],
      [
       -49.439272778795946,
       -20.80931069513365
      ],
      [
       -49.43956572361154,
       -20.810484496787687
      ],
      [
       -49.43958058013219,
       -20.810559919343756
      ]
     ],
     [
      [
       -49.43594647650947,
       -20.80280329707784
      ],
      [
       -49.43590111414949,
       -20.804235747127148
      ],
      [
       -49.43584131209968,
       -20.804949997576276
      ],
      [
       -49.435825398809136,
       -20.805335067536884
      ],
      [
       -49.4359913627002,
       -20.80574430178635
      ],
      [
       -49.436089273954,
       -20.80594488070398
      ],
      [
       -49.436438298873675,
       -20.806761198328466
      ],
      [
       -49.436599398535485,
       -20.807131795600426
      ],
      [
       -49.43687839210681,
       -20.80771311177957
      ],
      [
       -49.43714025213022,
       -20.808201639245173
      ],
      [
       -49.43735890854311,
       -20.80859082349478
      ],
      [
       -49.43761182940984,
       -20.809059191439555
      ],
      [
       -49.43778084267579,
       -20.80938195709561
      ],
      [
       -49.43814784563184,
       -20.809287785452625
      ],
      [
       -49.43873820524643,
       -20.8091268118643
      ],
      [
       -49.43900291921645,
       -20.809190885953917
      ],
      [
       -49.43905965818712,
       -20.80930899376709
      ],
      [
       -49.43913178490891,
       -20.809562042346986
      ],
      [
       -49.439247653093524,
       -20.81001051855156
      ],
      [
       -49.43939088937246,
       -20.81061555464874
      ]
     ]
    ],
    "type": "MultiLineString"
   },
   "id": 695,
   "properties": {
    "DESCRIÇÃO": "Prolongamento da Avenida Projetada 1 do loteamento Ary Attab III, passando pelas Ruas Projetadas 11 e 14 do mesmo loteamento, até a Estrada SJR-250.",
    "LEI_ANTERIOR": "Lei 9711/2006 - Item 62",
    "NUMERO_LEI": 50,
    "OBJECTID": 695,
    "SHAPE.LEN": 2125.54025089989
   },
   "type": "Feature"
  },
  {
   "geometry": {
    "coordinates": [
     [
      -49.42450817501418,
      -20.792941576426788
     ],
     [
      -49.424437177927565,
      -20.792381563936036
     ],
     [
      -49.424391118454224,
      -20.79177814957163
     ],
     [
      -49.424293614365155,
      -20.791115642129835
     ],
     [
      -49.42448791752571,
      -20.79066206851516
     ],
     [
      -49.424891417255765,
      -20.79017331236628
     ],
     [
      -49.42508473566795,
      -20.790099794981042
     ],
     [
      -49.42537172071759,
      -20.789986372268327
     ],
     [
      -49.42560794440248,
      -20.789880983699014
     ],
     [
      -49.4256688624362,
      -20.78983740675408
     ],
     [
      -49.42579862268139,
      -20.789696315367237
     ],
     [
      -49.42588068498862,
      -20.789576609016585
     ],
     [
      -49.426061198982275,
      -20.78926602945667
     ],
     [
      -49.42619730412796,
      -20.789028767726215
     ],
     [
      -49.426270160841085,
      -20.788924128285945
     ],
     [
      -49.42647062268148,
      -20.788714425362773
     ],
     [
      -49.42666689727087,
      -20.788498283685776
     ],
     [
      -49.42680064095769,
      -20.78835894063967
     ],
     [
      -49.427008565943844,
      -20.78816008033505
     ],
     [
      -49.42728119321262,
      -20.787886733229183
     ],
     [
      -49.427540776615444,
      -20.787569830350503
     ],
     [
      -49.427804691164646,
      -20.787179657749164
     ],
     [
      -49.42805560273961,
      -20.78683709577613
     ],
     [
      -49.42849563298158,
      -20.786236332347787
     ],
     [
      -49.42874136903153,
      -20.78558862153683
     ],
     [
      -49.42915558329506,
      -20.78490693496853
     ],
     [
      -49.42945280066471,
      -20.784198582587123
     ],
     [
      -49.42954374277958,
      -20.783443310395416
     ],
     [
      -49.42964434274033,
      -20.783061180895785
     ],
     [
      -49.430632707141896,
      -20.781425967629264
     ],
     [
      -49.43069573212067,
      -20.781328618009603
     ],
     [
      -49.43269831593653,
      -20.779983604911504
     ],
     [
      -49.43349010552781,
      -20.77955815371688
     ],
     [
      -49.43424560583421,
      -20.77916720382316
     ],
     [
      -49.435762596987,
      -20.77770128154888
     ],
     [
      -49.43712001474561,
      -20.776343300883415
     ],
     [
      -49.43907420812435,
      -20.774139696527186
     ],
     [
      -49.44229300404487,
      -20.771713214984224
     ]
    ],
    "type": "LineString"
   },
   "id": 961,
   "properties": {
    "DESCRIÇÃO": "Prolongamento na mesma largura da Avenida Raul Francisco Tauyr (Avenida Marginal esquerda do Córrego do Limão), da Avenida Bento Abelaira Gomes até o item 148 do presente artigo.",
    "LEI_ANTERIOR": "Lei 9711/2006 - Item 64",
    "NUMERO_LEI": 51,
    "OBJECTID": 961,
    "SHAPE.LEN": 3129.63971066403
   },
   "type": "Feature"
  },
  {
   "geometry": {
    "coordinates": [
     [
      -49.43157622395404,
      -20.78370445273061
     ],
     [
      -49.43183351376546,
      -20.782692037279535
     ],
     [
      -49.4320636461088,
      -20.782317226487457
     ],
     [
      -49.43246262892789,
      -20.782016499403703
     ],
     [
      -49.4343865996606,
      -20.78042689350756
     ],
     [
      -49.43541847653419,
      -20.77930594497128
     ],
     [
      -49.43704371621914,
      -20.777677895588063
     ],
     [
      -49.438207660773436,
      -20.776363280503798
     ],
     [
      -49.43980370139662,
      -20.774469526304475
     ],
     [
      -49.44236989798413,
      -20.77252803164698
     ]
    ],
    "type": "LineString"
   },
   "id": 962,
   "properties": {
    "DESCRIÇÃO": "Prolongamento na mesma largura da Avenida Marginal direita do Córrego do Limão (Rua Petrônio Rimoli), da Rua Manoel Quintiliano de Castro do Parque Residencial Aroeiras I até o item 148 do presente artigo.",
    "LEI_ANTERIOR": "Lei 9711/2006 - Item 65",
    "NUMERO_LEI": 52,
    "OBJECTID": 962,
    "SHAPE.LEN": 1694.19469652049
   },
   "type": "Feature"
  },
  {
   "geometry": {
    "coordinates": [
     [
      -49.42046907735088,
      -20.791070812151137
     ],
     [
      -49.421101306985015,
      -20.790395253259465
     ],
     [
      -49.421582913304185,
      -20.78987015504374
     ],
     [
      -49.42218818804968,
      -20.78939680945152
     ],
     [
      -49.42325685245641,
      -20.788532470431402
     ],
     [
      -49.423794545782215,
      -20.787939651942693
     ],
     [
      -49.42400830146397,
      -20.787479745119743
     ],
     [
      -49.4245244503171,
      -20.78636949008898
     ],
     [
      -49.42476174967374,
      -20.785920943403205
     ],
     [
      -49.42507116356158,
      -20.78545922711897
     ],
     [
      -49.4256923091688,
      -20.78487348418702
     ],
     [
      -49.42669465060444,
      -20.784112064628648
     ],
     [
      -49.4274290646779,
      -20.78351480373051
     ],
     [
      -49.42777753601711,
      -20.783228884583725
     ],
     [
      -49.42787787785791,
      -20.783079495555707
     ],
     [
      -49.42792501638077,
      -20.782367001702724
     ],
     [
      -49.42801098073002,
      -20.781262006123942
     ],
     [
      -49.42811229201637,
      -20.780273958864388
     ],
     [
      -49.42819789003163,
      -20.779204001506017
     ],
     [
      -49.42827550770365,
      -20.77890490521545
     ],
     [
      -49.42837988680073,
      -20.778820201371772
     ],
     [
      -49.42968899530898,
      -20.778738733919656
     ],
     [
      -49.42997925702299,
      -20.778694664550418
     ],
     [
      -49.431247141102965,
      -20.7785037441866
     ],
     [
      -49.43308967378815,
      -20.77838941587147
     ],
     [
      -49.43504625543634,
      -20.779710298535424
     ]
    ],
    "type": "LineString"
   },
   "id": 977,
   "properties": {
    "DESCRIÇÃO": "Alargamento com no mínimo 50,00 metros da Avenida Fortunato Ernesto Vetorasso, da Avenida Bento Abelaira Gomes, passando pelas Avenidas Carlos Fernandes e Aguinaldo Rossini do Jardim Bianco até o Item 52 do presente artigo.",
    "LEI_ANTERIOR": "Lei 9711/2006 - Item 66",
    "NUMERO_LEI": 53,
    "OBJECTID": 977,
    "SHAPE.LEN": 2414.18768425624
   },
   "type": "Feature"
  },
  {
   "geometry": {
    "coordinates": [
     [
      -49.4237526873762,
      -20.78716393594376
     ],
     [
      -49.42304512101447,
      -20.78618099102524
     ]
    ],
    "type": "LineString"
   },
   "id": 993,
   "properties": {
    "DESCRIÇÃO": "Prolongamento na mesma largura da Rua Sebastião Galdino da Silva, da Rua Laila Thomaz, do Jardim Etemp até a Avenida Fortunato Ernesto Vetorasso.",
    "LEI_ANTERIOR": "Lei 9711/2006 - Item 68",
    "NUMERO_LEI": 54,
    "OBJECTID": 993,
    "SHAPE.LEN": 131.407947976369
   },
   "type": "Feature"
  },
  {
   "geometry": {
    "coordinates": [
     [
      -49.421727663438936,
      -20.780133691551253
     ],
     [
      -49.42280931859773,
      -20.779843698511872
     ],
     [
      -49.42311444001234,
      -20.779815916405383
     ],
     [
      -49.423487868187415,
      -20.77987367498486
     ],
     [
      -49.42366894682491,
      -20.779970346416118
     ],
     [
      -49.42483907404773,
      -20.78055110720332
     ],
     [
      -49.424953796968026,
      -20.78062003877612
     ]
    ],
    "type": "LineString"
   },
   "id": 994,
   "properties": {
    "DESCRIÇÃO": "Prolongamento na mesma largura da Rua São Vicente de Paulo (pista direita), da Rua Humberto Olegário Dantas até a Avenida Projetada B do Residencial das Américas.",
    "LEI_ANTERIOR": "Lei 9711/2006 - Item 71",
    "NUMERO_LEI": 55,
    "OBJECTID": 994,
    "SHAPE.LEN": 362.026460992657
   },
   "type": "Feature"
  },
  {
   "geometry": {
    "coordinates": [
     [
      -49.42736565890164,
      -20.783171079772572
     ],
     [
      -49.427635457909,
      -20.783255796958578
     ],
     [
      -49.4291702372608,
      -20.78338900721167
     ],
     [
      -49.42954374277958,
      -20.783443310395416
     ]
    ],
    "type": "LineString"
   },
   "id": 995,
   "properties": {
    "DESCRIÇÃO": "Prolongamento na mesma largura da Avenida Projetada B do Residencial das Américas, da Avenida Fortunato Ernesto Vetorasso até a Marginal esquerda do Córrego do Limão (Item 51 do presente artigo).",
    "LEI_ANTERIOR": "Lei 9711/2006 - Item 71",
    "NUMERO_LEI": 56,
    "OBJECTID": 995,
    "SHAPE.LEN": 229.43113509335203
   },
   "type": "Feature"
  },
  {
   "geometry": {
    "coordinates": [
     [
      -49.41678172776787,
      -20.77166082994453
     ],
     [
      -49.41691633246188,
      -20.771061387675598
     ],
     [
      -49.41728781167988,
      -20.770421890456657
     ],
     [
      -49.41777083090472,
      -20.769931532450755
     ],
     [
      -49.418112117671164,
      -20.769541623992243
     ],
     [
      -49.418300895628775,
      -20.769395336701695
     ],
     [
      -49.41873068544345,
      -20.76906004962431
     ],
     [
      -49.418919938196275,
      -20.768884451988352
     ],
     [
      -49.41939672517054,
      -20.768266064730593
     ],
     [
      -49.41989714691445,
      -20.76748796318075
     ],
     [
      -49.41987191976794,
      -20.767149778010364
     ],
     [
      -49.419869427822725,
      -20.766934458907784
     ]
    ],
    "type": "LineString"
   },
   "id": 996,
   "properties": {
    "DESCRIÇÃO": "Alargamento para no mínimo 50,00 metros da Avenida Alfredo Teodoro de Oliveira, da Rua Antonio Martins Contente do Residencial Colorado até a Rotatória 1 do Residencial Nature I.",
    "LEI_ANTERIOR": "Lei 9711/2006 - Item 72",
    "NUMERO_LEI": 57,
    "OBJECTID": 996,
    "SHAPE.LEN": 636.3133515663151
   },
   "type": "Feature"
  },
  {
   "geometry": {
    "coordinates": [
     [
      -49.42435076135377,
      -20.765226898800428
     ],
     [
      -49.42639883365806,
      -20.764018947714714
     ],
     [
      -49.42752165159439,
      -20.763342874009496
     ],
     [
      -49.42978304068789,
      -20.762132669320064
     ],
     [
      -49.431866966925035,
      -20.760878986812656
     ],
     [
      -49.43514361302661,
      -20.759158128408515
     ],
     [
      -49.436152703604705,
      -20.758635521597956
     ],
     [
      -49.43656884106474,
      -20.75832262310732
     ],
     [
      -49.43683326677788,
      -20.757936640122868
     ],
     [
      -49.43699060480125,
      -20.757486346907434
     ],
     [
      -49.4375073268074,
      -20.755397330971793
     ],
     [
      -49.4378246468743,
      -20.754808669860523
     ],
     [
      -49.43863035769915,
      -20.753922973227887
     ],
     [
      -49.4404041228587,
      -20.75166310172178
     ],
     [
      -49.44066043365477,
      -20.75145842548645
     ],
     [
      -49.44100477393661,
      -20.75133009447136
     ],
     [
      -49.44195546497326,
      -20.750920449327033
     ],
     [
      -49.44367452873154,
      -20.74991425995968
     ]
    ],
    "type": "LineString"
   },
   "id": 997,
   "properties": {
    "DESCRIÇÃO": "Alargamento da Avenida Valdomiro Lopes da Silva para no mínimo 50,00 metros, da Rua Hilda Medeiros Baptista do loteamento Moradas Rio Preto até o limite do Município.",
    "LEI_ANTERIOR": "Lei 9711/2006 - Item 72",
    "NUMERO_LEI": 58,
    "OBJECTID": 997,
    "SHAPE.LEN": 2732.39526343185
   },
   "type": "Feature"
  },
  {
   "geometry": {
    "coordinates": [
     [
      [
       -49.41708269801318,
       -20.770704679768244
      ],
      [
       -49.41703339912972,
       -20.770380900356752
      ],
      [
       -49.41681940802466,
       -20.769943935985747
      ],
      [
       -49.416425458088014,
       -20.76970607800397
      ],
      [
       -49.41588877897684,
       -20.76953375092889
      ]
     ],
     [
      [
       -49.4153944102247,
       -20.762567253594288
      ],
      [
       -49.41495678753607,
       -20.7616966182835
      ],
      [
       -49.414813472302754,
       -20.76138454435689
      ],
      [
       -49.41461245009945,
       -20.761167583245008
      ],
      [
       -49.41429659288433,
       -20.760997364452322
      ],
      [
       -49.41323158390121,
       -20.760882454435986
      ],
      [
       -49.41119931246418,
       -20.760416684177976
      ],
      [
       -49.41050639939033,
       -20.760350596695638
      ],
      [
       -49.40737581213307,
       -20.760109764467444
      ],
      [
       -49.40701343406965,
       -20.760094056485315
      ]
     ],
     [
      [
       -49.39312175977929,
       -20.75215392047401
      ],
      [
       -49.39271372967274,
       -20.75166683082988
      ],
      [
       -49.39159211383355,
       -20.751100167548323
      ]
     ],
     [
      [
       -49.38712019583941,
       -20.74569176001658
      ],
      [
       -49.38618215259744,
       -20.74334584870195
      ],
      [
       -49.38584048025687,
       -20.742023337243626
      ],
      [
       -49.384813709558365,
       -20.7409116929955
      ],
      [
       -49.38428047570363,
       -20.73902082810841
      ],
      [
       -49.383655040202214,
       -20.737715512583257
      ],
      [
       -49.38278784711212,
       -20.735928497700584
      ],
      [
       -49.382456685808506,
       -20.73528985972691
      ],
      [
       -49.38172322708733,
       -20.73497779968466
      ],
      [
       -49.38016022567814,
       -20.734312229229758
      ],
      [
       -49.378415536522255,
       -20.73400898292264
      ],
      [
       -49.376597909205806,
       -20.734113727719443
      ],
      [
       -49.37443398387824,
       -20.73571851187339
      ],
      [
       -49.37293817414541,
       -20.737042815130945
      ],
      [
       -49.37231804976133,
       -20.737389217002047
      ],
      [
       -49.37164840463827,
       -20.737557893198662
      ]
     ]
    ],
    "type": "MultiLineString"
   },
   "id": 998,
   "properties": {
    "DESCRIÇÃO": "Abertura da Avenida Marginal direita do Córrego São Pedro, da Avenida Alfredo Teodoro de Oliveira até a Rua José Joaquim de Souza do Residencial Colorado; da Avenida Manoel Marques da Silva Pereira do Residencial Bom Sucesso até a Avenida Orlando Canuto da Silva no Jardim Arroyo; da Rua Norival Camilo Bezerra do Residencial Caetano II até a Rua Yeda Poleto Goes do Jardim Nunes; da Rua Longo José do Jardim Nunes até o prolongamento da Marginal direita do Rio Preto e desta até o item 71 deste artigo.",
    "LEI_ANTERIOR": "Lei 9711/2006 - Item 73",
    "NUMERO_LEI": 59,
    "OBJECTID": 998,
    "SHAPE.LEN": 3926.8992396770404
   },
   "type": "Feature"
  },
  {
   "geometry": {
    "coordinates": [
     [
      [
       -49.41787245203279,
       -20.76980813072843
      ],
      [
       -49.41770733117168,
       -20.767396901854568
      ],
      [
       -49.4176821989845,
       -20.766297107487084
      ]
     ],
     [
      [
       -49.41665255277701,
       -20.758788499942348
      ],
      [
       -49.41172872732902,
       -20.7581999346377
      ],
      [
       -49.41052730512466,
       -20.75800487117972
      ],
      [
       -49.40784086449458,
       -20.75761763748338
      ],
      [
       -49.40692163500897,
       -20.75747282340473
      ],
      [
       -49.406702753262955,
       -20.757393383322405
      ]
     ],
     [
      [
       -49.402989612672684,
       -20.755572676029608
      ],
      [
       -49.40269090778729,
       -20.75541957636787
      ],
      [
       -49.400592299512304,
       -20.754535861452325
      ],
      [
       -49.3983538682313,
       -20.753314367670004
      ],
      [
       -49.39627444684054,
       -20.75196177932603
      ],
      [
       -49.395089685744125,
       -20.75108219208149
      ]
     ],
     [
      [
       -49.39194260061006,
       -20.747764429400934
      ],
      [
       -49.389410616070876,
       -20.74424765743324
      ],
      [
       -49.38857186508857,
       -20.74247713913083
      ],
      [
       -49.38623595455283,
       -20.73694020214703
      ],
      [
       -49.38499122793769,
       -20.734125562947344
      ],
      [
       -49.38327032810962,
       -20.732970714161002
      ],
      [
       -49.38196958095069,
       -20.732529164367723
      ],
      [
       -49.37973138542084,
       -20.73214955818822
      ],
      [
       -49.376747974779775,
       -20.732057451093038
      ],
      [
       -49.37540632766397,
       -20.732183099267758
      ],
      [
       -49.37378284542779,
       -20.73256971217009
      ],
      [
       -49.37125741753049,
       -20.734007756563773
      ]
     ]
    ],
    "type": "MultiLineString"
   },
   "id": 1002,
   "properties": {
    "DESCRIÇÃO": "Abertura da Avenida Marginal esquerda ao Córrego São Pedro, da Avenida Alfredo Teodoro de Oliveira até a Avenida Benedicto Olympio da Silva do Parque Residencial Nature I; da Rua Maria Olímpia dos Santos Fabaro do Residencial Maria Clara até a Avenida João Alves Ribeiro do Parque da Cidadania; da Rua Dr. Artur Pagliusi Neto do Parque da Cidadania até a Rua Norival Teixeira Lopes do Residencial Morada do Sol; e da José Bento Saraiva do Residencial Morada do Sol até o prolongamento da Avenida Marginal direita do Rio Preto (item 71 deste artigo).",
    "LEI_ANTERIOR": "Lei 9711/2006 - Item 74",
    "NUMERO_LEI": 60,
    "OBJECTID": 1002,
    "SHAPE.LEN": 5618.374801874011
   },
   "type": "Feature"
  },
  {
   "geometry": {
    "coordinates": [
     [
      -49.413352481284015,
      -20.763040106018614
     ],
     [
      -49.413353847369095,
      -20.76255397328705
     ],
     [
      -49.41351588919397,
      -20.761385687759564
     ],
     [
      -49.41356450437593,
      -20.761115936528466
     ],
     [
      -49.41380294642776,
      -20.759467771109474
     ],
     [
      -49.41350862517175,
      -20.758962728592664
     ],
     [
      -49.41328683563788,
      -20.758372591592885
     ]
    ],
    "type": "LineString"
   },
   "id": 1007,
   "properties": {
    "DESCRIÇÃO": "Prolongamento na mesma largura da Rua Norivaldo Ferreira Franco Júnior do Residencial Bom Sucesso até Avenida Marginal esquerda do Córrego São Pedro (item 60 do presente artigo).  ",
    "LEI_ANTERIOR": "Lei 9711/2006 - Item 75",
    "NUMERO_LEI": 61,
    "OBJECTID": 1007,
    "SHAPE.LEN": 531.7407092007101
   },
   "type": "Feature"
  },
  {
   "geometry": {
    "coordinates": [
     [
      -49.41050704521687,
      -20.765945700342712
     ],
     [
      -49.41031536859489,
      -20.76035260878956
     ]
    ],
    "type": "LineString"
   },
   "id": 1008,
   "properties": {
    "DESCRIÇÃO": "Prolongamento na mesma largura da Rua Manoel Moreno, a partir da Rua Domingos Moreno até o prolongamento da Avenida Marginal direita do Córrego São Pedro.",
    "LEI_ANTERIOR": "Lei 9711/2006 - Item 76",
    "NUMERO_LEI": 62,
    "OBJECTID": 1008,
    "SHAPE.LEN": 619.516787156095
   },
   "type": "Feature"
  },
  {
   "geometry": {
    "coordinates": [
     [
      -49.407916040236955,
      -20.767207434877097
     ],
     [
      -49.40842825488265,
      -20.76673570683455
     ],
     [
      -49.40882445139691,
      -20.76643748475518
     ],
     [
      -49.4092518869305,
      -20.7662326839934
     ],
     [
      -49.40938388801008,
      -20.76617482880168
     ],
     [
      -49.40951846533877,
      -20.766123249243492
     ],
     [
      -49.40965532075169,
      -20.766078059596726
     ],
     [
      -49.409794151036714,
      -20.766039359982
     ],
     [
      -49.40993464860627,
      -20.766007236140837
     ],
     [
      -49.41007650217878,
      -20.76598175924572
     ],
     [
      -49.41021939746839,
      -20.765962985742366
     ],
     [
      -49.410363017881224,
      -20.765950957224707
     ],
     [
      -49.41050704521687,
      -20.765945700342712
     ],
     [
      -49.41222189685113,
      -20.766195639650434
     ]
    ],
    "type": "LineString"
   },
   "id": 1009,
   "properties": {
    "DESCRIÇÃO": "Prolongamento na mesma largura da Avenida Izabel Martins Arroyo, do Jardim Arroyo até a Rua Fernando Reis, do Residencial Bom Sucesso. ",
    "LEI_ANTERIOR": "Lei 9711/2006 - Item 77",
    "NUMERO_LEI": 63,
    "OBJECTID": 1009,
    "SHAPE.LEN": 493.737002003448
   },
   "type": "Feature"
  },
  {
   "geometry": {
    "coordinates": [
     [
      -49.40043194622815,
      -20.773201523374905
     ],
     [
      -49.3992155347579,
      -20.771800795106937
     ],
     [
      -49.39908120073561,
      -20.77159191131904
     ],
     [
      -49.3989308204822,
      -20.770795351917872
     ],
     [
      -49.39846837822228,
      -20.76983639553774
     ],
     [
      -49.39811608177887,
      -20.76917507163126
     ],
     [
      -49.39795316204749,
      -20.768775350943095
     ],
     [
      -49.39796785106863,
      -20.76830471117289
     ],
     [
      -49.398380747337335,
      -20.767613037315584
     ],
     [
      -49.39916132906538,
      -20.766339211635064
     ]
    ],
    "type": "LineString"
   },
   "id": 1010,
   "properties": {
    "DESCRIÇÃO": "Alargamento para no mínimo 30,00 metros: da Rua Leônidas da Cunha Viana, com início na Avenida Antônio Marcos de Oliveira; da Rua Alberto Rissi e da Rua Américo Del Nero, do Jardim Maria Lúcia até a Avenida Izabel Martins Arroyo do Jardim Arroyo.",
    "LEI_ANTERIOR": "Lei 9711/2006 - Item 78",
    "NUMERO_LEI": 64,
    "OBJECTID": 1010,
    "SHAPE.LEN": 865.3775312092771
   },
   "type": "Feature"
  },
  {
   "geometry": {
    "coordinates": [
     [
      [
       -49.37781062315289,
       -20.763979119417733
      ],
      [
       -49.37148515505911,
       -20.76079079605588
      ],
      [
       -49.366420232600404,
       -20.762583172309547
      ]
     ],
     [
      [
       -49.3775976460202,
       -20.763441127782123
      ],
      [
       -49.371452951330504,
       -20.760439629696528
      ],
      [
       -49.366254675623125,
       -20.762378925193115
      ]
     ]
    ],
    "type": "MultiLineString"
   },
   "id": 1011,
   "properties": {
    "DESCRIÇÃO": "Prolongamento na mesma largura da Avenida Antônio Antunes Junior, da Marginal Esquerda do Rio Preto até o Conjunto Habitacional São José do Rio Preto I.",
    "LEI_ANTERIOR": "Lei 9711/2006 - Item 79 c)",
    "NUMERO_LEI": 65,
    "OBJECTID": 1011,
    "SHAPE.LEN": 2614.0939441579403
   },
   "type": "Feature"
  },
  {
   "geometry": {
    "coordinates": [
     [
      [
       -49.356289070455006,
       -20.767455327267076
      ],
      [
       -49.352545631238925,
       -20.77105371482362
      ]
     ],
     [
      [
       -49.35599461526438,
       -20.767183391633818
      ],
      [
       -49.35215916733399,
       -20.770800576715217
      ]
     ]
    ],
    "type": "MultiLineString"
   },
   "id": 1013,
   "properties": {
    "DESCRIÇÃO": "Prolongamento na mesma largura da Avenida Delegado Dr. Davi Ferreira da Rocha, do Villa Madalena até a Avenida José Escobar Bergmann, do Jardim do Lago.",
    "LEI_ANTERIOR": "Lei 9711/2006 - Item 79 d)",
    "NUMERO_LEI": 67,
    "OBJECTID": 1013,
    "SHAPE.LEN": 1122.91305282008
   },
   "type": "Feature"
  },
  {
   "geometry": {
    "coordinates": [
     [
      [
       -49.36195205355663,
       -20.76428689056194
      ],
      [
       -49.35959092599274,
       -20.765191071867836
      ]
     ],
     [
      [
       -49.36174869817753,
       -20.76410685261741
      ],
      [
       -49.35929963467021,
       -20.76495493041653
      ]
     ]
    ],
    "type": "MultiLineString"
   },
   "id": 1016,
   "properties": {
    "DESCRIÇÃO": "Prolongamento na mesma largura da Avenida Marco Costantini, do Conjunto Habitacional São José do Rio Preto I até a Avenida Antônio Capelini do Vila Madalena.",
    "LEI_ANTERIOR": "Lei 9711/2006 - Item 79 d)",
    "NUMERO_LEI": 66,
    "OBJECTID": 1016,
    "SHAPE.LEN": 537.209123037258
   },
   "type": "Feature"
  },
  {
   "geometry": {
    "coordinates": [
     [
      -49.34801090213148,
      -20.774746408347724
     ],
     [
      -49.35045794316296,
      -20.772349955356347
     ]
    ],
    "type": "LineString"
   },
   "id": 1017,
   "properties": {
    "DESCRIÇÃO": "Prolongamento da Avenida Belvedere do final do Loteamento Village Damha Rio Preto II até a Avenida Marginal à BR-153.",
    "LEI_ANTERIOR": "Lei 9711/2006 - Item 79 e)",
    "NUMERO_LEI": 68,
    "OBJECTID": 1017,
    "SHAPE.LEN": 367.844619009984
   },
   "type": "Feature"
  },
  {
   "geometry": {
    "coordinates": [
     [
      -49.35150597955986,
      -20.824896164980817
     ],
     [
      -49.34834310389051,
      -20.824851539667065
     ],
     [
      -49.34817229033248,
      -20.824837913720494
     ],
     [
      -49.3480432037968,
      -20.824936322472837
     ],
     [
      -49.34789910358344,
      -20.825090965895793
     ],
     [
      -49.34774022034716,
      -20.825512951146155
     ],
     [
      -49.34623652698904,
      -20.82654876135092
     ],
     [
      -49.34552292376988,
      -20.82713637523505
     ],
     [
      -49.3449950916779,
      -20.82757101153464
     ],
     [
      -49.344585747012026,
      -20.82790807820957
     ],
     [
      -49.34437746571395,
      -20.828040663795516
     ],
     [
      -49.34416109214498,
      -20.828066391905796
     ],
     [
      -49.34367343438626,
      -20.828119852976904
     ],
     [
      -49.34335483514619,
      -20.82813506929057
     ]
    ],
    "type": "LineString"
   },
   "id": 1018,
   "properties": {
    "DESCRIÇÃO": " Alargamento da Avenida Triângulo com no mínimo 30,00 metros, da Avenida de Maio até a Estrada Vicinal João Parisi.",
    "LEI_ANTERIOR": "Lei 9711/2006 - Item 81",
    "NUMERO_LEI": 69,
    "OBJECTID": 1018,
    "SHAPE.LEN": 992.3421594563671
   },
   "type": "Feature"
  },
  {
   "geometry": {
    "coordinates": [
     [
      -49.35438066323783,
      -20.82544509443181
     ],
     [
      -49.35412473945678,
      -20.825436889822956
     ],
     [
      -49.35407505797848,
      -20.82543399090153
     ],
     [
      -49.354042847614146,
      -20.825404549108896
     ]
    ],
    "type": "LineString"
   },
   "id": 1019,
   "properties": {
    "DESCRIÇÃO": "Prolongamento da Rua Laudelino Luis da Silva, do Residencial Romano Calil até a Rua Benedicto Duarte do loteamento Guiomar Assad Calil.",
    "LEI_ANTERIOR": "Lei 9711/2006 - Item 83",
    "NUMERO_LEI": 70,
    "OBJECTID": 1019,
    "SHAPE.LEN": 36.5109280515382
   },
   "type": "Feature"
  },
  {
   "geometry": {
    "coordinates": [
     [
      -49.374869089075624,
      -20.76491762415696
     ],
     [
      -49.37398641703375,
      -20.762935196067705
     ],
     [
      -49.3726604550152,
      -20.76051827440951
     ],
     [
      -49.37190506201219,
      -20.75892414003174
     ],
     [
      -49.37194673012489,
      -20.758145583431386
     ],
     [
      -49.37218608598297,
      -20.757358945115488
     ],
     [
      -49.37306083483613,
      -20.75539784661117
     ],
     [
      -49.37356810246937,
      -20.754296064414582
     ],
     [
      -49.37359786642504,
      -20.753566059981978
     ],
     [
      -49.37316119620973,
      -20.75262736569141
     ],
     [
      -49.373245198481456,
      -20.750624679862042
     ],
     [
      -49.37352841664343,
      -20.74923765803344
     ],
     [
      -49.37422733361411,
      -20.747552004995708
     ],
     [
      -49.374211898574906,
      -20.746948914630867
     ],
     [
      -49.37396789343259,
      -20.74677803685781
     ],
     [
      -49.37168702034266,
      -20.745574143322912
     ],
     [
      -49.37123737798473,
      -20.745347234264624
     ],
     [
      -49.37111291191395,
      -20.745107051891832
     ],
     [
      -49.371056052979824,
      -20.74448510551739
     ],
     [
      -49.37050201299862,
      -20.74230138196834
     ],
     [
      -49.37033640116988,
      -20.740510836416345
     ],
     [
      -49.37117133599921,
      -20.73846332156976
     ],
     [
      -49.37209431000482,
      -20.736711596448817
     ],
     [
      -49.37101940306044,
      -20.73311751777866
     ],
     [
      -49.362946454610984,
      -20.71893040098601
     ],
     [
      -49.36294304384836,
      -20.718169528806087
     ]
    ],
    "type": "LineString"
   },
   "id": 1020,
   "properties": {
    "DESCRIÇÃO": "Prolongamento na mesma largura da Avenida Valdomiro Lopes da Silva, do Residencial Nevada até os limites do Município, margeando o Rio Preto.",
    "LEI_ANTERIOR": "Lei 9711/2006 - Item 88",
    "NUMERO_LEI": 71,
    "OBJECTID": 1020,
    "SHAPE.LEN": 5758.9331196967205
   },
   "type": "Feature"
  },
  {
   "geometry": {
    "coordinates": [
     [
      [
       -49.380394486604786,
       -20.77513042173716
      ],
      [
       -49.37972840624383,
       -20.774386276358488
      ],
      [
       -49.379455657322836,
       -20.774042764691348
      ],
      [
       -49.37936309914924,
       -20.773798972215648
      ],
      [
       -49.37936734070984,
       -20.773642869488675
      ],
      [
       -49.37925629785403,
       -20.772665635392602
      ],
      [
       -49.379111561892955,
       -20.771650812352625
      ]
     ],
     [
      [
       -49.378957745065065,
       -20.770498937195587
      ],
      [
       -49.378495790094384,
       -20.767783686143396
      ]
     ]
    ],
    "type": "MultiLineString"
   },
   "id": 1022,
   "properties": {
    "DESCRIÇÃO": "Prolongamento na mesma largura da Avenida Marginal Esquerda ao Rio Preto da Rua José Mastrichi do Jardim Marajó até a Rua Daniel Marques Chimiti do Parque Juriti e desta até a Rua Manoel Francisco Raposeiro, do Conjunto Habitacional Duas Vendas F.",
    "LEI_ANTERIOR": "Lei 9711/2006 - Item 89 a)",
    "NUMERO_LEI": 72,
    "OBJECTID": 1022,
    "SHAPE.LEN": 727.684758489836
   },
   "type": "Feature"
  },
  {
   "geometry": {
    "coordinates": [
     [
      -49.37498462472585,
      -20.758217403377735
     ],
     [
      -49.3750211178332,
      -20.757982458962925
     ],
     [
      -49.375471792947025,
      -20.75711303988523
     ],
     [
      -49.37601289057786,
      -20.75580515917623
     ],
     [
      -49.37615990142059,
      -20.75429338115849
     ],
     [
      -49.37612236630854,
      -20.75366926334701
     ],
     [
      -49.37601659055268,
      -20.753033396187163
     ],
     [
      -49.37606274865736,
      -20.752378537965324
     ],
     [
      -49.37617582838402,
      -20.751188046700225
     ],
     [
      -49.37635397527253,
      -20.75031654861197
     ],
     [
      -49.37678899075634,
      -20.748835110613676
     ],
     [
      -49.37700200731308,
      -20.748253958960664
     ],
     [
      -49.37733306394309,
      -20.747331507626463
     ],
     [
      -49.37751713684044,
      -20.746646428706946
     ],
     [
      -49.377518182594876,
      -20.746313507023668
     ],
     [
      -49.377443088956184,
      -20.745792952032588
     ],
     [
      -49.37703150942575,
      -20.745453402723143
     ],
     [
      -49.37630181853785,
      -20.744983634847742
     ],
     [
      -49.37574945812008,
      -20.744745687883253
     ],
     [
      -49.37460722255807,
      -20.74407342964157
     ],
     [
      -49.37437377306343,
      -20.743929848610392
     ],
     [
      -49.37393335297735,
      -20.742851454716508
     ],
     [
      -49.37381548486516,
      -20.742354629021648
     ],
     [
      -49.37366590301646,
      -20.741575523664416
     ],
     [
      -49.37373566831103,
      -20.74113294095499
     ],
     [
      -49.37387899511626,
      -20.740980063180285
     ],
     [
      -49.37436110603303,
      -20.740420497369588
     ],
     [
      -49.3749428274172,
      -20.739233826777166
     ],
     [
      -49.374954977467816,
      -20.737934053896776
     ],
     [
      -49.37502920464419,
      -20.73693094090315
     ],
     [
      -49.37519485971086,
      -20.73553752204939
     ],
     [
      -49.37526758628173,
      -20.734829962080862
     ],
     [
      -49.37532464294598,
      -20.734244941827836
     ],
     [
      -49.375303634131704,
      -20.733243915700665
     ],
     [
      -49.374777821540505,
      -20.731921441060127
     ],
     [
      -49.37407520360848,
      -20.729475786581716
     ],
     [
      -49.37282744728531,
      -20.72674278318906
     ],
     [
      -49.37066491752489,
      -20.72272300964606
     ]
    ],
    "type": "LineString"
   },
   "id": 1023,
   "properties": {
    "DESCRIÇÃO": "Prolongamento na mesma largura da Avenida Marginal esquerda ao Rio Preto da Rua Heitor de Souza, do Conjunto Habitacional Duas Vendas G até os limites do Município.",
    "LEI_ANTERIOR": "Lei 9711/2006 - Item 89 d)",
    "NUMERO_LEI": 73,
    "OBJECTID": 1023,
    "SHAPE.LEN": 4299.756156353421
   },
   "type": "Feature"
  },
  {
   "geometry": {
    "coordinates": [
     [
      -49.326791136059235,
      -20.805412150267212
     ],
     [
      -49.324646355074705,
      -20.797824654313548
     ]
    ],
    "type": "LineString"
   },
   "id": 1391,
   "properties": {
    "DESCRIÇÃO": "Abertura de Avenida de no mínimo 30,00 metros de largura, com início na Avenida Nívea Dulce Tedeschi Conforti até o prolongamento da Avenida Marginal da Rodovia SP-425 (Avenida Gerassina Tavares).",
    "LEI_ANTERIOR": "Lei 9711/2006 - Item 151",
    "NUMERO_LEI": 184,
    "OBJECTID": 1391,
    "SHAPE.LEN": 869.19283665953
   },
   "type": "Feature"
  },
  {
   "geometry": {
    "coordinates": [
     [
      -49.335846216616275,
      -20.828843362634576
     ],
     [
      -49.33549800855904,
      -20.82912270662304
     ],
     [
      -49.33431001272238,
      -20.831136827422107
     ],
     [
      -49.3323350901443,
      -20.832316542302692
     ],
     [
      -49.32813811888046,
      -20.834668276920258
     ],
     [
      -49.325392924046604,
      -20.836428556564996
     ],
     [
      -49.320844882773585,
      -20.839131999977333
     ],
     [
      -49.32038569651943,
      -20.839351823258966
     ],
     [
      -49.31978521705329,
      -20.83949667808007
     ],
     [
      -49.3177836858484,
      -20.83974355617867
     ],
     [
      -49.31617146231904,
      -20.839912329130993
     ],
     [
      -49.31486794592317,
      -20.839869970177386
     ],
     [
      -49.31117963803447,
      -20.83953825510623
     ],
     [
      -49.30932607077256,
      -20.839512583502888
     ],
     [
      -49.30852409227939,
      -20.83957851131301
     ],
     [
      -49.307566016236606,
      -20.839554276968908
     ],
     [
      -49.30727457544246,
      -20.839625243081908
     ],
     [
      -49.3069904123523,
      -20.83974797292531
     ],
     [
      -49.30677561561655,
      -20.839989542275948
     ],
     [
      -49.306552430827786,
      -20.840231196381705
     ],
     [
      -49.30637917480243,
      -20.840317931017466
     ],
     [
      -49.30535520012868,
      -20.840566263296086
     ],
     [
      -49.30457587038174,
      -20.84071362771752
     ],
     [
      -49.30409558784949,
      -20.840812256919033
     ],
     [
      -49.303591824938565,
      -20.840903267806766
     ],
     [
      -49.30315015205526,
      -20.841061353283084
     ],
     [
      -49.302550063211214,
      -20.84133602237701
     ],
     [
      -49.30203604137217,
      -20.841641079950097
     ],
     [
      -49.30158510202819,
      -20.8419246084638
     ],
     [
      -49.30122238421932,
      -20.842046549078493
     ],
     [
      -49.300654867122915,
      -20.84221814983825
     ],
     [
      -49.299630042991744,
      -20.84254028409636
     ],
     [
      -49.29900737475391,
      -20.84272610020843
     ],
     [
      -49.29844704419675,
      -20.84295684025478
     ],
     [
      -49.29788068387702,
      -20.843025057794826
     ],
     [
      -49.29697574623671,
      -20.843163752599086
     ],
     [
      -49.2966599839112,
      -20.843300919645177
     ],
     [
      -49.295910887631536,
      -20.84355192805835
     ],
     [
      -49.29526464867032,
      -20.843737495445907
     ],
     [
      -49.29458673944943,
      -20.843944897839336
     ],
     [
      -49.29415323709948,
      -20.84407350306045
     ],
     [
      -49.29401018951746,
      -20.844219769724848
     ],
     [
      -49.29388160158957,
      -20.844476948661423
     ],
     [
      -49.29376722423522,
      -20.844867192149543
     ],
     [
      -49.293615737295255,
      -20.845065066315886
     ],
     [
      -49.29181080586018,
      -20.846989214427197
     ],
     [
      -49.29146102766418,
      -20.847354953316042
     ],
     [
      -49.289939817078505,
      -20.84919329483394
     ],
     [
      -49.289740023494396,
      -20.84949406620883
     ],
     [
      -49.28729689343858,
      -20.85288521814065
     ],
     [
      -49.28569148201127,
      -20.85545026546162
     ],
     [
      -49.2838572784263,
      -20.855766473415308
     ],
     [
      -49.27946832473994,
      -20.857156361108995
     ],
     [
      -49.27381580266387,
      -20.857864215691784
     ],
     [
      -49.26813915461428,
      -20.860674753672043
     ],
     [
      -49.265583699959144,
      -20.861796025191566
     ],
     [
      -49.26285887097124,
      -20.85995206152544
     ],
     [
      -49.262316048023294,
      -20.858512610647896
     ],
     [
      -49.256374350432274,
      -20.857830805528124
     ],
     [
      -49.255641573792005,
      -20.859639657346445
     ],
     [
      -49.25366081773894,
      -20.859428264705894
     ]
    ],
    "type": "LineString"
   },
   "id": 1392,
   "properties": {
    "DESCRIÇÃO": "Alargamento da Estrada SJR-050 conforme o gabarito 5 do Anexo II, do item 125 deste artigo até os limites do Município.",
    "LEI_ANTERIOR": "Lei 9711/2006 - Item 148",
    "NUMERO_LEI": 100,
    "OBJECTID": 1392,
    "SHAPE.LEN": 10195.465648615302
   },
   "type": "Feature"
  },
  {
   "geometry": {
    "coordinates": [
     [
      -49.36083781468809,
      -20.80535542908922
     ],
     [
      -49.36178204043202,
      -20.80550812391728
     ]
    ],
    "type": "LineString"
   },
   "id": 1393,
   "properties": {
    "DESCRIÇÃO": "Prolongamento na mesma largura da Rua 13 de Maio até a Avenida Antonio Tavares Pereira Lima.",
    "LEI_ANTERIOR": "Lei 9711/2006 - Item 130",
    "NUMERO_LEI": 99,
    "OBJECTID": 1393,
    "SHAPE.LEN": 99.7372759596431
   },
   "type": "Feature"
  },
  {
   "geometry": {
    "coordinates": [
     [
      -49.34874925283418,
      -20.82475015128553
     ],
     [
      -49.34834030034253,
      -20.824745093857487
     ]
    ],
    "type": "LineString"
   },
   "id": 1394,
   "properties": {
    "DESCRIÇÃO": "Construção de ponte visando o alargamento da via que passa sobre os trilhos da ferrovia, na continuação da Avenida Triângulo, a fim de que a mesma possa comportar duas pistas de rodagens.",
    "LEI_ANTERIOR": "Lei 9711/2006 - Item 129",
    "NUMERO_LEI": 98,
    "OBJECTID": 1394,
    "SHAPE.LEN": 42.570579431339695
   },
   "type": "Feature"
  },
  {
   "geometry": {
    "coordinates": [
     [
      -49.413837983077094,
      -20.824359646363217
     ],
     [
      -49.41403363749764,
      -20.825466495695398
     ]
    ],
    "type": "LineString"
   },
   "id": 1395,
   "properties": {
    "DESCRIÇÃO": "Prolongamento na mesma largura da Rua Nilo Longo, do Jd. Maracanã até a Avenida Arthur Nonato.",
    "LEI_ANTERIOR": "Lei 9711/2006 - Item 125",
    "NUMERO_LEI": 97,
    "OBJECTID": 1395,
    "SHAPE.LEN": 124.21748281220302
   },
   "type": "Feature"
  },
  {
   "geometry": {
    "coordinates": [
     [
      -49.40667411568929,
      -20.825498328789205
     ],
     [
      -49.406844797935456,
      -20.82648683753788
     ]
    ],
    "type": "LineString"
   },
   "id": 1396,
   "properties": {
    "DESCRIÇÃO": "Prolongamento na mesma largura da Rua Adriana Cristina Fernandes do Jd. Maracanã, da Rua Paulo Menezello até a Avenida Arthur Nonato.",
    "LEI_ANTERIOR": "Lei 9711/2006 - Item 124",
    "NUMERO_LEI": 96,
    "OBJECTID": 1396,
    "SHAPE.LEN": 110.86851449158101
   },
   "type": "Feature"
  },
  {
   "geometry": {
    "coordinates": [
     [
      -49.41922654982183,
      -20.82857634510036
     ],
     [
      -49.41873980513054,
      -20.829201980377675
     ],
     [
      -49.41595310830191,
      -20.828077455536956
     ]
    ],
    "type": "LineString"
   },
   "id": 1397,
   "properties": {
    "DESCRIÇÃO": "Prolongamento na mesma largura da Avenida José Abbas Casseb, da rotatória do Distrito Industrial “Ulysses da Silveira Guimarães” até a Avenida da Luz.",
    "LEI_ANTERIOR": "Lei 9711/2006 - Item 122",
    "NUMERO_LEI": 95,
    "OBJECTID": 1397,
    "SHAPE.LEN": 401.446380719261
   },
   "type": "Feature"
  },
  {
   "geometry": {
    "coordinates": [
     [
      -49.41895762268234,
      -20.82849717079678
     ],
     [
      -49.41860341740169,
      -20.828906917328837
     ],
     [
      -49.415843078783475,
      -20.827746724455782
     ]
    ],
    "type": "LineString"
   },
   "id": 1398,
   "properties": {
    "DESCRIÇÃO": "Prolongamento na mesma largura da Avenida José Abbas Casseb, da rotatória do Distrito Industrial “Ulysses da Silveira Guimarães” até a Avenida da Luz.",
    "LEI_ANTERIOR": "Lei 9711/2006 - Item 122",
    "NUMERO_LEI": 95,
    "OBJECTID": 1398,
    "SHAPE.LEN": 373.159492857008
   },
   "type": "Feature"
  },
  {
   "geometry": {
    "coordinates": [
     [
      -49.385356666086835,
      -20.772148253416642
     ],
     [
      -49.38358943823807,
      -20.77228300266532
     ],
     [
      -49.38285792358277,
      -20.772427629072055
     ],
     [
      -49.38175274643618,
      -20.772677631802615
     ],
     [
      -49.38155602321224,
      -20.772713655761358
     ],
     [
      -49.3813429388271,
      -20.772867895951432
     ],
     [
      -49.38093062079122,
      -20.773203479094043
     ],
     [
      -49.38038703925432,
      -20.773753759193813
     ],
     [
      -49.37968447291891,
      -20.774330944675874
     ]
    ],
    "type": "LineString"
   },
   "id": 1399,
   "properties": {
    "DESCRIÇÃO": "Abertura de Avenida com 30,00 metros de largura, da Avenida Alfredo Antonio de Oliveira, até a Avenida Marginal esquerda do Rio Preto.",
    "LEI_ANTERIOR": "Lei 9711/2006 - Item 120",
    "NUMERO_LEI": 94,
    "OBJECTID": 1399,
    "SHAPE.LEN": 666.722386031291
   },
   "type": "Feature"
  },
  {
   "geometry": {
    "coordinates": [
     [
      -49.352590520508706,
      -20.78424252370725
     ],
     [
      -49.351659950987106,
      -20.782598588581443
     ],
     [
      -49.35031282195257,
      -20.779935914399683
     ]
    ],
    "type": "LineString"
   },
   "id": 1400,
   "properties": {
    "DESCRIÇÃO": "Prolongamento da Rua Idalina Camilo com 30,00 metros de largura, do loteamento Residencial Santa Filomena até a Avenida Marginal esquerda do Córrego Felicidade (prolongamento da Rua Irmã Heloisa Helena de Campos Melo).",
    "LEI_ANTERIOR": "Lei 9711/2006 - Item 119",
    "NUMERO_LEI": 93,
    "OBJECTID": 1400,
    "SHAPE.LEN": 532.6348048546471
   },
   "type": "Feature"
  },
  {
   "geometry": {
    "coordinates": [
     [
      -49.380050036907896,
      -20.785954438810666
     ],
     [
      -49.38176516600659,
      -20.786119759360716
     ]
    ],
    "type": "LineString"
   },
   "id": 1401,
   "properties": {
    "DESCRIÇÃO": "Prolongamento na mesma largura da Rua Carlos Batista de Souza, da Rua Fazenda Velha até a abertura da segunda pista da Avenida Abílio Appoloni.",
    "LEI_ANTERIOR": "Lei 9711/2006 - Item 117",
    "NUMERO_LEI": 92,
    "OBJECTID": 1401,
    "SHAPE.LEN": 179.502315812694
   },
   "type": "Feature"
  },
  {
   "geometry": {
    "coordinates": [
     [
      -49.382000289160146,
      -20.783599742824176
     ],
     [
      -49.38153653043329,
      -20.788570119538132
     ]
    ],
    "type": "LineString"
   },
   "id": 1402,
   "properties": {
    "DESCRIÇÃO": "Abertura da segunda pista da Avenida Abílio Appoloni, da Avenida Antonio Marques dos Santos até a Avenida Marginal aos trilhos da Ferrovia (Prolongamento da Avenida Presidente Roosevelt).",
    "LEI_ANTERIOR": "Lei 9711/2006 - Item 115",
    "NUMERO_LEI": 91,
    "OBJECTID": 1402,
    "SHAPE.LEN": 552.378653058099
   },
   "type": "Feature"
  },
  {
   "geometry": {
    "coordinates": [
     [
      -49.3939109203677,
      -20.791175893426427
     ],
     [
      -49.393118056700985,
      -20.791978599143288
     ]
    ],
    "type": "LineString"
   },
   "id": 1403,
   "properties": {
    "DESCRIÇÃO": "Prolongamento na mesma largura da Rua Três Lagoas, da Rua Castro Paes até a Avenida Ernani Pires Domingues.",
    "LEI_ANTERIOR": "Lei 9711/2006 - Item 114",
    "NUMERO_LEI": 90,
    "OBJECTID": 1403,
    "SHAPE.LEN": 121.287547577029
   },
   "type": "Feature"
  },
  {
   "geometry": {
    "coordinates": [
     [
      -49.35000968460512,
      -20.783016216582773
     ],
     [
      -49.349824328887216,
      -20.782550903544635
     ],
     [
      -49.349797459110476,
      -20.782066776065125
     ],
     [
      -49.349935137946474,
      -20.781591183076355
     ],
     [
      -49.3504325539786,
      -20.778983398654947
     ],
     [
      -49.35249936608078,
      -20.777281027172133
     ]
    ],
    "type": "LineString"
   },
   "id": 1405,
   "properties": {
    "DESCRIÇÃO": "Abertura de rua com 18,00 metros de largura, da Rua Irmã Heloisa Helena de Campos Melo, do Residencial Santa Filomena até a Avenida Marginal da Rodovia BR-153.",
    "LEI_ANTERIOR": "Lei 9711/2006 - Item 108",
    "NUMERO_LEI": 88,
    "OBJECTID": 1405,
    "SHAPE.LEN": 742.62768205884
   },
   "type": "Feature"
  },
  {
   "geometry": {
    "coordinates": [
     [
      -49.35252019876804,
      -20.793889260758725
     ],
     [
      -49.35214527492437,
      -20.79443610206475
     ],
     [
      -49.35191081888985,
      -20.794893858246684
     ],
     [
      -49.3517417766264,
      -20.795497878687904
     ],
     [
      -49.351468753779436,
      -20.796024549715543
     ],
     [
      -49.351216880233856,
      -20.796414327068575
     ],
     [
      -49.35092630773787,
      -20.79676696296989
     ],
     [
      -49.350163520517995,
      -20.79732718518863
     ],
     [
      -49.349689551689316,
      -20.797684279560382
     ],
     [
      -49.34961666108407,
      -20.79773590133382
     ]
    ],
    "type": "LineString"
   },
   "id": 1406,
   "properties": {
    "DESCRIÇÃO": "Prolongamento na mesma largura da Avenida General Ernesto Geisel do Parque São Miguel até a rotatória do Jardim Marambaia.",
    "LEI_ANTERIOR": "Lei 9711/2006 - Item 107",
    "NUMERO_LEI": 87,
    "OBJECTID": 1406,
    "SHAPE.LEN": 535.670742817402
   },
   "type": "Feature"
  },
  {
   "geometry": {
    "coordinates": [
     [
      -49.35272523334931,
      -20.79395273451192
     ],
     [
      -49.352153732172994,
      -20.79491376434581
     ],
     [
      -49.352027131404874,
      -20.795362890222354
     ],
     [
      -49.35181667694061,
      -20.795913649702285
     ],
     [
      -49.35170024444435,
      -20.796201028641214
     ],
     [
      -49.35157278357306,
      -20.79644634480147
     ],
     [
      -49.351382144975894,
      -20.796715563105913
     ],
     [
      -49.35122458470562,
      -20.796904648036207
     ],
     [
      -49.350387965658044,
      -20.79755734654465
     ],
     [
      -49.349758788151455,
      -20.79804502335408
     ]
    ],
    "type": "LineString"
   },
   "id": 1407,
   "properties": {
    "DESCRIÇÃO": "Prolongamento na mesma largura da Avenida General Ernesto Geisel do Parque São Miguel até a rotatória do Jardim Marambaia.",
    "LEI_ANTERIOR": "Lei 9711/2006 - Item 107",
    "NUMERO_LEI": 87,
    "OBJECTID": 1407,
    "SHAPE.LEN": 562.866331059531
   },
   "type": "Feature"
  },
  {
   "geometry": {
    "coordinates": [
     [
      -49.350064118890856,
      -20.7637489473557
     ],
     [
      -49.35283432289061,
      -20.760821554404785
     ],
     [
      -49.35356592610726,
      -20.76004841080613
     ],
     [
      -49.355539057942,
      -20.757891204965627
     ],
     [
      -49.35726037306099,
      -20.758251728829322
     ],
     [
      -49.359391969101516,
      -20.75870245178037
     ]
    ],
    "type": "LineString"
   },
   "id": 1408,
   "properties": {
    "DESCRIÇÃO": "Abertura da avenida com no mínimo 30,00 metros de largura da Avenida Danilo Galeazzi até a Estrada Pastor Dr. José Perozin (Estrada SJR-355).",
    "LEI_ANTERIOR": "Lei 9711/2006 - Item 106",
    "NUMERO_LEI": 77,
    "OBJECTID": 1408,
    "SHAPE.LEN": 1274.65022685837
   },
   "type": "Feature"
  },
  {
   "geometry": {
    "coordinates": [
     [
      -49.3434610225742,
      -20.75456434560636
     ],
     [
      -49.34415362185109,
      -20.754752211301184
     ],
     [
      -49.34561574193777,
      -20.755344023490785
     ],
     [
      -49.34647939882217,
      -20.755561739918996
     ],
     [
      -49.34669886897638,
      -20.755663142255358
     ],
     [
      -49.34702765558676,
      -20.75592084100429
     ],
     [
      -49.34732214437103,
      -20.756178209311077
     ],
     [
      -49.34748639811831,
      -20.756495269974188
     ],
     [
      -49.34769089876195,
      -20.75696687233506
     ],
     [
      -49.34800945745044,
      -20.7574646668206
     ],
     [
      -49.348506591376605,
      -20.758014366877834
     ],
     [
      -49.34892077247601,
      -20.758530599534982
     ],
     [
      -49.34956667913691,
      -20.758984774427535
     ],
     [
      -49.3501044488108,
      -20.759475210789894
     ],
     [
      -49.3506578991146,
      -20.760093173441724
     ],
     [
      -49.35140331796522,
      -20.760914193147528
     ],
     [
      -49.3518253001223,
      -20.761439662191727
     ],
     [
      -49.35372396218727,
      -20.762046191896324
     ],
     [
      -49.35483442322371,
      -20.76180826877681
     ],
     [
      -49.355666718524624,
      -20.76216931544857
     ],
     [
      -49.356485309150784,
      -20.762699120813494
     ],
     [
      -49.35724423121913,
      -20.7632509961574
     ],
     [
      -49.3584989697788,
      -20.764241700898417
     ],
     [
      -49.35918641546059,
      -20.76482187170299
     ],
     [
      -49.36035914265467,
      -20.765677991358256
     ],
     [
      -49.36118311324818,
      -20.766962607021227
     ],
     [
      -49.362348545075385,
      -20.76895843025687
     ]
    ],
    "type": "LineString"
   },
   "id": 1409,
   "properties": {
    "DESCRIÇÃO": "Abertura das Avenidas Marginais ao Córrego da Fazenda Velha, ambos os lados, do Córrego Felicidade até a BR-153.",
    "LEI_ANTERIOR": "Lei 9711/2006 - Item 105",
    "NUMERO_LEI": 85,
    "OBJECTID": 1409,
    "SHAPE.LEN": 2666.66804640847
   },
   "type": "Feature"
  },
  {
   "geometry": {
    "coordinates": [
     [
      -49.34300411762583,
      -20.783532140774984
     ],
     [
      -49.34183366097874,
      -20.783115753575206
     ],
     [
      -49.340960788305594,
      -20.782762157525344
     ],
     [
      -49.33925170396213,
      -20.782069801831526
     ],
     [
      -49.33792090673453,
      -20.78153084507462
     ],
     [
      -49.33753471005787,
      -20.7812354284363
     ],
     [
      -49.337232369329705,
      -20.780960698601554
     ],
     [
      -49.336201181704034,
      -20.779979659595085
     ],
     [
      -49.33500182373902,
      -20.778827802250476
     ],
     [
      -49.3341846680653,
      -20.778047934519616
     ],
     [
      -49.333781092451545,
      -20.77772782695856
     ],
     [
      -49.333262974237634,
      -20.77737491702705
     ],
     [
      -49.33234046983847,
      -20.77674839082903
     ],
     [
      -49.33121007338017,
      -20.775980659194474
     ],
     [
      -49.33073711621615,
      -20.775678911391605
     ],
     [
      -49.33055516603984,
      -20.77558632284326
     ],
     [
      -49.33037824480241,
      -20.775498563276166
     ],
     [
      -49.33014464963727,
      -20.775416857303092
     ],
     [
      -49.32979797821369,
      -20.775115301845613
     ],
     [
      -49.329530845883866,
      -20.77491194492771
     ],
     [
      -49.329344814139326,
      -20.774728495963682
     ],
     [
      -49.328841011136625,
      -20.77386319917475
     ],
     [
      -49.32861643089225,
      -20.77348817664942
     ],
     [
      -49.32846136620651,
      -20.773262008657852
     ],
     [
      -49.32837126020983,
      -20.773136852021796
     ],
     [
      -49.32819695064161,
      -20.77299691871177
     ],
     [
      -49.328015268358094,
      -20.772880430843905
     ],
     [
      -49.32773140543937,
      -20.77269698345684
     ],
     [
      -49.327523190148156,
      -20.77261849413335
     ],
     [
      -49.32712765129321,
      -20.772486759532878
     ],
     [
      -49.32632450394087,
      -20.772037982151293
     ],
     [
      -49.32542209179968,
      -20.7712584156703
     ],
     [
      -49.3245587001644,
      -20.770626396331235
     ],
     [
      -49.32380268495691,
      -20.76998222659684
     ],
     [
      -49.32343427488108,
      -20.769704653057108
     ],
     [
      -49.32273454159142,
      -20.769238577050746
     ],
     [
      -49.32244734716524,
      -20.769039804386846
     ],
     [
      -49.321315823956034,
      -20.768029163395102
     ],
     [
      -49.32052279805064,
      -20.76731752196193
     ],
     [
      -49.31977545163328,
      -20.766681678918285
     ],
     [
      -49.31945120203233,
      -20.76649569120496
     ],
     [
      -49.318761169650664,
      -20.76625342829287
     ],
     [
      -49.31515865997895,
      -20.765005836247653
     ],
     [
      -49.311235035396194,
      -20.763702219571407
     ],
     [
      -49.30952671791795,
      -20.763047563279716
     ],
     [
      -49.308903217281696,
      -20.762806171002417
     ],
     [
      -49.308343462340396,
      -20.76234813702479
     ],
     [
      -49.308066362951365,
      -20.762108000142188
     ],
     [
      -49.307498009210214,
      -20.761829169975844
     ],
     [
      -49.307092275034215,
      -20.76161802099154
     ],
     [
      -49.3059830486967,
      -20.7612844407031
     ],
     [
      -49.305846691222875,
      -20.76120781208631
     ],
     [
      -49.305737130603994,
      -20.761120693042205
     ],
     [
      -49.30559788127484,
      -20.76096158230083
     ],
     [
      -49.30423470466829,
      -20.75839724220276
     ],
     [
      -49.30349037140281,
      -20.757076007506228
     ],
     [
      -49.302737949144365,
      -20.756454441469558
     ],
     [
      -49.30200874608751,
      -20.755942413723805
     ],
     [
      -49.300451585196186,
      -20.75437120622057
     ],
     [
      -49.299705276986636,
      -20.753460861439315
     ],
     [
      -49.29927062186572,
      -20.752687295329608
     ],
     [
      -49.298814657793045,
      -20.752145079584814
     ],
     [
      -49.298423851718155,
      -20.75185932163753
     ],
     [
      -49.29811099963037,
      -20.75181308718153
     ],
     [
      -49.29774287698046,
      -20.752147455326888
     ],
     [
      -49.297467516955805,
      -20.752304631711446
     ],
     [
      -49.29725470160509,
      -20.75232976470867
     ],
     [
      -49.29633648322886,
      -20.752054062215844
     ],
     [
      -49.29581052481162,
      -20.751875030166147
     ],
     [
      -49.29440914642721,
      -20.75143722625519
     ],
     [
      -49.293730128404164,
      -20.75127028792478
     ],
     [
      -49.29068487714079,
      -20.751034164612292
     ],
     [
      -49.289634082117146,
      -20.750937672381408
     ],
     [
      -49.288949280315265,
      -20.750830478223115
     ],
     [
      -49.28794655688928,
      -20.750526528552324
     ],
     [
      -49.286169417004736,
      -20.749275601952128
     ],
     [
      -49.28485418706972,
      -20.748131693730173
     ],
     [
      -49.28302315543685,
      -20.746359161948707
     ],
     [
      -49.28094211216958,
      -20.745093572982714
     ],
     [
      -49.2776894582718,
      -20.742902896522804
     ],
     [
      -49.27470915624886,
      -20.740787788987745
     ]
    ],
    "type": "LineString"
   },
   "id": 1415,
   "properties": {
    "DESCRIÇÃO": "Alargamento para no mínimo 50,00 metros da Estrada Miguel Ferreira Ribeiro (SJR-030), com início na Avenida Belvedere até os limites do Município.",
    "LEI_ANTERIOR": "Lei 9711/2006 - Item 99",
    "NUMERO_LEI": 81,
    "OBJECTID": 1415,
    "SHAPE.LEN": 8886.57534181491
   },
   "type": "Feature"
  },
  {
   "geometry": {
    "coordinates": [
     [
      -49.35517021510902,
      -20.800977359824277
     ],
     [
      -49.35491525828294,
      -20.798243372796644
     ],
     [
      -49.35482582426416,
      -20.79749695185209
     ]
    ],
    "type": "LineString"
   },
   "id": 1416,
   "properties": {
    "DESCRIÇÃO": "Abertura da Avenida Marginal à Rodovia BR-153, da Avenida Ibanez Sales até a Avenida Aurélio Toneli.",
    "LEI_ANTERIOR": "Lei 9711/2006 - Item 97b)",
    "NUMERO_LEI": 80,
    "OBJECTID": 1416,
    "SHAPE.LEN": 387.00121040090704
   },
   "type": "Feature"
  },
  {
   "geometry": {
    "coordinates": [
     [
      -49.35595648032636,
      -20.808705451348203
     ],
     [
      -49.35581044325525,
      -20.807719430537333
     ]
    ],
    "type": "LineString"
   },
   "id": 1417,
   "properties": {
    "DESCRIÇÃO": "Prolongamento na mesma largura da Avenida Lineu de Alcântara Gil da Avenida Aluísio Cherubini até a Avenida Nadima Damha.",
    "LEI_ANTERIOR": "Lei 9711/2006 - Item 97a)",
    "NUMERO_LEI": 79,
    "OBJECTID": 1417,
    "SHAPE.LEN": 110.21614634095101
   },
   "type": "Feature"
  },
  {
   "geometry": {
    "coordinates": [
     [
      -49.38549821919136,
      -20.772994184449153
     ],
     [
      -49.38611606478557,
      -20.772747417063044
     ],
     [
      -49.38616189057784,
      -20.772701929330022
     ],
     [
      -49.386600143052895,
      -20.771795311271408
     ],
     [
      -49.38693498751681,
      -20.771230346728704
     ],
     [
      -49.386969008996424,
      -20.77045983326402
     ],
     [
      -49.386988167617844,
      -20.770200803025514
     ],
     [
      -49.38706055834299,
      -20.769967873690415
     ],
     [
      -49.38714861862919,
      -20.76973438687099
     ],
     [
      -49.38755083571865,
      -20.769033593325208
     ],
     [
      -49.38767301976049,
      -20.76892655702645
     ]
    ],
    "type": "LineString"
   },
   "id": 1420,
   "properties": {
    "DESCRIÇÃO": "Abertura para 14,00 metros da Estrada Catarina Marcolin Adolfo, que tem início na Avenida Domingos Falavina, da Rua José Mastrichi até a Avenida Antonio Antunes Junior, no Jardim Manoel Del'Arco.",
    "LEI_ANTERIOR": "Lei 9711/2006 - Item 90",
    "NUMERO_LEI": 74,
    "OBJECTID": 1420,
    "SHAPE.LEN": 532.659292352042
   },
   "type": "Feature"
  },
  {
   "geometry": {
    "coordinates": [
     [
      -49.40273958940971,
      -20.747122333772136
     ],
     [
      -49.39569684196549,
      -20.755261829250575
     ]
    ],
    "type": "LineString"
   },
   "id": 1421,
   "properties": {
    "DESCRIÇÃO": "Prolongamento da Avenida Manoel De Freitas Assunção com 30,00 metros da Av. Orlando Canuto da Silva (Marginal Direita do Córrego São Pedro) até a Rua Alcides Morandini, do Residencial Vila Lobos.",
    "LEI_ANTERIOR": "Lei 9711/2006 - Item 92",
    "NUMERO_LEI": 75,
    "OBJECTID": 1421,
    "SHAPE.LEN": 1161.8374324814702
   },
   "type": "Feature"
  },
  {
   "geometry": {
    "coordinates": [
     [
      -49.3891602708347,
      -20.75521021389488
     ],
     [
      -49.388762888231994,
      -20.75466339984499
     ]
    ],
    "type": "LineString"
   },
   "id": 1423,
   "properties": {
    "DESCRIÇÃO": "Prolongamento na mesma largura da Avenida Anselmo Liso, do loteamento Setparque Avenida 2 até o Residencial Luzia Polotto; e do Residencial Caetano II até o loteamento Rios do Sul.",
    "LEI_ANTERIOR": "Lei 9711/2006 - Item 93",
    "NUMERO_LEI": 186,
    "OBJECTID": 1423,
    "SHAPE.LEN": 73.3285471731849
   },
   "type": "Feature"
  },
  {
   "geometry": {
    "coordinates": [
     [
      -49.39223709527374,
      -20.760463527134792
     ],
     [
      -49.39199035547348,
      -20.76034087291593
     ]
    ],
    "type": "LineString"
   },
   "id": 1424,
   "properties": {
    "DESCRIÇÃO": "Prolongamento na mesma largura da Rua Ida Tagliavini Polachini, do Jardim Santo Antonio I até a Rua João Pedro Gasparo do loteamento SetParque Avenida 2.",
    "LEI_ANTERIOR": "Lei 9711/2006 - Item 93",
    "NUMERO_LEI": 76,
    "OBJECTID": 1424,
    "SHAPE.LEN": 29.0604990406221
   },
   "type": "Feature"
  },
  {
   "geometry": {
    "coordinates": [
     [
      -49.319132093377284,
      -20.75738746487975
     ],
     [
      -49.31908322309341,
      -20.75809028595443
     ],
     [
      -49.31865538005692,
      -20.75867828241328
     ],
     [
      -49.317089091954095,
      -20.761145661700976
     ],
     [
      -49.31555365338384,
      -20.765101914900875
     ]
    ],
    "type": "LineString"
   },
   "id": 1601,
   "properties": {
    "DESCRIÇÃO": "Prolongamento na mesma largura da Avenida Armando Máximo, do Parque da Amizade até a Estrada SJR-030 (Estrada Miguel Ferreira Ribeiro).",
    "LEI_ANTERIOR": "NOVA",
    "NUMERO_LEI": 103,
    "OBJECTID": 1601,
    "SHAPE.LEN": 941.2904411386461
   },
   "type": "Feature"
  },
  {
   "geometry": {
    "coordinates": [
     [
      -49.32021091612666,
      -20.755490452417636
     ],
     [
      -49.32634247313419,
      -20.74865224499452
     ],
     [
      -49.32832261872149,
      -20.745942680452
     ],
     [
      -49.33159125267812,
      -20.742021724470124
     ],
     [
      -49.333334487732806,
      -20.739478657168032
     ],
     [
      -49.333866667066914,
      -20.73882054373999
     ],
     [
      -49.334389721964975,
      -20.73815080386478
     ],
     [
      -49.33601978218073,
      -20.735602941161694
     ],
     [
      -49.336446508302004,
      -20.735175210065723
     ],
     [
      -49.33717680243452,
      -20.734950620950457
     ],
     [
      -49.337669677019065,
      -20.734923406954657
     ]
    ],
    "type": "LineString"
   },
   "id": 1602,
   "properties": {
    "DESCRIÇÃO": "Prolongamento na mesma largura da Avenida Nelcides Marques Alves, do Parque da Amizade até o dispositivo localizado na marginal da Rodovia BR-153, em frente ao Distrito Industrial Carlos Arnaldo e Silva.",
    "LEI_ANTERIOR": "NOVA",
    "NUMERO_LEI": 104,
    "OBJECTID": 1602,
    "SHAPE.LEN": 2950.2240161598
   },
   "type": "Feature"
  },
  {
   "geometry": {
    "coordinates": [
     [
      -49.328458493161435,
      -20.76797999023742
     ],
     [
      -49.32820748345687,
      -20.7665435563888
     ],
     [
      -49.326066800962245,
      -20.763848666805313
     ],
     [
      -49.32156838488993,
      -20.76082091642719
     ],
     [
      -49.317219870473565,
      -20.75943363152344
     ],
     [
      -49.314327432155046,
      -20.75941162754191
     ]
    ],
    "type": "LineString"
   },
   "id": 1603,
   "properties": {
    "DESCRIÇÃO": "Prolongamento na mesma largura da Avenida José da Silva Sé, do Parque da Liberdade V até o Item 117 deste artigo.",
    "LEI_ANTERIOR": "NOVA",
    "NUMERO_LEI": 105,
    "OBJECTID": 1603,
    "SHAPE.LEN": 1888.97629592717
   },
   "type": "Feature"
  },
  {
   "geometry": {
    "coordinates": [
     [
      -49.31265535141803,
      -20.764094981411024
     ],
     [
      -49.31425659715899,
      -20.76030000287077
     ],
     [
      -49.314327432155046,
      -20.75941162754191
     ],
     [
      -49.31427297592233,
      -20.7588231598879
     ],
     [
      -49.313390289470476,
      -20.757308814216795
     ],
     [
      -49.31228481857697,
      -20.756638326462596
     ],
     [
      -49.31186802613501,
      -20.755730822525475
     ],
     [
      -49.311646696459626,
      -20.75506901597226
     ],
     [
      -49.31151794460524,
      -20.754307739308487
     ],
     [
      -49.31100130766209,
      -20.752782640051517
     ],
     [
      -49.31075814724443,
      -20.74996964133429
     ],
     [
      -49.310532942922485,
      -20.74691304252019
     ],
     [
      -49.31018293626442,
      -20.744113332962378
     ],
     [
      -49.30874086640473,
      -20.7421919529187
     ],
     [
      -49.308520681629574,
      -20.741429775937345
     ],
     [
      -49.308163640495074,
      -20.740637571620024
     ],
     [
      -49.307291565557165,
      -20.739553501018555
     ],
     [
      -49.30586034500612,
      -20.738033722717784
     ],
     [
      -49.30470630768752,
      -20.734896266823643
     ],
     [
      -49.304914826687025,
      -20.733966233330445
     ],
     [
      -49.30570665898117,
      -20.73266911077205
     ],
     [
      -49.306467198427775,
      -20.731443375450386
     ],
     [
      -49.308398094875415,
      -20.73051594536342
     ],
     [
      -49.310854104004775,
      -20.72946544903041
     ],
     [
      -49.31085293652625,
      -20.72946405732783
     ]
    ],
    "type": "LineString"
   },
   "id": 1604,
   "properties": {
    "DESCRIÇÃO": "Abertura da Avenida Marginal do Córrego do Talhado, da Estrada SJR-351 (Estrada Alcides Augusto Avila) até a Estrada SJR-030 (Estrada Miguel Ferreira Ribeiro).",
    "LEI_ANTERIOR": "NOVA",
    "NUMERO_LEI": 117,
    "OBJECTID": 1604,
    "SHAPE.LEN": 4477.7371838536
   },
   "type": "Feature"
  },
  {
   "geometry": {
    "coordinates": [
     [
      -49.28491807328069,
      -20.748246192236714
     ],
     [
      -49.28485215450542,
      -20.75007677626394
     ],
     [
      -49.28470017677069,
      -20.75150902263575
     ],
     [
      -49.284616321991074,
      -20.752253457833188
     ],
     [
      -49.2843978566124,
      -20.752890082454638
     ],
     [
      -49.28406597255943,
      -20.75354686732102
     ],
     [
      -49.284008592369936,
      -20.753950870439024
     ],
     [
      -49.28417057827479,
      -20.754307379687976
     ],
     [
      -49.28640234513263,
      -20.755138801999003
     ],
     [
      -49.286958044783404,
      -20.755378571108604
     ],
     [
      -49.28712846399382,
      -20.755657085639466
     ],
     [
      -49.28692517798244,
      -20.758109720050026
     ],
     [
      -49.28670055965867,
      -20.76094921821348
     ],
     [
      -49.2866121966051,
      -20.761970614095926
     ],
     [
      -49.28658002852378,
      -20.762806235138413
     ],
     [
      -49.286859563984194,
      -20.76318837133347
     ],
     [
      -49.28749477668718,
      -20.763905650372024
     ],
     [
      -49.287846051145,
      -20.764302305272626
     ],
     [
      -49.28811561342344,
      -20.76448953499057
     ],
     [
      -49.29081842147104,
      -20.76470340745962
     ],
     [
      -49.29386337054714,
      -20.76488750840903
     ],
     [
      -49.29693324982763,
      -20.76507279383569
     ],
     [
      -49.30003958622953,
      -20.76527933919657
     ],
     [
      -49.30283419872461,
      -20.767004366824253
     ],
     [
      -49.31107253751844,
      -20.771632169922125
     ]
    ],
    "type": "LineString"
   },
   "id": 1605,
   "properties": {
    "DESCRIÇÃO": "Alargamento da Estrada SJR-045, do Recanto São Lucas até a Estrada SJR-030 (Estrada Miguel Ferreira Ribeiro).",
    "LEI_ANTERIOR": "NOVA",
    "NUMERO_LEI": 107,
    "OBJECTID": 1605,
    "SHAPE.LEN": 4669.3013665158505
   },
   "type": "Feature"
  },
  {
   "geometry": {
    "coordinates": [
     [
      -49.329962944164066,
      -20.7752952665024
     ],
     [
      -49.32775053385067,
      -20.775601496515566
     ],
     [
      -49.32435913702367,
      -20.777377257228487
     ],
     [
      -49.32089943945431,
      -20.779255100966523
     ],
     [
      -49.319224491692154,
      -20.78029133334977
     ],
     [
      -49.31583323616287,
      -20.785458411381864
     ]
    ],
    "type": "LineString"
   },
   "id": 1606,
   "properties": {
    "DESCRIÇÃO": "Prolongamento na mesma largura da Rua Projetada 1 do Parque da Liberdade I até a Estrada SJR-045 (Estrada Isaú Gonçalves de Souza).",
    "LEI_ANTERIOR": "NOVA",
    "NUMERO_LEI": 113,
    "OBJECTID": 1606,
    "SHAPE.LEN": 1933.9124737385403
   },
   "type": "Feature"
  },
  {
   "geometry": {
    "coordinates": [
     [
      -49.3150224357674,
      -20.773789296427264
     ],
     [
      -49.311853142263125,
      -20.774777266623207
     ]
    ],
    "type": "LineString"
   },
   "id": 1607,
   "properties": {
    "DESCRIÇÃO": "Prolongamento na mesma largura da Rua Paulo Fernandes Lucania e da Rua José Toschi, do loteamento Parque Residencial Luz da Esperança, respeitando o canteiro central existente entre as mesmas, até a Estrada SJR-045 (Estrada Isaú Gonçalves de Souza).",
    "LEI_ANTERIOR": "NOVA",
    "NUMERO_LEI": 114,
    "OBJECTID": 1607,
    "SHAPE.LEN": 347.65432627418903
   },
   "type": "Feature"
  },
  {
   "geometry": {
    "coordinates": [
     [
      -49.323980567558344,
      -20.760529948786544
     ],
     [
      -49.31857802448752,
      -20.76619000545335
     ]
    ],
    "type": "LineString"
   },
   "id": 1609,
   "properties": {
    "DESCRIÇÃO": "Prolongamento na mesma largura da Avenida Aparecida Gonçalves de Melo do loteamento Parque da Lealdade até a Estrada SJR-030 (Estrada Miguel Ferreira Ribeiro).",
    "LEI_ANTERIOR": "NOVA",
    "NUMERO_LEI": 118,
    "OBJECTID": 1609,
    "SHAPE.LEN": 842.1145422304791
   },
   "type": "Feature"
  },
  {
   "geometry": {
    "coordinates": [
     [
      -49.2688458092063,
      -20.817642663465566
     ],
     [
      -49.29765190920266,
      -20.79487295697448
     ],
     [
      -49.30044718110453,
      -20.792185683092708
     ],
     [
      -49.30604513455263,
      -20.787714457357378
     ],
     [
      -49.308060680203184,
      -20.786099606056624
     ],
     [
      -49.30877691610878,
      -20.785454205546074
     ],
     [
      -49.3115299719703,
      -20.783330342346588
     ],
     [
      -49.314211817982674,
      -20.781121132694278
     ],
     [
      -49.317660941975255,
      -20.77840028115217
     ],
     [
      -49.31972277359752,
      -20.77671403104998
     ],
     [
      -49.324644494214354,
      -20.772856900432263
     ],
     [
      -49.325895727230666,
      -20.77184619120654
     ],
     [
      -49.328492209857124,
      -20.769774009246547
     ],
     [
      -49.333073883182195,
      -20.766113125774528
     ],
     [
      -49.335699742617706,
      -20.763939795422875
     ],
     [
      -49.343904033191386,
      -20.757236961837062
     ]
    ],
    "type": "LineString"
   },
   "id": 1921,
   "properties": {
    "DESCRIÇÃO": "Abertura de Avenida do Linhão com início na Avenida Marginal da Rodovia BR-153, no loteamento Alta Vista, seguindo em direção aos loteamentos Parque da Liberdade e destes até o limite do Município.",
    "LEI_ANTERIOR": "NOVA",
    "NUMERO_LEI": 102,
    "OBJECTID": 1921,
    "SHAPE.LEN": 10287.8605190011
   },
   "type": "Feature"
  },
  {
   "geometry": {
    "coordinates": [
     [
      -49.32412602367067,
      -20.796850923342785
     ],
     [
      -49.32354210556462,
      -20.795202297797218
     ],
     [
      -49.32253946704689,
      -20.79472964941619
     ],
     [
      -49.31939322624183,
      -20.79322699195181
     ],
     [
      -49.31774807401145,
      -20.79103018315137
     ],
     [
      -49.315782458102554,
      -20.788372897682933
     ],
     [
      -49.31577574242678,
      -20.78746036918698
     ],
     [
      -49.31585456776784,
      -20.78559377147372
     ],
     [
      -49.315654557133676,
      -20.784324564756904
     ],
     [
      -49.31554461654659,
      -20.783292008604644
     ],
     [
      -49.31536732547273,
      -20.78297159935861
     ],
     [
      -49.314756201703226,
      -20.78165468778066
     ],
     [
      -49.31383757802652,
      -20.779863116057175
     ],
     [
      -49.31289464516817,
      -20.77799243403168
     ],
     [
      -49.31222119240641,
      -20.7765393427799
     ],
     [
      -49.31176304561314,
      -20.774345915555134
     ],
     [
      -49.31107253751844,
      -20.771632169922125
     ],
     [
      -49.31009358667774,
      -20.76803111123403
     ],
     [
      -49.309690365388754,
      -20.765992434018408
     ],
     [
      -49.30952671791795,
      -20.763047563279716
     ]
    ],
    "type": "LineString"
   },
   "id": 1923,
   "properties": {
    "DESCRIÇÃO": "Alargamento da Estrada SJR-045, da Rodovia Estadual SP-425 (Assis Chateaubriand) até a Estrada SJR-030 (Estrada Miguel Ferreira Ribeiro).",
    "LEI_ANTERIOR": "NOVA",
    "NUMERO_LEI": 106,
    "OBJECTID": 1923,
    "SHAPE.LEN": 4245.089321949371
   },
   "type": "Feature"
  },
  {
   "geometry": {
    "coordinates": [
     [
      -49.309565435577056,
      -20.764437032494428
     ],
     [
      -49.30935380533952,
      -20.764039457209428
     ],
     [
      -49.30660200318319,
      -20.762666991755584
     ],
     [
      -49.305332626326035,
      -20.762775238872518
     ],
     [
      -49.30372441102761,
      -20.76295001324602
     ],
     [
      -49.30227442071707,
      -20.763221093140988
     ],
     [
      -49.301598859889964,
      -20.763775562000966
     ],
     [
      -49.30060963667644,
      -20.765052308631603
     ],
     [
      -49.30018365165508,
      -20.765259329847414
     ],
     [
      -49.29976584565939,
      -20.765249494102367
     ]
    ],
    "type": "LineString"
   },
   "id": 1924,
   "properties": {
    "DESCRIÇÃO": "Abertura de Avenida com no mínimo 50,00 metros do item 106 até o item 107 deste artigo.",
    "LEI_ANTERIOR": "NOVA",
    "NUMERO_LEI": 108,
    "OBJECTID": 1924,
    "SHAPE.LEN": 1190.53791766312
   },
   "type": "Feature"
  },
  {
   "geometry": {
    "coordinates": [
     [
      -49.350285365750665,
      -20.797636872357973
     ],
     [
      -49.35153829119555,
      -20.800069963092653
     ],
     [
      -49.35129948714932,
      -20.80167742762705
     ]
    ],
    "type": "LineString"
   },
   "id": 1926,
   "properties": {
    "DESCRIÇÃO": "Abertura de Avenida de no mínimo 30,00 metros, do item 87 deste artigo até a Avenida Marginal Jornalista Roberto Marinho.",
    "LEI_ANTERIOR": "NOVA",
    "NUMERO_LEI": 111,
    "OBJECTID": 1926,
    "SHAPE.LEN": 478.97867779896205
   },
   "type": "Feature"
  },
  {
   "geometry": {
    "coordinates": [
     [
      -49.34487304155327,
      -20.79528251142299
     ],
     [
      -49.3428469529641,
      -20.79443947034256
     ],
     [
      -49.339765321036,
      -20.79316210450374
     ],
     [
      -49.33710974256266,
      -20.791854332887326
     ],
     [
      -49.33472092890979,
      -20.79079732656342
     ],
     [
      -49.33039354805931,
      -20.788417874690406
     ],
     [
      -49.32578467183708,
      -20.786688040060643
     ],
     [
      -49.321657047764255,
      -20.784883924424264
     ],
     [
      -49.32107275100216,
      -20.784634433108856
     ],
     [
      -49.32046598170331,
      -20.784348870031245
     ],
     [
      -49.32003256705328,
      -20.784244248902787
     ],
     [
      -49.31667448251529,
      -20.78372377568882
     ],
     [
      -49.30981703069106,
      -20.78269683652184
     ],
     [
      -49.30727474140334,
      -20.782327630214922
     ],
     [
      -49.301519943007705,
      -20.78153228794146
     ],
     [
      -49.29955721343959,
      -20.78115436315632
     ],
     [
      -49.29270699139215,
      -20.78015428995362
     ],
     [
      -49.27864179991952,
      -20.778077983592997
     ]
    ],
    "type": "LineString"
   },
   "id": 1928,
   "properties": {
    "DESCRIÇÃO": "Prolongamento na mesma largura da Avenida Olinda Loria Khauan, da Rua João José Lucania Fernandes até o limite do Município.",
    "LEI_ANTERIOR": "NOVA",
    "NUMERO_LEI": 112,
    "OBJECTID": 1928,
    "SHAPE.LEN": 7228.315264024701
   },
   "type": "Feature"
  },
  {
   "geometry": {
    "coordinates": [
     [
      -49.31473437721182,
      -20.774316644529097
     ],
     [
      -49.311951674039776,
      -20.77521820774234
     ]
    ],
    "type": "LineString"
   },
   "id": 1929,
   "properties": {
    "DESCRIÇÃO": "Prolongamento na mesma largura da Rua Paulo Fernandes Lucania e da Rua José Toschi, do loteamento Parque Residencial Luz da Esperança, respeitando o canteiro central existente entre as mesmas, até a Estrada SJR-045 (Estrada Isaú Gonçalves de Souza).",
    "LEI_ANTERIOR": "NOVA",
    "NUMERO_LEI": 114,
    "OBJECTID": 1929,
    "SHAPE.LEN": 306.45554797472704
   },
   "type": "Feature"
  },
  {
   "geometry": {
    "coordinates": [
     [
      -49.321574082222924,
      -20.79430746208843
     ],
     [
      -49.32066202663873,
      -20.794734525154542
     ],
     [
      -49.320411593783696,
      -20.794839898168718
     ],
     [
      -49.320102640693875,
      -20.794827498116728
     ],
     [
      -49.31974404576542,
      -20.794795858071886
     ],
     [
      -49.31958651008545,
      -20.794771036411692
     ],
     [
      -49.319490236978325,
      -20.794755867486554
     ],
     [
      -49.31922568067715,
      -20.794646575327945
     ],
     [
      -49.3184766084753,
      -20.793754238169157
     ],
     [
      -49.31726071994323,
      -20.79215560178852
     ],
     [
      -49.31643020346754,
      -20.791059200922337
     ],
     [
      -49.314643804597765,
      -20.788976734225496
     ],
     [
      -49.31453329419139,
      -20.787943182536278
     ],
     [
      -49.31455003973175,
      -20.7873506351278
     ],
     [
      -49.31465391431393,
      -20.787150898369564
     ],
     [
      -49.31478806976639,
      -20.7869705779649
     ],
     [
      -49.31479051077143,
      -20.7867507250576
     ],
     [
      -49.31481338611553,
      -20.786521513238352
     ],
     [
      -49.31475185365047,
      -20.786229737951487
     ],
     [
      -49.31442088813278,
      -20.78567038364287
     ],
     [
      -49.314156793744345,
      -20.785429499326145
     ],
     [
      -49.31388057813655,
      -20.784445153264297
     ],
     [
      -49.31353485239076,
      -20.783286121712706
     ],
     [
      -49.31348016032328,
      -20.782999945966292
     ],
     [
      -49.31330335681144,
      -20.782673172330508
     ],
     [
      -49.313104552541255,
      -20.78249675132255
     ],
     [
      -49.312736064223834,
      -20.782039036288356
     ],
     [
      -49.31265612330301,
      -20.7814574883636
     ],
     [
      -49.312459525929754,
      -20.78108272081167
     ],
     [
      -49.312200731329,
      -20.780587844076088
     ],
     [
      -49.31206450909592,
      -20.7802686387222
     ],
     [
      -49.31152616826927,
      -20.778860434613758
     ],
     [
      -49.310944092874784,
      -20.777272551365435
     ],
     [
      -49.31072692258053,
      -20.77669204283961
     ],
     [
      -49.31056397818789,
      -20.77626263570381
     ],
     [
      -49.31059089870549,
      -20.775670188897827
     ],
     [
      -49.31066849129252,
      -20.7739489810172
     ],
     [
      -49.31125546009942,
      -20.772351077980886
     ]
    ],
    "type": "LineString"
   },
   "id": 1930,
   "properties": {
    "DESCRIÇÃO": "Abertura de Avenida Marginal do Córrego da Mistura, da Estância Yvonne até Estrada SJR-045 (Estrada Isaú Gonçalves de Souza).",
    "LEI_ANTERIOR": "NOVA",
    "NUMERO_LEI": 115,
    "OBJECTID": 1930,
    "SHAPE.LEN": 3006.3566494924203
   },
   "type": "Feature"
  },
  {
   "geometry": {
    "coordinates": [
     [
      -49.3335816292474,
      -20.765692891064116
     ],
     [
      -49.33333663417543,
      -20.765515408160603
     ],
     [
      -49.332581448634265,
      -20.76509700105684
     ],
     [
      -49.331528215163615,
      -20.764515567071054
     ],
     [
      -49.33134638130465,
      -20.76441342059493
     ],
     [
      -49.33087974660476,
      -20.764330018041928
     ],
     [
      -49.32916677493662,
      -20.764266042883012
     ],
     [
      -49.328451857748355,
      -20.764115688736684
     ],
     [
      -49.32787032306696,
      -20.763851910133642
     ],
     [
      -49.327126024458074,
      -20.763600885480702
     ],
     [
      -49.326066800962245,
      -20.763848666805313
     ]
    ],
    "type": "LineString"
   },
   "id": 1933,
   "properties": {
    "DESCRIÇÃO": "Abertura de Avenida Marginal Esquerda do Córrego Monjolinho, do Parque da Liberdade IV até o Item 105 deste artigo.",
    "LEI_ANTERIOR": "NOVA",
    "NUMERO_LEI": 116,
    "OBJECTID": 1933,
    "SHAPE.LEN": 840.1681451931801
   },
   "type": "Feature"
  },
  {
   "geometry": {
    "coordinates": [
     [
      -49.345835911800485,
      -20.786816252065545
     ],
     [
      -49.34983445826356,
      -20.785276295936104
     ]
    ],
    "type": "LineString"
   },
   "id": 1935,
   "properties": {
    "DESCRIÇÃO": "Prolongamento na mesma largura da Rua Adeir Marques do Residencial Santa Filomena até o item 120 deste artigo.",
    "LEI_ANTERIOR": "NOVA",
    "NUMERO_LEI": 121,
    "OBJECTID": 1935,
    "SHAPE.LEN": 449.86328320879903
   },
   "type": "Feature"
  },
  {
   "geometry": {
    "coordinates": [
     [
      -49.34900412773505,
      -20.78717714322573
     ],
     [
      -49.34874147520608,
      -20.78644989855867
     ],
     [
      -49.3486705702889,
      -20.78595926745506
     ],
     [
      -49.348818002099996,
      -20.78525563562589
     ],
     [
      -49.34956790025406,
      -20.78375316850644
     ]
    ],
    "type": "LineString"
   },
   "id": 1937,
   "properties": {
    "DESCRIÇÃO": "Prolongamento na mesma largura da Rua Antonio Pereira do Residencial Vila Flora até a Rua Irmã Heloisa Helena Campos de Melo do Residencial Santa Filomena.",
    "LEI_ANTERIOR": "NOVA",
    "NUMERO_LEI": 168,
    "OBJECTID": 1937,
    "SHAPE.LEN": 402.99615369943
   },
   "type": "Feature"
  },
  {
   "geometry": {
    "coordinates": [
     [
      -49.289740023494396,
      -20.84949406620883
     ],
     [
      -49.28193351476469,
      -20.81741432704802
     ]
    ],
    "type": "LineString"
   },
   "id": 1953,
   "properties": {
    "DESCRIÇÃO": "Prolongamento da Estrada SJR-050 com no mínimo 50,00 metros, com início no item 100 deste artigo até a Estrada SJR-250.",
    "LEI_ANTERIOR": "NOVA",
    "NUMERO_LEI": 129,
    "OBJECTID": 1953,
    "SHAPE.LEN": 3643.43893863909
   },
   "type": "Feature"
  },
  {
   "geometry": {
    "coordinates": [
     [
      -49.34956790025406,
      -20.78375316850644
     ],
     [
      -49.34730355102459,
      -20.784376030912163
     ],
     [
      -49.34384669316387,
      -20.785380447616824
     ],
     [
      -49.34370344846851,
      -20.785419815171828
     ]
    ],
    "type": "LineString"
   },
   "id": 1955,
   "properties": {
    "DESCRIÇÃO": "Abertura de Avenida Marginal do Córrego Felicidade, com início na Avenida Belvedere até a Rua Irmã Heloisa Helena de Campos Melo do Residencial Santa Filomena.",
    "LEI_ANTERIOR": "NOVA",
    "NUMERO_LEI": 137,
    "OBJECTID": 1955,
    "SHAPE.LEN": 637.867811308811
   },
   "type": "Feature"
  },
  {
   "geometry": {
    "coordinates": [
     [
      -49.34773307592715,
      -20.786673706939663
     ],
     [
      -49.34737844249242,
      -20.78435543130468
     ]
    ],
    "type": "LineString"
   },
   "id": 1956,
   "properties": {
    "DESCRIÇÃO": "Prolongamento na mesma largura da Rua Antonio Pereira do Residencial Vila Flora até o item 137 deste artigo.",
    "LEI_ANTERIOR": "NOVA",
    "NUMERO_LEI": 172,
    "OBJECTID": 1956,
    "SHAPE.LEN": 259.29954841227504
   },
   "type": "Feature"
  },
  {
   "geometry": {
    "coordinates": [
     [
      -49.33397752274579,
      -20.819965230739754
     ],
     [
      -49.33005384545275,
      -20.821286260491636
     ],
     [
      -49.32865763013705,
      -20.821896592661155
     ],
     [
      -49.32717526456661,
      -20.822875230938795
     ],
     [
      -49.32585602512831,
      -20.823796032867698
     ],
     [
      -49.3210299124182,
      -20.826799776065272
     ]
    ],
    "type": "LineString"
   },
   "id": 1957,
   "properties": {
    "DESCRIÇÃO": "Prolongamento com no mínimo 30,00 metros de largura da Rua João Goveia Luiz, entre os Damhas III e IV até a rotatória 1 do Quinta do Lago Residence; e desta até o item 123 deste artigo.",
    "LEI_ANTERIOR": "NOVA",
    "NUMERO_LEI": 126,
    "OBJECTID": 1957,
    "SHAPE.LEN": 1556.0976473027101
   },
   "type": "Feature"
  },
  {
   "geometry": {
    "coordinates": [
     [
      -49.304629797183956,
      -20.80212532065478
     ],
     [
      -49.296065565904634,
      -20.796127196665665
     ]
    ],
    "type": "LineString"
   },
   "id": 1958,
   "properties": {
    "DESCRIÇÃO": "Abertura de Avenida de no mínimo 18,00 metros, do item 102 até o item 128 deste artigo.",
    "LEI_ANTERIOR": "NOVA",
    "NUMERO_LEI": 166,
    "OBJECTID": 1958,
    "SHAPE.LEN": 1111.72868985343
   },
   "type": "Feature"
  },
  {
   "geometry": {
    "coordinates": [
     [
      -49.320844644324616,
      -20.848213008878616
     ],
     [
      -49.31954338906055,
      -20.849990421044033
     ]
    ],
    "type": "LineString"
   },
   "id": 1959,
   "properties": {
    "DESCRIÇÃO": "Prolongamento na mesma largura da Avenida Luiz Martins Filho até a Avenida Projetada 4 do loteamento Fazenda Rio Preto. ",
    "LEI_ANTERIOR": "NOVA",
    "NUMERO_LEI": 130,
    "OBJECTID": 1959,
    "SHAPE.LEN": 238.878432396167
   },
   "type": "Feature"
  },
  {
   "geometry": {
    "coordinates": [
     [
      -49.316239456426345,
      -20.856878402668812
     ],
     [
      -49.31301193619101,
      -20.854993839164877
     ]
    ],
    "type": "LineString"
   },
   "id": 1960,
   "properties": {
    "DESCRIÇÃO": "Prolongamento da Estrada SJR-108 com largura de no mínimo 50,00 metros até a Estrada SJR-109 (Rua Henrique Orlandi).",
    "LEI_ANTERIOR": "NOVA",
    "NUMERO_LEI": 131,
    "OBJECTID": 1960,
    "SHAPE.LEN": 395.40975469005605
   },
   "type": "Feature"
  },
  {
   "geometry": {
    "coordinates": [
     [
      -49.321735088637006,
      -20.845275485016575
     ],
     [
      -49.32319966042401,
      -20.837865839709984
     ]
    ],
    "type": "LineString"
   },
   "id": 1962,
   "properties": {
    "DESCRIÇÃO": "Prolongamento na mesma largura da Avenida Projetada 4 do loteamento Fazenda Rio Preto até a Avenida Marginal do Córrego da Lagoa (Estrada SJR-050).",
    "LEI_ANTERIOR": "NOVA",
    "NUMERO_LEI": 132,
    "OBJECTID": 1962,
    "SHAPE.LEN": 834.380770508651
   },
   "type": "Feature"
  },
  {
   "geometry": {
    "coordinates": [
     [
      -49.321735088637006,
      -20.845275485016575
     ],
     [
      -49.32174588891424,
      -20.84388692809963
     ],
     [
      -49.321552143529814,
      -20.842840894672015
     ],
     [
      -49.32092524914344,
      -20.841775719557454
     ],
     [
      -49.319636212538995,
      -20.839581386459376
     ]
    ],
    "type": "LineString"
   },
   "id": 1963,
   "properties": {
    "DESCRIÇÃO": "Abertura e alargamento para no mínimo 50,00 metros da Estrada, com início na Estrada SJR-109 até a Estrada SJR-050.",
    "LEI_ANTERIOR": "NOVA",
    "NUMERO_LEI": 140,
    "OBJECTID": 1963,
    "SHAPE.LEN": 683.582446446729
   },
   "type": "Feature"
  },
  {
   "geometry": {
    "coordinates": [
     [
      -49.306586047943384,
      -20.840214500953888
     ],
     [
      -49.2989724042156,
      -20.814076527518097
     ]
    ],
    "type": "LineString"
   },
   "id": 1964,
   "properties": {
    "DESCRIÇÃO": "Prolongamento da Estrada SJR-108, com início na Estrada SJR-050 até a Estrada SJR-250.",
    "LEI_ANTERIOR": "NOVA",
    "NUMERO_LEI": 173,
    "OBJECTID": 1964,
    "SHAPE.LEN": 3000.3706354383403
   },
   "type": "Feature"
  },
  {
   "geometry": {
    "coordinates": [
     [
      -49.34921940744296,
      -20.773562901888546
     ],
     [
      -49.34752158416817,
      -20.772457988904563
     ],
     [
      -49.343863563978104,
      -20.77000885104854
     ],
     [
      -49.3429488176523,
      -20.76942045288649
     ],
     [
      -49.34231672988495,
      -20.769127553093924
     ],
     [
      -49.3413046913191,
      -20.768723432882854
     ],
     [
      -49.340547569911976,
      -20.768524453472317
     ],
     [
      -49.33630515549042,
      -20.765324763645985
     ],
     [
      -49.335508979180226,
      -20.76484337493998
     ],
     [
      -49.33462586045722,
      -20.764273167338526
     ],
     [
      -49.33390069456639,
      -20.763782162515046
     ],
     [
      -49.33312502393727,
      -20.76354043946562
     ],
     [
      -49.33246045018064,
      -20.76342082487404
     ],
     [
      -49.32706979886626,
      -20.762211438024433
     ],
     [
      -49.32643094921718,
      -20.76288153034852
     ],
     [
      -49.32618576258318,
      -20.763225689592637
     ],
     [
      -49.32611750608229,
      -20.763655221662013
     ],
     [
      -49.326066800962245,
      -20.763848666805313
     ]
    ],
    "type": "LineString"
   },
   "id": 2241,
   "properties": {
    "DESCRIÇÃO": "Abertura da Avenida Marginal Direita do Córrego Monjolinho, do prolongamento da Avenida Belvedere até a Rua Maria Lucia Dos Reis, do loteamento Residencial da Lealdade; e deste até o item 105 deste artigo.",
    "LEI_ANTERIOR": "NOVA",
    "NUMERO_LEI": 119,
    "OBJECTID": 2241,
    "SHAPE.LEN": 2885.2914862604903
   },
   "type": "Feature"
  },
  {
   "geometry": {
    "coordinates": [
     [
      -49.29501709544327,
      -20.713814424610703
     ],
     [
      -49.28491807328069,
      -20.748246192236714
     ]
    ],
    "type": "LineString"
   },
   "id": 2257,
   "properties": {
    "DESCRIÇÃO": "Prolongamento da Estrada SJR-045 (Estrada Isaú Gonçalves de Moura), com início no cruzamento da Estrada SJR-030 e da Estrada SJR-045, até a Estrada SJR-351 (Estrada Alcides Augusto Ávila). ",
    "LEI_ANTERIOR": "NOVA",
    "NUMERO_LEI": 122,
    "OBJECTID": 2257,
    "SHAPE.LEN": 3954.49096463696
   },
   "type": "Feature"
  },
  {
   "geometry": {
    "coordinates": [
     [
      -49.32613845096284,
      -20.836098040178022
     ],
     [
      -49.325458484025226,
      -20.834173900306848
     ],
     [
      -49.32494804459013,
      -20.83355901621002
     ],
     [
      -49.32442619896338,
      -20.833183030275162
     ],
     [
      -49.32387830065789,
      -20.832329631333767
     ],
     [
      -49.317845993437786,
      -20.820618028493882
     ],
     [
      -49.31711903068032,
      -20.819479980541985
     ],
     [
      -49.304969949985676,
      -20.799236013887278
     ],
     [
      -49.29797536864324,
      -20.79456200310533
     ]
    ],
    "type": "LineString"
   },
   "id": 2259,
   "properties": {
    "DESCRIÇÃO": "Abertura de Avenida de no mínimo 30,00 metros, da Estrada SJR-050 no loteamento Morada Campestre até o item 102 deste artigo.",
    "LEI_ANTERIOR": "NOVA",
    "NUMERO_LEI": 123,
    "OBJECTID": 2259,
    "SHAPE.LEN": 5544.0469539843
   },
   "type": "Feature"
  },
  {
   "geometry": {
    "coordinates": [
     [
      -49.33139345011173,
      -20.829256417634028
     ],
     [
      -49.32631568289472,
      -20.83147376532421
     ],
     [
      -49.32516971930454,
      -20.832250457806527
     ],
     [
      -49.32331744541628,
      -20.83330113796357
     ],
     [
      -49.32160818050096,
      -20.834471954214067
     ],
     [
      -49.31942842917888,
      -20.83575689109256
     ],
     [
      -49.317001118707914,
      -20.8365813095935
     ],
     [
      -49.31508713589801,
      -20.836681248547453
     ],
     [
      -49.313574843592576,
      -20.83636099601324
     ],
     [
      -49.31171367262538,
      -20.83658017236702
     ],
     [
      -49.30918354481791,
      -20.836911479315077
     ],
     [
      -49.30657648933448,
      -20.83766611260705
     ],
     [
      -49.30503553106199,
      -20.838295537698524
     ],
     [
      -49.30119895893964,
      -20.839258457209556
     ],
     [
      -49.29937402272313,
      -20.839460890048752
     ],
     [
      -49.29629315234042,
      -20.840617812209562
     ],
     [
      -49.29439066695516,
      -20.841294434440407
     ],
     [
      -49.29230829697252,
      -20.841918346385427
     ],
     [
      -49.29013568926148,
      -20.842541331852246
     ],
     [
      -49.28902443057574,
      -20.843463296865718
     ],
     [
      -49.28679130952021,
      -20.84624016134847
     ],
     [
      -49.28603263960169,
      -20.847895117948536
     ],
     [
      -49.28484125014843,
      -20.84951180554092
     ],
     [
      -49.283879614714415,
      -20.85155490605601
     ],
     [
      -49.282603143523104,
      -20.852712673132224
     ],
     [
      -49.28118672187095,
      -20.853478834724736
     ],
     [
      -49.27926712831989,
      -20.854053315133086
     ],
     [
      -49.27708069976373,
      -20.854285791787905
     ],
     [
      -49.27513331164029,
      -20.85413046151834
     ],
     [
      -49.27092557020508,
      -20.854359443566327
     ],
     [
      -49.26840867918266,
      -20.855080445715387
     ],
     [
      -49.26673350287439,
      -20.856369767954575
     ],
     [
      -49.26562414526289,
      -20.85710497337887
     ],
     [
      -49.26261698009934,
      -20.859310621815727
     ]
    ],
    "type": "LineString"
   },
   "id": 2262,
   "properties": {
    "DESCRIÇÃO": "Abertura da Avenida Marginal direita do Córrego da Lagoa ou da Onça com no mínimo 18,00 metros, com início na Avenida José Geraldo Alves da Silva, do Quinta do Lago Residence até o item 100 deste artigo.",
    "LEI_ANTERIOR": "NOVA",
    "NUMERO_LEI": 127,
    "OBJECTID": 2262,
    "SHAPE.LEN": 8294.65044844441
   },
   "type": "Feature"
  },
  {
   "geometry": {
    "coordinates": [
     [
      -49.322497829592265,
      -20.79743105131249
     ],
     [
      -49.31744823779255,
      -20.79921213713192
     ],
     [
      -49.31690149693709,
      -20.799442547402943
     ],
     [
      -49.315803475965325,
      -20.80006215723512
     ],
     [
      -49.3149265157594,
      -20.800360082179335
     ],
     [
      -49.31405000764737,
      -20.800617134735873
     ],
     [
      -49.3121376552772,
      -20.800665911279047
     ],
     [
      -49.310436974252525,
      -20.800736407069998
     ],
     [
      -49.30881045236301,
      -20.800802827825954
     ],
     [
      -49.30658112848845,
      -20.8011542783649
     ],
     [
      -49.30511176501189,
      -20.801869261251095
     ],
     [
      -49.30373239688292,
      -20.802602084458798
     ],
     [
      -49.30080765259666,
      -20.804388385456402
     ],
     [
      -49.29857027094639,
      -20.80601180422425
     ],
     [
      -49.29446601339801,
      -20.809991720434127
     ],
     [
      -49.29257183171076,
      -20.811567569056997
     ],
     [
      -49.29215020435074,
      -20.81215714177643
     ],
     [
      -49.292053310208495,
      -20.812749947571497
     ],
     [
      -49.29210093411088,
      -20.813327228401068
     ]
    ],
    "type": "LineString"
   },
   "id": 2263,
   "properties": {
    "DESCRIÇÃO": "Alargamento e prolongamento da Avenida Dulce da Silva Borges com no mínimo 50,00 metros de largura, com início na marginal da Rodovia SP-425 até a Estrada SJR-250.",
    "LEI_ANTERIOR": "NOVA",
    "NUMERO_LEI": 128,
    "OBJECTID": 2263,
    "SHAPE.LEN": 3811.66597654602
   },
   "type": "Feature"
  },
  {
   "geometry": {
    "coordinates": [
     [
      -49.33757075704783,
      -20.84339854322791
     ],
     [
      -49.337716721301796,
      -20.84388993293372
     ],
     [
      -49.3364697022306,
      -20.846683377852994
     ],
     [
      -49.336123137389144,
      -20.847474035315347
     ],
     [
      -49.336321850595255,
      -20.848862863084562
     ],
     [
      -49.33625867573319,
      -20.849486881825076
     ],
     [
      -49.336103779458334,
      -20.85025822791115
     ],
     [
      -49.33567553731122,
      -20.851243056706434
     ],
     [
      -49.33522598615077,
      -20.851884461254656
     ],
     [
      -49.33464338124756,
      -20.85214631671419
     ]
    ],
    "type": "LineString"
   },
   "id": 2273,
   "properties": {
    "DESCRIÇÃO": "Prolongamento na mesma largura da Avenida Carolina da Silveira Zanchini, do Residencial Vila Verde até a Estrada SJR-350 (Rua Nelson Vitalino) da Vila Toninho.",
    "LEI_ANTERIOR": "NOVA",
    "NUMERO_LEI": 165,
    "OBJECTID": 2273,
    "SHAPE.LEN": 1068.0331342500601
   },
   "type": "Feature"
  },
  {
   "geometry": {
    "coordinates": [
     [
      -49.335506113980784,
      -20.854512759524056
     ],
     [
      -49.33469624280238,
      -20.85381148084337
     ]
    ],
    "type": "LineString"
   },
   "id": 2274,
   "properties": {
    "DESCRIÇÃO": "Prolongamento na mesma largura da Rua Geraldo Pascutti, do loteamento Centro Industrial Pascutti até a Rua José Roberto Delfino da Silva do Residencial Vila Verde.",
    "LEI_ANTERIOR": "NOVA",
    "NUMERO_LEI": 171,
    "OBJECTID": 2274,
    "SHAPE.LEN": 114.59213375245301
   },
   "type": "Feature"
  },
  {
   "geometry": {
    "coordinates": [
     [
      -49.333517937806825,
      -20.855603546364005
     ],
     [
      -49.33435421513971,
      -20.85606277209731
     ],
     [
      -49.334696120709474,
      -20.856365599419867
     ]
    ],
    "type": "LineString"
   },
   "id": 2275,
   "properties": {
    "DESCRIÇÃO": "Prolongamento na mesma largura da Rua Norma Rizoli Pascutti, do loteamento Centro Industrial Pascutti até a Rua Brasiliano Barbosa de Souza do Residencial Vila Verde.",
    "LEI_ANTERIOR": "NOVA",
    "NUMERO_LEI": 167,
    "OBJECTID": 2275,
    "SHAPE.LEN": 149.67939216699
   },
   "type": "Feature"
  },
  {
   "geometry": {
    "coordinates": [
     [
      -49.32562924051953,
      -20.870709228546424
     ],
     [
      -49.324599664222454,
      -20.8702372306029
     ],
     [
      -49.32378374875689,
      -20.869885522974332
     ],
     [
      -49.322531567061056,
      -20.869294798719174
     ],
     [
      -49.32180292681559,
      -20.86896901228471
     ],
     [
      -49.32151031865037,
      -20.868848555265537
     ],
     [
      -49.32105860038358,
      -20.86867656467116
     ],
     [
      -49.31932768061368,
      -20.868269409285077
     ],
     [
      -49.31626702697919,
      -20.867563907477873
     ],
     [
      -49.31537098990696,
      -20.867369933032155
     ],
     [
      -49.314924067732726,
      -20.867269515183942
     ],
     [
      -49.314653804902505,
      -20.867243909610846
     ],
     [
      -49.31419550011948,
      -20.867338226303385
     ],
     [
      -49.313510972888146,
      -20.867852519814537
     ]
    ],
    "type": "LineString"
   },
   "id": 2276,
   "properties": {
    "DESCRIÇÃO": "Alargamento da Estrada Padre Mariano Aparicio de La Mata para no mínimo 50,00 metros.",
    "LEI_ANTERIOR": "NOVA",
    "NUMERO_LEI": 138,
    "OBJECTID": 2276,
    "SHAPE.LEN": 1351.69532195995
   },
   "type": "Feature"
  },
  {
   "geometry": {
    "coordinates": [
     [
      -49.32171522561506,
      -20.845256275182326
     ],
     [
      -49.32121245385714,
      -20.845172105593143
     ],
     [
      -49.31418438113986,
      -20.843358184564284
     ],
     [
      -49.309572040949654,
      -20.84321239384747
     ]
    ],
    "type": "LineString"
   },
   "id": 2277,
   "properties": {
    "DESCRIÇÃO": "Prolongamento na mesma largura da Avenida Adelina Alves de Paula do loteamento Fazenda Rio Preto até a Estrada SJR-108.",
    "LEI_ANTERIOR": "NOVA",
    "NUMERO_LEI": 174,
    "OBJECTID": 2277,
    "SHAPE.LEN": 1291.97612147782
   },
   "type": "Feature"
  },
  {
   "geometry": {
    "coordinates": [
     [
      -49.33991010847994,
      -20.842844379652007
     ],
     [
      -49.33961184290866,
      -20.842978565926487
     ],
     [
      -49.33940282113818,
      -20.843026195168978
     ],
     [
      -49.33776191658521,
      -20.84335722856837
     ],
     [
      -49.33744732377463,
      -20.843407352522185
     ],
     [
      -49.33736583191573,
      -20.843391206214804
     ],
     [
      -49.33725246359897,
      -20.843368744350904
     ],
     [
      -49.336513894139095,
      -20.843049489331545
     ],
     [
      -49.335498378867975,
      -20.842561599005595
     ],
     [
      -49.335368174266215,
      -20.84247646700926
     ],
     [
      -49.33508374633199,
      -20.84224514136815
     ],
     [
      -49.332944530397434,
      -20.840635561976104
     ]
    ],
    "type": "LineString"
   },
   "id": 2278,
   "properties": {
    "DESCRIÇÃO": "Alargamento da Rua Nelson Vitalino para 30,00 metros, da Rua Angelina Borgho até a Estrada João Parise.",
    "LEI_ANTERIOR": "NOVA",
    "NUMERO_LEI": 178,
    "OBJECTID": 2278,
    "SHAPE.LEN": 829.5200850446381
   },
   "type": "Feature"
  },
  {
   "geometry": {
    "coordinates": [
     [
      -49.34540468627499,
      -20.82728002891551
     ],
     [
      -49.34503271656247,
      -20.828572316600763
     ],
     [
      -49.34399736624293,
      -20.831502276928603
     ],
     [
      -49.343979183568806,
      -20.831796167393396
     ],
     [
      -49.343984524641044,
      -20.833316922412575
     ],
     [
      -49.34081599801044,
      -20.837031795987933
     ],
     [
      -49.33902137873792,
      -20.83912669594254
     ],
     [
      -49.33851054495302,
      -20.839386355539183
     ],
     [
      -49.337365511418,
      -20.84020792634195
     ],
     [
      -49.336446717554125,
      -20.84086735893885
     ],
     [
      -49.335730554878076,
      -20.841613141179558
     ],
     [
      -49.33530157794732,
      -20.84203271019863
     ],
     [
      -49.334785511519854,
      -20.842583706921307
     ],
     [
      -49.33457099050904,
      -20.84304795744702
     ],
     [
      -49.33416031906403,
      -20.84374710000202
     ],
     [
      -49.33379816857737,
      -20.84447176719373
     ],
     [
      -49.33350941594483,
      -20.845178546173788
     ],
     [
      -49.333186375922935,
      -20.846186025966514
     ],
     [
      -49.33259817987267,
      -20.84776992573265
     ],
     [
      -49.33209044373596,
      -20.848854806202723
     ],
     [
      -49.33173072923622,
      -20.8494612473279
     ],
     [
      -49.32978354852258,
      -20.85169908077036
     ],
     [
      -49.3287870988474,
      -20.852640251058613
     ],
     [
      -49.32672846132662,
      -20.854366317478753
     ],
     [
      -49.32405622072163,
      -20.856663214068135
     ],
     [
      -49.32354624804854,
      -20.85725331936241
     ],
     [
      -49.319919747511946,
      -20.860766160097512
     ],
     [
      -49.319780318796454,
      -20.860884667385065
     ]
    ],
    "type": "LineString"
   },
   "id": 2279,
   "properties": {
    "DESCRIÇÃO": "Prolongamento e alargamento para 18,00 metros da Rua Katsumi Ohno ao longo dos trilhos do trem até a Avenida Mario Aquio Tanaka.",
    "LEI_ANTERIOR": "NOVA",
    "NUMERO_LEI": 139,
    "OBJECTID": 2279,
    "SHAPE.LEN": 4707.44512297347
   },
   "type": "Feature"
  },
  {
   "geometry": {
    "coordinates": [
     [
      -49.3336769512742,
      -20.827666380663995
     ],
     [
      -49.335846216616275,
      -20.828843362634576
     ]
    ],
    "type": "LineString"
   },
   "id": 2280,
   "properties": {
    "DESCRIÇÃO": "Abertura da segunda pista da Avenida Chosso Okanobo, da Avenida José Geraldo Aves da Silva até a Avenida Cecconi e Gerosa.",
    "LEI_ANTERIOR": "NOVA",
    "NUMERO_LEI": 125,
    "OBJECTID": 2280,
    "SHAPE.LEN": 260.692527311736
   },
   "type": "Feature"
  },
  {
   "geometry": {
    "coordinates": [
     [
      -49.43631135360917,
      -20.81235706077862
     ],
     [
      -49.43657914215277,
      -20.81235120114466
     ],
     [
      -49.43683787872273,
      -20.81240375199867
     ],
     [
      -49.43702765123506,
      -20.812503634417347
     ],
     [
      -49.43930652793441,
      -20.81265817460838
     ],
     [
      -49.44006269739249,
      -20.812666482322395
     ],
     [
      -49.44024141630403,
      -20.812713997527556
     ],
     [
      -49.44151457025865,
      -20.813655269762563
     ],
     [
      -49.44342134266704,
      -20.815039169084937
     ],
     [
      -49.4438536746781,
      -20.815348927350595
     ],
     [
      -49.4443722885195,
      -20.81578304812272
     ],
     [
      -49.444548991201586,
      -20.81590367740553
     ],
     [
      -49.4451191295249,
      -20.816334726128943
     ],
     [
      -49.4452433500358,
      -20.816689101481362
     ],
     [
      -49.44540625448308,
      -20.817163813801038
     ],
     [
      -49.44557634352179,
      -20.817681612422366
     ],
     [
      -49.44565786916742,
      -20.817911798471922
     ],
     [
      -49.445888742602804,
      -20.81845165907429
     ],
     [
      -49.44632675518259,
      -20.818871502919947
     ],
     [
      -49.446554564326874,
      -20.818966780808854
     ],
     [
      -49.448956056712724,
      -20.819530643881976
     ]
    ],
    "type": "LineString"
   },
   "id": 2281,
   "properties": {
    "DESCRIÇÃO": "Abertura e alargamento da Estrada, com início na Estrada SJR-250, no loteamento Jardim do Cedro até o limite do município.",
    "LEI_ANTERIOR": "NOVA ",
    "NUMERO_LEI": 141,
    "OBJECTID": 2281,
    "SHAPE.LEN": 1657.50222513379
   },
   "type": "Feature"
  },
  {
   "geometry": {
    "coordinates": [
     [
      -49.44502423728811,
      -20.785811035196726
     ],
     [
      -49.44804203251504,
      -20.787037172652624
     ],
     [
      -49.452490986873876,
      -20.793822974373583
     ]
    ],
    "type": "LineString"
   },
   "id": 2282,
   "properties": {
    "DESCRIÇÃO": "Abertura de avenida com no mínimo 30,00 metros de largura, com início na Rua Adair Ferreira, do Residencial Santa Cruz, até a Estrada SJR-250.",
    "LEI_ANTERIOR": "NOVO",
    "NUMERO_LEI": 142,
    "OBJECTID": 2282,
    "SHAPE.LEN": 1224.7830871763401
   },
   "type": "Feature"
  },
  {
   "geometry": {
    "coordinates": [
     [
      -49.4493191120492,
      -20.75968729116261
     ],
     [
      -49.44797384165302,
      -20.76003843905473
     ],
     [
      -49.446625830294806,
      -20.76065724067256
     ],
     [
      -49.445502401941106,
      -20.76134080017236
     ],
     [
      -49.44352531674927,
      -20.7625229782118
     ],
     [
      -49.44301803288061,
      -20.76379601091882
     ],
     [
      -49.44279709436714,
      -20.764713252529486
     ],
     [
      -49.44265259070624,
      -20.765348083171524
     ],
     [
      -49.442649128804156,
      -20.765902450220104
     ],
     [
      -49.44279483363995,
      -20.766679446755703
     ],
     [
      -49.442701619673535,
      -20.767484137010918
     ],
     [
      -49.442047113379175,
      -20.768276594020143
     ],
     [
      -49.442137208360116,
      -20.77016188984612
     ],
     [
      -49.442277055339595,
      -20.771489540397894
     ],
     [
      -49.44241551911746,
      -20.77303832332495
     ],
     [
      -49.443270053203925,
      -20.77434339378958
     ],
     [
      -49.44542270403535,
      -20.77757146162437
     ],
     [
      -49.446531331834244,
      -20.778674077904057
     ],
     [
      -49.44867336205254,
      -20.779674877556154
     ],
     [
      -49.45496685401421,
      -20.782910541217444
     ],
     [
      -49.45688180366867,
      -20.784256219299063
     ],
     [
      -49.45769315247135,
      -20.785809536077743
     ],
     [
      -49.4580789811435,
      -20.786523299626285
     ],
     [
      -49.457883241297345,
      -20.787301668928798
     ],
     [
      -49.457678751454715,
      -20.78779055142324
     ]
    ],
    "type": "LineString"
   },
   "id": 2283,
   "properties": {
    "DESCRIÇÃO": "Abertura de avenida com no mínimo 30,00 metros de largura da Estrada SJR-250, passando pela Estrada SJR-240 até a divisa do município com Mirassol, confrontando com os loteamentos Jardim Campo Belo, São Thomaz, São Thomaz II.",
    "LEI_ANTERIOR": "NOVA",
    "NUMERO_LEI": 148,
    "OBJECTID": 2283,
    "SHAPE.LEN": 4320.52347364633
   },
   "type": "Feature"
  },
  {
   "geometry": {
    "coordinates": [
     [
      -49.42997925702299,
      -20.778694664550418
     ],
     [
      -49.43143659482999,
      -20.771360628326807
     ]
    ],
    "type": "LineString"
   },
   "id": 2286,
   "properties": {
    "DESCRIÇÃO": "Abertura de Avenida com no mínimo 30,00 metros, da Estrada SJR-245 até a Avenida Marginal direita do afluente do Córrego São Pedro.",
    "LEI_ANTERIOR": "NOVA",
    "NUMERO_LEI": 144,
    "OBJECTID": 2286,
    "SHAPE.LEN": 825.981042844277
   },
   "type": "Feature"
  },
  {
   "geometry": {
    "coordinates": [
     [
      -49.43361965327783,
      -20.77076914874451
     ],
     [
      -49.43259102899678,
      -20.771538474197392
     ],
     [
      -49.43129659262858,
      -20.771383249953725
     ],
     [
      -49.429866727026415,
      -20.77080851562713
     ],
     [
      -49.429082971573905,
      -20.770418936687758
     ],
     [
      -49.42810914100017,
      -20.769979813148794
     ],
     [
      -49.42680808311677,
      -20.769238928143135
     ],
     [
      -49.42525740228647,
      -20.76806553347595
     ],
     [
      -49.42426401323138,
      -20.76706454362961
     ],
     [
      -49.42347283283614,
      -20.76606213549004
     ]
    ],
    "type": "LineString"
   },
   "id": 2287,
   "properties": {
    "DESCRIÇÃO": "Abertura com no mínimo 18,00 metros de largura da Avenida Marginal direita do afluente do Córrego São Pedro até Estrada SJR-350.",
    "LEI_ANTERIOR": "NOVA",
    "NUMERO_LEI": 146,
    "OBJECTID": 2287,
    "SHAPE.LEN": 1294.7514169468402
   },
   "type": "Feature"
  },
  {
   "geometry": {
    "coordinates": [
     [
      -49.442083696710164,
      -20.77168356040109
     ],
     [
      -49.43851790368405,
      -20.771494822648506
     ],
     [
      -49.43641755193369,
      -20.77138334385131
     ],
     [
      -49.435891414680036,
      -20.771464244079283
     ],
     [
      -49.43361965327783,
      -20.77076914874451
     ]
    ],
    "type": "LineString"
   },
   "id": 2288,
   "properties": {
    "DESCRIÇÃO": "Abertura e alargamento da Avenida Projetada 02 do loteamento Campo Belo para 30,00 metros de largura, da Avenida Onésimo Targas até a Avenida Marginal do afluente do Córrego São Pedro.",
    "LEI_ANTERIOR": "NOVA",
    "NUMERO_LEI": 143,
    "OBJECTID": 2288,
    "SHAPE.LEN": 895.143358938898
   },
   "type": "Feature"
  },
  {
   "geometry": {
    "coordinates": [
     [
      -49.404533292795925,
      -20.852624987033945
     ],
     [
      -49.40446599908599,
      -20.852378038813345
     ],
     [
      -49.40450796923996,
      -20.85215623292756
     ],
     [
      -49.40371005645313,
      -20.848948075698804
     ]
    ],
    "type": "LineString"
   },
   "id": 2289,
   "properties": {
    "DESCRIÇÃO": "Alargamento da Avenida Anísio Haddad do loteamento Green Palm (mesma largura) até o loteamento Green Field.",
    "LEI_ANTERIOR": "NOVA",
    "NUMERO_LEI": 158,
    "OBJECTID": 2289,
    "SHAPE.LEN": 417.911112785442
   },
   "type": "Feature"
  },
  {
   "geometry": {
    "coordinates": [
     [
      -49.427449660198036,
      -20.768703551938522
     ],
     [
      -49.42686853788186,
      -20.769273354146705
     ]
    ],
    "type": "LineString"
   },
   "id": 2305,
   "properties": {
    "DESCRIÇÃO": "Prolongamento na mesma largura da Avenida Projetada 04 do loteamento Jardim Campo Belo até a Avenida Marginal direita do afluente do Córrego São Pedro.",
    "LEI_ANTERIOR": "NOVA",
    "NUMERO_LEI": 145,
    "OBJECTID": 2305,
    "SHAPE.LEN": 87.4092791427203
   },
   "type": "Feature"
  },
  {
   "geometry": {
    "coordinates": [
     [
      -49.42244851169517,
      -20.766544684533205
     ],
     [
      -49.42209800167214,
      -20.77190257652918
     ]
    ],
    "type": "LineString"
   },
   "id": 2306,
   "properties": {
    "DESCRIÇÃO": "Abertura de Avenida com no mínimo 30,00 metros de largura, com início na Avenida Projetada 03 do loteamento Jardim Vista Bela até a Avenida José Liso Segundo, e desta até a Estrada SJR-350.",
    "LEI_ANTERIOR": "NOVA",
    "NUMERO_LEI": 147,
    "OBJECTID": 2306,
    "SHAPE.LEN": 594.2760598808101
   },
   "type": "Feature"
  },
  {
   "geometry": {
    "coordinates": [
     [
      -49.423204605098675,
      -20.77980980969181
     ],
     [
      -49.42188664880239,
      -20.774976553527203
     ]
    ],
    "type": "LineString"
   },
   "id": 2307,
   "properties": {
    "DESCRIÇÃO": "Abertura de Avenida com no mínimo 30,00 metros de largura, com início na Avenida Projetada 03 do loteamento Jardim Vista Bela até a Avenida José Liso Segundo, e desta até a Estrada SJR-350.",
    "LEI_ANTERIOR": "NOVA",
    "NUMERO_LEI": 147,
    "OBJECTID": 2307,
    "SHAPE.LEN": 552.389357602814
   },
   "type": "Feature"
  },
  {
   "geometry": {
    "coordinates": [
     [
      -49.4353520994778,
      -20.74615269501199
     ],
     [
      -49.43300103783375,
      -20.744457907295732
     ],
     [
      -49.430216376067634,
      -20.742557999221106
     ],
     [
      -49.42861613470911,
      -20.742192142409323
     ],
     [
      -49.42731396617094,
      -20.741955288618023
     ],
     [
      -49.42601234443305,
      -20.74175003425363
     ],
     [
      -49.42263033327137,
      -20.741216672875957
     ],
     [
      -49.42149902572165,
      -20.740989719935644
     ],
     [
      -49.42125183579597,
      -20.7408589331759
     ],
     [
      -49.42114862071297,
      -20.740681717975715
     ],
     [
      -49.42110779504385,
      -20.74045412762336
     ]
    ],
    "type": "LineString"
   },
   "id": 2308,
   "properties": {
    "DESCRIÇÃO": "Prolongamento com no mínimo 30,00 metros da Avenida Accacio Fernandes do loteamento Parque Nova Esperança até a Estrada SJR-419 (Estrada Aloysio Nunes Ferreira).",
    "LEI_ANTERIOR": "NOVA",
    "NUMERO_LEI": 149,
    "OBJECTID": 2308,
    "SHAPE.LEN": 1668.80921542807
   },
   "type": "Feature"
  },
  {
   "geometry": {
    "coordinates": [
     [
      -49.43429890427001,
      -20.74107771771808
     ],
     [
      -49.43069701061995,
      -20.74293877737102
     ],
     [
      -49.42754703697354,
      -20.75156196602791
     ],
     [
      -49.42460370964153,
      -20.759738406215284
     ],
     [
      -49.42532370268954,
      -20.760404066451873
     ],
     [
      -49.42610724813396,
      -20.761544491013538
     ],
     [
      -49.42721019710777,
      -20.763476648367934
     ]
    ],
    "type": "LineString"
   },
   "id": 2309,
   "properties": {
    "DESCRIÇÃO": "Abertura de Avenida com no mínimo 30,00 metros da Estrada SJR-350 (Estrada Valdomiro Lopes da Silva) até a Estrada SJR-419 (Estrada Aloysio Nunes Ferreira), no dispositivo de acesso da Avenida Professora Olga Mallouk Lopes da Silva.",
    "LEI_ANTERIOR": "NOVA",
    "NUMERO_LEI": 150,
    "OBJECTID": 2309,
    "SHAPE.LEN": 2891.28212335981
   },
   "type": "Feature"
  },
  {
   "geometry": {
    "coordinates": [
     [
      -49.42835306647884,
      -20.749626759413477
     ],
     [
      -49.42490350091714,
      -20.748016167876404
     ],
     [
      -49.41973790573127,
      -20.745370224355025
     ],
     [
      -49.41428115258641,
      -20.746157995576915
     ],
     [
      -49.411636195455515,
      -20.74640584346161
     ]
    ],
    "type": "LineString"
   },
   "id": 2310,
   "properties": {
    "DESCRIÇÃO": "Prolongamento da Avenida dos Metalúrgicos com no mínimo 30,00 metros de largura até a Estância Alvorada.",
    "LEI_ANTERIOR": "NOVA",
    "NUMERO_LEI": 151,
    "OBJECTID": 2310,
    "SHAPE.LEN": 1865.27621817857
   },
   "type": "Feature"
  },
  {
   "geometry": {
    "coordinates": [
     [
      -49.40025675858083,
      -20.744757784677716
     ],
     [
      -49.399901297516465,
      -20.744387914070362
     ],
     [
      -49.39920705175907,
      -20.743967880431025
     ],
     [
      -49.39892238917672,
      -20.743818996518733
     ]
    ],
    "type": "LineString"
   },
   "id": 2312,
   "properties": {
    "DESCRIÇÃO": "Prolongamento da Avenida Maria Auxiliadora Felipe com no mínimo 30,00 metros de largura, do loteamento Morada do Sol até a Estrada SJR-405.",
    "LEI_ANTERIOR": "NOVA",
    "NUMERO_LEI": 152,
    "OBJECTID": 2312,
    "SHAPE.LEN": 175.08095079547502
   },
   "type": "Feature"
  },
  {
   "geometry": {
    "coordinates": [
     [
      -49.37658606757438,
      -20.78230313843896
     ],
     [
      -49.37607364467858,
      -20.782297638486426
     ]
    ],
    "type": "LineString"
   },
   "id": 2313,
   "properties": {
    "DESCRIÇÃO": "Prolongamento na mesma largura da Rua João Angelo Ponchio, da Rua Totó Duarte até a Rua Orlando Bolonhez.",
    "LEI_ANTERIOR": "NOVA",
    "NUMERO_LEI": 154,
    "OBJECTID": 2313,
    "SHAPE.LEN": 53.354648986288005
   },
   "type": "Feature"
  },
  {
   "geometry": {
    "coordinates": [
     [
      -49.37590325805808,
      -20.7843237313916
     ],
     [
      -49.37685502577665,
      -20.78523377246783
     ]
    ],
    "type": "LineString"
   },
   "id": 2315,
   "properties": {
    "DESCRIÇÃO": "Prolongamento na mesma largura da Rua Major João Alvarino da Silva até a Avenida Philadelpho Manoel Gouveia Netto.",
    "LEI_ANTERIOR": "NOVA",
    "NUMERO_LEI": 157,
    "OBJECTID": 2315,
    "SHAPE.LEN": 141.31444938239702
   },
   "type": "Feature"
  },
  {
   "geometry": {
    "coordinates": [
     [
      -49.37678514698741,
      -20.782633197998816
     ],
     [
      -49.37678078911306,
      -20.782743695406612
     ],
     [
      -49.37698249735007,
      -20.783190745341305
     ]
    ],
    "type": "LineString"
   },
   "id": 2317,
   "properties": {
    "DESCRIÇÃO": "Prolongamento na mesma largura da Rua Orlando Bolonhez do Jardim Susana, concordando com a Rua Renato Biscuola.",
    "LEI_ANTERIOR": "NOVA",
    "NUMERO_LEI": 164,
    "OBJECTID": 2317,
    "SHAPE.LEN": 66.0051946576343
   },
   "type": "Feature"
  },
  {
   "geometry": {
    "coordinates": [
     [
      -49.40460270812875,
      -20.884931485869306
     ],
     [
      -49.41165513580649,
      -20.8664637132744
     ]
    ],
    "type": "LineString"
   },
   "id": 2318,
   "properties": {
    "DESCRIÇÃO": "Prolongamento da Avenida Juscelino Kubitschek com no mínimo 50,00 metros de largura, da Marginal da Rodovia BR-153 até a Estrada SJR-014.",
    "LEI_ANTERIOR": "NOVA",
    "NUMERO_LEI": 160,
    "OBJECTID": 2318,
    "SHAPE.LEN": 2172.23877336802
   },
   "type": "Feature"
  },
  {
   "geometry": {
    "coordinates": [
     [
      -49.39256929757793,
      -20.850786381616174
     ],
     [
      -49.391106872423094,
      -20.85990578609442
     ],
     [
      -49.380690897434356,
      -20.859362245157033
     ]
    ],
    "type": "LineString"
   },
   "id": 2319,
   "properties": {
    "DESCRIÇÃO": "Prolongamento da Avenida José Munia com no mínimo 50,00 metros de largura, da Marginal da Rodovia BR-153 até as margens direita e esquerda do Córrego da Figueira e deste, em ambas as margens, até a linha de alta tensão.",
    "LEI_ANTERIOR": "NOVA",
    "NUMERO_LEI": 161,
    "OBJECTID": 2319,
    "SHAPE.LEN": 2106.58310492131
   },
   "type": "Feature"
  },
  {
   "geometry": {
    "coordinates": [
     [
      -49.39328714151995,
      -20.850784255888144
     ],
     [
      -49.391617535644,
      -20.86224095867156
     ],
     [
      -49.382239627622944,
      -20.86179405729258
     ]
    ],
    "type": "LineString"
   },
   "id": 2320,
   "properties": {
    "DESCRIÇÃO": "Prolongamento da Avenida José Munia com no mínimo 50,00 metros de largura, da Marginal da Rodovia BR-153 até as margens direita e esquerda do Córrego da Figueira e deste, em ambas as margens, até a linha de alta tensão.",
    "LEI_ANTERIOR": "NOVA",
    "NUMERO_LEI": 161,
    "OBJECTID": 2320,
    "SHAPE.LEN": 2257.32758265892
   },
   "type": "Feature"
  },
  {
   "geometry": {
    "coordinates": [
     [
      -49.332652243873866,
      -20.86376323294791
     ],
     [
      -49.326765002436446,
      -20.870601846411333
     ],
     [
      -49.32649138413869,
      -20.870909819048343
     ],
     [
      -49.32818357757531,
      -20.871879875287416
     ],
     [
      -49.33225459524995,
      -20.876116515098104
     ]
    ],
    "type": "LineString"
   },
   "id": 2321,
   "properties": {
    "DESCRIÇÃO": "Abertura de avenida com no mínimo 15,00 metros de largura, com início no loteamento Estância Jockey Club (Vila Toninho) paralela a Avenida Marginal da Rodovia Washington Luís até a Avenida Cleber Miguel Melara do Parque Residencial da Fraternidade.",
    "LEI_ANTERIOR": "NOVA",
    "NUMERO_LEI": 162,
    "OBJECTID": 2321,
    "SHAPE.LEN": 1856.6207907900903
   },
   "type": "Feature"
  },
  {
   "geometry": {
    "coordinates": [
     [
      -49.38153653043329,
      -20.788570119538132
     ],
     [
      -49.38083919154341,
      -20.788829780424486
     ],
     [
      -49.380490777928905,
      -20.789089395540213
     ],
     [
      -49.380126503497344,
      -20.789406221576307
     ],
     [
      -49.37965866222414,
      -20.789912940242143
     ]
    ],
    "type": "LineString"
   },
   "id": 2322,
   "properties": {
    "DESCRIÇÃO": "Prolongamento na mesma largura da Avenida Presidente Roosevelt, da Rua Nicola Cherubini até o item 91 deste artigo.",
    "LEI_ANTERIOR": "NOVA",
    "NUMERO_LEI": 163,
    "OBJECTID": 2322,
    "SHAPE.LEN": 250.31588423130702
   },
   "type": "Feature"
  },
  {
   "geometry": {
    "coordinates": [
     [
      -49.3916400162065,
      -20.821578328098823
     ],
     [
      -49.392307218636034,
      -20.820949406577984
     ]
    ],
    "type": "LineString"
   },
   "id": 2323,
   "properties": {
    "DESCRIÇÃO": "Prolongamento na mesma largura da Rua Jorge Cury, com início na Rua General Glicério até a Rua Bernardino de Campos da Vila Redentora.",
    "LEI_ANTERIOR": "NOVA",
    "NUMERO_LEI": 4,
    "OBJECTID": 2323,
    "SHAPE.LEN": 98.3408955405634
   },
   "type": "Feature"
  },
  {
   "geometry": {
    "coordinates": [
     [
      -49.399662575668856,
      -20.823409099571265
     ],
     [
      -49.399380159221735,
      -20.823603625868454
     ]
    ],
    "type": "LineString"
   },
   "id": 2325,
   "properties": {
    "DESCRIÇÃO": "Prolongamento na mesma largura da Avenida da Luz, com início na Rua Suiça até a Avenida Comendador Vicente Filizola da Vila Nossa Senhora de Fátima.",
    "LEI_ANTERIOR": "NOVA",
    "NUMERO_LEI": 78,
    "OBJECTID": 2325,
    "SHAPE.LEN": 36.4402301810787
   },
   "type": "Feature"
  },
  {
   "geometry": {
    "coordinates": [
     [
      -49.42536279636708,
      -20.87033740602964
     ],
     [
      -49.42532218156876,
      -20.86353103052731
     ]
    ],
    "type": "LineString"
   },
   "id": 2326,
   "properties": {
    "DESCRIÇÃO": "Abertura de Avenida com largura de no mínimo 30,00 metros da Estrada SJR-020 até o item 135 deste artigo.",
    "LEI_ANTERIOR": "NOVA",
    "NUMERO_LEI": 133,
    "OBJECTID": 2326,
    "SHAPE.LEN": 753.530253280391
   },
   "type": "Feature"
  },
  {
   "geometry": {
    "coordinates": [
     [
      -49.41572790452327,
      -20.86515404081318
     ],
     [
      -49.42060801221096,
      -20.863913781830956
     ],
     [
      -49.42978237445519,
      -20.86316877734643
     ]
    ],
    "type": "LineString"
   },
   "id": 2328,
   "properties": {
    "DESCRIÇÃO": "Abertura de Avenida com no mínimo 30,00 metros de largura, com início na Estrada SJR-022 até a Estrada SJR-351.",
    "LEI_ANTERIOR": "NOVA",
    "NUMERO_LEI": 135,
    "OBJECTID": 2328,
    "SHAPE.LEN": 1484.2630805603
   },
   "type": "Feature"
  },
  {
   "geometry": {
    "coordinates": [
     [
      -49.40491927755767,
      -20.80900532324102
     ],
     [
      -49.4012931444142,
      -20.809690128508713
     ]
    ],
    "type": "LineString"
   },
   "id": 2337,
   "properties": {
    "DESCRIÇÃO": "Alargamento da Avenida Feliciano Salles Cunha entre a Rua Doutor Eduardo Nielsen até a Avenida Cenobelino de Barros Serra com largura de 18,00 metros.",
    "LEI_ANTERIOR": "LEI 4007/1986 - 9",
    "NUMERO_LEI": 1,
    "OBJECTID": 2337,
    "SHAPE.LEN": 385.003291807343
   },
   "type": "Feature"
  },
  {
   "geometry": {
    "coordinates": [
     [
      -49.41182159566484,
      -20.822036692442353
     ],
     [
      -49.4138650647982,
      -20.82347001906559
     ],
     [
      -49.413801224568225,
      -20.823431225786898
     ]
    ],
    "type": "LineString"
   },
   "id": 2338,
   "properties": {
    "DESCRIÇÃO": "Prolongamento na mesma largura da Avenida Jesus Vilanova Vidal, do Jardim Alto Rio Preto até a Avenida Comendador Vicente Filizola.",
    "LEI_ANTERIOR": "LEI 9711/2006 - Item 1",
    "NUMERO_LEI": 5,
    "OBJECTID": 2338,
    "SHAPE.LEN": 273.278408948278
   },
   "type": "Feature"
  },
  {
   "geometry": {
    "coordinates": [
     [
      -49.42238730763758,
      -20.840064382252038
     ],
     [
      -49.43014173093591,
      -20.838369150719334
     ]
    ],
    "type": "LineString"
   },
   "id": 2339,
   "properties": {
    "DESCRIÇÃO": "Prolongamento e abertura da segunda pista na mesma largura da Avenida Dr. Joaquim Nagamine, da Rua Marcos Augusto da Silva Garcia, do Parque Tecnológico até a rotatória na Rua Hélio Negrelli.",
    "LEI_ANTERIOR": "LEI 9711/2006 - Item 6",
    "NUMERO_LEI": 11,
    "OBJECTID": 2339,
    "SHAPE.LEN": 828.5697244334721
   },
   "type": "Feature"
  },
  {
   "geometry": {
    "coordinates": [
     [
      -49.40977908299224,
      -20.79096605955215
     ],
     [
      -49.411493226500205,
      -20.794691241263312
     ]
    ],
    "type": "LineString"
   },
   "id": 2562,
   "properties": {
    "DESCRIÇÃO": "Prolongamento na mesma largura da Rua Constantino Cabral, da Rua Arthur Roma até a Rua Francisco Leal (Avenida Marginal direita do Córrego Cobertinho).",
    "LEI_ANTERIOR": "LEI 9711/2006 - Item 53",
    "NUMERO_LEI": 6,
    "OBJECTID": 2562,
    "SHAPE.LEN": 449.35971148986005
   },
   "type": "Feature"
  },
  {
   "geometry": {
    "coordinates": [
     [
      -49.35522613249879,
      -20.794604988767034
     ],
     [
      -49.35453976330341,
      -20.794425933990045
     ],
     [
      -49.353005659978365,
      -20.793357616241444
     ],
     [
      -49.35232964001063,
      -20.79281536013665
     ],
     [
      -49.35149673116391,
      -20.792192222798715
     ],
     [
      -49.35095461354764,
      -20.79181908494091
     ],
     [
      -49.35064087496373,
      -20.791692148772626
     ],
     [
      -49.350488347261766,
      -20.791683548309194
     ],
     [
      -49.34956931700247,
      -20.791685221279632
     ],
     [
      -49.34941875855048,
      -20.791695170101164
     ],
     [
      -49.349332231659474,
      -20.791614962595045
     ],
     [
      -49.34862805300268,
      -20.790980284173454
     ],
     [
      -49.347967852533,
      -20.790309540279218
     ],
     [
      -49.34754537872927,
      -20.789545064008124
     ],
     [
      -49.34695371226904,
      -20.788470823085593
     ],
     [
      -49.34649906325936,
      -20.787783050451168
     ]
    ],
    "type": "LineString"
   },
   "id": 2897,
   "properties": {
    "DESCRIÇÃO": "Alargamento da Avenida Benedito Sufredini (Estrada SJR-030) para 30,00 metros, com início na Rua São Paulo até Rua Rubens José Paixão do Residencial Vila Flora.",
    "LEI_ANTERIOR": "NOVA",
    "NUMERO_LEI": 101,
    "OBJECTID": 2897,
    "SHAPE.LEN": 1243.3707840573302
   },
   "type": "Feature"
  },
  {
   "geometry": {
    "coordinates": [
     [
      -49.32926504364024,
      -20.821308015109658
     ],
     [
      -49.32808217506579,
      -20.82021802107629
     ],
     [
      -49.32666316849483,
      -20.81953450396855
     ],
     [
      -49.324874159276234,
      -20.819275609900842
     ],
     [
      -49.32167704763064,
      -20.818756782425513
     ],
     [
      -49.31969343729887,
      -20.818837727186814
     ],
     [
      -49.31711903068032,
      -20.819479980541985
     ]
    ],
    "type": "LineString"
   },
   "id": 2898,
   "properties": {
    "DESCRIÇÃO": "Prolongamento na mesma largura da Avenida Chosso Okanobo da rotatória localizada na Avenida José Vieira Machado Junior até o item 123 deste artigo.",
    "LEI_ANTERIOR": "NOVA",
    "NUMERO_LEI": 124,
    "OBJECTID": 2898,
    "SHAPE.LEN": 1348.4227666758202
   },
   "type": "Feature"
  },
  {
   "geometry": {
    "coordinates": [
     [
      -49.34908902436127,
      -20.833104902442525
     ],
     [
      -49.34856096955457,
      -20.83360390684923
     ],
     [
      -49.34804981488477,
      -20.834068602444457
     ],
     [
      -49.3478021189533,
      -20.834326013590687
     ],
     [
      -49.346652640665035,
      -20.835434349866237
     ],
     [
      -49.34620167845845,
      -20.835848763477337
     ],
     [
      -49.3460138424566,
      -20.836054878509472
     ],
     [
      -49.3458100228847,
      -20.836327758950617
     ],
     [
      -49.3456706916509,
      -20.83651522181172
     ],
     [
      -49.34542806134836,
      -20.83684986570198
     ],
     [
      -49.34533207448896,
      -20.83702579716391
     ],
     [
      -49.34517086788819,
      -20.83735610904213
     ]
    ],
    "type": "LineString"
   },
   "id": 2913,
   "properties": {
    "DESCRIÇÃO": "Alargamento da Avenida de Maio para 30,00 metros, da Avenida Celso Zanella até a Avenida Dr. Lotf João Bassitt.",
    "LEI_ANTERIOR": "NOVA",
    "NUMERO_LEI": 175,
    "OBJECTID": 2913,
    "SHAPE.LEN": 626.620300275312
   },
   "type": "Feature"
  },
  {
   "geometry": {
    "coordinates": [
     [
      -49.34517086788819,
      -20.83735610904213
     ],
     [
      -49.34513703637711,
      -20.83742543012613
     ],
     [
      -49.34498360862707,
      -20.837739425664505
     ],
     [
      -49.344768178905895,
      -20.838143640386196
     ],
     [
      -49.3445896442654,
      -20.838428713105667
     ],
     [
      -49.34449295184155,
      -20.838649813792635
     ],
     [
      -49.34436634274367,
      -20.838942312773348
     ],
     [
      -49.344162210770655,
      -20.83919654548675
     ],
     [
      -49.343162528783566,
      -20.84040863596473
     ],
     [
      -49.34240929347622,
      -20.841221177471276
     ]
    ],
    "type": "LineString"
   },
   "id": 2914,
   "properties": {
    "DESCRIÇÃO": "Alargamento da Avenida Treze de Maio para 30,00 metros, da Avenida Dr. Lotf João Bassitt até a Rua Angelina Borgho da Silva.",
    "LEI_ANTERIOR": "NOVA",
    "NUMERO_LEI": 176,
    "OBJECTID": 2914,
    "SHAPE.LEN": 519.1950418087471
   },
   "type": "Feature"
  },
  {
   "geometry": {
    "coordinates": [
     [
      -49.342313708602624,
      -20.841215405209034
     ],
     [
      -49.33991010847994,
      -20.842844379652007
     ]
    ],
    "type": "LineString"
   },
   "id": 2915,
   "properties": {
    "DESCRIÇÃO": "Alargamento da Rua Angelina Borgho da Silva para 30,00 metros, da Avenida Treze de Maio até a Rua Nelson Vitalino.",
    "LEI_ANTERIOR": "NOVA",
    "NUMERO_LEI": 177,
    "OBJECTID": 2915,
    "SHAPE.LEN": 308.38840195514797
   },
   "type": "Feature"
  },
  {
   "geometry": {
    "coordinates": [
     [
      -49.434443114748916,
      -20.80316254508887
     ],
     [
      -49.43463791927568,
      -20.80331720834237
     ],
     [
      -49.43590437610164,
      -20.80420347642767
     ]
    ],
    "type": "LineString"
   },
   "id": 2917,
   "properties": {
    "DESCRIÇÃO": "Prolongamento na mesma largura da Avenida José Piedade do Residencial Palestra até a Rotatória 1 do Loteamento Ary Attab III.",
    "LEI_ANTERIOR": "Lei 9711/2006 - Item 62",
    "NUMERO_LEI": 49,
    "OBJECTID": 2917,
    "SHAPE.LEN": 190.879767909967
   },
   "type": "Feature"
  },
  {
   "geometry": {
    "coordinates": [
     [
      -49.34782456444984,
      -20.831833835723256
     ],
     [
      -49.34481944924805,
      -20.829685095989213
     ],
     [
      -49.343387688006715,
      -20.828571867278782
     ],
     [
      -49.341627275615686,
      -20.824224944499043
     ]
    ],
    "type": "LineString"
   },
   "id": 2918,
   "properties": {
    "DESCRIÇÃO": "Prolongamento na mesma largura da Avenida Miguel Damha, acompanhando a linha de transmissão de energia da concessionária, do Residencial Jardins até a Avenida Celso Zanella do loteamento Lauriano Tebar II.",
    "LEI_ANTERIOR": "NOVA",
    "NUMERO_LEI": 179,
    "OBJECTID": 2918,
    "SHAPE.LEN": 1101.3110352857202
   },
   "type": "Feature"
  },
  {
   "geometry": {
    "coordinates": [
     [
      -49.358617088128504,
      -20.844207323799502
     ],
     [
      -49.356003272474354,
      -20.84468838434006
     ]
    ],
    "type": "LineString"
   },
   "id": 3201,
   "properties": {
    "DESCRIÇÃO": "Prolongamento na mesma largura da segunda pista da Avenida Paulo de Oliveira e Silva no Jardim São Marco até a Rua Waldevino Borges de Carvalho do Loteamento Estância Jockey Club.",
    "LEI_ANTERIOR": "NOVA",
    "NUMERO_LEI": 2,
    "OBJECTID": 3201,
    "SHAPE.LEN": 277.193936430435
   },
   "type": "Feature"
  },
  {
   "geometry": {
    "coordinates": [
     [
      -49.33278066614213,
      -20.84083231399173
     ],
     [
      -49.33188803233005,
      -20.838871016843008
     ],
     [
      -49.331175329826266,
      -20.83722635552129
     ],
     [
      -49.32974285635345,
      -20.83398218027517
     ]
    ],
    "type": "LineString"
   },
   "id": 3521,
   "properties": {
    "DESCRIÇÃO": "Alargamento da Rua Marechal Castelo Branco para 30,00 metros, da Estrada João Parisi até a Estrada SJR-050.",
    "LEI_ANTERIOR": "NOVA",
    "NUMERO_LEI": 180,
    "OBJECTID": 3521,
    "SHAPE.LEN": 821.676158831504
   },
   "type": "Feature"
  },
  {
   "geometry": {
    "coordinates": [
     [
      -49.38800970994667,
      -20.759031282274805
     ],
     [
      -49.387965696901894,
      -20.758947416955937
     ],
     [
      -49.387842453247664,
      -20.758684312059426
     ],
     [
      -49.387527842123475,
      -20.7581402761761
     ]
    ],
    "type": "LineString"
   },
   "id": 3537,
   "properties": {
    "DESCRIÇÃO": "Prolongamento na mesma largura da pista lateral direita da Avenida Josefina Bechara Hage, do loteamento Setparque Avenida 2 até a Rua Euclides Martins do Residencial Caetano.",
    "LEI_ANTERIOR": "Lei 9711/2006 - Item 91",
    "NUMERO_LEI": 181,
    "OBJECTID": 3537,
    "SHAPE.LEN": 110.74649309351801
   },
   "type": "Feature"
  },
  {
   "geometry": {
    "coordinates": [
     [
      -49.380918406603534,
      -20.753104179950917
     ],
     [
      -49.376952401726534,
      -20.752883038739345
     ],
     [
      -49.374190845665126,
      -20.752060760796642
     ]
    ],
    "type": "LineString"
   },
   "id": 3842,
   "properties": {
    "DESCRIÇÃO": "Prolongamento da Avenida Augusto Buffulin do Jardim Nunes até a Avenida Esmeraldo Carolino do Parque Residencial da Solidariedade.",
    "LEI_ANTERIOR": "Lei 9711/2006 - Item 95",
    "NUMERO_LEI": 183,
    "OBJECTID": 3842,
    "SHAPE.LEN": 715.368753947959
   },
   "type": "Feature"
  },
  {
   "geometry": {
    "coordinates": [
     [
      -49.32830466148517,
      -20.798730067594857
     ],
     [
      -49.33001523188154,
      -20.805970463549695
     ]
    ],
    "type": "LineString"
   },
   "id": 3843,
   "properties": {
    "DESCRIÇÃO": "Abertura de Avenida de no mínimo 30,00 metros de largura, com início na Avenida Nívea Dulce Tedeschi Conforti até o prolongamento da Avenida Marginal da Rodovia SP-425 (Avenida Gerassina Tavares).",
    "LEI_ANTERIOR": "Lei 9711/2006 - Item 151",
    "NUMERO_LEI": 185,
    "OBJECTID": 3843,
    "SHAPE.LEN": 821.137520056494
   },
   "type": "Feature"
  },
  {
   "geometry": {
    "coordinates": [
     [
      -49.39068729812863,
      -20.757027364887072
     ],
     [
      -49.389908478163626,
      -20.756142453145646
     ]
    ],
    "type": "LineString"
   },
   "id": 3857,
   "properties": {
    "DESCRIÇÃO": "Prolongamento na mesma largura da Avenida Anselmo Liso, do loteamento Setparque Avenida 2 até o Residencial Luzia Polotto; e do Residencial Caetano II até o loteamento Rios do Sul.",
    "LEI_ANTERIOR": "Lei 9711/2006 - Item 93",
    "NUMERO_LEI": 186,
    "OBJECTID": 3857,
    "SHAPE.LEN": 127.18013841359002
   },
   "type": "Feature"
  },
  {
   "geometry": {
    "coordinates": [
     [
      -49.3546533512316,
      -20.772925464799933
     ],
     [
      -49.35490028182886,
      -20.772610024178707
     ],
     [
      -49.35554299720524,
      -20.771782495980773
     ],
     [
      -49.35745762586725,
      -20.7697991856102
     ],
     [
      -49.35863221348041,
      -20.768981579820018
     ],
     [
      -49.3591847959803,
      -20.768597024681053
     ],
     [
      -49.35952075920266,
      -20.768411391555826
     ],
     [
      -49.360780210850564,
      -20.768019688168128
     ],
     [
      -49.36093500466435,
      -20.767953333134276
     ],
     [
      -49.361332393032434,
      -20.767692906538628
     ],
     [
      -49.36212565222806,
      -20.76710023345713
     ],
     [
      -49.363292488035,
      -20.766226846068925
     ],
     [
      -49.363937396034686,
      -20.765345490484677
     ],
     [
      -49.36460511828709,
      -20.764497787079982
     ],
     [
      -49.36592677491455,
      -20.76277858566691
     ],
     [
      -49.366848313981585,
      -20.76165751083234
     ],
     [
      -49.3685497749323,
      -20.760215483331496
     ],
     [
      -49.370531632695446,
      -20.758895089099422
     ],
     [
      -49.37205530623179,
      -20.757788752919613
     ]
    ],
    "type": "LineString"
   },
   "id": 3873,
   "properties": {
    "DESCRIÇÃO": "Abertura das Avenidas Marginais ao Córrego Felicidade em ambos os lados, da Avenida Dr. Nelson da Veiga, no Jardim do Lago, até a margem direita do Rio Preto.",
    "LEI_ANTERIOR": "Lei 9711/2006 - Item 103",
    "NUMERO_LEI": 83,
    "OBJECTID": 3873,
    "SHAPE.LEN": 2503.5729822961703
   },
   "type": "Feature"
  },
  {
   "geometry": {
    "coordinates": [
     [
      -49.35515264290264,
      -20.774309920376783
     ],
     [
      -49.355231414206614,
      -20.774245975470574
     ],
     [
      -49.35536683677339,
      -20.774136042818814
     ],
     [
      -49.35586173330641,
      -20.77366944301862
     ],
     [
      -49.356055138045036,
      -20.773511827334854
     ],
     [
      -49.35704394384305,
      -20.77276439570701
     ],
     [
      -49.35724506886566,
      -20.77261471569847
     ],
     [
      -49.35709102767976,
      -20.771999506784475
     ],
     [
      -49.357278161708244,
      -20.771614116115373
     ],
     [
      -49.35742920826382,
      -20.77139328994757
     ],
     [
      -49.357714079128115,
      -20.77113430765842
     ],
     [
      -49.3580106550244,
      -20.77085034281089
     ],
     [
      -49.35821906441875,
      -20.770612138992202
     ],
     [
      -49.35831135200874,
      -20.770553046888047
     ],
     [
      -49.358372900501756,
      -20.770500459207778
     ],
     [
      -49.35875498705587,
      -20.770263999645646
     ],
     [
      -49.35910965376484,
      -20.77003466715705
     ],
     [
      -49.359442452966334,
      -20.769835417484074
     ],
     [
      -49.3597798787038,
      -20.769730550301734
     ],
     [
      -49.360513549981434,
      -20.76951001985638
     ],
     [
      -49.36097732411054,
      -20.76937061411907
     ],
     [
      -49.362193217422266,
      -20.76900512178309
     ],
     [
      -49.36240220314039,
      -20.76892797909261
     ],
     [
      -49.362748367514754,
      -20.768731532865274
     ],
     [
      -49.36297115535393,
      -20.76844800145109
     ],
     [
      -49.36363050847759,
      -20.768167176163228
     ],
     [
      -49.36427085507892,
      -20.767587166431646
     ],
     [
      -49.36530115576988,
      -20.766546706821224
     ],
     [
      -49.365622579743665,
      -20.76624460310007
     ],
     [
      -49.36629242284272,
      -20.76539295837526
     ],
     [
      -49.36664691061104,
      -20.765037826275435
     ],
     [
      -49.36698612519418,
      -20.764684938306786
     ],
     [
      -49.3671929607094,
      -20.764354692084485
     ],
     [
      -49.367392530888246,
      -20.763990915065715
     ],
     [
      -49.367546536614626,
      -20.763801230323768
     ],
     [
      -49.36817360925609,
      -20.762953897405925
     ],
     [
      -49.36870096129497,
      -20.762354230318792
     ],
     [
      -49.37087382126748,
      -20.761007145162253
     ]
    ],
    "type": "LineString"
   },
   "id": 3874,
   "properties": {
    "DESCRIÇÃO": "Abertura das Avenidas Marginais ao Córrego Felicidade em ambos os lados, da Avenida Dr. Nelson da Veiga, no Jardim do Lago, até a margem direita do Rio Preto.",
    "LEI_ANTERIOR": "Lei 9711/2006 - Item 103",
    "NUMERO_LEI": 83,
    "OBJECTID": 3874,
    "SHAPE.LEN": 2294.55962035389
   },
   "type": "Feature"
  },
  {
   "geometry": {
    "coordinates": [
     [
      -49.43024296918297,
      -20.862011540088677
     ],
     [
      -49.42718661324303,
      -20.862533050590482
     ],
     [
      -49.42406945037469,
      -20.86239691089673
     ],
     [
      -49.42357171298482,
      -20.862077588039416
     ],
     [
      -49.41572564793489,
      -20.85979257262847
     ],
     [
      -49.41547121726967,
      -20.85996525436376
     ]
    ],
    "type": "LineString"
   },
   "id": 3875,
   "properties": {
    "DESCRIÇÃO": "Abertura de Avenida de fundo de vale ao Córrego sem denominação com no mínimo 18,00 metros de largura, com início no encontro da Estrada da Matinha até a Estrada SJR-022 nos fundos do loteamento Ecco Village I.",
    "LEI_ANTERIOR": "Lei 9711/2006 - Item 133",
    "NUMERO_LEI": 187,
    "OBJECTID": 3875,
    "SHAPE.LEN": 1598.06789365652
   },
   "type": "Feature"
  },
  {
   "geometry": {
    "coordinates": [
     [
      -49.416851534278656,
      -20.869556052742844
     ],
     [
      -49.41673025294994,
      -20.86876732694601
     ],
     [
      -49.4165422981194,
      -20.867548329953955
     ],
     [
      -49.41646307973519,
      -20.867024333499376
     ],
     [
      -49.41626659962136,
      -20.866404045348055
     ],
     [
      -49.415899676379475,
      -20.86547817229378
     ],
     [
      -49.41576256412453,
      -20.865255193873594
     ],
     [
      -49.41569232783783,
      -20.865088859378663
     ],
     [
      -49.41602443227895,
      -20.864488325008804
     ],
     [
      -49.416914461030444,
      -20.863053592786517
     ],
     [
      -49.417105235721436,
      -20.862554162092035
     ],
     [
      -49.41717147004888,
      -20.86209793042045
     ],
     [
      -49.41714256805288,
      -20.861775421608886
     ],
     [
      -49.41662042800939,
      -20.861321437826604
     ],
     [
      -49.415475316975815,
      -20.860092912470783
     ],
     [
      -49.41537027832874,
      -20.859964003609033
     ],
     [
      -49.415310867802,
      -20.859879351699885
     ],
     [
      -49.4152832281856,
      -20.859797239619528
     ],
     [
      -49.415266480934434,
      -20.859747488663608
     ],
     [
      -49.415219212643194,
      -20.85919946018992
     ],
     [
      -49.4151767798646,
      -20.859032103010733
     ],
     [
      -49.41513913732802,
      -20.858918160135456
     ],
     [
      -49.41501838021793,
      -20.858775417536815
     ],
     [
      -49.4138629371483,
      -20.858473547066573
     ]
    ],
    "type": "LineString"
   },
   "id": 3889,
   "properties": {
    "DESCRIÇÃO": "Abertura de avenida com no mínimo 30,00 metros de largura, da SJR-020 até a Rua João Romualdo de Freitas do loteamento Jardim Moysés Miguel Haddad.",
    "LEI_ANTERIOR": "NOVA",
    "NUMERO_LEI": 159,
    "OBJECTID": 3889,
    "SHAPE.LEN": 1454.34948606577
   },
   "type": "Feature"
  },
  {
   "geometry": {
    "coordinates": [
     [
      -49.404810921145284,
      -20.70864642238512
     ],
     [
      -49.40003137430494,
      -20.712416611391156
     ],
     [
      -49.39594268922867,
      -20.715691181672636
     ],
     [
      -49.3929599221472,
      -20.71814423441755
     ],
     [
      -49.38845503565479,
      -20.721830588774473
     ],
     [
      -49.38524371853732,
      -20.724252671037018
     ],
     [
      -49.381343891551516,
      -20.72727403996998
     ],
     [
      -49.3792001403506,
      -20.729257951560168
     ],
     [
      -49.371975332723736,
      -20.734925806356433
     ],
     [
      -49.364579551704686,
      -20.74084981922331
     ],
     [
      -49.35700513892611,
      -20.747042371049293
     ],
     [
      -49.34972453043997,
      -20.75276787088295
     ],
     [
      -49.34468171318771,
      -20.75666287804867
     ]
    ],
    "type": "LineString"
   },
   "id": 3890,
   "properties": {
    "DESCRIÇÃO": "Abertura de Avenida do Linhão com início na Avenida Marginal da Rodovia BR-153, passando pelas Estradas SJR-355 (Estrada Pastor Dr. José Perozin) e SJR-150 (Rodovia Délcio Custódio da Silva), seguindo em direção ao loteamento Residencial Mais Viver São José do Rio Preto e deste até o limite do Município.",
    "LEI_ANTERIOR": "NOVA",
    "NUMERO_LEI": 182,
    "OBJECTID": 3890,
    "SHAPE.LEN": 8215.78062951209
   },
   "type": "Feature"
  },
  {
   "geometry": {
    "coordinates": [
     [
      -49.345835911800485,
      -20.786816252065545
     ],
     [
      -49.343961596171916,
      -20.78707540241833
     ]
    ],
    "type": "LineString"
   },
   "id": 4161,
   "properties": {
    "DESCRIÇÃO": "Alargamento para 30,00 metros da via de acesso ao Conjunto Habitacional São Deocleciano (Avenida Benedito Sufredini), do item 120 deste artigo até a Rua Virgilio Dias de Castro.",
    "LEI_ANTERIOR": "Lei 9711/2006 - Item 110",
    "NUMERO_LEI": 89,
    "OBJECTID": 4161,
    "SHAPE.LEN": 197.239901515388
   },
   "type": "Feature"
  },
  {
   "geometry": {
    "coordinates": [
     [
      -49.34649906325936,
      -20.787783050451168
     ],
     [
      -49.34630002451479,
      -20.787481951206345
     ],
     [
      -49.345835911800485,
      -20.786816252065545
     ],
     [
      -49.34518616903141,
      -20.78550229666111
     ],
     [
      -49.34466785401889,
      -20.784709651317904
     ],
     [
      -49.34450629585307,
      -20.784490691476194
     ],
     [
      -49.34408212537316,
      -20.784080966905798
     ],
     [
      -49.34380358092677,
      -20.78386874109336
     ],
     [
      -49.34349205284201,
      -20.783717541690184
     ]
    ],
    "type": "LineString"
   },
   "id": 4162,
   "properties": {
    "DESCRIÇÃO": "Prolongamento da Avenida Benedito Sufredini (Estrada SJR-030) na mesma largura, com início na Rua Rubens José Paixão do Res. Vila Flora até a Avenida Belvedere.",
    "LEI_ANTERIOR": "NOVA",
    "NUMERO_LEI": 120,
    "OBJECTID": 4162,
    "SHAPE.LEN": 557.464664030156
   },
   "type": "Feature"
  },
  {
   "geometry": {
    "coordinates": [
     [
      -49.41701919790845,
      -20.76157269996238
     ],
     [
      -49.41461245009945,
      -20.761167583245008
     ]
    ],
    "type": "LineString"
   },
   "id": 4481,
   "properties": {
    "DESCRIÇÃO": "Prolongamento na mesma largura da Avenida Maria Aparecida Dos Reis Paula, do Parque Residencial Nature I até a Avenida Marginal direita do Córrego São Pedro (item 59 deste artigo).",
    "LEI_ANTERIOR": "NOVA",
    "NUMERO_LEI": 188,
    "OBJECTID": 4481,
    "SHAPE.LEN": 254.5915637946
   },
   "type": "Feature"
  },
  {
   "geometry": {
    "coordinates": [
     [
      -49.38045748448162,
      -20.746603280795057
     ],
     [
      -49.382632609095374,
      -20.746798903600165
     ],
     [
      -49.384025479497225,
      -20.746918190361054
     ],
     [
      -49.385021681218596,
      -20.746652305221176
     ],
     [
      -49.38528233197327,
      -20.746471112250212
     ],
     [
      -49.386159522844686,
      -20.745518106467884
     ],
     [
      -49.38693948042072,
      -20.744684911232554
     ],
     [
      -49.387209568119374,
      -20.74434691729179
     ],
     [
      -49.38792212124083,
      -20.743926694040145
     ],
     [
      -49.38823617527449,
      -20.743843789589985
     ],
     [
      -49.388651023688396,
      -20.743917931529708
     ],
     [
      -49.389301188938575,
      -20.744105977683674
     ],
     [
      -49.39009516566718,
      -20.744223300238957
     ],
     [
      -49.39139950926878,
      -20.74424311661377
     ],
     [
      -49.39564811266253,
      -20.74405604160003
     ],
     [
      -49.39671445672692,
      -20.743984966632762
     ],
     [
      -49.39736725307851,
      -20.743953767600253
     ],
     [
      -49.39795866196691,
      -20.743961430521086
     ],
     [
      -49.39855405734446,
      -20.74384565475892
     ],
     [
      -49.398872158850324,
      -20.743793151588527
     ]
    ],
    "type": "LineString"
   },
   "id": 4482,
   "properties": {
    "DESCRIÇÃO": "Alargamento da Estrada SJR-405 para no mínimo 50,00 metros de largura, da Rodovia Délcio Custódio da Silva até o item 152 deste artigo.",
    "LEI_ANTERIOR": "NOVA",
    "NUMERO_LEI": 189,
    "OBJECTID": 4482,
    "SHAPE.LEN": 2060.86891423595
   },
   "type": "Feature"
  },
  {
   "geometry": {
    "coordinates": [
     [
      -49.388904232678854,
      -20.748203192208035
     ],
     [
      -49.391276366911754,
      -20.746839089690525
     ],
     [
      -49.39892238917672,
      -20.743818996518733
     ]
    ],
    "type": "LineString"
   },
   "id": 4483,
   "properties": {
    "DESCRIÇÃO": "Prolongamento na mesma largura da Avenida Augusto Buffulin, do loteamento Jardim Nunes até o item 152 do presente artigo.",
    "LEI_ANTERIOR": "NOVA",
    "NUMERO_LEI": 84,
    "OBJECTID": 4483,
    "SHAPE.LEN": 1153.13968477704
   },
   "type": "Feature"
  },
  {
   "geometry": {
    "coordinates": [
     [
      -49.370531632695446,
      -20.758895089099422
     ],
     [
      -49.37002242882345,
      -20.758114132060552
     ],
     [
      -49.36949421262214,
      -20.75781581591145
     ],
     [
      -49.36821209063621,
      -20.757098239252056
     ],
     [
      -49.36773570453674,
      -20.756371290874938
     ],
     [
      -49.366535876810765,
      -20.75246404810794
     ]
    ],
    "type": "LineString"
   },
   "id": 4484,
   "properties": {
    "DESCRIÇÃO": "Alargamento para no mínimo 50,00 metros da Avenida Antônio Antunes Junior, da Marginal Esquerda do Rio Preto até a Rua Raymundo Emérito Dias, onde deverá ser previsto dispositivo, interligando o Residencial Santa Ana até o Parque Residencial da Solidariedade.",
    "LEI_ANTERIOR": "NOVA",
    "NUMERO_LEI": 82,
    "OBJECTID": 4484,
    "SHAPE.LEN": 865.731118052853
   },
   "type": "Feature"
  },
  {
   "geometry": {
    "coordinates": [
     [
      -49.37007337992242,
      -20.84973745643127
     ],
     [
      -49.36938634744353,
      -20.84989948468797
     ],
     [
      -49.368764024601184,
      -20.85012534179094
     ],
     [
      -49.368155497947626,
      -20.85035541728359
     ],
     [
      -49.36751516234592,
      -20.850670865664096
     ],
     [
      -49.366861954792405,
      -20.85100654737495
     ],
     [
      -49.3667370149542,
      -20.851086615845677
     ],
     [
      -49.36655197911368,
      -20.85126935763856
     ],
     [
      -49.36542528233747,
      -20.85263778192348
     ],
     [
      -49.364945576474184,
      -20.85315881522413
     ],
     [
      -49.364635816186485,
      -20.853365074952144
     ],
     [
      -49.36455059986641,
      -20.853408149639744
     ],
     [
      -49.36296342844627,
      -20.851960040598325
     ]
    ],
    "type": "LineString"
   },
   "id": 4485,
   "properties": {
    "DESCRIÇÃO": "Abertura de Avenida Marginal direita ao Córrego do Thiago, da Rodovia José Domingues Netto até a Avenida Marginal direita ao Córrego dos Macacos, do loteamento Setsul.",
    "LEI_ANTERIOR": "NOVA",
    "NUMERO_LEI": 153,
    "OBJECTID": 4485,
    "SHAPE.LEN": 955.392730066263
   },
   "type": "Feature"
  },
  {
   "geometry": {
    "coordinates": [
     [
      -49.3577549912203,
      -20.8577004847738
     ],
     [
      -49.35705721954904,
      -20.858354848796793
     ],
     [
      -49.3562911560597,
      -20.85903007302348
     ],
     [
      -49.35556409427499,
      -20.85967220900732
     ],
     [
      -49.35490391855502,
      -20.86024232847335
     ],
     [
      -49.35432203695794,
      -20.860720467083546
     ],
     [
      -49.35178497928655,
      -20.86300381772892
     ],
     [
      -49.35115528527355,
      -20.863574214480376
     ],
     [
      -49.35052189156905,
      -20.86413357980543
     ],
     [
      -49.34975012044542,
      -20.86483715626689
     ],
     [
      -49.34783286915561,
      -20.866467738995464
     ],
     [
      -49.34602140585109,
      -20.86808418380375
     ],
     [
      -49.3424982066891,
      -20.8712287481434
     ],
     [
      -49.34221763124014,
      -20.87146570486325
     ]
    ],
    "type": "LineString"
   },
   "id": 4487,
   "properties": {
    "DESCRIÇÃO": "Prolongamento na mesma largura da Avenida Amélia Scarpelli Colombo do loteamento SetSul até a Avenida Cleber Miguel Melara do Parque Residencial da Fraternidade.",
    "LEI_ANTERIOR": "NOVA",
    "NUMERO_LEI": 86,
    "OBJECTID": 4487,
    "SHAPE.LEN": 2222.0473834828404
   },
   "type": "Feature"
  },
  {
   "geometry": {
    "coordinates": [
     [
      -49.3308211270625,
      -20.85525681212573
     ],
     [
      -49.330054219696756,
      -20.85177888147552
     ],
     [
      -49.328180918130734,
      -20.849191737246464
     ]
    ],
    "type": "LineString"
   },
   "id": 4488,
   "properties": {
    "DESCRIÇÃO": "Prolongamento na mesma largura da Avenida Antonio Cabrera Mano dos loteamentos Residencial Vila Verde e Santa Regina até o dispositivo na Estrada Vicinal João Parise (SJR-350).",
    "LEI_ANTERIOR": "NOVA",
    "NUMERO_LEI": 109,
    "OBJECTID": 4488,
    "SHAPE.LEN": 739.714469732576
   },
   "type": "Feature"
  },
  {
   "geometry": {
    "coordinates": [
     [
      -49.39362873661694,
      -20.792491293605583
     ],
     [
      -49.392425848153216,
      -20.793791317737604
     ],
     [
      -49.39216905916456,
      -20.794069506850427
     ],
     [
      -49.3918216439169,
      -20.794403449864852
     ],
     [
      -49.39088090545274,
      -20.79527880407364
     ]
    ],
    "type": "LineString"
   },
   "id": 4801,
   "properties": {
    "DESCRIÇÃO": "Alargamento de 14,00 metros de largura do lado direito da Rua João Mesquita sentido bairro-centro, da Avenida Ernani Pires Domingues até a Avenida Cenobelino de Barros Serra.",
    "LEI_ANTERIOR": "NOVA",
    "NUMERO_LEI": 38,
    "OBJECTID": 4801,
    "SHAPE.LEN": 421.05920706646504
   },
   "type": "Feature"
  },
  {
   "geometry": {
    "coordinates": [
     [
      -49.338533083284545,
      -20.735053329175035
     ],
     [
      -49.344650926820165,
      -20.735259032261382
     ],
     [
      -49.35528721783016,
      -20.736201997003455
     ],
     [
      -49.36088030981368,
      -20.743874288676782
     ],
     [
      -49.362065263132806,
      -20.747957373378128
     ]
    ],
    "type": "LineString"
   },
   "id": 5121,
   "properties": {
    "DESCRIÇÃO": "Abertura de Avenida com no mínimo 30,00 metros de largura, do dispositivo localizado na Rodovia BR-153, passando pela Rua Albertino Jorge até a Estrada Pastor Dr. José Perozin (Estrada SJR-355) e desta até a interseção das Avenidas Pedro Perle e Esmeraldo Carolino.",
    "LEI_ANTERIOR": "NOVA",
    "NUMERO_LEI": 30,
    "OBJECTID": 5121,
    "SHAPE.LEN": 3248.7541179488103
   },
   "type": "Feature"
  },
  {
   "geometry": {
    "coordinates": [
     [
      -49.380409182570396,
      -20.85891859593156
     ],
     [
      -49.38182026030894,
      -20.86114075416083
     ],
     [
      -49.384509539699536,
      -20.865271006652854
     ],
     [
      -49.38687397198462,
      -20.868878332798037
     ],
     [
      -49.38861952676513,
      -20.871511846883944
     ],
     [
      -49.38993327617194,
      -20.87350792838656
     ],
     [
      -49.39396221346172,
      -20.879758652128395
     ],
     [
      -49.39537308716293,
      -20.880405250916958
     ],
     [
      -49.39938995981502,
      -20.882313087292914
     ],
     [
      -49.42708748492608,
      -20.89508542012798
     ]
    ],
    "type": "LineString"
   },
   "id": 5125,
   "properties": {
    "DESCRIÇÃO": "Prolongamento na mesma largura da Avenida Orlando Guareschi, do loteamento Europark, passando pela Estrada SJR-014 até o limite do município.",
    "LEI_ANTERIOR": "NOVA",
    "NUMERO_LEI": 169,
    "OBJECTID": 5125,
    "SHAPE.LEN": 6545.60814675235
   },
   "type": "Feature"
  },
  {
   "geometry": {
    "coordinates": [
     [
      -49.33339512930172,
      -20.800246371268326
     ],
     [
      -49.33335304194659,
      -20.80044593540192
     ],
     [
      -49.33330571339604,
      -20.800609912840493
     ],
     [
      -49.333264147097445,
      -20.800691843677033
     ],
     [
      -49.33320105221742,
      -20.800766872769906
     ],
     [
      -49.333113673128935,
      -20.80085445384133
     ],
     [
      -49.33302742370414,
      -20.800920439855012
     ],
     [
      -49.33294468067143,
      -20.80096753038601
     ],
     [
      -49.33282446458769,
      -20.801048796063824
     ],
     [
      -49.33273105960706,
      -20.801105835656685
     ],
     [
      -49.33261259339244,
      -20.801215427534338
     ],
     [
      -49.33253160595763,
      -20.80133094526815
     ],
     [
      -49.33249519865983,
      -20.801405875789115
     ],
     [
      -49.33246207910424,
      -20.801528638069023
     ],
     [
      -49.332451870906645,
      -20.801648037891283
     ],
     [
      -49.33247184423314,
      -20.802180730584507
     ],
     [
      -49.332529044304955,
      -20.80333196231674
     ],
     [
      -49.332554811396804,
      -20.803850580074627
     ],
     [
      -49.33255527510122,
      -20.80410379062634
     ],
     [
      -49.33250950837763,
      -20.80427508871939
     ],
     [
      -49.33236978666504,
      -20.80449958348198
     ],
     [
      -49.33224217315239,
      -20.804619640981187
     ],
     [
      -49.33189335031465,
      -20.80494781017713
     ],
     [
      -49.33174531542893,
      -20.805120880057654
     ],
     [
      -49.33166662689938,
      -20.805342383514414
     ],
     [
      -49.33167721052731,
      -20.80552031495622
     ],
     [
      -49.33174919482615,
      -20.806243826288803
     ]
    ],
    "type": "LineString"
   },
   "id": 5126,
   "properties": {
    "DESCRIÇÃO": "Alargamento para no mínimo 30,00 metros da via de acesso entre o dispositivo localizado na Avenida Marginal Gerassina Tavares, margeando o loteamento Giardino até a Avenida Nívea Dulce Tedeschi Conforti (SJR-250).",
    "LEI_ANTERIOR": "NOVA",
    "NUMERO_LEI": 134,
    "OBJECTID": 5126,
    "SHAPE.LEN": 734.1997366378
   },
   "type": "Feature"
  },
  {
   "geometry": {
    "coordinates": [
     [
      -49.37899403036486,
      -20.875457353775044
     ],
     [
      -49.382756299157144,
      -20.875403972510693
     ],
     [
      -49.3879967409103,
      -20.87532948018501
     ],
     [
      -49.39108510768806,
      -20.875295004055054
     ]
    ],
    "type": "LineString"
   },
   "id": 5127,
   "properties": {
    "DESCRIÇÃO": "Abertura de Avenida com no mínimo 30,00 metros de largura, com início na Avenida Vicinal José Domingues Netto, confrontando com o Núcleo da Esperança até o item 169 do presente artigo.",
    "LEI_ANTERIOR": "NOVA",
    "NUMERO_LEI": 136,
    "OBJECTID": 5127,
    "SHAPE.LEN": 1258.2199159444401
   },
   "type": "Feature"
  },
  {
   "geometry": {
    "coordinates": [
     [
      -49.376916860992914,
      -20.866537335367465
     ],
     [
      -49.382573263795614,
      -20.86743757343251
     ],
     [
      -49.389471488787336,
      -20.868535312555156
     ],
     [
      -49.403159829770274,
      -20.870787424261497
     ],
     [
      -49.409505993592674,
      -20.87209210942332
     ]
    ],
    "type": "LineString"
   },
   "id": 5128,
   "properties": {
    "DESCRIÇÃO": "Abertura de Avenida com no mínimo 50,00 metros de largura, com início na Avenida Vicinal José Domingues Netto, confrontando com a Estância São Marcos II até o item 160 do presente artigo.",
    "LEI_ANTERIOR": "NOVA",
    "NUMERO_LEI": 110,
    "OBJECTID": 5128,
    "SHAPE.LEN": 3446.9273673872203
   },
   "type": "Feature"
  },
  {
   "geometry": {
    "coordinates": [
     [
      -49.30971681895623,
      -20.867038668172807
     ],
     [
      -49.30982284577315,
      -20.86636542889816
     ],
     [
      -49.31007303982493,
      -20.864775850000175
     ]
    ],
    "type": "LineString"
   },
   "id": 5454,
   "properties": {
    "DESCRIÇÃO": "Prolongamento na mesma largura da Rua Voluntários da Pátria, da Rua Rio Preto até a Rua Orizonmardem Ribeiro Soares no Distrito de Engenheiro Schmitt.",
    "LEI_ANTERIOR": "NOVA",
    "NUMERO_LEI": 3,
    "OBJECTID": 5454,
    "SHAPE.LEN": 253.25165981162903
   },
   "type": "Feature"
  },
  {
   "geometry": {
    "coordinates": [
     [
      -49.41487836219557,
      -20.841796731684294
     ],
     [
      -49.4218254105231,
      -20.840190323127597
     ]
    ],
    "type": "LineString"
   },
   "id": 5518,
   "properties": {
    "DESCRIÇÃO": "Prolongamento e abertura da segunda pista na mesma largura da Avenida Dr. Joaquim Nagamine, da Rua Marcos Augusto da Silva Garcia, do Parque Tecnológico até a rotatória na Rua Hélio Negrelli.",
    "LEI_ANTERIOR": "LEI 9711/2006 - Item 6",
    "NUMERO_LEI": 11,
    "OBJECTID": 5518,
    "SHAPE.LEN": 744.553657422015
   },
   "type": "Feature"
  },
  {
   "geometry": {
    "coordinates": [
     [
      -49.414801789973005,
      -20.841697931256228
     ],
     [
      -49.419784877031574,
      -20.83828738548068
     ]
    ],
    "type": "LineString"
   },
   "id": 5528,
   "properties": {
    "DESCRIÇÃO": "Abertura da segunda pista da Avenida Abelardo Menezes, na rotatória da Rua Hélio Negrelli até o dispositivo de acesso da Rodovia Washington Luís no Km 444.",
    "LEI_ANTERIOR": "Lei 9711/2006 - Item 7",
    "NUMERO_LEI": 13,
    "OBJECTID": 5528,
    "SHAPE.LEN": 641.4970576336111
   },
   "type": "Feature"
  },
  {
   "geometry": {
    "coordinates": [
     [
      -49.417564805964965,
      -20.841536589624283
     ],
     [
      -49.41737385881689,
      -20.841156217468622
     ],
     [
      -49.41669296706,
      -20.84002286877271
     ]
    ],
    "type": "LineString"
   },
   "id": 5530,
   "properties": {
    "DESCRIÇÃO": "Prolongamento na mesma largura da Rua República do Líbano, do Condomínio Praças Golfe até a Avenida Abelardo Menezes.",
    "LEI_ANTERIOR": "NOVA",
    "NUMERO_LEI": 155,
    "OBJECTID": 5530,
    "SHAPE.LEN": 190.66231575490403
   },
   "type": "Feature"
  },
  {
   "geometry": {
    "coordinates": [
     [
      -49.41905312761161,
      -20.844736710497102
     ],
     [
      -49.418149676196116,
      -20.845062688633533
     ],
     [
      -49.41762926995044,
      -20.84510545848935
     ],
     [
      -49.41411782688825,
      -20.845843171937055
     ],
     [
      -49.41332036690698,
      -20.84597887221313
     ],
     [
      -49.41283685667215,
      -20.846052641366697
     ],
     [
      -49.41164389268295,
      -20.846213802963106
     ]
    ],
    "type": "LineString"
   },
   "id": 5531,
   "properties": {
    "DESCRIÇÃO": "Abertura de Avenida com no mínimo 30,00 metros de largura, com início no prolongamento da Avenida da Luz (item 14 deste artigo) até a Avenida Juscelino Kubitschek de Oliveira.",
    "LEI_ANTERIOR": "NOVA",
    "NUMERO_LEI": 156,
    "OBJECTID": 5531,
    "SHAPE.LEN": 790.27356808227
   },
   "type": "Feature"
  },
  {
   "geometry": {
    "coordinates": [
     [
      -49.42088570616072,
      -20.847619528714006
     ],
     [
      -49.42093010473313,
      -20.84732416944236
     ],
     [
      -49.42095091779766,
      -20.84715705872709
     ],
     [
      -49.42093995152759,
      -20.846989654032896
     ],
     [
      -49.420835085513126,
      -20.8466839563077
     ],
     [
      -49.42062996456527,
      -20.84623990498785
     ],
     [
      -49.42004410657977,
      -20.845126116736644
     ],
     [
      -49.41966004595108,
      -20.844577185224328
     ]
    ],
    "type": "LineString"
   },
   "id": 6145,
   "properties": {
    "DESCRIÇÃO": "Prolongamento na mesma largura da Rua República do Líbano até a Estrada da Matinha (SJR-351).",
    "LEI_ANTERIOR": "Lei 9711/2006 - Item 8",
    "NUMERO_LEI": 190,
    "OBJECTID": 6145,
    "SHAPE.LEN": 369.66438462971104
   },
   "type": "Feature"
  },
  {
   "geometry": {
    "coordinates": [
     [
      [
       -49.419419529660445,
       -20.84475908428169
      ],
      [
       -49.41938327043858,
       -20.8447708778285
      ],
      [
       -49.41934551414786,
       -20.84477619585703
      ],
      [
       -49.41930740799406,
       -20.844774876781678
      ],
      [
       -49.4192701098134,
       -20.84476696068188
      ],
      [
       -49.419234752892216,
       -20.844752688084323
      ],
      [
       -49.419202411532666,
       -20.844732492654664
      ],
      [
       -49.4191740684106,
       -20.84470698802081
      ],
      [
       -49.41915058471743,
       -20.844676949128157
      ],
      [
       -49.419132673993296,
       -20.844643288693256
      ],
      [
       -49.419120880446485,
       -20.84460702947139
      ],
      [
       -49.41911556241796,
       -20.844569273180664
      ],
      [
       -49.41911688149331,
       -20.844531167026872
      ],
      [
       -49.419124797593106,
       -20.84449386884621
      ],
      [
       -49.41913907019066,
       -20.844458511925026
      ],
      [
       -49.41915926562032,
       -20.844426170565477
      ],
      [
       -49.419184770254176,
       -20.84439782744341
      ],
      [
       -49.41921480914683,
       -20.84437434375024
      ],
      [
       -49.41924846958173,
       -20.844356433026107
      ],
      [
       -49.419284728803596,
       -20.8443446394793
      ],
      [
       -49.41932248509432,
       -20.844339321450768
      ],
      [
       -49.419360591248115,
       -20.84434064052612
      ],
      [
       -49.41939788942878,
       -20.844348556625917
      ],
      [
       -49.41943324634996,
       -20.844362829223474
      ],
      [
       -49.41946558770951,
       -20.844383024653133
      ],
      [
       -49.41949393083158,
       -20.844408529286987
      ],
      [
       -49.41951741452475,
       -20.84443856817964
      ],
      [
       -49.41953532524888,
       -20.844472228614542
      ],
      [
       -49.41954711879569,
       -20.844508487836407
      ],
      [
       -49.41955243682422,
       -20.844546244127134
      ],
      [
       -49.41955111774887,
       -20.844584350280925
      ],
      [
       -49.41954320164907,
       -20.844621648461587
      ],
      [
       -49.419528929051516,
       -20.84465700538277
      ],
      [
       -49.41950873362185,
       -20.84468934674232
      ],
      [
       -49.419483228988,
       -20.84471768986439
      ],
      [
       -49.419453190095346,
       -20.84474117355756
      ],
      [
       -49.419419529660445,
       -20.84475908428169
      ]
     ],
     [
      [
       -49.4223447480043,
       -20.840588688789165
      ],
      [
       -49.422383694141345,
       -20.840563239589184
      ],
      [
       -49.4224184410554,
       -20.84053230230853
      ],
      [
       -49.422448222158245,
       -20.840496559487104
      ],
      [
       -49.422472380417645,
       -20.84045679968488
      ],
      [
       -49.422490382852835,
       -20.840413900084673
      ],
      [
       -49.42250183229315,
       -20.840368807139694
      ],
      [
       -49.42250647614044,
       -20.84032251569283
      ],
      [
       -49.42250421194191,
       -20.840276047028386
      ],
      [
       -49.422495089650425,
       -20.84023042634044
      ],
      [
       -49.42247931052246,
       -20.84018666011498
      ],
      [
       -49.42245722267794,
       -20.840145713924745
      ],
      [
       -49.42242931342005,
       -20.8401084911267
      ],
      [
       -49.42239619848427,
       -20.84007581293215
      ],
      [
       -49.42235860845405,
       -20.840048400289117
      ],
      [
       -49.42231737264257,
       -20.840026857976756
      ],
      [
       -49.42227340079644,
       -20.840011661262675
      ],
      [
       -49.42222766302483,
       -20.84000314541757
      ],
      [
       -49.422181168396804,
       -20.840001498318454
      ],
      [
       -49.42213494267927,
       -20.840006756303723
      ],
      [
       -49.42209000570641,
       -20.84001880337142
      ],
      [
       -49.42203821130606,
       -20.83998302428495
      ],
      [
       -49.42134967888676,
       -20.83930555306259
      ],
      [
       -49.42020941721868,
       -20.83828569287864
      ],
      [
       -49.42023675990752,
       -20.838241602883663
      ],
      [
       -49.42025845733041,
       -20.838194477814653
      ],
      [
       -49.42027417832307,
       -20.838145036934
      ],
      [
       -49.42028368293849,
       -20.83809403484997
      ],
      [
       -49.42028682610924,
       -20.83804224999922
      ],
      [
       -49.420283559861616,
       -20.83799047276565
      ],
      [
       -49.420273934047835,
       -20.8379394934169
      ],
      [
       -49.42025809558515,
       -20.83789009004263
      ],
      [
       -49.42023628621348,
       -20.837843016678644
      ],
      [
       -49.420208838805785,
       -20.83779899179817
      ],
      [
       -49.42017617228747,
       -20.837758687345925
      ],
      [
       -49.42013878524237,
       -20.837722718482325
      ],
      [
       -49.42009724830299,
       -20.83769163419439
      ],
      [
       -49.420052195440995,
       -20.837665908916634
      ],
      [
       -49.42000431429101,
       -20.83764593528986
      ],
      [
       -49.4199543356554,
       -20.837632018168346
      ],
      [
       -49.41990302235006,
       -20.83762436996689
      ],
      [
       -49.419851157561794,
       -20.83762310741877
      ]
     ],
     [
      [
       -49.422339768125404,
       -20.840575181580164
      ],
      [
       -49.4223447480043,
       -20.840588688789165
      ]
     ],
     [
      [
       -49.42228858896148,
       -20.84050238819503
      ],
      [
       -49.42225412720913,
       -20.840520093152836
      ],
      [
       -49.42221711457458,
       -20.840531544912057
      ],
      [
       -49.42217867566799,
       -20.84053639551678
      ],
      [
       -49.4221399784361,
       -20.84053449758384
      ],
      [
       -49.42210219867471,
       -20.840525908780965
      ],
      [
       -49.422066484302746,
       -20.840510890074587
      ],
      [
       -49.42203392048334,
       -20.8404898978005
      ],
      [
       -49.422005496651664,
       -20.840463569798324
      ],
      [
       -49.42198207645146,
       -20.840432706031088
      ],
      [
       -49.42196437149365,
       -20.84039824427874
      ],
      [
       -49.42195291973443,
       -20.840361231644188
      ],
      [
       -49.421948069129705,
       -20.840322792737602
      ],
      [
       -49.421949967062645,
       -20.84028409550571
      ],
      [
       -49.42195855586552,
       -20.840246315744313
      ],
      [
       -49.4219735745719,
       -20.840210601372355
      ],
      [
       -49.42199456684599,
       -20.84017803755295
      ],
      [
       -49.42202089484816,
       -20.84014961372127
      ],
      [
       -49.422051758615396,
       -20.840126193521062
      ],
      [
       -49.422086220367746,
       -20.840108488563256
      ],
      [
       -49.422123233002296,
       -20.840097036804035
      ],
      [
       -49.42216167190888,
       -20.840092186199314
      ],
      [
       -49.422200369140775,
       -20.840094084132254
      ],
      [
       -49.42223814890217,
       -20.840102672935128
      ],
      [
       -49.42227386327413,
       -20.840117691641506
      ],
      [
       -49.42230642709354,
       -20.840138683915594
      ],
      [
       -49.42233485092521,
       -20.84016501191777
      ],
      [
       -49.42235827112542,
       -20.840195875685005
      ],
      [
       -49.422375976083224,
       -20.84023033743735
      ],
      [
       -49.422387427842445,
       -20.840267350071905
      ],
      [
       -49.42239227844717,
       -20.84030578897849
      ],
      [
       -49.42239038051423,
       -20.840344486210384
      ],
      [
       -49.42238179171135,
       -20.84038226597178
      ],
      [
       -49.422366773004974,
       -20.840417980343737
      ],
      [
       -49.422345780730886,
       -20.840450544163144
      ],
      [
       -49.422319452728715,
       -20.840478967994823
      ],
      [
       -49.42228858896148,
       -20.84050238819503
      ]
     ],
     [
      [
       -49.42005940151295,
       -20.838188793556785
      ],
      [
       -49.42002493959792,
       -20.83820649774265
      ],
      [
       -49.41998792693721,
       -20.838217948713407
      ],
      [
       -49.419949488141775,
       -20.838222798537103
      ],
      [
       -49.41991079115497,
       -20.838220899854303
      ],
      [
       -49.41987301176515,
       -20.83821231035552
      ],
      [
       -49.419837297879965,
       -20.838197291028326
      ],
      [
       -49.41980473464774,
       -20.838176298227385
      ],
      [
       -49.41977631148581,
       -20.838149969808324
      ],
      [
       -49.41975289201757,
       -20.838119105746834
      ],
      [
       -49.419735187831705,
       -20.83808464383181
      ],
      [
       -49.419723736860945,
       -20.838047631171094
      ],
      [
       -49.41971888703725,
       -20.838009192375658
      ],
      [
       -49.41972078572005,
       -20.837970495388852
      ],
      [
       -49.419729375218836,
       -20.837932715999035
      ],
      [
       -49.41974439454602,
       -20.83789700211385
      ],
      [
       -49.41976538734697,
       -20.837864438881624
      ],
      [
       -49.41979171576603,
       -20.83783601571969
      ],
      [
       -49.41982257982752,
       -20.83781259625145
      ],
      [
       -49.419857041742546,
       -20.837794892065585
      ],
      [
       -49.41989405440326,
       -20.837783441094828
      ],
      [
       -49.419932493198694,
       -20.83777859127113
      ],
      [
       -49.4199711901855,
       -20.837780489953932
      ],
      [
       -49.42000896957532,
       -20.837789079452715
      ],
      [
       -49.4200446834605,
       -20.83780409877991
      ],
      [
       -49.42007724669273,
       -20.83782509158085
      ],
      [
       -49.42010566985466,
       -20.83785141999991
      ],
      [
       -49.4201290893229,
       -20.8378822840614
      ],
      [
       -49.42014679350876,
       -20.837916745976425
      ],
      [
       -49.42015824447952,
       -20.83795375863714
      ],
      [
       -49.42016309430322,
       -20.837992197432577
      ],
      [
       -49.420161195620416,
       -20.838030894419383
      ],
      [
       -49.42015260612163,
       -20.8380686738092
      ],
      [
       -49.420137586794446,
       -20.838104387694386
      ],
      [
       -49.4201165939935,
       -20.83813695092661
      ],
      [
       -49.42009026557444,
       -20.838165374088543
      ],
      [
       -49.42005940151295,
       -20.838188793556785
      ]
     ],
     [
      [
       -49.41985486788332,
       -20.837628230068592
      ],
      [
       -49.419851157561794,
       -20.83762310741877
      ]
     ],
     [
      [
       -49.419851157561794,
       -20.83762310741877
      ],
      [
       -49.41984268148406,
       -20.83762302470991
      ]
     ],
     [
      [
       -49.419851157561794,
       -20.83762310741877
      ],
      [
       -49.41941861351012,
       -20.837025923055236
      ],
      [
       -49.41906604864757,
       -20.836559948339193
      ],
      [
       -49.41757412917606,
       -20.832513111854286
      ],
      [
       -49.41673139474994,
       -20.830227098648393
      ],
      [
       -49.41591034656818,
       -20.827999851380536
      ],
      [
       -49.415810915024466,
       -20.827730119408173
      ],
      [
       -49.41394250787902,
       -20.826938499366168
      ]
     ],
     [
      [
       -49.41684996016035,
       -20.8314334163131
      ],
      [
       -49.417840701287254,
       -20.834283748065793
      ],
      [
       -49.418733972265606,
       -20.83677036561855
      ],
      [
       -49.41959060459542,
       -20.837866545823047
      ],
      [
       -49.41958469378626,
       -20.837919974469873
      ],
      [
       -49.41958557006847,
       -20.83797372193582
      ],
      [
       -49.41959321944175,
       -20.838026929501588
      ],
      [
       -49.41960751969264,
       -20.838078747073812
      ],
      [
       -49.419628242347066,
       -20.838128346766958
      ],
      [
       -49.41965505632071,
       -20.83817493613038
      ],
      [
       -49.419687533208695,
       -20.838217770809244
      ],
      [
       -49.41972515413016,
       -20.83825616643704
      ],
      [
       -49.41976731801843,
       -20.83828950956966
      ],
      [
       -49.41981335122416,
       -20.838317267486318
      ],
      [
       -49.4198625182782,
       -20.838338996700827
      ],
      [
       -49.41991403364216,
       -20.838354350047126
      ],
      [
       -49.41996707425886,
       -20.838363082225932
      ],
      [
       -49.42002079270227,
       -20.83836505372387
      ],
      [
       -49.42007433071677,
       -20.838360233042458
      ],
      [
       -49.42044502106968,
       -20.838679624593173
      ],
      [
       -49.42188946791081,
       -20.84009735790165
      ],
      [
       -49.42186397403141,
       -20.84013911145365
      ],
      [
       -49.421844487832885,
       -20.84018398444172
      ],
      [
       -49.42183138240651,
       -20.840231117708004
      ],
      [
       -49.421824908674516,
       -20.840279608818378
      ],
      [
       -49.4218251905858,
       -20.84032852934083
      ],
      [
       -49.421832222742765,
       -20.84037694262165
      ],
      [
       -49.42184587050467,
       -20.840423921718983
      ],
      [
       -49.42186587256548,
       -20.840468567150488
      ],
      [
       -49.421891845957006,
       -20.84051002411521
      ],
      [
       -49.421923293381326,
       -20.840547498859973
      ],
      [
       -49.4219596127323,
       -20.84058027387692
      ],
      [
       -49.422000108623756,
       -20.840607721641245
      ],
      [
       -49.42204400570364,
       -20.84062931662605
      ],
      [
       -49.42208973424552,
       -20.84074278442121
      ],
      [
       -49.42215064966714,
       -20.84094246806392
      ],
      [
       -49.4221836029364,
       -20.841183982663118
      ],
      [
       -49.42214623558649,
       -20.84142616464635
      ],
      [
       -49.42210273743985,
       -20.841550556295807
      ],
      [
       -49.4220315303841,
       -20.841689412291615
      ],
      [
       -49.42193587221596,
       -20.841822419757513
      ],
      [
       -49.421751263782824,
       -20.841996998642365
      ],
      [
       -49.42151477422921,
       -20.842174790104398
      ],
      [
       -49.42125869887601,
       -20.84236730459151
      ],
      [
       -49.41998224721972,
       -20.843338637514766
      ],
      [
       -49.41988926650522,
       -20.84343599793838
      ],
      [
       -49.41976744945061,
       -20.843600061873993
      ],
      [
       -49.419424690240135,
       -20.844173737168816
      ],
      [
       -49.41937200443957,
       -20.844239428307894
      ],
      [
       -49.419303035049154,
       -20.84427141519499
      ],
      [
       -49.419182842294724,
       -20.844289426331063
      ],
      [
       -49.41910216782041,
       -20.84434136878071
      ],
      [
       -49.41906511334179,
       -20.844383321169236
      ],
      [
       -49.4190402324551,
       -20.844423380561736
      ],
      [
       -49.419016396102776,
       -20.844485788763464
      ],
      [
       -49.41900730780421,
       -20.844555490147425
      ],
      [
       -49.41901482676133,
       -20.844623307863557
      ],
      [
       -49.41903574050739,
       -20.84468308862798
      ],
      [
       -49.41905312761161,
       -20.844736710497102
      ],
      [
       -49.419126586101896,
       -20.844807069175555
      ],
      [
       -49.41922616433168,
       -20.844847661469153
      ],
      [
       -49.41933029461722,
       -20.844883648130622
      ],
      [
       -49.41949553242286,
       -20.84484954445167
      ],
      [
       -49.41961741291849,
       -20.84472738472973
      ],
      [
       -49.4196546106257,
       -20.84461678009854
      ],
      [
       -49.41966004595108,
       -20.844577185224328
      ],
      [
       -49.41965735940782,
       -20.84451395041143
      ],
      [
       -49.419643669785465,
       -20.84446023444327
      ],
      [
       -49.4196304764004,
       -20.844424791856245
      ],
      [
       -49.41963501941496,
       -20.84437190899702
      ],
      [
       -49.42006019791007,
       -20.843672783199075
      ],
      [
       -49.42029081203717,
       -20.84344192827755
      ],
      [
       -49.42128643637516,
       -20.842693434285685
      ],
      [
       -49.422029851514175,
       -20.842152182317502
      ],
      [
       -49.42216426901448,
       -20.84198777284479
      ],
      [
       -49.42229764467802,
       -20.841797175319652
      ],
      [
       -49.42240970743949,
       -20.841545779139153
      ],
      [
       -49.42247138551162,
       -20.841201627046104
      ],
      [
       -49.422426280791626,
       -20.84081042181128
      ],
      [
       -49.4223447480043,
       -20.840588688789165
      ]
     ]
    ],
    "type": "MultiLineString"
   },
   "id": 6146,
   "properties": {
    "DESCRIÇÃO": "Prolongamento com no mínimo 30,00 metros de largura da Avenida da Luz, do Jardim Maracanã, passando pela Rua Mário Martins André do Parque Tecnológico, até a Rua República do Líbano.",
    "LEI_ANTERIOR": "Lei 9711/2006 - Item 8",
    "NUMERO_LEI": 14,
    "OBJECTID": 6146,
    "SHAPE.LEN": 4773.25138649182
   },
   "type": "Feature"
  },
  {
   "geometry": {
    "coordinates": [
     [
      -49.363632642899546,
      -20.767694964134467
     ],
     [
      -49.36217513849012,
      -20.76574253433531
     ],
     [
      -49.361654279312056,
      -20.765184727136134
     ],
     [
      -49.360942129101154,
      -20.764765276430094
     ],
     [
      -49.360076606400845,
      -20.763963724441766
     ],
     [
      -49.35896684660426,
      -20.76292612837388
     ],
     [
      -49.35842726578672,
      -20.762515475270945
     ],
     [
      -49.35668610217211,
      -20.76148825244933
     ],
     [
      -49.35471319132769,
      -20.760377319143043
     ],
     [
      -49.354001307574734,
      -20.76017096750012
     ],
     [
      -49.353502396915765,
      -20.759947932154173
     ],
     [
      -49.3526919458079,
      -20.75947635323333
     ],
     [
      -49.352020626058675,
      -20.758763813551443
     ],
     [
      -49.35087623870709,
      -20.757094900422654
     ],
     [
      -49.35040859240895,
      -20.756441411667314
     ],
     [
      -49.34976453930178,
      -20.755851052788906
     ],
     [
      -49.34910075715257,
      -20.755226734748334
     ],
     [
      -49.34826999335427,
      -20.75438992599492
     ],
     [
      -49.34760705853942,
      -20.753172098118593
     ],
     [
      -49.347472419128025,
      -20.752924759673036
     ],
     [
      -49.34702126219119,
      -20.752561569318292
     ],
     [
      -49.344510870832345,
      -20.75168663861391
     ],
     [
      -49.34263231913433,
      -20.752361595522093
     ]
    ],
    "type": "LineString"
   },
   "id": 6468,
   "properties": {
    "DESCRIÇÃO": "Abertura das Avenidas Marginais ao Córrego da Fazenda Velha, ambos os lados, do Córrego Felicidade até a BR-153.\r\n",
    "LEI_ANTERIOR": "Lei 9711/2006 - Item 105",
    "NUMERO_LEI": 85,
    "OBJECTID": 6468,
    "SHAPE.LEN": 2946.2002785538402
   },
   "type": "Feature"
  }
 ],
 "type": "FeatureCollection"
}