{
 "features": [
  {
   "geometry": {
    "coordinates": [
     [
      -49.35166975183981,
      -20.841105126382924,
      0.0
     ],
     [
      -49.35161667171868,
      -20.841027090257466,
      0.0
     ],
     [
      -49.35155864799831,
      -20.840952656501607,
      0.0
     ],
     [
      -49.35149592441915,
      -20.84088213778953,
      0.0
     ],
     [
      -49.35142876446439,
      -20.84081583034944,
      0.0
     ],
     [
      -49.351357450253076,
      -20.84075401271925,
      0.0
     ],
     [
      -49.35128228135512,
      -20.84069694457651,
      0.0
     ],
     [
      -49.35120357353277,
      -20.840644865647594,
      0.0
     ],
     [
      -49.35112165741428,
      -20.840597994700637,
      0.0
     ],
     [
      -49.35065186674758,
      -20.840403003011954,
      0.0
     ],
     [
      -49.34966944143959,
      -20.8400185188369,
      0.0
     ],
     [
      -49.348927881008144,
      -20.839703784544085,
      0.0
     ],
     [
      -49.34837446071701,
      -20.839446463281888,
      0.0
     ],
     [
      -49.34807771662982,
      -20.83930873613363,
      0.0
     ],
     [
      -49.34773979631852,
      -20.839138669715368,
      0.0
     ],
     [
      -49.34719911945915,
      -20.838867271550892,
      0.0
     ],
     [
      -49.34699243061398,
      -20.838780098504618,
      0.0
     ],
     [
      -49.34674822703686,
      -20.83867126874428,
      0.0
     ],
     [
      -49.34641414923947,
      -20.83849532215066,
      0.0
     ],
     [
      -49.3461617541054,
      -20.83834429078506,
      0.0
     ],
     [
      -49.345987955134376,
      -20.838227391350724,
      0.0
     ],
     [
      -49.34569133158036,
      -20.837986927494377,
      0.0
     ],
     [
      -49.34560697834252,
      -20.837893742332852,
      0.0
     ],
     [
      -49.34558187496852,
      -20.83786453337501,
      0.0
     ],
     [
      -49.34555271374476,
      -20.837839374566762,
      0.0
     ],
     [
      -49.34552014086398,
      -20.837818823410046,
      0.0
     ],
     [
      -49.34548487811892,
      -20.837803335304454,
      0.0
     ],
     [
      -49.345447706907855,
      -20.83779325345577,
      0.0
     ],
     [
      -49.345409450919384,
      -20.837788801270893,
      0.0
     ],
     [
      -49.34537095788001,
      -20.83779007740716,
      0.0
     ],
     [
      -49.345333080769116,
      -20.83779705358628,
      0.0
     ],
     [
      -49.34529665891756,
      -20.8378095752209,
      0.0
     ],
     [
      -49.34526701125824,
      -20.83784321398063,
      0.0
     ],
     [
      -49.34524073662825,
      -20.83787954845019,
      0.0
     ],
     [
      -49.34521807867681,
      -20.837918241693746,
      0.0
     ],
     [
      -49.34519924751504,
      -20.837958934902097,
      0.0
     ]
    ],
    "type": "LineString"
   },
   "properties": {
    "id": "city-0",
    "kind": "matched",
    "lengthM": 787.5,
    "name": "",
    "source": "city"
   },
   "type": "Feature"
  },
  {
   "geometry": {
    "coordinates": [
     [
      -49.412738484022,
      -20.788547981702507,
      0.0
     ],
     [
      -49.41288199184212,
      -20.788479806097115,
      0.0
     ],
     [
      -49.41314857820638,
      -20.7882953540893,
      0.0
     ],
     [
      -49.41324103582492,
      -20.78822077127373,
      0.0
     ],
     [
      -49.41377279727437,
      -20.788465896818582,
      0.0
     ],
     [
      -49.41413221079365,
      -20.788610878060997,
      0.0
     ],
     [
      -49.41399601022267,
      -20.788717496477922,
      0.0
     ]
    ],
    "type": "LineString"
   },
   "properties": {
    "id": "city-1",
    "kind": "paper-only",
    "lengthM": 184.7,
    "name": "",
    "source": "city"
   },
   "type": "Feature"
  },
  {
   "geometry": {
    "coordinates": [
     [
      [
       -49.3327284796876,
       -20.875896664121623,
       0.0
      ],
      [
       -49.33261410790585,
       -20.875945782023745,
       0.0
      ],
      [
       -49.33256022341831,
       -20.87592405464764,
       0.0
      ],
      [
       -49.33249647466518,
       -20.875913781457072,
       0.0
      ],
      [
       -49.33243973016932,
       -20.87591380449533,
       0.0
      ],
      [
       -49.3323912343798,
       -20.87592953667691,
       0.0
      ],
      [
       -49.332344057914156,
       -20.875953737411187,
       0.0
      ],
      [
       -49.3323036635698,
       -20.875980668068014,
       0.0
      ],
      [
       -49.332273075902634,
       -20.87602695972139,
       0.0
      ],
      [
       -49.33224988816952,
       -20.87606398260083,
       0.0
      ],
      [
       -49.332239444072925,
       -20.876112633149912,
       0.0
      ],
      [
       -49.33224383324753,
       -20.876174025633166,
       0.0
      ],
      [
       -49.33224767554913,
       -20.876219922255068,
       0.0
      ],
      [
       -49.332266504471185,
       -20.876260057497586,
       0.0
      ],
      [
       -49.33229735326445,
       -20.87630260069153,
       0.0
      ],
      [
       -49.332329661246206,
       -20.876332848066543,
       0.0
      ],
      [
       -49.332364192299565,
       -20.876354995628034,
       0.0
      ],
      [
       -49.332402376844435,
       -20.876378419024718,
       0.0
      ],
      [
       -49.33245021419179,
       -20.876391702250196,
       0.0
      ],
      [
       -49.33250594157667,
       -20.876395115355372,
       0.0
      ],
      [
       -49.332544938577485,
       -20.87638690437531,
       0.0
      ],
      [
       -49.33260935730004,
       -20.8763659275269,
       0.0
      ],
      [
       -49.3326448851381,
       -20.87633764952222,
       0.0
      ],
      [
       -49.33267313838882,
       -20.87630954538134,
       0.0
      ],
      [
       -49.332710175131695,
       -20.876265940583796,
       0.0
      ],
      [
       -49.33273681541383,
       -20.876202499332447,
       0.0
      ],
      [
       -49.332956171027895,
       -20.876121002812784,
       0.0
      ],
      [
       -49.334275088235586,
       -20.875580678029312,
       0.0
      ],
      [
       -49.334278147229,
       -20.87557406953461,
       0.0
      ]
     ],
     [
      [
       -49.33271536128554,
       -20.875894781142488,
       0.0
      ],
      [
       -49.33557533553713,
       -20.874741766504666,
       0.0
      ],
      [
       -49.33558986093053,
       -20.874734567702664,
       0.0
      ],
      [
       -49.33560535407742,
       -20.874729795679695,
       0.0
      ],
      [
       -49.33562141258348,
       -20.87472757437668,
       0.0
      ],
      [
       -49.33563761937064,
       -20.874727961486226,
       0.0
      ]
     ],
     [
      [
       -49.33427318966908,
       -20.87557609430466,
       0.0
      ],
      [
       -49.334278147229,
       -20.87557406953461,
       0.0
      ]
     ],
     [
      [
       -49.334278147229,
       -20.87557406953461,
       0.0
      ],
      [
       -49.334469433531964,
       -20.875495954111525,
       0.0
      ]
     ],
     [
      [
       -49.334278147229,
       -20.87557406953461,
       0.0
      ],
      [
       -49.33429038906536,
       -20.87554762657926,
       0.0
      ],
      [
       -49.334293487779426,
       -20.87551013133036,
       0.0
      ],
      [
       -49.3342797673842,
       -20.875464347171373,
       0.0
      ],
      [
       -49.334259325267155,
       -20.875421946312255,
       0.0
      ],
      [
       -49.33423398907312,
       -20.87537319913557,
       0.0
      ],
      [
       -49.334207066662856,
       -20.875350814417082,
       0.0
      ],
      [
       -49.334169753622795,
       -20.875332983151445,
       0.0
      ],
      [
       -49.33412011337663,
       -20.875329638931735,
       0.0
      ]
     ],
     [
      [
       -49.334469433531964,
       -20.875495954111525,
       0.0
      ],
      [
       -49.33448022525689,
       -20.875491547262772,
       0.0
      ]
     ],
     [
      [
       -49.334469433531964,
       -20.875495954111525,
       0.0
      ],
      [
       -49.33450319913159,
       -20.875487641135418,
       0.0
      ],
      [
       -49.335710475777645,
       -20.874986837557277,
       0.0
      ]
     ],
     [
      [
       -49.33432674608195,
       -20.875253887998653,
       0.0
      ],
      [
       -49.33430825918653,
       -20.875287120699433,
       0.0
      ],
      [
       -49.33430269599684,
       -20.87531225931264,
       0.0
      ],
      [
       -49.334313911431906,
       -20.875353541459464,
       0.0
      ],
      [
       -49.33434985991592,
       -20.87543786964533,
       0.0
      ],
      [
       -49.33437184879709,
       -20.875473005031008,
       0.0
      ],
      [
       -49.33440037670653,
       -20.875495613118172,
       0.0
      ],
      [
       -49.334437345749166,
       -20.875503854356573,
       0.0
      ],
      [
       -49.334469433531964,
       -20.875495954111525,
       0.0
      ]
     ],
     [
      [
       -49.33607902396345,
       -20.874923198608656,
       0.0
      ],
      [
       -49.33605666446524,
       -20.874929217290155,
       0.0
      ],
      [
       -49.33603565391457,
       -20.874938950144195,
       0.0
      ],
      [
       -49.336016604194235,
       -20.874952113724348,
       0.0
      ],
      [
       -49.336000070082456,
       -20.874968324672345,
       0.0
      ],
      [
       -49.33598653309628,
       -20.874987110882515,
       0.0
      ],
      [
       -49.335976387468556,
       -20.875007925250753,
       0.0
      ],
      [
       -49.33596992866676,
       -20.875030161607615,
       0.0
      ],
      [
       -49.3359673447883,
       -20.875053172371604,
       0.0
      ],
      [
       -49.33596871108254,
       -20.875076287408426,
       0.0
      ],
      [
       -49.33597398775938,
       -20.875098833547092,
       0.0
      ],
      [
       -49.33598302114804,
       -20.87512015418443,
       0.0
      ],
      [
       -49.33796037128642,
       -20.879423969969967,
       0.0
      ],
      [
       -49.33802801138979,
       -20.879519041049818,
       0.0
      ],
      [
       -49.33810014399025,
       -20.879610750273773,
       0.0
      ],
      [
       -49.33817660226559,
       -20.87969888554446,
       0.0
      ],
      [
       -49.33825720938956,
       -20.87978324303004,
       0.0
      ],
      [
       -49.33834177894077,
       -20.87986362763564,
       0.0
      ],
      [
       -49.33843011533389,
       -20.879939853454488,
       0.0
      ],
      [
       -49.338522014271945,
       -20.880011744197922,
       0.0
      ],
      [
       -49.338629991919774,
       -20.880072871316287,
       0.0
      ],
      [
       -49.33874090415401,
       -20.880128496610265,
       0.0
      ],
      [
       -49.33885447086553,
       -20.880178479598033,
       0.0
      ],
      [
       -49.33897040524134,
       -20.88022269404742,
       0.0
      ],
      [
       -49.3390884144889,
       -20.880261028294782,
       0.0
      ],
      [
       -49.3392082005756,
       -20.880293385526834,
       0.0
      ],
      [
       -49.339329460981354,
       -20.880319684025352,
       0.0
      ],
      [
       -49.339451889462765,
       -20.880339857373393,
       0.0
      ],
      [
       -49.3396634339839,
       -20.880339304192628,
       0.0
      ],
      [
       -49.33987483932478,
       -20.880331611840486,
       0.0
      ],
      [
       -49.34008586462241,
       -20.880316789081206,
       0.0
      ],
      [
       -49.3402962694468,
       -20.88029485280297,
       0.0
      ],
      [
       -49.340354617321715,
       -20.880286744940886,
       0.0
      ],
      [
       -49.34041189828733,
       -20.880272993471365,
       0.0
      ],
      [
       -49.34046756781813,
       -20.880253729118923,
       0.0
      ],
      [
       -49.34052109670728,
       -20.880229135014737,
       0.0
      ],
      [
       -49.34057197609735,
       -20.880199444955792,
       0.0
      ],
      [
       -49.34061972231764,
       -20.88016494118233,
       0.0
      ],
      [
       -49.34066388148204,
       -20.880125951694836,
       0.0
      ],
      [
       -49.34070403380378,
       -20.880082847136002,
       0.0
      ],
      [
       -49.3407328877644,
       -20.880038658671012,
       0.0
      ],
      [
       -49.34075681649788,
       -20.87999162052484,
       0.0
      ],
      [
       -49.34077554182473,
       -20.879942279531583,
       0.0
      ],
      [
       -49.34078884605679,
       -20.879891209296705,
       0.0
      ],
      [
       -49.340796574527936,
       -20.879839003528687,
       0.0
      ],
      [
       -49.34079863739212,
       -20.879786269136936,
       0.0
      ],
      [
       -49.34079242150501,
       -20.87973517171564,
       0.0
      ],
      [
       -49.340780972595375,
       -20.87968498699502,
       0.0
      ],
      [
       -49.34076441259186,
       -20.87963624943251,
       0.0
      ],
      [
       -49.34074291785525,
       -20.87958947807361,
       0.0
      ],
      [
       -49.34071671730029,
       -20.87954517102411,
       0.0
      ],
      [
       -49.340686089957735,
       -20.879503800145415,
       0.0
      ],
      [
       -49.3406513620028,
       -20.879465806029266,
       0.0
      ],
      [
       -49.3405101514173,
       -20.87936155156299,
       0.0
      ],
      [
       -49.340464772539846,
       -20.879309098673012,
       0.0
      ],
      [
       -49.3389704788552,
       -20.87608256337711,
       0.0
      ],
      [
       -49.33891364328871,
       -20.875929491293963,
       0.0
      ],
      [
       -49.33814988510596,
       -20.874206553739665,
       0.0
      ],
      [
       -49.3381330647327,
       -20.874188162277687,
       0.0
      ],
      [
       -49.338113379938875,
       -20.87417287569135,
       0.0
      ],
      [
       -49.33809139623437,
       -20.874161133137694,
       0.0
      ],
      [
       -49.338067745172815,
       -20.874153271959845,
       0.0
      ],
      [
       -49.338043106208055,
       -20.874149517995807,
       0.0
      ],
      [
       -49.338018187174725,
       -20.87414997909043,
       0.0
      ],
      [
       -49.33799370395333,
       -20.87415464199726,
       0.0
      ],
      [
       -49.33797035990424,
       -20.8741633727591,
       0.0
      ],
      [
       -49.3379488256614,
       -20.874175920556333,
       0.0
      ],
      [
       -49.33607902396345,
       -20.874923198608656,
       0.0
      ]
     ],
     [
      [
       -49.33593444610869,
       -20.874885112043444,
       0.0
      ],
      [
       -49.33589757736766,
       -20.87487841402759,
       0.0
      ],
      [
       -49.33587109077013,
       -20.87486740353584,
       0.0
      ],
      [
       -49.33584661861388,
       -20.874837809345,
       0.0
      ],
      [
       -49.33581580665929,
       -20.874776320557206,
       0.0
      ],
      [
       -49.33579537390002,
       -20.874720298309512,
       0.0
      ],
      [
       -49.335800717955216,
       -20.87468684631014,
       0.0
      ],
      [
       -49.33582964448321,
       -20.874651024093023,
       0.0
      ]
     ],
     [
      [
       -49.33561405011312,
       -20.87473898895309,
       0.0
      ],
      [
       -49.33562449538696,
       -20.874733220104474,
       0.0
      ],
      [
       -49.33563761937064,
       -20.874727961486226,
       0.0
      ]
     ],
     [
      [
       -49.33563761937064,
       -20.874727961486226,
       0.0
      ],
      [
       -49.33565112918125,
       -20.87473031912759,
       0.0
      ],
      [
       -49.33566419277079,
       -20.874734492385766,
       0.0
      ],
      [
       -49.3356765673363,
       -20.87474040369562,
       0.0
      ],
      [
       -49.33568802288118,
       -20.874747943188133,
       0.0
      ],
      [
       -49.33575160081987,
       -20.87486767260613,
       0.0
      ],
      [
       -49.335749356790714,
       -20.87489830676429,
       0.0
      ],
      [
       -49.33574200696376,
       -20.874928130703616,
       0.0
      ],
      [
       -49.335729759533365,
       -20.874956299618432,
       0.0
      ],
      [
       -49.33571296142547,
       -20.87498201558398,
       0.0
      ],
      [
       -49.336042405179725,
       -20.874854011514383,
       0.0
      ],
      [
       -49.33607902396345,
       -20.874923198608656,
       0.0
      ]
     ],
     [
      [
       -49.33563761937064,
       -20.874727961486226,
       0.0
      ],
      [
       -49.33582964448321,
       -20.874651024093023,
       0.0
      ]
     ],
     [
      [
       -49.33582964448321,
       -20.874651024093023,
       0.0
      ],
      [
       -49.33583971021162,
       -20.87464699127754,
       0.0
      ]
     ],
     [
      [
       -49.33582964448321,
       -20.874651024093023,
       0.0
      ],
      [
       -49.33583111385052,
       -20.87464920470735,
       0.0
      ],
      [
       -49.33587617811459,
       -20.874624109820203,
       0.0
      ],
      [
       -49.337152856710084,
       -20.87410931103882,
       0.0
      ],
      [
       -49.33781440610738,
       -20.87384208068545,
       0.0
      ],
      [
       -49.33796367534601,
       -20.873785044821645,
       0.0
      ],
      [
       -49.33797560035243,
       -20.87376811014496,
       0.0
      ],
      [
       -49.33799332008647,
       -20.87374633954092,
       0.0
      ],
      [
       -49.33801819552679,
       -20.873731520652047,
       0.0
      ],
      [
       -49.33804354656496,
       -20.873719772155873,
       0.0
      ],
      [
       -49.338080364145746,
       -20.873712234211602,
       0.0
      ],
      [
       -49.338124092796875,
       -20.87371222008959,
       0.0
      ],
      [
       -49.33817122584346,
       -20.873718389553286,
       0.0
      ],
      [
       -49.338222116579786,
       -20.87374135159305,
       0.0
      ],
      [
       -49.33825398469275,
       -20.87376438624605,
       0.0
      ],
      [
       -49.33827404468046,
       -20.87380247065405,
       0.0
      ],
      [
       -49.33828554340584,
       -20.873824030150658,
       0.0
      ],
      [
       -49.33829786006142,
       -20.873868306373417,
       0.0
      ],
      [
       -49.33828793511354,
       -20.873909446169023,
       0.0
      ],
      [
       -49.338274842624585,
       -20.87394034256195,
       0.0
      ],
      [
       -49.33824370763901,
       -20.873979712690332,
       0.0
      ],
      [
       -49.338220470711896,
       -20.873999348530738,
       0.0
      ],
      [
       -49.33818885824652,
       -20.874019301344394,
       0.0
      ],
      [
       -49.33814828108614,
       -20.87403170765884,
       0.0
      ],
      [
       -49.338109686957445,
       -20.8740335132188,
       0.0
      ],
      [
       -49.33808949233241,
       -20.87403309659671,
       0.0
      ],
      [
       -49.33795997222884,
       -20.874082363747352,
       0.0
      ],
      [
       -49.33601736333709,
       -20.874860955380928,
       0.0
      ]
     ]
    ],
    "type": "MultiLineString"
   },
   "properties": {
    "id": "city-2",
    "kind": "matched",
    "lengthM": 3410.6,
    "name": "",
    "source": "city"
   },
   "type": "Feature"
  },
  {
   "geometry": {
    "coordinates": [
     [
      -49.37960655599978,
      -20.805504396973184,
      0.0
     ],
     [
      -49.37940258409642,
      -20.806433265390556,
      0.0
     ],
     [
      -49.37938454089237,
      -20.806599440923236,
      0.0
     ],
     [
      -49.37939770071677,
      -20.806795068461184,
      0.0
     ],
     [
      -49.379449819163675,
      -20.806960472540986,
      0.0
     ],
     [
      -49.37957078498343,
      -20.80711533782098,
      0.0
     ],
     [
      -49.37975477758453,
      -20.80727477038386,
      0.0
     ],
     [
      -49.3803558072714,
      -20.80770954434168,
      0.0
     ],
     [
      -49.38054467269584,
      -20.807826558290863,
      0.0
     ],
     [
      -49.38135623345251,
      -20.808091640454514,
      0.0
     ],
     [
      -49.38214041046775,
      -20.808613435336518,
      0.0
     ],
     [
      -49.38371472735525,
      -20.809724730509018,
      0.0
     ],
     [
      -49.38468156389703,
      -20.810152747757655,
      0.0
     ],
     [
      -49.385487068357826,
      -20.810724305989627,
      0.0
     ],
     [
      -49.38628465561177,
      -20.811280651183026,
      0.0
     ],
     [
      -49.38704586369792,
      -20.811809918927633,
      0.0
     ],
     [
      -49.38796167932591,
      -20.812422559834545,
      0.0
     ],
     [
      -49.38889568979985,
      -20.812794145739446,
      0.0
     ],
     [
      -49.38970084079024,
      -20.813223514855576,
      0.0
     ],
     [
      -49.3903972198785,
      -20.813824373708233,
      0.0
     ],
     [
      -49.39112451506397,
      -20.814414636971737,
      0.0
     ],
     [
      -49.391727112529466,
      -20.814907416072106,
      0.0
     ],
     [
      -49.39263908019712,
      -20.815547787407716,
      0.0
     ],
     [
      -49.3934635878566,
      -20.81637041897245,
      0.0
     ],
     [
      -49.39383652593246,
      -20.816740363957727,
      0.0
     ],
     [
      -49.3944142208368,
      -20.817147889073635,
      0.0
     ],
     [
      -49.394869750875905,
      -20.817461259370607,
      0.0
     ],
     [
      -49.39545199874436,
      -20.817865416580883,
      0.0
     ],
     [
      -49.39612989845758,
      -20.818474199423775,
      0.0
     ],
     [
      -49.396893792383075,
      -20.819044594571807,
      0.0
     ],
     [
      -49.397327786661336,
      -20.81937328820207,
      0.0
     ],
     [
      -49.397683232183695,
      -20.819757353465647,
      0.0
     ],
     [
      -49.39866342818165,
      -20.82067370980072,
      0.0
     ],
     [
      -49.39934347045105,
      -20.821440229608402,
      0.0
     ],
     [
      -49.40067849699072,
      -20.822561334394955,
      0.0
     ],
     [
      -49.40240463652483,
      -20.824112461720798,
      0.0
     ],
     [
      -49.40230546104077,
      -20.824124337210794,
      0.0
     ],
     [
      -49.40218069062179,
      -20.824129957005894,
      0.0
     ],
     [
      -49.4008343091075,
      -20.822952560421697,
      0.0
     ],
     [
      -49.399349082669126,
      -20.82165918679266,
      0.0
     ],
     [
      -49.39769271671916,
      -20.8199434371222,
      0.0
     ],
     [
      -49.39616181015461,
      -20.818644837522847,
      0.0
     ],
     [
      -49.3955674462815,
      -20.818030961480446,
      0.0
     ],
     [
      -49.39538964658913,
      -20.817868255604594,
      0.0
     ],
     [
      -49.39390260935329,
      -20.81685807377384,
      0.0
     ],
     [
      -49.393506182042145,
      -20.816478664246247,
      0.0
     ],
     [
      -49.39270307047727,
      -20.81565364906212,
      0.0
     ],
     [
      -49.39191479876766,
      -20.815132568649684,
      0.0
     ],
     [
      -49.391215945936516,
      -20.814547487557856,
      0.0
     ],
     [
      -49.390428478598295,
      -20.813909994422925,
      0.0
     ],
     [
      -49.38972477925897,
      -20.813271426645546,
      0.0
     ],
     [
      -49.38887244969091,
      -20.812828343689894,
      0.0
     ],
     [
      -49.38869270557384,
      -20.812762503792733,
      0.0
     ],
     [
      -49.38833129777539,
      -20.812700630809466,
      0.0
     ],
     [
      -49.38792936445947,
      -20.812449502713076,
      0.0
     ],
     [
      -49.38715334732287,
      -20.81192204230849,
      0.0
     ],
     [
      -49.386371819248154,
      -20.81138808796762,
      0.0
     ],
     [
      -49.38557499699738,
      -20.81083397881752,
      0.0
     ],
     [
      -49.384811961046985,
      -20.810286159937835,
      0.0
     ],
     [
      -49.38455702695087,
      -20.810152161689498,
      0.0
     ],
     [
      -49.38384192313958,
      -20.809868420007195,
      0.0
     ],
     [
      -49.383047463329454,
      -20.809297936121816,
      0.0
     ],
     [
      -49.38226042513271,
      -20.808734115769855,
      0.0
     ],
     [
      -49.3814741355357,
      -20.80821600593629,
      0.0
     ],
     [
      -49.381319518964865,
      -20.808107654722573,
      0.0
     ],
     [
      -49.38050690183419,
      -20.807845684259437,
      0.0
     ],
     [
      -49.37971100479377,
      -20.807294852991337,
      0.0
     ],
     [
      -49.37955072919556,
      -20.80712681550625,
      0.0
     ],
     [
      -49.379449819163675,
      -20.806960472540986,
      0.0
     ]
    ],
    "type": "LineString"
   },
   "properties": {
    "id": "city-3",
    "kind": "matched",
    "lengthM": 6324.9,
    "name": "",
    "source": "city"
   },
   "type": "Feature"
  },
  {
   "geometry": {
    "coordinates": [
     [
      [
       -49.41528857842619,
       -20.864442601067214,
       0.0
      ],
      [
       -49.415326807540715,
       -20.86449135046176,
       0.0
      ],
      [
       -49.415363112621684,
       -20.864542485763735,
       0.0
      ],
      [
       -49.41538999364755,
       -20.86458169849186,
       0.0
      ],
      [
       -49.41541740261155,
       -20.864619323553107,
       0.0
      ],
      [
       -49.41544065984774,
       -20.864654929183388,
       0.0
      ],
      [
       -49.41546771403466,
       -20.864717050785394,
       0.0
      ],
      [
       -49.41547435657819,
       -20.864763562796572,
       0.0
      ],
      [
       -49.41547574194764,
       -20.86480972622183,
       0.0
      ]
     ],
     [
      [
       -49.412034181021575,
       -20.860346378511046,
       0.0
      ],
      [
       -49.41200330092912,
       -20.86057718170949,
       0.0
      ],
      [
       -49.411988822139826,
       -20.86077015072356,
       0.0
      ],
      [
       -49.41196571731877,
       -20.861117820646225,
       0.0
      ],
      [
       -49.411972289348384,
       -20.861627783381206,
       0.0
      ],
      [
       -49.412017937689896,
       -20.862136781735018,
       0.0
      ],
      [
       -49.412062858472176,
       -20.8625209075769,
       0.0
      ],
      [
       -49.412112097085135,
       -20.862722245389858,
       0.0
      ],
      [
       -49.41222793680784,
       -20.863032509989736,
       0.0
      ],
      [
       -49.41245042186032,
       -20.863475350405622,
       0.0
      ],
      [
       -49.412698508847654,
       -20.86397986007325,
       0.0
      ],
      [
       -49.412845371694765,
       -20.864319028348476,
       0.0
      ],
      [
       -49.412878208454266,
       -20.86438480275967,
       0.0
      ],
      [
       -49.41290917030236,
       -20.864444070333416,
       0.0
      ],
      [
       -49.41293656039387,
       -20.864457523676123,
       0.0
      ],
      [
       -49.41295881522219,
       -20.864448125102943,
       0.0
      ],
      [
       -49.41323627546947,
       -20.864247897818892,
       0.0
      ],
      [
       -49.41430579995781,
       -20.86359028397046,
       0.0
      ],
      [
       -49.414426947778935,
       -20.863529917635823,
       0.0
      ],
      [
       -49.41451880387125,
       -20.863500782168398,
       0.0
      ],
      [
       -49.41459546690203,
       -20.86349243037575,
       0.0
      ],
      [
       -49.414657858929054,
       -20.863489521619325,
       0.0
      ],
      [
       -49.41475515801228,
       -20.863521731189728,
       0.0
      ],
      [
       -49.41477345355842,
       -20.863552154656762,
       0.0
      ],
      [
       -49.41477616164484,
       -20.863617515936774,
       0.0
      ],
      [
       -49.414784641396885,
       -20.863670267953662,
       0.0
      ],
      [
       -49.4148390018511,
       -20.86382254276037,
       0.0
      ],
      [
       -49.4150133109319,
       -20.864062304067094,
       0.0
      ],
      [
       -49.4151514780383,
       -20.864260551749453,
       0.0
      ],
      [
       -49.41528155266587,
       -20.864434759321,
       0.0
      ],
      [
       -49.41534175264135,
       -20.864482575816435,
       0.0
      ],
      [
       -49.415390077672214,
       -20.864515006284154,
       0.0
      ],
      [
       -49.41542189117861,
       -20.864536858621644,
       0.0
      ],
      [
       -49.41550088027261,
       -20.864586197719827,
       0.0
      ],
      [
       -49.4155801018811,
       -20.864618401157493,
       0.0
      ],
      [
       -49.415637911900966,
       -20.86463723951589,
       0.0
      ]
     ],
     [
      [
       -49.41179356601034,
       -20.85951428656372,
       0.0
      ],
      [
       -49.41181150661524,
       -20.859541622173737,
       0.0
      ],
      [
       -49.41191345816486,
       -20.85956784040023,
       0.0
      ],
      [
       -49.41212094917148,
       -20.859566896715382,
       0.0
      ],
      [
       -49.41223661960031,
       -20.85954596412824,
       0.0
      ],
      [
       -49.41231005698196,
       -20.859527950333774,
       0.0
      ],
      [
       -49.41232086125373,
       -20.859512622779057,
       0.0
      ]
     ],
     [
      [
       -49.41179356601034,
       -20.85951428656372,
       0.0
      ],
      [
       -49.41179322199028,
       -20.859505775010835,
       0.0
      ]
     ],
     [
      [
       -49.41232086125373,
       -20.859512622779057,
       0.0
      ],
      [
       -49.41233717945288,
       -20.859574034548608,
       0.0
      ],
      [
       -49.41235216579875,
       -20.859652825562915,
       0.0
      ],
      [
       -49.41235149966648,
       -20.859669313988842,
       0.0
      ],
      [
       -49.41234808320438,
       -20.859786195262863,
       0.0
      ],
      [
       -49.41233150693952,
       -20.859860745064626,
       0.0
      ],
      [
       -49.412321368740685,
       -20.859894458629014,
       0.0
      ],
      [
       -49.41229957202084,
       -20.859972865042558,
       0.0
      ],
      [
       -49.412281664540465,
       -20.860024090532782,
       0.0
      ],
      [
       -49.41225824455472,
       -20.860099389817336,
       0.0
      ],
      [
       -49.41225288621636,
       -20.860119307970624,
       0.0
      ],
      [
       -49.41224179202573,
       -20.860161324095778,
       0.0
      ],
      [
       -49.412234259527686,
       -20.860196738386456,
       0.0
      ],
      [
       -49.412209225424476,
       -20.860264489004937,
       0.0
      ],
      [
       -49.41215507434395,
       -20.860318394390447,
       0.0
      ],
      [
       -49.412108019146096,
       -20.860345517151803,
       0.0
      ],
      [
       -49.41207606226474,
       -20.86034705437436,
       0.0
      ],
      [
       -49.41198457504698,
       -20.860335819108908,
       0.0
      ],
      [
       -49.41192061691881,
       -20.860304596784367,
       0.0
      ],
      [
       -49.41185315118496,
       -20.860227798359055,
       0.0
      ],
      [
       -49.41182510937717,
       -20.860094306735792,
       0.0
      ],
      [
       -49.41181734877411,
       -20.859993692622293,
       0.0
      ],
      [
       -49.41181387826776,
       -20.859865988945725,
       0.0
      ],
      [
       -49.41180443753111,
       -20.859782967632732,
       0.0
      ],
      [
       -49.41179356601034,
       -20.85951428656372,
       0.0
      ]
     ],
     [
      [
       -49.41232086125373,
       -20.859512622779057,
       0.0
      ],
      [
       -49.41232933882483,
       -20.859500596046402,
       0.0
      ],
      [
       -49.41232619384969,
       -20.859422572497987,
       0.0
      ],
      [
       -49.41231230431427,
       -20.859357211364287,
       0.0
      ],
      [
       -49.412295352418745,
       -20.859234059083345,
       0.0
      ],
      [
       -49.41226783912137,
       -20.858976896286944,
       0.0
      ],
      [
       -49.41224804903594,
       -20.85876435863723,
       0.0
      ],
      [
       -49.41224228042901,
       -20.85859994350263,
       0.0
      ],
      [
       -49.412254400668516,
       -20.858470261633094,
       0.0
      ],
      [
       -49.41227924042883,
       -20.858283326151124,
       0.0
      ],
      [
       -49.412286818576625,
       -20.85823009610525,
       0.0
      ],
      [
       -49.41227060382195,
       -20.858206621984994,
       0.0
      ]
     ],
     [
      [
       -49.412319350625744,
       -20.859506938631466,
       0.0
      ],
      [
       -49.41232086125373,
       -20.859512622779057,
       0.0
      ]
     ],
     [
      [
       -49.41227060382195,
       -20.858206621984994,
       0.0
      ],
      [
       -49.41227013996054,
       -20.85820878926108,
       0.0
      ]
     ],
     [
      [
       -49.41227060382195,
       -20.858206621984994,
       0.0
      ],
      [
       -49.41226567095562,
       -20.85819948065197,
       0.0
      ],
      [
       -49.412225050392976,
       -20.85818286033382,
       0.0
      ],
      [
       -49.412142577054084,
       -20.85815888442202,
       0.0
      ],
      [
       -49.412070069736394,
       -20.8581335095562,
       0.0
      ],
      [
       -49.411911303252445,
       -20.858110560953726,
       0.0
      ],
      [
       -49.411801617575776,
       -20.858090829103453,
       0.0
      ],
      [
       -49.411762992646445,
       -20.85808861977964,
       0.0
      ],
      [
       -49.41173724797663,
       -20.858101253170517,
       0.0
      ],
      [
       -49.41171517268468,
       -20.858124295227483,
       0.0
      ]
     ],
     [
      [
       -49.412305486576656,
       -20.857997489351952,
       0.0
      ],
      [
       -49.412295349406236,
       -20.858090980083666,
       0.0
      ],
      [
       -49.41227060382195,
       -20.858206621984994,
       0.0
      ]
     ],
     [
      [
       -49.412305486576656,
       -20.857997489351952,
       0.0
      ],
      [
       -49.41229002225658,
       -20.858010548809656,
       0.0
      ],
      [
       -49.41221394326134,
       -20.858023030595692,
       0.0
      ],
      [
       -49.41214264209913,
       -20.85801467554852,
       0.0
      ],
      [
       -49.41198538829138,
       -20.857991001236243,
       0.0
      ],
      [
       -49.411841145118515,
       -20.857946336041604,
       0.0
      ],
      [
       -49.411759251887794,
       -20.857891393238837,
       0.0
      ],
      [
       -49.41173404704609,
       -20.857809810952013,
       0.0
      ],
      [
       -49.41174243626226,
       -20.857746716089768,
       0.0
      ],
      [
       -49.41176622380362,
       -20.857648388336212,
       0.0
      ],
      [
       -49.41178557374945,
       -20.857581226361784,
       0.0
      ],
      [
       -49.41182223853059,
       -20.857466632782938,
       0.0
      ],
      [
       -49.41185586627069,
       -20.857371365526298,
       0.0
      ],
      [
       -49.41188274273072,
       -20.857271628322827,
       0.0
      ],
      [
       -49.411911568181004,
       -20.857130426071354,
       0.0
      ],
      [
       -49.411967260609785,
       -20.85689091915849,
       0.0
      ],
      [
       -49.41202719390933,
       -20.85662632031288,
       0.0
      ],
      [
       -49.412093229077136,
       -20.856326874681937,
       0.0
      ],
      [
       -49.41217311489222,
       -20.85600371798785,
       0.0
      ],
      [
       -49.41222554036263,
       -20.855782019361268,
       0.0
      ],
      [
       -49.41226110618109,
       -20.855625836541336,
       0.0
      ],
      [
       -49.41228776269191,
       -20.855550832778945,
       0.0
      ],
      [
       -49.41229664836523,
       -20.85554174289427,
       0.0
      ]
     ],
     [
      [
       -49.4123056302223,
       -20.857996164611922,
       0.0
      ],
      [
       -49.412305486576656,
       -20.857997489351952,
       0.0
      ]
     ],
     [
      [
       -49.411776264134396,
       -20.857907550691973,
       0.0
      ],
      [
       -49.41174500296163,
       -20.857957271952618,
       0.0
      ],
      [
       -49.4117137724549,
       -20.85808010541896,
       0.0
      ],
      [
       -49.411709715732606,
       -20.858111607154537,
       0.0
      ],
      [
       -49.41169618002018,
       -20.858141052592064,
       0.0
      ],
      [
       -49.41167831270787,
       -20.858185074433994,
       0.0
      ],
      [
       -49.411670169763426,
       -20.858243930490314,
       0.0
      ],
      [
       -49.41168796478414,
       -20.858392708761784,
       0.0
      ],
      [
       -49.41171875644275,
       -20.858718546139325,
       0.0
      ],
      [
       -49.41174287347827,
       -20.859119082946854,
       0.0
      ],
      [
       -49.411769172595896,
       -20.859477118062344,
       0.0
      ],
      [
       -49.41179356601034,
       -20.85951428656372,
       0.0
      ]
     ],
     [
      [
       -49.41229664836523,
       -20.85554174289427,
       0.0
      ],
      [
       -49.412295317054884,
       -20.855548456661857,
       0.0
      ]
     ],
     [
      [
       -49.41229664836523,
       -20.85554174289427,
       0.0
      ],
      [
       -49.41234122145486,
       -20.8554961457577,
       0.0
      ],
      [
       -49.412386082950114,
       -20.855475253456508,
       0.0
      ],
      [
       -49.41255828892665,
       -20.855492188060246,
       0.0
      ],
      [
       -49.41272115504716,
       -20.855539244695503,
       0.0
      ],
      [
       -49.41281254787987,
       -20.855568455503903,
       0.0
      ],
      [
       -49.412875252326835,
       -20.855624747358156,
       0.0
      ]
     ],
     [
      [
       -49.41293545780571,
       -20.85541266415079,
       0.0
      ],
      [
       -49.4128867638333,
       -20.8556255080993,
       0.0
      ],
      [
       -49.41286070991836,
       -20.85574842601495,
       0.0
      ],
      [
       -49.41281907472644,
       -20.855952250692546,
       0.0
      ],
      [
       -49.412763487309896,
       -20.856190071573227,
       0.0
      ],
      [
       -49.41273698844595,
       -20.856317546185668,
       0.0
      ],
      [
       -49.41271238038906,
       -20.85641731544994,
       0.0
      ],
      [
       -49.412697186135034,
       -20.85648606078325,
       0.0
      ],
      [
       -49.412569735610525,
       -20.85694274610973,
       0.0
      ],
      [
       -49.41248260560651,
       -20.857249453185712,
       0.0
      ],
      [
       -49.41242975135428,
       -20.857535493109665,
       0.0
      ],
      [
       -49.41238125411513,
       -20.857795443098006,
       0.0
      ],
      [
       -49.41235343089441,
       -20.857957001094196,
       0.0
      ],
      [
       -49.412305486576656,
       -20.857997489351952,
       0.0
      ]
     ],
     [
      [
       -49.41293545780571,
       -20.85541266415079,
       0.0
      ],
      [
       -49.41289235471695,
       -20.85541417140681,
       0.0
      ],
      [
       -49.412779985764466,
       -20.85540945838034,
       0.0
      ],
      [
       -49.412540365260206,
       -20.85535779397471,
       0.0
      ],
      [
       -49.412407933540614,
       -20.85532654210125,
       0.0
      ],
      [
       -49.41236210245144,
       -20.85531264671552,
       0.0
      ],
      [
       -49.41234736181859,
       -20.855285998470116,
       0.0
      ]
     ],
     [
      [
       -49.412938027160386,
       -20.85540143351412,
       0.0
      ],
      [
       -49.41293545780571,
       -20.85541266415079,
       0.0
      ]
     ],
     [
      [
       -49.41234736181859,
       -20.855285998470116,
       0.0
      ],
      [
       -49.41229664836523,
       -20.85554174289427,
       0.0
      ]
     ],
     [
      [
       -49.41234736181859,
       -20.855285998470116,
       0.0
      ],
      [
       -49.41234003773015,
       -20.8552727565262,
       0.0
      ],
      [
       -49.412338610606646,
       -20.855252895554113,
       0.0
      ],
      [
       -49.41235529476292,
       -20.855166172650918,
       0.0
      ],
      [
       -49.41237764185266,
       -20.855003116668755,
       0.0
      ],
      [
       -49.41241075161324,
       -20.854845316647168,
       0.0
      ],
      [
       -49.41242514321611,
       -20.854752780381006,
       0.0
      ],
      [
       -49.412437301108305,
       -20.85469332734653,
       0.0
      ],
      [
       -49.41245647549442,
       -20.854661311773253,
       0.0
      ]
     ],
     [
      [
       -49.41234751603953,
       -20.8552852221425,
       0.0
      ],
      [
       -49.41234736181859,
       -20.855285998470116,
       0.0
      ]
     ],
     [
      [
       -49.41245647549442,
       -20.854661311773253,
       0.0
      ],
      [
       -49.41245587898252,
       -20.854667970029286,
       0.0
      ]
     ],
     [
      [
       -49.41245647549442,
       -20.854661311773253,
       0.0
      ],
      [
       -49.4124681730205,
       -20.854641779383225,
       0.0
      ],
      [
       -49.412492124079535,
       -20.85462664869205,
       0.0
      ],
      [
       -49.4125124152667,
       -20.854622910144727,
       0.0
      ],
      [
       -49.412547205859,
       -20.85462668347195,
       0.0
      ],
      [
       -49.412646395961325,
       -20.854643499033195,
       0.0
      ],
      [
       -49.412769241991384,
       -20.854665157080927,
       0.0
      ],
      [
       -49.41286663900308,
       -20.854686362283907,
       0.0
      ],
      [
       -49.41294445305652,
       -20.854707739067372,
       0.0
      ],
      [
       -49.412968061125255,
       -20.854716775253177,
       0.0
      ],
      [
       -49.412993772302094,
       -20.854730347532996,
       0.0
      ],
      [
       -49.413015137870836,
       -20.8547413556451,
       0.0
      ],
      [
       -49.41304700174483,
       -20.85478364729514,
       0.0
      ]
     ],
     [
      [
       -49.41306393543285,
       -20.85453305717626,
       0.0
      ],
      [
       -49.413051594829874,
       -20.854754200101375,
       0.0
      ],
      [
       -49.41299465942458,
       -20.85517286859296,
       0.0
      ],
      [
       -49.41294520300805,
       -20.855412323623295,
       0.0
      ],
      [
       -49.41293545780571,
       -20.85541266415079,
       0.0
      ]
     ],
     [
      [
       -49.41247633604643,
       -20.85443949885924,
       0.0
      ],
      [
       -49.41245647549442,
       -20.854661311773253,
       0.0
      ]
     ],
     [
      [
       -49.41247633604643,
       -20.85443949885924,
       0.0
      ],
      [
       -49.412465023877765,
       -20.854428545079408,
       0.0
      ],
      [
       -49.412449633622494,
       -20.85437864659989,
       0.0
      ],
      [
       -49.41243980383973,
       -20.854234064047922,
       0.0
      ],
      [
       -49.41244509294588,
       -20.854123299272718,
       0.0
      ],
      [
       -49.41245752675286,
       -20.853992963491685,
       0.0
      ],
      [
       -49.41247495272781,
       -20.8538630064258,
       0.0
      ],
      [
       -49.41248727744278,
       -20.85380943914835,
       0.0
      ],
      [
       -49.41250074184936,
       -20.853762924718552,
       0.0
      ],
      [
       -49.412523609136244,
       -20.853710218511395,
       0.0
      ]
     ],
     [
      [
       -49.412476473255325,
       -20.85443796268181,
       0.0
      ],
      [
       -49.41247633604643,
       -20.85443949885924,
       0.0
      ]
     ],
     [
      [
       -49.412523609136244,
       -20.853710218511395,
       0.0
      ],
      [
       -49.41252555215881,
       -20.85370574070833,
       0.0
      ]
     ],
     [
      [
       -49.412523609136244,
       -20.853710218511395,
       0.0
      ],
      [
       -49.412520890703306,
       -20.853710932217023,
       0.0
      ],
      [
       -49.41232866373302,
       -20.85371156674148,
       0.0
      ],
      [
       -49.41235717305512,
       -20.85297330140262,
       0.0
      ],
      [
       -49.412382661804145,
       -20.85273894566561,
       0.0
      ],
      [
       -49.412611037767505,
       -20.85169391165618,
       0.0
      ],
      [
       -49.41260204814694,
       -20.851554873310782,
       0.0
      ],
      [
       -49.41243268894422,
       -20.85026708280074,
       0.0
      ],
      [
       -49.41243110871072,
       -20.85019734449172,
       0.0
      ],
      [
       -49.41256771978054,
       -20.85016524980669,
       0.0
      ]
     ],
     [
      [
       -49.41305967163562,
       -20.853661280612283,
       0.0
      ],
      [
       -49.413080254190966,
       -20.85371026876024,
       0.0
      ],
      [
       -49.41308574216066,
       -20.853817913159464,
       0.0
      ],
      [
       -49.41307973901891,
       -20.85414644280343,
       0.0
      ],
      [
       -49.41306490806,
       -20.854436420011154,
       0.0
      ],
      [
       -49.41306265015021,
       -20.854489135790157,
       0.0
      ],
      [
       -49.41306303561793,
       -20.854506069382804,
       0.0
      ],
      [
       -49.41305881173839,
       -20.854536874077382,
       0.0
      ],
      [
       -49.41303926127622,
       -20.85455831017225,
       0.0
      ],
      [
       -49.413000079201765,
       -20.854562480674318,
       0.0
      ],
      [
       -49.41295315589512,
       -20.854565502637808,
       0.0
      ],
      [
       -49.41270969066638,
       -20.85451494468491,
       0.0
      ],
      [
       -49.41253818111479,
       -20.854477356928157,
       0.0
      ],
      [
       -49.41248692329389,
       -20.85444975216594,
       0.0
      ],
      [
       -49.41247633604643,
       -20.85443949885924,
       0.0
      ]
     ],
     [
      [
       -49.41256771978054,
       -20.85016524980669,
       0.0
      ],
      [
       -49.41257087663691,
       -20.850164508545415,
       0.0
      ]
     ],
     [
      [
       -49.41256771978054,
       -20.85016524980669,
       0.0
      ],
      [
       -49.41256343660147,
       -20.850165448568962,
       0.0
      ],
      [
       -49.41255404669131,
       -20.850152567782633,
       0.0
      ],
      [
       -49.412540488606595,
       -20.85012883470351,
       0.0
      ],
      [
       -49.412530824278214,
       -20.850024978012026,
       0.0
      ],
      [
       -49.41249899855758,
       -20.849825119644883,
       0.0
      ],
      [
       -49.41246492886098,
       -20.84959780753836,
       0.0
      ],
      [
       -49.412425152545055,
       -20.849278146685656,
       0.0
      ],
      [
       -49.41233488800735,
       -20.848851778176293,
       0.0
      ],
      [
       -49.41219630878207,
       -20.84820660020996,
       0.0
      ],
      [
       -49.41208178415442,
       -20.847778318307387,
       0.0
      ],
      [
       -49.41201897911631,
       -20.84759019845606,
       0.0
      ],
      [
       -49.41194598263844,
       -20.847249252508043,
       0.0
      ],
      [
       -49.41185547411035,
       -20.846859519291073,
       0.0
      ],
      [
       -49.411801611188665,
       -20.846527119113837,
       0.0
      ],
      [
       -49.411761326797325,
       -20.846299515282382,
       0.0
      ],
      [
       -49.41177759147434,
       -20.84624661595794,
       0.0
      ],
      [
       -49.41184976670826,
       -20.846228112420043,
       0.0
      ],
      [
       -49.41201335261148,
       -20.846209107050196,
       0.0
      ],
      [
       -49.41239627114556,
       -20.846153245495806,
       0.0
      ],
      [
       -49.41267260047264,
       -20.846106893406667,
       0.0
      ],
      [
       -49.41272997255382,
       -20.846124550387728,
       0.0
      ],
      [
       -49.41278380586682,
       -20.846223980154488,
       0.0
      ]
     ],
     [
      [
       -49.4131576255919,
       -20.850063476289705,
       0.0
      ],
      [
       -49.41315855497646,
       -20.850063371988803,
       0.0
      ]
     ],
     [
      [
       -49.41315855497646,
       -20.850063371988803,
       0.0
      ],
      [
       -49.413137960440025,
       -20.85009205934865,
       0.0
      ],
      [
       -49.4130348233172,
       -20.850114758610143,
       0.0
      ],
      [
       -49.41274387886486,
       -20.85014454939812,
       0.0
      ],
      [
       -49.41259973254828,
       -20.85016376708938,
       0.0
      ],
      [
       -49.41256771978054,
       -20.85016524980669,
       0.0
      ]
     ],
     [
      [
       -49.41315855497646,
       -20.850063371988803,
       0.0
      ],
      [
       -49.41330741678257,
       -20.85004670242633,
       0.0
      ],
      [
       -49.413440142321534,
       -20.851012171735995,
       0.0
      ],
      [
       -49.41351474660947,
       -20.85169568737428,
       0.0
      ],
      [
       -49.413319641784916,
       -20.852644193601943,
       0.0
      ],
      [
       -49.4132870453454,
       -20.852775746387387,
       0.0
      ],
      [
       -49.413238296337276,
       -20.853698155097646,
       0.0
      ],
      [
       -49.41304985020594,
       -20.853656715419167,
       0.0
      ],
      [
       -49.412987410595356,
       -20.85362223406083,
       0.0
      ],
      [
       -49.412933188177355,
       -20.853624958019005,
       0.0
      ],
      [
       -49.412690318998976,
       -20.85366645844023,
       0.0
      ],
      [
       -49.412523609136244,
       -20.853710218511395,
       0.0
      ]
     ],
     [
      [
       -49.41252627452774,
       -20.849992886934114,
       0.0
      ],
      [
       -49.412721931922896,
       -20.849830350956644,
       0.0
      ],
      [
       -49.412786702592214,
       -20.84973207763067,
       0.0
      ],
      [
       -49.41287114399317,
       -20.849595703013755,
       0.0
      ],
      [
       -49.41293281121083,
       -20.849447443628662,
       0.0
      ],
      [
       -49.41297040801434,
       -20.849290500597085,
       0.0
      ],
      [
       -49.41296837068778,
       -20.849166749421023,
       0.0
      ],
      [
       -49.412955273202684,
       -20.84906677228346,
       0.0
      ],
      [
       -49.412935948081234,
       -20.848972720107703,
       0.0
      ],
      [
       -49.41285233434147,
       -20.848802522798465,
       0.0
      ],
      [
       -49.41274647513293,
       -20.848609384466307,
       0.0
      ],
      [
       -49.412611751679925,
       -20.848456030789702,
       0.0
      ],
      [
       -49.41251164038275,
       -20.84837536382235,
       0.0
      ],
      [
       -49.41241811723551,
       -20.848307724146654,
       0.0
      ]
     ],
     [
      [
       -49.413112524330046,
       -20.849458961036333,
       0.0
      ],
      [
       -49.41304747909022,
       -20.84939197674825,
       0.0
      ],
      [
       -49.413027455720986,
       -20.84936264913505,
       0.0
      ],
      [
       -49.41298616870309,
       -20.849291598788767,
       0.0
      ],
      [
       -49.412975474574914,
       -20.8492126894856,
       0.0
      ],
      [
       -49.41296349671613,
       -20.8490788066644,
       0.0
      ],
      [
       -49.413007231986185,
       -20.848973620241335,
       0.0
      ],
      [
       -49.41305916407374,
       -20.848868623595568,
       0.0
      ]
     ],
     [
      [
       -49.41227582409944,
       -20.848521924229832,
       0.0
      ],
      [
       -49.412401856389415,
       -20.84832444648724,
       0.0
      ],
      [
       -49.41241811723551,
       -20.848307724146654,
       0.0
      ]
     ],
     [
      [
       -49.41301675130357,
       -20.848341583886018,
       0.0
      ],
      [
       -49.41301873793525,
       -20.848343658256898,
       0.0
      ]
     ],
     [
      [
       -49.41301675130357,
       -20.848341583886018,
       0.0
      ],
      [
       -49.41305433087605,
       -20.84877165794756,
       0.0
      ],
      [
       -49.413074924804604,
       -20.849137133494015,
       0.0
      ],
      [
       -49.41310109101099,
       -20.849301185929583,
       0.0
      ],
      [
       -49.41311487795699,
       -20.849489812268953,
       0.0
      ],
      [
       -49.4131444468402,
       -20.849710131535485,
       0.0
      ],
      [
       -49.41315217660046,
       -20.849940012367856,
       0.0
      ],
      [
       -49.41315084736494,
       -20.84998281742694,
       0.0
      ],
      [
       -49.413160639974926,
       -20.85006046816959,
       0.0
      ],
      [
       -49.41315855497646,
       -20.850063371988803,
       0.0
      ]
     ],
     [
      [
       -49.41241811723551,
       -20.848307724146654,
       0.0
      ],
      [
       -49.412415833096624,
       -20.848306071571173,
       0.0
      ]
     ],
     [
      [
       -49.41241811723551,
       -20.848307724146654,
       0.0
      ],
      [
       -49.41251762317351,
       -20.848205392753542,
       0.0
      ],
      [
       -49.41260197855795,
       -20.848143459133574,
       0.0
      ],
      [
       -49.412631260806265,
       -20.848123386033656,
       0.0
      ],
      [
       -49.412713260026734,
       -20.84810164632794,
       0.0
      ],
      [
       -49.41280811163318,
       -20.8481299504298,
       0.0
      ],
      [
       -49.412817746173474,
       -20.848133060444567,
       0.0
      ],
      [
       -49.412875632130984,
       -20.848196707507324,
       0.0
      ],
      [
       -49.412950992962934,
       -20.848272912796503,
       0.0
      ],
      [
       -49.41301675130357,
       -20.848341583886018,
       0.0
      ]
     ],
     [
      [
       -49.41278380586682,
       -20.846223980154488,
       0.0
      ],
      [
       -49.41278460996749,
       -20.846225465440344,
       0.0
      ]
     ],
     [
      [
       -49.41278380586682,
       -20.846223980154488,
       0.0
      ],
      [
       -49.41278656575569,
       -20.846277655746952,
       0.0
      ],
      [
       -49.41285091417295,
       -20.84688411014942,
       0.0
      ],
      [
       -49.41299266496991,
       -20.848065929222084,
       0.0
      ],
      [
       -49.41301675130357,
       -20.848341583886018,
       0.0
      ]
     ],
     [
      [
       -49.412770355785874,
       -20.84596242188332,
       0.0
      ],
      [
       -49.41278380586682,
       -20.846223980154488,
       0.0
      ]
     ],
     [
      [
       -49.412770355785874,
       -20.84596242188332,
       0.0
      ],
      [
       -49.41276255292383,
       -20.84598358842678,
       0.0
      ],
      [
       -49.41268775930996,
       -20.845992018650534,
       0.0
      ],
      [
       -49.41205980821249,
       -20.846087964513647,
       0.0
      ],
      [
       -49.4117512932223,
       -20.846120027352534,
       0.0
      ],
      [
       -49.411716388326774,
       -20.84610206445896,
       0.0
      ],
      [
       -49.411692847924314,
       -20.84602016067204,
       0.0
      ],
      [
       -49.411644196798626,
       -20.845580458225484,
       0.0
      ],
      [
       -49.411606379701155,
       -20.84521835751521,
       0.0
      ],
      [
       -49.4115435099309,
       -20.844985643623406,
       0.0
      ],
      [
       -49.41143273135199,
       -20.844513921127465,
       0.0
      ],
      [
       -49.4112059690597,
       -20.843673596776227,
       0.0
      ],
      [
       -49.41107816616323,
       -20.84321940135322,
       0.0
      ],
      [
       -49.41105746256747,
       -20.843119699503326,
       0.0
      ],
      [
       -49.41105147612505,
       -20.843092784635402,
       0.0
      ],
      [
       -49.41104918439006,
       -20.843058184273794,
       0.0
      ],
      [
       -49.41108354038626,
       -20.84304808866055,
       0.0
      ],
      [
       -49.411182091039436,
       -20.84302393767501,
       0.0
      ],
      [
       -49.411449674678025,
       -20.842959883235558,
       0.0
      ],
      [
       -49.41164742745357,
       -20.842915315719846,
       0.0
      ],
      [
       -49.41186053967059,
       -20.842864864355917,
       0.0
      ],
      [
       -49.41192108795151,
       -20.842860383510768,
       0.0
      ],
      [
       -49.411947301514694,
       -20.842888063148123,
       0.0
      ]
     ],
     [
      [
       -49.412770113146486,
       -20.84595770430117,
       0.0
      ],
      [
       -49.412770355785874,
       -20.84596242188332,
       0.0
      ]
     ],
     [
      [
       -49.411960999646496,
       -20.84292329501435,
       0.0
      ],
      [
       -49.41216328598035,
       -20.8435726573359,
       0.0
      ],
      [
       -49.4122993569195,
       -20.844006283392808,
       0.0
      ],
      [
       -49.41245687977278,
       -20.844563798114603,
       0.0
      ],
      [
       -49.41257592785661,
       -20.844985842791193,
       0.0
      ],
      [
       -49.41267425119523,
       -20.84530134194404,
       0.0
      ],
      [
       -49.41271530438928,
       -20.845467589305514,
       0.0
      ],
      [
       -49.412743407058464,
       -20.845610667488817,
       0.0
      ],
      [
       -49.41276719676923,
       -20.84574021821124,
       0.0
      ],
      [
       -49.41278231376933,
       -20.84592998428184,
       0.0
      ],
      [
       -49.412770355785874,
       -20.84596242188332,
       0.0
      ]
     ],
     [
      [
       -49.41099754151155,
       -20.842909491032085,
       0.0
      ],
      [
       -49.41105044960075,
       -20.84310571426964,
       0.0
      ]
     ],
     [
      [
       -49.41099754151155,
       -20.842909491032085,
       0.0
      ],
      [
       -49.41100856568804,
       -20.842923900106967,
       0.0
      ],
      [
       -49.4110314086604,
       -20.8429316746532,
       0.0
      ],
      [
       -49.4111282761061,
       -20.842922771479486,
       0.0
      ],
      [
       -49.41136006424692,
       -20.842866976540606,
       0.0
      ],
      [
       -49.411662926220714,
       -20.842802961747168,
       0.0
      ],
      [
       -49.411791890352184,
       -20.842775813416424,
       0.0
      ],
      [
       -49.41184652227262,
       -20.842755762294427,
       0.0
      ],
      [
       -49.41188636457167,
       -20.842720157936533,
       0.0
      ]
     ],
     [
      [
       -49.41099718081665,
       -20.842908151674724,
       0.0
      ],
      [
       -49.41099754151155,
       -20.842909491032085,
       0.0
      ]
     ],
     [
      [
       -49.411947301514694,
       -20.842888063148123,
       0.0
      ],
      [
       -49.411949751620035,
       -20.842890649491864,
       0.0
      ]
     ],
     [
      [
       -49.411947301514694,
       -20.842888063148123,
       0.0
      ],
      [
       -49.411959999038935,
       -20.84292304816239,
       0.0
      ]
     ],
     [
      [
       -49.41188636457167,
       -20.842720157936533,
       0.0
      ],
      [
       -49.411947301514694,
       -20.842888063148123,
       0.0
      ]
     ],
     [
      [
       -49.41188636457167,
       -20.842720157936533,
       0.0
      ],
      [
       -49.41188654693136,
       -20.842719995223284,
       0.0
      ],
      [
       -49.41187977318779,
       -20.842695752323696,
       0.0
      ],
      [
       -49.41184513646532,
       -20.842616776291383,
       0.0
      ],
      [
       -49.411778683699595,
       -20.84246529736704,
       0.0
      ],
      [
       -49.4117543729303,
       -20.84242588947833,
       0.0
      ]
     ],
     [
      [
       -49.411884496753096,
       -20.842715010658228,
       0.0
      ],
      [
       -49.41188636457167,
       -20.842720157936533,
       0.0
      ]
     ],
     [
      [
       -49.410879951229816,
       -20.84246912704163,
       0.0
      ],
      [
       -49.41091968213273,
       -20.842695356476096,
       0.0
      ]
     ],
     [
      [
       -49.410879951229816,
       -20.84246912704163,
       0.0
      ],
      [
       -49.41087951447444,
       -20.84246880863345,
       0.0
      ],
      [
       -49.410847696811786,
       -20.842356327340813,
       0.0
      ],
      [
       -49.41080705935852,
       -20.842193478170135,
       0.0
      ],
      [
       -49.410715068252465,
       -20.841984210475346,
       0.0
      ],
      [
       -49.41049138512964,
       -20.841597768214545,
       0.0
      ],
      [
       -49.41007729499449,
       -20.840966795427903,
       0.0
      ],
      [
       -49.409550890598325,
       -20.84010719370185,
       0.0
      ],
      [
       -49.40930585253907,
       -20.839688264461657,
       0.0
      ],
      [
       -49.40883446626065,
       -20.838887656391037,
       0.0
      ],
      [
       -49.4087839741547,
       -20.838815643482164,
       0.0
      ],
      [
       -49.40876493920655,
       -20.8387709176178,
       0.0
      ],
      [
       -49.408780617305595,
       -20.838732505060218,
       0.0
      ],
      [
       -49.40888779121549,
       -20.838661373295828,
       0.0
      ],
      [
       -49.40910985566291,
       -20.838552478499583,
       0.0
      ],
      [
       -49.409423239642855,
       -20.838411950753216,
       0.0
      ]
     ],
     [
      [
       -49.41087793290058,
       -20.842457635243047,
       0.0
      ],
      [
       -49.410879951229816,
       -20.84246912704163,
       0.0
      ]
     ],
     [
      [
       -49.4117543729303,
       -20.84242588947833,
       0.0
      ],
      [
       -49.411760593726335,
       -20.84244037229557,
       0.0
      ]
     ],
     [
      [
       -49.4117543729303,
       -20.84242588947833,
       0.0
      ],
      [
       -49.411750791989654,
       -20.84242008405035,
       0.0
      ],
      [
       -49.41170609376989,
       -20.842405374462665,
       0.0
      ],
      [
       -49.41164274084593,
       -20.842413418121662,
       0.0
      ],
      [
       -49.41140555002949,
       -20.8424773835901,
       0.0
      ],
      [
       -49.41125746514651,
       -20.842520707066726,
       0.0
      ],
      [
       -49.411040332896,
       -20.842585793028896,
       0.0
      ],
      [
       -49.41096477741954,
       -20.84260983302429,
       0.0
      ],
      [
       -49.41092448787569,
       -20.8426461014646,
       0.0
      ],
      [
       -49.41092016698448,
       -20.842671418472797,
       0.0
      ],
      [
       -49.41092572932028,
       -20.842713737341903,
       0.0
      ],
      [
       -49.41095671028123,
       -20.84282043954655,
       0.0
      ],
      [
       -49.41098639886537,
       -20.842894925486263,
       0.0
      ],
      [
       -49.41099754151155,
       -20.842909491032085,
       0.0
      ]
     ],
     [
      [
       -49.411671360420364,
       -20.842232613867665,
       0.0
      ],
      [
       -49.4117543729303,
       -20.84242588947833,
       0.0
      ]
     ],
     [
      [
       -49.411671360420364,
       -20.842232613867665,
       0.0
      ],
      [
       -49.41164192778784,
       -20.842292572496543,
       0.0
      ],
      [
       -49.41159655338751,
       -20.842312813307007,
       0.0
      ],
      [
       -49.411408513383755,
       -20.842369553719557,
       0.0
      ],
      [
       -49.41122362874647,
       -20.84242017519198,
       0.0
      ],
      [
       -49.41101459126017,
       -20.84248097047892,
       0.0
      ],
      [
       -49.410924976266145,
       -20.842501939701712,
       0.0
      ],
      [
       -49.410879951229816,
       -20.84246912704163,
       0.0
      ]
     ],
     [
      [
       -49.41166844981708,
       -20.842225838165817,
       0.0
      ],
      [
       -49.411671360420364,
       -20.842232613867665,
       0.0
      ]
     ],
     [
      [
       -49.408655360893874,
       -20.838581747988528,
       0.0
      ],
      [
       -49.40877398100322,
       -20.838792506954203,
       0.0
      ]
     ],
     [
      [
       -49.40931314703492,
       -20.838216524852484,
       0.0
      ],
      [
       -49.40974301199066,
       -20.83890161892896,
       0.0
      ],
      [
       -49.41008741821711,
       -20.83944340107826,
       0.0
      ],
      [
       -49.41026636311194,
       -20.83974263475603,
       0.0
      ],
      [
       -49.410564921906676,
       -20.84026078876,
       0.0
      ],
      [
       -49.410842147057096,
       -20.840743312539157,
       0.0
      ],
      [
       -49.410932613980094,
       -20.840951640116437,
       0.0
      ],
      [
       -49.4112187982605,
       -20.84143762402587,
       0.0
      ],
      [
       -49.41143847828441,
       -20.841818182009973,
       0.0
      ],
      [
       -49.411672992347015,
       -20.842229289427024,
       0.0
      ],
      [
       -49.411671360420364,
       -20.842232613867665,
       0.0
      ]
     ],
     [
      [
       -49.40931314703492,
       -20.838216524852484,
       0.0
      ],
      [
       -49.409305547089765,
       -20.83818171348476,
       0.0
      ],
      [
       -49.40904471328585,
       -20.837737489774852,
       0.0
      ],
      [
       -49.4088821498555,
       -20.83740757506734,
       0.0
      ],
      [
       -49.40867635483112,
       -20.83708610663193,
       0.0
      ],
      [
       -49.40853579960183,
       -20.8368222029717,
       0.0
      ],
      [
       -49.408406004031676,
       -20.836602235501097,
       0.0
      ],
      [
       -49.40830463624617,
       -20.83640283602442,
       0.0
      ],
      [
       -49.40827113378312,
       -20.836334351158303,
       0.0
      ],
      [
       -49.40825376371942,
       -20.836320218101623,
       0.0
      ]
     ],
     [
      [
       -49.40930496281707,
       -20.838203481686847,
       0.0
      ],
      [
       -49.40931314703492,
       -20.838216524852484,
       0.0
      ]
     ],
     [
      [
       -49.40739750193295,
       -20.83659588001796,
       0.0
      ],
      [
       -49.40780056155026,
       -20.837266819816016,
       0.0
      ],
      [
       -49.40805299697262,
       -20.837723160154685,
       0.0
      ],
      [
       -49.408495737516745,
       -20.83840650680536,
       0.0
      ],
      [
       -49.40859164273121,
       -20.838561612660904,
       0.0
      ],
      [
       -49.40862800835075,
       -20.83857067750814,
       0.0
      ],
      [
       -49.40865236509543,
       -20.838578159268305,
       0.0
      ],
      [
       -49.40868806545212,
       -20.838569066612713,
       0.0
      ],
      [
       -49.40876054417252,
       -20.83853599103151,
       0.0
      ],
      [
       -49.408927815370966,
       -20.838452003232025,
       0.0
      ],
      [
       -49.40921086490348,
       -20.838293566701132,
       0.0
      ],
      [
       -49.409297196201166,
       -20.838243785258424,
       0.0
      ],
      [
       -49.4093134082944,
       -20.838217723274585,
       0.0
      ],
      [
       -49.40931314703492,
       -20.838216524852484,
       0.0
      ]
     ],
     [
      [
       -49.40739750193295,
       -20.83659588001796,
       0.0
      ],
      [
       -49.40739634254906,
       -20.83659538596271,
       0.0
      ],
      [
       -49.40733516307682,
       -20.836523280550256,
       0.0
      ],
      [
       -49.40723197105039,
       -20.83635384473408,
       0.0
      ],
      [
       -49.407136690967185,
       -20.83620204477648,
       0.0
      ],
      [
       -49.407001682208275,
       -20.83595633928956,
       0.0
      ],
      [
       -49.40679416194805,
       -20.835608996207483,
       0.0
      ],
      [
       -49.40663540157772,
       -20.835305406171656,
       0.0
      ],
      [
       -49.406632611277075,
       -20.835300744382238,
       0.0
      ],
      [
       -49.406590411868116,
       -20.835179413640997,
       0.0
      ],
      [
       -49.40659256324386,
       -20.83516206733447,
       0.0
      ]
     ],
     [
      [
       -49.407397360276704,
       -20.836595644741156,
       0.0
      ],
      [
       -49.40739750193295,
       -20.83659588001796,
       0.0
      ]
     ],
     [
      [
       -49.40825376371942,
       -20.836320218101623,
       0.0
      ],
      [
       -49.40825426707214,
       -20.836321237207233,
       0.0
      ]
     ],
     [
      [
       -49.40825376371942,
       -20.836320218101623,
       0.0
      ],
      [
       -49.40823280476109,
       -20.83630316378002,
       0.0
      ],
      [
       -49.40815867541429,
       -20.836337142535623,
       0.0
      ],
      [
       -49.408030794625525,
       -20.836412980195863,
       0.0
      ],
      [
       -49.407833827300124,
       -20.836516909320093,
       0.0
      ],
      [
       -49.40760390447061,
       -20.83663591899166,
       0.0
      ],
      [
       -49.40754767463674,
       -20.836662806590997,
       0.0
      ],
      [
       -49.40751322267274,
       -20.836685162337165,
       0.0
      ],
      [
       -49.407494250427256,
       -20.836715372726122,
       0.0
      ],
      [
       -49.407486917039776,
       -20.836741220789484,
       0.0
      ]
     ],
     [
      [
       -49.408203638164785,
       -20.836218652744872,
       0.0
      ],
      [
       -49.40825376371942,
       -20.836320218101623,
       0.0
      ]
     ],
     [
      [
       -49.408203638164785,
       -20.836218652744872,
       0.0
      ],
      [
       -49.40819636536376,
       -20.836238113132403,
       0.0
      ],
      [
       -49.40811896769136,
       -20.836283554440296,
       0.0
      ],
      [
       -49.407924075562896,
       -20.83638789862161,
       0.0
      ],
      [
       -49.40772754000502,
       -20.836491701556447,
       0.0
      ],
      [
       -49.407507819326426,
       -20.83660280161455,
       0.0
      ],
      [
       -49.40744283924558,
       -20.83661521433465,
       0.0
      ],
      [
       -49.40739750193295,
       -20.83659588001796,
       0.0
      ]
     ],
     [
      [
       -49.40820263618859,
       -20.836216621803928,
       0.0
      ],
      [
       -49.408203638164785,
       -20.836218652744872,
       0.0
      ]
     ],
     [
      [
       -49.40659256324386,
       -20.83516206733447,
       0.0
      ],
      [
       -49.406594155401145,
       -20.835165445202627,
       0.0
      ]
     ],
     [
      [
       -49.40659256324386,
       -20.83516206733447,
       0.0
      ],
      [
       -49.406599347168275,
       -20.83510735946284,
       0.0
      ],
      [
       -49.40663854789815,
       -20.83507282072081,
       0.0
      ],
      [
       -49.406708268983934,
       -20.835031852365788,
       0.0
      ],
      [
       -49.406775538726635,
       -20.834996558418233,
       0.0
      ],
      [
       -49.406862778232274,
       -20.834948467651103,
       0.0
      ],
      [
       -49.40698503935965,
       -20.834890506743264,
       0.0
      ],
      [
       -49.40711854168923,
       -20.834829335987873,
       0.0
      ],
      [
       -49.40714136798605,
       -20.8348339022351,
       0.0
      ],
      [
       -49.4071831452535,
       -20.834860495087998,
       0.0
      ]
     ],
     [
      [
       -49.40652715586997,
       -20.835023322408396,
       0.0
      ],
      [
       -49.40659256324386,
       -20.83516206733447,
       0.0
      ]
     ],
     [
      [
       -49.4071831452535,
       -20.834860495087998,
       0.0
      ],
      [
       -49.40718786130086,
       -20.834863497309986,
       0.0
      ]
     ],
     [
      [
       -49.4071831452535,
       -20.834860495087998,
       0.0
      ],
      [
       -49.40720068889297,
       -20.83489116692932,
       0.0
      ],
      [
       -49.407271861792175,
       -20.83498362764264,
       0.0
      ],
      [
       -49.407381152441545,
       -20.83511024042269,
       0.0
      ],
      [
       -49.40751006762824,
       -20.835223827234593,
       0.0
      ],
      [
       -49.40766885401038,
       -20.835382954272553,
       0.0
      ],
      [
       -49.40780400839577,
       -20.835517388787363,
       0.0
      ],
      [
       -49.407933826229794,
       -20.835713785617912,
       0.0
      ],
      [
       -49.40801385316064,
       -20.835860639556483,
       0.0
      ],
      [
       -49.40814563869868,
       -20.83607912716021,
       0.0
      ],
      [
       -49.40820723697227,
       -20.83620902518009,
       0.0
      ],
      [
       -49.408203638164785,
       -20.836218652744872,
       0.0
      ]
     ],
     [
      [
       -49.407085485384854,
       -20.83468975658657,
       0.0
      ],
      [
       -49.4071831452535,
       -20.834860495087998,
       0.0
      ]
     ],
     [
      [
       -49.407085485384854,
       -20.83468975658657,
       0.0
      ],
      [
       -49.407079307479016,
       -20.834641310109873,
       0.0
      ],
      [
       -49.4070281260387,
       -20.83454752848905,
       0.0
      ],
      [
       -49.406944760307226,
       -20.834389848441077,
       0.0
      ],
      [
       -49.4068710266233,
       -20.83429689226502,
       0.0
      ],
      [
       -49.40673591875008,
       -20.83412160128904,
       0.0
      ],
      [
       -49.406608281653945,
       -20.833949251359677,
       0.0
      ],
      [
       -49.406506297765524,
       -20.833786127092104,
       0.0
      ],
      [
       -49.40640643622041,
       -20.833624136308384,
       0.0
      ],
      [
       -49.40629922807544,
       -20.83342563993026,
       0.0
      ],
      [
       -49.406255569470005,
       -20.833321412554163,
       0.0
      ],
      [
       -49.406089700989305,
       -20.832897427514805,
       0.0
      ],
      [
       -49.40608960323924,
       -20.83289740311905,
       0.0
      ]
     ],
     [
      [
       -49.40708197646558,
       -20.834683622937334,
       0.0
      ],
      [
       -49.407085485384854,
       -20.83468975658657,
       0.0
      ]
     ],
     [
      [
       -49.40552600831551,
       -20.83294217908796,
       0.0
      ],
      [
       -49.40566991353601,
       -20.833237534369772,
       0.0
      ],
      [
       -49.405784352672505,
       -20.833532712007308,
       0.0
      ],
      [
       -49.40589152322182,
       -20.833766388097757,
       0.0
      ],
      [
       -49.40591978495798,
       -20.83382561525126,
       0.0
      ],
      [
       -49.40597512699601,
       -20.833938011733583,
       0.0
      ],
      [
       -49.406115702741836,
       -20.834161339362115,
       0.0
      ],
      [
       -49.406214731194616,
       -20.834370797416142,
       0.0
      ],
      [
       -49.40632369015082,
       -20.834611774291293,
       0.0
      ],
      [
       -49.406426939881754,
       -20.83486225421737,
       0.0
      ],
      [
       -49.406525340282265,
       -20.835021088773885,
       0.0
      ],
      [
       -49.406606127051795,
       -20.83499113368559,
       0.0
      ],
      [
       -49.40670524153687,
       -20.834943993542478,
       0.0
      ],
      [
       -49.40685039442722,
       -20.834856530945245,
       0.0
      ],
      [
       -49.407089121062974,
       -20.834718272967304,
       0.0
      ],
      [
       -49.407085485384854,
       -20.83468975658657,
       0.0
      ]
     ],
     [
      [
       -49.40608960323924,
       -20.83289740311905,
       0.0
      ],
      [
       -49.406062368181736,
       -20.832888339654673,
       0.0
      ],
      [
       -49.406026374079744,
       -20.83289496845782,
       0.0
      ],
      [
       -49.40595957740213,
       -20.832917256954588,
       0.0
      ],
      [
       -49.40588614574848,
       -20.832941305681977,
       0.0
      ],
      [
       -49.405813236931344,
       -20.832967164977322,
       0.0
      ],
      [
       -49.405730293942106,
       -20.83299959194181,
       0.0
      ],
      [
       -49.40566950977304,
       -20.833023928090775,
       0.0
      ],
      [
       -49.40563365275965,
       -20.833040620159142,
       0.0
      ],
      [
       -49.40561387072405,
       -20.833054308334447,
       0.0
      ],
      [
       -49.40560457858994,
       -20.83306897396579,
       0.0
      ],
      [
       -49.40560033005724,
       -20.83308992756914,
       0.0
      ]
     ],
     [
      [
       -49.40604920902248,
       -20.83273146237202,
       0.0
      ],
      [
       -49.40608960323924,
       -20.83289740311905,
       0.0
      ]
     ],
     [
      [
       -49.40604920902248,
       -20.83273146237202,
       0.0
      ],
      [
       -49.406036742049324,
       -20.832761942717728,
       0.0
      ],
      [
       -49.40596649443424,
       -20.832797886211175,
       0.0
      ],
      [
       -49.40581466175043,
       -20.832857022038247,
       0.0
      ],
      [
       -49.405696691435054,
       -20.832900539198278,
       0.0
      ],
      [
       -49.405585962366985,
       -20.832934991105745,
       0.0
      ],
      [
       -49.40554379499788,
       -20.832945795307705,
       0.0
      ],
      [
       -49.40550336114766,
       -20.83293486912239,
       0.0
      ],
      [
       -49.405450067090214,
       -20.832845217285083,
       0.0
      ],
      [
       -49.40541318259953,
       -20.8327072894102,
       0.0
      ],
      [
       -49.40531699011602,
       -20.832400994438558,
       0.0
      ],
      [
       -49.405151199871284,
       -20.831935247116505,
       0.0
      ],
      [
       -49.40502447155763,
       -20.831539844368027,
       0.0
      ],
      [
       -49.404921044652845,
       -20.831167569369157,
       0.0
      ],
      [
       -49.40492240823478,
       -20.831163541516453,
       0.0
      ]
     ],
     [
      [
       -49.40604914269092,
       -20.832731191662337,
       0.0
      ],
      [
       -49.40604920902248,
       -20.83273146237202,
       0.0
      ]
     ],
     [
      [
       -49.40492240823478,
       -20.831163541516453,
       0.0
      ],
      [
       -49.40492273813005,
       -20.831164696319917,
       0.0
      ]
     ],
     [
      [
       -49.40492240823478,
       -20.831163541516453,
       0.0
      ],
      [
       -49.40493277236037,
       -20.831132935083062,
       0.0
      ],
      [
       -49.40495648852152,
       -20.831123198584745,
       0.0
      ],
      [
       -49.4049967787986,
       -20.831107567752575,
       0.0
      ],
      [
       -49.40505774278342,
       -20.831081418706177,
       0.0
      ],
      [
       -49.40514162367785,
       -20.831052173199208,
       0.0
      ],
      [
       -49.40528154931586,
       -20.831005960138828,
       0.0
      ]
     ],
     [
      [
       -49.40484148150676,
       -20.830848114075874,
       0.0
      ],
      [
       -49.40484093898445,
       -20.830855286800496,
       0.0
      ],
      [
       -49.404841581305824,
       -20.830880143096227,
       0.0
      ],
      [
       -49.40492240823478,
       -20.831163541516453,
       0.0
      ]
     ],
     [
      [
       -49.40484148150676,
       -20.830848114075874,
       0.0
      ],
      [
       -49.40486050896141,
       -20.830882596584335,
       0.0
      ],
      [
       -49.40518654635248,
       -20.830758799347596,
       0.0
      ],
      [
       -49.40505458330639,
       -20.830374873348816,
       0.0
      ],
      [
       -49.40493458529439,
       -20.8300801521529,
       0.0
      ],
      [
       -49.40487057342137,
       -20.82976864812333,
       0.0
      ],
      [
       -49.40480592446358,
       -20.829270624347135,
       0.0
      ],
      [
       -49.404721245373516,
       -20.828820410136544,
       0.0
      ],
      [
       -49.40455626032001,
       -20.82817727327681,
       0.0
      ],
      [
       -49.40440067945177,
       -20.827663880924923,
       0.0
      ],
      [
       -49.404222381373934,
       -20.82714279832695,
       0.0
      ],
      [
       -49.40405829842557,
       -20.826697423295197,
       0.0
      ],
      [
       -49.40385703134598,
       -20.826758431494117,
       0.0
      ],
      [
       -49.40390481226031,
       -20.826954309702824,
       0.0
      ],
      [
       -49.4039912243268,
       -20.827358124191417,
       0.0
      ],
      [
       -49.404043332130094,
       -20.827589835797976,
       0.0
      ],
      [
       -49.4041318437095,
       -20.827978195018357,
       0.0
      ],
      [
       -49.40421094303398,
       -20.828306864628676,
       0.0
      ],
      [
       -49.40431885077334,
       -20.828738518938657,
       0.0
      ],
      [
       -49.40438855034259,
       -20.829053846542408,
       0.0
      ],
      [
       -49.4044777989345,
       -20.829396101641464,
       0.0
      ],
      [
       -49.40457602420205,
       -20.82979415160847,
       0.0
      ],
      [
       -49.40460108215893,
       -20.82998062770657,
       0.0
      ],
      [
       -49.40469832392262,
       -20.83036455951436,
       0.0
      ],
      [
       -49.40479476666089,
       -20.830763453647382,
       0.0
      ],
      [
       -49.40484148150676,
       -20.830848114075874,
       0.0
      ]
     ],
     [
      [
       -49.404841598682886,
       -20.830846567780736,
       0.0
      ],
      [
       -49.40484148150676,
       -20.830848114075874,
       0.0
      ]
     ],
     [
      [
       -49.405184267610316,
       -20.830749823530613,
       0.0
      ],
      [
       -49.405342719327265,
       -20.83114756204533,
       0.0
      ],
      [
       -49.405575708192345,
       -20.831703632406768,
       0.0
      ],
      [
       -49.40571750404847,
       -20.831997836138243,
       0.0
      ],
      [
       -49.40580453657601,
       -20.83216256507737,
       0.0
      ],
      [
       -49.40589507037842,
       -20.832344657647013,
       0.0
      ],
      [
       -49.405957023013244,
       -20.832478735681992,
       0.0
      ],
      [
       -49.40604842786922,
       -20.832694128132694,
       0.0
      ],
      [
       -49.40605080772125,
       -20.832727552322535,
       0.0
      ],
      [
       -49.40604920902248,
       -20.83273146237202,
       0.0
      ]
     ],
     [
      [
       -49.40380895278018,
       -20.82662974030498,
       0.0
      ],
      [
       -49.40367346987875,
       -20.826247098620538,
       0.0
      ],
      [
       -49.403614907252845,
       -20.826101543213028,
       0.0
      ],
      [
       -49.40352603170953,
       -20.82591948228505,
       0.0
      ],
      [
       -49.403430679977625,
       -20.82576564210671,
       0.0
      ],
      [
       -49.40333160630542,
       -20.825604142286835,
       0.0
      ],
      [
       -49.40322836160793,
       -20.82539063378515,
       0.0
      ],
      [
       -49.403031633730926,
       -20.82504500904283,
       0.0
      ],
      [
       -49.40268774250491,
       -20.824497249824663,
       0.0
      ],
      [
       -49.40261907819975,
       -20.824403398119458,
       0.0
      ],
      [
       -49.402476398658656,
       -20.82424098015267,
       0.0
      ],
      [
       -49.40256527365753,
       -20.82425041270532,
       0.0
      ],
      [
       -49.403315862008064,
       -20.82537130323275,
       0.0
      ],
      [
       -49.40358409494831,
       -20.82568520802176,
       0.0
      ],
      [
       -49.40378254067727,
       -20.826121204559588,
       0.0
      ],
      [
       -49.40401551696226,
       -20.826552653621548,
       0.0
      ],
      [
       -49.404002067441866,
       -20.826576241906245,
       0.0
      ],
      [
       -49.40398474038294,
       -20.826597148120705,
       0.0
      ],
      [
       -49.40396405818005,
       -20.826614741962185,
       0.0
      ],
      [
       -49.40394064438221,
       -20.826628492992853,
       0.0
      ],
      [
       -49.403915204893444,
       -20.826637986632054,
       0.0
      ],
      [
       -49.403888506690464,
       -20.82664293665548,
       0.0
      ],
      [
       -49.403861354699046,
       -20.826643193824555,
       0.0
      ],
      [
       -49.40383456752624,
       -20.826638750385886,
       0.0
      ],
      [
       -49.40380895278018,
       -20.82662974030498,
       0.0
      ]
     ]
    ],
    "type": "MultiLineString"
   },
   "properties": {
    "id": "city-4",
    "kind": "matched",
    "lengthM": 11821.5,
    "name": "",
    "source": "city"
   },
   "type": "Feature"
  },
  {
   "geometry": {
    "coordinates": [
     [
      -49.37722944369684,
      -20.804061773490997,
      0.0
     ],
     [
      -49.3771899865983,
      -20.804030268121892,
      0.0
     ],
     [
      -49.37714717836649,
      -20.80400349301785,
      0.0
     ],
     [
      -49.37710158327669,
      -20.803981801113984,
      0.0
     ],
     [
      -49.377053802339034,
      -20.80396547834141,
      0.0
     ],
     [
      -49.37700446537636,
      -20.80395473985822,
      0.0
     ],
     [
      -49.376954222722176,
      -20.803949727213347,
      0.0
     ],
     [
      -49.37690373664836,
      -20.80395050648083,
      0.0
     ],
     [
      -49.376853672635384,
      -20.803957067388748,
      0.0
     ],
     [
      -49.37680469060037,
      -20.80396932345474,
      0.0
     ],
     [
      -49.37661513228955,
      -20.803987844872847,
      0.0
     ],
     [
      -49.3765990526086,
      -20.80399103128782,
      0.0
     ],
     [
      -49.37658266495066,
      -20.80399142377573,
      0.0
     ],
     [
      -49.376566451163,
      -20.803989010796275,
      0.0
     ],
     [
      -49.37655088798063,
      -20.803983863298413,
      0.0
     ],
     [
      -49.376536433008724,
      -20.803976132634332,
      0.0
     ],
     [
      -49.3765235112677,
      -20.803966046109228,
      0.0
     ],
     [
      -49.376512502696286,
      -20.803953900297795,
      0.0
     ],
     [
      -49.376503730980176,
      -20.80394005232407,
      0.0
     ],
     [
      -49.37649745403467,
      -20.803924909360862,
      0.0
     ],
     [
      -49.37649385642116,
      -20.803908916657626,
      0.0
     ],
     [
      -49.376493043920526,
      -20.80389254444877,
      0.0
     ],
     [
      -49.37649504042273,
      -20.80387627412736,
      0.0
     ],
     [
      -49.37649978722453,
      -20.80386058409064,
      0.0
     ],
     [
      -49.376507144755415,
      -20.803845935673696,
      0.0
     ],
     [
      -49.37651689668147,
      -20.803832759584818,
      0.0
     ],
     [
      -49.376528756266204,
      -20.80382144324133,
      0.0
     ],
     [
      -49.37654237480154,
      -20.803812319378395,
      0.0
     ],
     [
      -49.376557351860875,
      -20.803805656265467,
      0.0
     ],
     [
      -49.37665541668004,
      -20.80378626895658,
      0.0
     ],
     [
      -49.377434088087625,
      -20.803640849906664,
      0.0
     ],
     [
      -49.377950640031735,
      -20.803588799083588,
      0.0
     ],
     [
      -49.37805736376446,
      -20.803587788937495,
      0.0
     ],
     [
      -49.378163957184626,
      -20.803593157205533,
      0.0
     ],
     [
      -49.378270039422766,
      -20.803604884706314,
      0.0
     ],
     [
      -49.37837523143594,
      -20.803622929536246,
      0.0
     ],
     [
      -49.37847915736208,
      -20.803647227219255,
      0.0
     ],
     [
      -49.37858144586296,
      -20.80367769093718,
      0.0
     ],
     [
      -49.37868173145107,
      -20.803714211839992,
      0.0
     ],
     [
      -49.37877965579549,
      -20.80375665943465,
      0.0
     ],
     [
      -49.378874869002296,
      -20.80380488205147,
      0.0
     ],
     [
      -49.378967030864736,
      -20.803858707385995,
      0.0
     ],
     [
      -49.37905581207881,
      -20.803917943114644,
      0.0
     ],
     [
      -49.37914089541996,
      -20.803982377581992,
      0.0
     ],
     [
      -49.379221976876494,
      -20.80405178055693,
      0.0
     ],
     [
      -49.37929876673588,
      -20.80412590405535,
      0.0
     ],
     [
      -49.37935907151199,
      -20.80421947919718,
      0.0
     ],
     [
      -49.37941377318877,
      -20.804316436402942,
      0.0
     ],
     [
      -49.37946268270416,
      -20.80441644056533,
      0.0
     ],
     [
      -49.37950563101516,
      -20.804519146046065,
      0.0
     ],
     [
      -49.37954246968215,
      -20.80462419787044,
      0.0
     ],
     [
      -49.37957307138189,
      -20.804731232954232,
      0.0
     ],
     [
      -49.379597330347586,
      -20.804839881358618,
      0.0
     ],
     [
      -49.37961516273446,
      -20.804949767568715,
      0.0
     ],
     [
      -49.37962650690951,
      -20.805060511791513,
      0.0
     ],
     [
      -49.37963132366455,
      -20.80517173126851,
      0.0
     ],
     [
      -49.379629596351734,
      -20.80528304159859,
      0.0
     ],
     [
      -49.37962133094106,
      -20.805394058066625,
      0.0
     ],
     [
      -49.37960655599978,
      -20.805504396973184,
      0.0
     ],
     [
      -49.379521592394205,
      -20.805191578909138,
      0.0
     ],
     [
      -49.37949010673193,
      -20.805097490069155,
      0.0
     ],
     [
      -49.37945213777576,
      -20.805005825380718,
      0.0
     ],
     [
      -49.37940787031514,
      -20.804917030962702,
      0.0
     ],
     [
      -49.37935751979346,
      -20.804831538964798,
      0.0
     ],
     [
      -49.379301331259455,
      -20.8047497654643,
      0.0
     ],
     [
      -49.37923957817467,
      -20.80467210844106,
      0.0
     ],
     [
      -49.3791725610825,
      -20.80459894584067,
      0.0
     ],
     [
      -49.37910060614549,
      -20.804530633735006,
      0.0
     ],
     [
      -49.37902406355801,
      -20.80446750458927,
      0.0
     ],
     [
      -49.37894330584184,
      -20.80440986564396,
      0.0
     ],
     [
      -49.378858726033165,
      -20.80435799741954,
      0.0
     ],
     [
      -49.3787707357698,
      -20.80431215235121,
      0.0
     ],
     [
      -49.37867976328769,
      -20.80427255356032,
      0.0
     ],
     [
      -49.37858625133687,
      -20.804239393768537,
      0.0
     ],
     [
      -49.37849065502656,
      -20.804212834359767,
      0.0
     ],
     [
      -49.37839343961028,
      -20.80419300459485,
      0.0
     ],
     [
      -49.3782950782215,
      -20.80418000098242,
      0.0
     ],
     [
      -49.37821247304859,
      -20.804180433836027,
      0.0
     ],
     [
      -49.37813017525698,
      -20.80418756653874,
      0.0
     ],
     [
      -49.378048727353196,
      -20.804201352071846,
      0.0
     ],
     [
      -49.377968666241344,
      -20.804221699561193,
      0.0
     ],
     [
      -49.377890519683795,
      -20.804248474876243,
      0.0
     ],
     [
      -49.37781480282218,
      -20.80428150151428,
      0.0
     ],
     [
      -49.3777420147816,
      -20.804320561763912,
      0.0
     ],
     [
      -49.37757304823083,
      -20.80443368512041,
      0.0
     ],
     [
      -49.377409830738586,
      -20.804560119702902,
      0.0
     ]
    ],
    "type": "LineString"
   },
   "properties": {
    "id": "city-5",
    "kind": "matched",
    "lengthM": 883.4,
    "name": "",
    "source": "city"
   },
   "type": "Feature"
  },
  {
   "geometry": {
    "coordinates": [
     [
      [
       -49.433956793983484,
       -20.814360786168628,
       0.0
      ],
      [
       -49.433998868878724,
       -20.814286481315374,
       0.0
      ],
      [
       -49.434005197906174,
       -20.81424485830793,
       0.0
      ],
      [
       -49.43400563287313,
       -20.814202759113872,
       0.0
      ],
      [
       -49.43400016519901,
       -20.81416101422345,
       0.0
      ],
      [
       -49.43398526752855,
       -20.814065275968183,
       0.0
      ],
      [
       -49.43396713031634,
       -20.81397548274949,
       0.0
      ],
      [
       -49.43396793607352,
       -20.813927988816168,
       0.0
      ],
      [
       -49.4339748116699,
       -20.813880988293608,
       0.0
      ],
      [
       -49.433987644093655,
       -20.813835253713172,
       0.0
      ],
      [
       -49.43401839050586,
       -20.81378027698087,
       0.0
      ],
      [
       -49.4340550377862,
       -20.8137290445712,
       0.0
      ],
      [
       -49.434097134836314,
       -20.81368218711363,
       0.0
      ],
      [
       -49.43411424442586,
       -20.813670525137464,
       0.0
      ],
      [
       -49.43412943192752,
       -20.81365645106431,
       0.0
      ],
      [
       -49.434142360369655,
       -20.813640277161674,
       0.0
      ],
      [
       -49.434152742903315,
       -20.813622362286946,
       0.0
      ],
      [
       -49.43416034916677,
       -20.81360310392517,
       0.0
      ],
      [
       -49.434165010396555,
       -20.813582929369936,
       0.0
      ],
      [
       -49.43418097938022,
       -20.813510469560033,
       0.0
      ],
      [
       -49.43419175206748,
       -20.813437057151692,
       0.0
      ],
      [
       -49.43431121457605,
       -20.81337134319565,
       0.0
      ]
     ],
     [
      [
       -49.43446042393457,
       -20.81359160170226,
       0.0
      ],
      [
       -49.43431121457605,
       -20.81337134319565,
       0.0
      ]
     ],
     [
      [
       -49.43431121457605,
       -20.81337134319565,
       0.0
      ],
      [
       -49.43386577782976,
       -20.812713796555908,
       0.0
      ],
      [
       -49.43343338209337,
       -20.812158398353038,
       0.0
      ],
      [
       -49.43285209329784,
       -20.81144036864306,
       0.0
      ],
      [
       -49.43246237887818,
       -20.810927721876823,
       0.0
      ],
      [
       -49.432245358970576,
       -20.810676215379342,
       0.0
      ],
      [
       -49.43193565568695,
       -20.81039087780705,
       0.0
      ],
      [
       -49.43146398063119,
       -20.8099879007855,
       0.0
      ],
      [
       -49.43124337862407,
       -20.809787984800057,
       0.0
      ],
      [
       -49.43064875144363,
       -20.80918168129505,
       0.0
      ],
      [
       -49.430070680525915,
       -20.808597038510015,
       0.0
      ],
      [
       -49.429652063790705,
       -20.808226091514353,
       0.0
      ],
      [
       -49.429363155513954,
       -20.807995433535634,
       0.0
      ],
      [
       -49.428996726909844,
       -20.807739686820767,
       0.0
      ],
      [
       -49.42865585292749,
       -20.807520023971097,
       0.0
      ],
      [
       -49.42858513723137,
       -20.80764568403806,
       0.0
      ],
      [
       -49.42849923283402,
       -20.80762219799308,
       0.0
      ],
      [
       -49.42844727005783,
       -20.80762451469741,
       0.0
      ],
      [
       -49.428395461856724,
       -20.807619887870505,
       0.0
      ],
      [
       -49.42834473192314,
       -20.807608400004415,
       0.0
      ],
      [
       -49.42829598472498,
       -20.807590255917212,
       0.0
      ],
      [
       -49.42825008937982,
       -20.80756577910123,
       0.0
      ],
      [
       -49.42820786415931,
       -20.80753540595549,
       0.0
      ],
      [
       -49.428170061900175,
       -20.80749967800519,
       0.0
      ],
      [
       -49.427271847903995,
       -20.807149186064702,
       0.0
      ],
      [
       -49.42673947545007,
       -20.80691485656226,
       0.0
      ],
      [
       -49.426431924902566,
       -20.80676671910458,
       0.0
      ],
      [
       -49.42621162639961,
       -20.806636590247454,
       0.0
      ],
      [
       -49.425977652698094,
       -20.806452798938178,
       0.0
      ],
      [
       -49.42583876544084,
       -20.80631576833132,
       0.0
      ],
      [
       -49.425663558531625,
       -20.806151635885513,
       0.0
      ],
      [
       -49.425651867293894,
       -20.80615423803343,
       0.0
      ],
      [
       -49.425639905579644,
       -20.806154849266008,
       0.0
      ],
      [
       -49.42562800999512,
       -20.806153452382986,
       0.0
      ],
      [
       -49.425616515285704,
       -20.806150086693073,
       0.0
      ],
      [
       -49.425605744916,
       -20.806144846907795,
       0.0
      ],
      [
       -49.42559600196749,
       -20.80613788047632,
       0.0
      ],
      [
       -49.4255875606097,
       -20.806129383436133,
       0.0
      ],
      [
       -49.42558065838501,
       -20.80611959489653,
       0.0
      ],
      [
       -49.425575489524114,
       -20.806108790310002,
       0.0
      ],
      [
       -49.42557219948032,
       -20.806097273720873,
       0.0
      ],
      [
       -49.42557088083648,
       -20.806085369209466,
       0.0
      ],
      [
       -49.425571570699624,
       -20.80607341177236,
       0.0
      ],
      [
       -49.425574249656776,
       -20.80606173789548,
       0.0
      ],
      [
       -49.42517362294392,
       -20.80602571680678,
       0.0
      ],
      [
       -49.42499971703507,
       -20.806060613380094,
       0.0
      ],
      [
       -49.424937081862105,
       -20.806078116463436,
       0.0
      ],
      [
       -49.42484251319636,
       -20.805916595493397,
       0.0
      ]
     ]
    ],
    "type": "MultiLineString"
   },
   "properties": {
    "id": "city-6",
    "kind": "matched",
    "lengthM": 1506.1,
    "name": "",
    "source": "city"
   },
   "type": "Feature"
  },
  {
   "geometry": {
    "coordinates": [
     [
      [
       -49.37510236226353,
       -20.80954664083328,
       0.0
      ],
      [
       -49.37531773035773,
       -20.809610822133404,
       0.0
      ],
      [
       -49.375388646652276,
       -20.809599900544598,
       0.0
      ],
      [
       -49.37545821589044,
       -20.809582335720723,
       0.0
      ],
      [
       -49.37552581719856,
       -20.809558284419797,
       0.0
      ],
      [
       -49.37559084726587,
       -20.80952796128868,
       0.0
      ],
      [
       -49.37565272572877,
       -20.80949163694746,
       0.0
      ],
      [
       -49.375710900350256,
       -20.809449635574268,
       0.0
      ],
      [
       -49.37574290563998,
       -20.809393700763838,
       0.0
      ],
      [
       -49.37577060525675,
       -20.809335513369863,
       0.0
      ],
      [
       -49.37579384170883,
       -20.80927540422844,
       0.0
      ],
      [
       -49.37581248288068,
       -20.809213715102178,
       0.0
      ],
      [
       -49.375727987232445,
       -20.809041104865056,
       0.0
      ],
      [
       -49.376008111311535,
       -20.808517655618292,
       0.0
      ],
      [
       -49.37628794960145,
       -20.808020791155986,
       0.0
      ],
      [
       -49.37644234497618,
       -20.80772589072439,
       0.0
      ],
      [
       -49.37650712484316,
       -20.807610588287915,
       0.0
      ],
      [
       -49.376773953002335,
       -20.807378892515672,
       0.0
      ],
      [
       -49.37682600421352,
       -20.807343857578037,
       0.0
      ],
      [
       -49.3768740224206,
       -20.807303471599898,
       0.0
      ],
      [
       -49.37691745997797,
       -20.807258195181614,
       0.0
      ],
      [
       -49.376955821482134,
       -20.807208544698852,
       0.0
      ],
      [
       -49.37698866942176,
       -20.807155086413214,
       0.0
      ],
      [
       -49.377015629167516,
       -20.80709843001417,
       0.0
      ],
      [
       -49.37703639324462,
       -20.807039221665576,
       0.0
      ],
      [
       -49.377050724839684,
       -20.806978136636115,
       0.0
      ],
      [
       -49.37705846050145,
       -20.806915871597944,
       0.0
      ],
      [
       -49.37705951200505,
       -20.806853136681177,
       0.0
      ],
      [
       -49.3770538673581,
       -20.806790647374864,
       0.0
      ],
      [
       -49.37704159093759,
       -20.806729116366895,
       0.0
      ],
      [
       -49.37702282275555,
       -20.80666924541581,
       0.0
      ],
      [
       -49.37701690715695,
       -20.806527955628734,
       0.0
      ],
      [
       -49.37702872295447,
       -20.806446596795748,
       0.0
      ],
      [
       -49.3769615050247,
       -20.80640016000867,
       0.0
      ],
      [
       -49.37721321019752,
       -20.80528580822767,
       0.0
      ],
      [
       -49.377356179687,
       -20.804751796422128,
       0.0
      ],
      [
       -49.37762706437569,
       -20.80378401044053,
       0.0
      ],
      [
       -49.377927919421154,
       -20.802627695755426,
       0.0
      ],
      [
       -49.37798221786482,
       -20.802422667560613,
       0.0
      ],
      [
       -49.378101133078175,
       -20.80199836855041,
       0.0
      ],
      [
       -49.378160392440456,
       -20.80168583597695,
       0.0
      ],
      [
       -49.378040784944176,
       -20.800914440737024,
       0.0
      ],
      [
       -49.377708869170114,
       -20.79981858464571,
       0.0
      ],
      [
       -49.37762014810333,
       -20.799558667184925,
       0.0
      ],
      [
       -49.377503845338325,
       -20.799140366531468,
       0.0
      ],
      [
       -49.377385986435186,
       -20.79869517029954,
       0.0
      ],
      [
       -49.37708247666568,
       -20.797574285556976,
       0.0
      ],
      [
       -49.37687719350089,
       -20.796686720635606,
       0.0
      ],
      [
       -49.37669993615187,
       -20.795675259361776,
       0.0
      ],
      [
       -49.37673025192084,
       -20.79474224273934,
       0.0
      ],
      [
       -49.37674729976825,
       -20.794217794763288,
       0.0
      ],
      [
       -49.376736459759414,
       -20.79404321990611,
       0.0
      ],
      [
       -49.37672203001136,
       -20.7939666034442,
       0.0
      ],
      [
       -49.37670145114367,
       -20.79387080746394,
       0.0
      ],
      [
       -49.376690820856886,
       -20.79379542112636,
       0.0
      ],
      [
       -49.376681131438076,
       -20.793513306826174,
       0.0
      ],
      [
       -49.37666712610587,
       -20.79315945116847,
       0.0
      ],
      [
       -49.37668501764086,
       -20.7931500606671,
       0.0
      ],
      [
       -49.376726899841046,
       -20.79310188481728,
       0.0
      ],
      [
       -49.376763234151994,
       -20.79302726345288,
       0.0
      ],
      [
       -49.37678898250258,
       -20.79032125745394,
       0.0
      ],
      [
       -49.37684065522386,
       -20.78727207650647,
       0.0
      ],
      [
       -49.3768766242677,
       -20.78687925727106,
       0.0
      ],
      [
       -49.3769163835482,
       -20.786544899313586,
       0.0
      ],
      [
       -49.376949160847765,
       -20.78627526733077,
       0.0
      ],
      [
       -49.37695723110909,
       -20.786233518384755,
       0.0
      ],
      [
       -49.376978314726045,
       -20.78616321226518,
       0.0
      ],
      [
       -49.37701216796395,
       -20.786087051468215,
       0.0
      ],
      [
       -49.377057896862766,
       -20.785998626645533,
       0.0
      ],
      [
       -49.377419161829366,
       -20.785627638303417,
       0.0
      ],
      [
       -49.377926055980566,
       -20.785113390260122,
       0.0
      ],
      [
       -49.378087669343394,
       -20.784972711349464,
       0.0
      ],
      [
       -49.37820555938341,
       -20.78488061404326,
       0.0
      ],
      [
       -49.37922833715898,
       -20.78395915105359,
       0.0
      ]
     ],
     [
      [
       -49.37689137557462,
       -20.806104119449124,
       0.0
      ],
      [
       -49.377000044999185,
       -20.806202288308732,
       0.0
      ]
     ],
     [
      [
       -49.37689137557462,
       -20.806104119449124,
       0.0
      ],
      [
       -49.376836081450925,
       -20.80629947038657,
       0.0
      ]
     ],
     [
      [
       -49.37689137557462,
       -20.806104119449124,
       0.0
      ],
      [
       -49.37705657834459,
       -20.80536183663409,
       0.0
      ],
      [
       -49.377127535275704,
       -20.805097380415933,
       0.0
      ],
      [
       -49.37720586996425,
       -20.804630033144495,
       0.0
      ],
      [
       -49.37765038329286,
       -20.802554565500916,
       0.0
      ],
      [
       -49.37768527353125,
       -20.802372042360208,
       0.0
      ],
      [
       -49.37775067113266,
       -20.80232726760498,
       0.0
      ],
      [
       -49.37781813057033,
       -20.80167702512611,
       0.0
      ],
      [
       -49.37774406583933,
       -20.801043763341145,
       0.0
      ],
      [
       -49.37755868053717,
       -20.800250346287193,
       0.0
      ],
      [
       -49.377372437577364,
       -20.79964304052592,
       0.0
      ],
      [
       -49.377232028698124,
       -20.79916150741624,
       0.0
      ],
      [
       -49.37699660052224,
       -20.79836411163658,
       0.0
      ],
      [
       -49.37683481567428,
       -20.79778350659939,
       0.0
      ],
      [
       -49.37672753796483,
       -20.79736065060756,
       0.0
      ],
      [
       -49.3764443237917,
       -20.796474968419094,
       0.0
      ],
      [
       -49.376262089469904,
       -20.795621230636474,
       0.0
      ],
      [
       -49.376236822024424,
       -20.795007194651756,
       0.0
      ],
      [
       -49.37631750315578,
       -20.79311584539065,
       0.0
      ],
      [
       -49.376418944667044,
       -20.79022850042624,
       0.0
      ],
      [
       -49.37643277356804,
       -20.789625260061875,
       0.0
      ],
      [
       -49.37644963438774,
       -20.789075742219076,
       0.0
      ],
      [
       -49.376459686292854,
       -20.788199567641737,
       0.0
      ],
      [
       -49.37650425291516,
       -20.787429926630917,
       0.0
      ],
      [
       -49.37651260286474,
       -20.786775721624128,
       0.0
      ],
      [
       -49.376520500521465,
       -20.78629130465446,
       0.0
      ],
      [
       -49.37648341497568,
       -20.786123174076327,
       0.0
      ],
      [
       -49.37647077910932,
       -20.78607858673385,
       0.0
      ],
      [
       -49.37646433423824,
       -20.786032693816484,
       0.0
      ],
      [
       -49.37646420049452,
       -20.785986350765878,
       0.0
      ],
      [
       -49.37647038037112,
       -20.78594042141412,
       0.0
      ],
      [
       -49.376478985289914,
       -20.785912060331185,
       0.0
      ],
      [
       -49.376491628151605,
       -20.785885254479208,
       0.0
      ],
      [
       -49.3765080394632,
       -20.785860575246968,
       0.0
      ],
      [
       -49.37652786940407,
       -20.7858385486926,
       0.0
      ],
      [
       -49.37655069528273,
       -20.785819644330246,
       0.0
      ],
      [
       -49.37657603054678,
       -20.78580426512195,
       0.0
      ],
      [
       -49.3768069062272,
       -20.78560353540216,
       0.0
      ],
      [
       -49.37720237392409,
       -20.785192896555188,
       0.0
      ],
      [
       -49.377872834210194,
       -20.784528780423805,
       0.0
      ],
      [
       -49.378243231745344,
       -20.784170046646107,
       0.0
      ],
      [
       -49.378334130039924,
       -20.784097914884832,
       0.0
      ],
      [
       -49.37850872242928,
       -20.783955445782063,
       0.0
      ],
      [
       -49.37882448927126,
       -20.783729703579112,
       0.0
      ],
      [
       -49.37892968167687,
       -20.78364866247789,
       0.0
      ]
     ],
     [
      [
       -49.37922833715898,
       -20.78395915105359,
       0.0
      ],
      [
       -49.37893921979195,
       -20.783659271662824,
       0.0
      ],
      [
       -49.37892968167687,
       -20.78364866247789,
       0.0
      ]
     ],
     [
      [
       -49.37922833715898,
       -20.78395915105359,
       0.0
      ],
      [
       -49.37926433645172,
       -20.783926716881517,
       0.0
      ],
      [
       -49.37985030605796,
       -20.783410266895853,
       0.0
      ],
      [
       -49.380109024591725,
       -20.783203927984975,
       0.0
      ],
      [
       -49.38015121111962,
       -20.783209765544164,
       0.0
      ],
      [
       -49.380192077313794,
       -20.78322175447267,
       0.0
      ],
      [
       -49.38023073134003,
       -20.78323963313282,
       0.0
      ],
      [
       -49.38026632964087,
       -20.783263011353668,
       0.0
      ],
      [
       -49.380298095344784,
       -20.783291378945872,
       0.0
      ],
      [
       -49.38032533522007,
       -20.783324116835665,
       0.0
      ],
      [
       -49.38034745480342,
       -20.78336051057503,
       0.0
      ],
      [
       -49.38036397137307,
       -20.78339976593339,
       0.0
      ],
      [
       -49.38037452448338,
       -20.783441026230225,
       0.0
      ],
      [
       -49.38036127131881,
       -20.78348694944789,
       0.0
      ],
      [
       -49.380341660489115,
       -20.783530538479177,
       0.0
      ],
      [
       -49.38031608572654,
       -20.78357091817469,
       0.0
      ],
      [
       -49.380285060502885,
       -20.783607277819733,
       0.0
      ],
      [
       -49.38024920772044,
       -20.783638887411332,
       0.0
      ],
      [
       -49.38020924720575,
       -20.783665112314676,
       0.0
      ],
      [
       -49.38016598125748,
       -20.783685426004915,
       0.0
      ],
      [
       -49.37977980926878,
       -20.783824510602056,
       0.0
      ],
      [
       -49.37950033952408,
       -20.783911736948344,
       0.0
      ],
      [
       -49.37929922989406,
       -20.784032682761286,
       0.0
      ],
      [
       -49.37922833715898,
       -20.78395915105359,
       0.0
      ]
     ],
     [
      [
       -49.37892968167687,
       -20.78364866247789,
       0.0
      ],
      [
       -49.37926976556798,
       -20.783418185305425,
       0.0
      ],
      [
       -49.37965628615196,
       -20.78311111641235,
       0.0
      ],
      [
       -49.379978539790834,
       -20.782824979598168,
       0.0
      ]
     ]
    ],
    "type": "MultiLineString"
   },
   "properties": {
    "id": "city-7",
    "kind": "matched",
    "lengthM": 6240.0,
    "name": "",
    "source": "city"
   },
   "type": "Feature"
  },
  {
   "geometry": {
    "coordinates": [
     [
      [
       -49.34451995459532,
       -20.825428598234037,
       0.0
      ],
      [
       -49.34450818125607,
       -20.825458128080385,
       0.0
      ],
      [
       -49.34449436806829,
       -20.825471140355937,
       0.0
      ],
      [
       -49.34445576074828,
       -20.8255113318547,
       0.0
      ],
      [
       -49.34441761461201,
       -20.82555398206378,
       0.0
      ],
      [
       -49.34438344382559,
       -20.82558580353012,
       0.0
      ],
      [
       -49.34434520799238,
       -20.825612604079065,
       0.0
      ],
      [
       -49.344303639021,
       -20.825633870695672,
       0.0
      ],
      [
       -49.344259532622836,
       -20.825649196295355,
       0.0
      ],
      [
       -49.3442137330806,
       -20.825658287516134,
       0.0
      ],
      [
       -49.34416711708709,
       -20.82566097033428,
       0.0
      ],
      [
       -49.34398392658955,
       -20.825647507833757,
       0.0
      ]
     ],
     [
      [
       -49.344414627671554,
       -20.824332677693953,
       0.0
      ],
      [
       -49.34441900037177,
       -20.82439498618903,
       0.0
      ],
      [
       -49.344427055192035,
       -20.824475189392782,
       0.0
      ],
      [
       -49.344482357771795,
       -20.82476280943454,
       0.0
      ],
      [
       -49.34450264066813,
       -20.824851960516824,
       0.0
      ],
      [
       -49.34452879025399,
       -20.82493652621392,
       0.0
      ],
      [
       -49.34459319550108,
       -20.82511513724359,
       0.0
      ],
      [
       -49.34461179123909,
       -20.825153220232124,
       0.0
      ],
      [
       -49.34463459717701,
       -20.82520492590186,
       0.0
      ],
      [
       -49.34464751101888,
       -20.825240534062093,
       0.0
      ],
      [
       -49.34465990148961,
       -20.825276822770455,
       0.0
      ],
      [
       -49.34466147462293,
       -20.825308618757873,
       0.0
      ],
      [
       -49.34465924640813,
       -20.825336767537088,
       0.0
      ],
      [
       -49.34464635810036,
       -20.825356144376663,
       0.0
      ],
      [
       -49.34462459685939,
       -20.825379047799636,
       0.0
      ],
      [
       -49.34459245620651,
       -20.825402573594147,
       0.0
      ],
      [
       -49.344558098656144,
       -20.82541813254298,
       0.0
      ],
      [
       -49.34451995459532,
       -20.825428598234037,
       0.0
      ],
      [
       -49.344491531892885,
       -20.825428323655697,
       0.0
      ],
      [
       -49.34445590262873,
       -20.825419673611975,
       0.0
      ],
      [
       -49.344422271753594,
       -20.82540381918096,
       0.0
      ],
      [
       -49.344394505666045,
       -20.82537863160567,
       0.0
      ],
      [
       -49.34436997895548,
       -20.825340381995996,
       0.0
      ],
      [
       -49.34436202049692,
       -20.825323005113972,
       0.0
      ],
      [
       -49.344359989931405,
       -20.825303178846852,
       0.0
      ],
      [
       -49.344359500154205,
       -20.82526078949351,
       0.0
      ],
      [
       -49.34435687804372,
       -20.825033836341426,
       0.0
      ],
      [
       -49.3443663066612,
       -20.824915384719475,
       0.0
      ],
      [
       -49.344389712890944,
       -20.824634548272556,
       0.0
      ],
      [
       -49.34440863083881,
       -20.82438345927175,
       0.0
      ],
      [
       -49.34441293494112,
       -20.824350684879153,
       0.0
      ],
      [
       -49.344447902837466,
       -20.823978773790916,
       0.0
      ],
      [
       -49.344456361000105,
       -20.823923432642207,
       0.0
      ],
      [
       -49.3445841442499,
       -20.82351332506995,
       0.0
      ],
      [
       -49.344615181464754,
       -20.823385438493126,
       0.0
      ],
      [
       -49.344688297825954,
       -20.82306846589916,
       0.0
      ],
      [
       -49.344710842046055,
       -20.822971847184757,
       0.0
      ],
      [
       -49.344804476922626,
       -20.822540123240106,
       0.0
      ],
      [
       -49.34481849779207,
       -20.822477558790993,
       0.0
      ],
      [
       -49.34492571481488,
       -20.822091249224975,
       0.0
      ],
      [
       -49.34505838979863,
       -20.821702001232726,
       0.0
      ],
      [
       -49.34508535085919,
       -20.821599861652338,
       0.0
      ],
      [
       -49.345242798663605,
       -20.821214423387712,
       0.0
      ],
      [
       -49.34533377183114,
       -20.821064153342995,
       0.0
      ],
      [
       -49.34542357510223,
       -20.820917885306983,
       0.0
      ],
      [
       -49.345447651008016,
       -20.820847996321884,
       0.0
      ],
      [
       -49.345474211347735,
       -20.820752861486394,
       0.0
      ],
      [
       -49.345497888929685,
       -20.820700440281104,
       0.0
      ],
      [
       -49.34560634811978,
       -20.82050353884527,
       0.0
      ],
      [
       -49.34580387704422,
       -20.82021636386966,
       0.0
      ],
      [
       -49.34589398802764,
       -20.82010183685745,
       0.0
      ],
      [
       -49.34605210781644,
       -20.819931202636806,
       0.0
      ],
      [
       -49.34623633239258,
       -20.819744044013788,
       0.0
      ],
      [
       -49.346334946747334,
       -20.819611079298642,
       0.0
      ],
      [
       -49.346442914166474,
       -20.819430450842443,
       0.0
      ],
      [
       -49.34660001933363,
       -20.81909769443953,
       0.0
      ],
      [
       -49.34677884677873,
       -20.81869663196646,
       0.0
      ],
      [
       -49.34694096019495,
       -20.818208206976102,
       0.0
      ],
      [
       -49.34700592128925,
       -20.81792127653275,
       0.0
      ],
      [
       -49.34706083790833,
       -20.81754289562468,
       0.0
      ],
      [
       -49.347093987343996,
       -20.817068553945447,
       0.0
      ],
      [
       -49.347138275256846,
       -20.81651694914951,
       0.0
      ],
      [
       -49.34722982424719,
       -20.816101824492232,
       0.0
      ],
      [
       -49.347326162627446,
       -20.815835163764017,
       0.0
      ],
      [
       -49.34743065450418,
       -20.81557182982451,
       0.0
      ],
      [
       -49.34762636443573,
       -20.815244338206924,
       0.0
      ],
      [
       -49.347888381557354,
       -20.814887376453907,
       0.0
      ],
      [
       -49.34797477757853,
       -20.81474951207414,
       0.0
      ],
      [
       -49.34806409750583,
       -20.814613523801604,
       0.0
      ],
      [
       -49.34812949731397,
       -20.814479593633656,
       0.0
      ],
      [
       -49.348191156013065,
       -20.814343900488595,
       0.0
      ],
      [
       -49.348249026129025,
       -20.814206548843273,
       0.0
      ],
      [
       -49.34829501256479,
       -20.814049607348235,
       0.0
      ],
      [
       -49.34833456927887,
       -20.813890923223276,
       0.0
      ],
      [
       -49.34836763063559,
       -20.81373075976979,
       0.0
      ],
      [
       -49.34838870286339,
       -20.81350673068046,
       0.0
      ],
      [
       -49.348385627158635,
       -20.813276045576153,
       0.0
      ],
      [
       -49.348368406491666,
       -20.812956533487217,
       0.0
      ],
      [
       -49.34836759828702,
       -20.812878793844735,
       0.0
      ],
      [
       -49.34836533770484,
       -20.81286911505323,
       0.0
      ],
      [
       -49.34836450644161,
       -20.812859210597768,
       0.0
      ],
      [
       -49.348365122116284,
       -20.812849290407193,
       0.0
      ],
      [
       -49.34836717167939,
       -20.812839564743836,
       0.0
      ],
      [
       -49.348389755447,
       -20.812773623076914,
       0.0
      ],
      [
       -49.34841799497303,
       -20.812709898206073,
       0.0
      ],
      [
       -49.34845167576218,
       -20.81264887415804,
       0.0
      ],
      [
       -49.34849054198961,
       -20.812591014445285,
       0.0
      ],
      [
       -49.348534298444186,
       -20.81253675854533,
       0.0
      ],
      [
       -49.34858261277064,
       -20.812486518562707,
       0.0
      ],
      [
       -49.34863511799412,
       -20.812440676098742,
       0.0
      ],
      [
       -49.34869141530749,
       -20.812399579353098,
       0.0
      ],
      [
       -49.34894691149504,
       -20.812205836292016,
       0.0
      ],
      [
       -49.34904769097034,
       -20.812133230940482,
       0.0
      ],
      [
       -49.34922714551896,
       -20.812002961929938,
       0.0
      ],
      [
       -49.349338056238345,
       -20.811931063661735,
       0.0
      ],
      [
       -49.34950399708283,
       -20.81184403269246,
       0.0
      ],
      [
       -49.34967695715314,
       -20.811777246183905,
       0.0
      ],
      [
       -49.349792327243065,
       -20.811733393807675,
       0.0
      ],
      [
       -49.349999963637984,
       -20.811657144376554,
       0.0
      ],
      [
       -49.3502686588558,
       -20.811562795552103,
       0.0
      ],
      [
       -49.35048755586056,
       -20.811479062488033,
       0.0
      ],
      [
       -49.35058871963989,
       -20.81142806505272,
       0.0
      ],
      [
       -49.35067327875417,
       -20.811376709103644,
       0.0
      ],
      [
       -49.35070232386024,
       -20.811363780395084,
       0.0
      ],
      [
       -49.35074639829917,
       -20.811331316884946,
       0.0
      ],
      [
       -49.35082536952435,
       -20.81126966455149,
       0.0
      ],
      [
       -49.351017768920656,
       -20.811120931646034,
       0.0
      ],
      [
       -49.351463425434005,
       -20.81077399819591,
       0.0
      ],
      [
       -49.351572435665375,
       -20.81070724698248,
       0.0
      ],
      [
       -49.35162253654766,
       -20.81067395140543,
       0.0
      ],
      [
       -49.3516635808487,
       -20.810654715385702,
       0.0
      ],
      [
       -49.35169997257125,
       -20.81064095200816,
       0.0
      ],
      [
       -49.351731874849754,
       -20.81063382720247,
       0.0
      ],
      [
       -49.351793637781775,
       -20.810620033085502,
       0.0
      ],
      [
       -49.35188802331819,
       -20.810598953019294,
       0.0
      ],
      [
       -49.351977987558286,
       -20.810578861074518,
       0.0
      ],
      [
       -49.35203024176275,
       -20.810557711110587,
       0.0
      ],
      [
       -49.35205108721668,
       -20.810538321509604,
       0.0
      ],
      [
       -49.35205453755389,
       -20.810519452139058,
       0.0
      ],
      [
       -49.35205392957112,
       -20.810496992878097,
       0.0
      ],
      [
       -49.35204623534237,
       -20.81046677478532,
       0.0
      ]
     ]
    ],
    "type": "MultiLineString"
   },
   "properties": {
    "id": "city-8",
    "kind": "matched",
    "lengthM": 2172.7,
    "name": "",
    "source": "city"
   },
   "type": "Feature"
  },
  {
   "geometry": {
    "coordinates": [
     [
      -49.3359421535581,
      -20.828654657257974,
      0.0
     ],
     [
      -49.33590862282935,
      -20.828656736187234,
      0.0
     ],
     [
      -49.335857484345226,
      -20.828630147811328,
      0.0
     ],
     [
      -49.33582925146632,
      -20.828615876125063,
      0.0
     ],
     [
      -49.33580343172577,
      -20.828644309525,
      0.0
     ],
     [
      -49.33577923601326,
      -20.828695275160317,
      0.0
     ],
     [
      -49.335758592530325,
      -20.828727427113567,
      0.0
     ],
     [
      -49.33572262154245,
      -20.82873421015594,
      0.0
     ],
     [
      -49.33568719867281,
      -20.82872731177003,
      0.0
     ],
     [
      -49.33562849372773,
      -20.828694532709576,
      0.0
     ],
     [
      -49.33527122993219,
      -20.828479423353727,
      0.0
     ],
     [
      -49.334411811715626,
      -20.828018108307873,
      0.0
     ],
     [
      -49.33366589257066,
      -20.82755913954844,
      0.0
     ],
     [
      -49.333102881829376,
      -20.82726766846216,
      0.0
     ],
     [
      -49.33284413905085,
      -20.82706055305046,
      0.0
     ],
     [
      -49.33262027628427,
      -20.826855196666678,
      0.0
     ],
     [
      -49.332393233117095,
      -20.82663935433017,
      0.0
     ],
     [
      -49.33223415764674,
      -20.82645970345407,
      0.0
     ],
     [
      -49.33184531161428,
      -20.825904544466987,
      0.0
     ],
     [
      -49.3315289097029,
      -20.82544073393835,
      0.0
     ],
     [
      -49.33144065410185,
      -20.825237205021125,
      0.0
     ],
     [
      -49.33118896991074,
      -20.824823679132365,
      0.0
     ],
     [
      -49.33036694080461,
      -20.82357193005382,
      0.0
     ],
     [
      -49.33026513308453,
      -20.823343660151703,
      0.0
     ],
     [
      -49.330230398274125,
      -20.823145473053106,
      0.0
     ],
     [
      -49.330191087819934,
      -20.82292110091634,
      0.0
     ],
     [
      -49.330133192711486,
      -20.822738898676455,
      0.0
     ],
     [
      -49.32983247401191,
      -20.82224650182825,
      0.0
     ],
     [
      -49.329544715349485,
      -20.821785778424914,
      0.0
     ]
    ],
    "type": "LineString"
   },
   "properties": {
    "id": "city-9",
    "kind": "matched",
    "lengthM": 1068.8,
    "name": "",
    "source": "city"
   },
   "type": "Feature"
  },
  {
   "geometry": {
    "coordinates": [
     [
      -49.34388282473482,
      -20.825526375716397,
      0.0
     ],
     [
      -49.34375121462562,
      -20.82612451148743,
      0.0
     ],
     [
      -49.34359309606289,
      -20.82677544880657,
      0.0
     ],
     [
      -49.34344576094028,
      -20.82741645174308,
      0.0
     ],
     [
      -49.34342962049273,
      -20.827469918570575,
      0.0
     ],
     [
      -49.34340783930822,
      -20.827521346147723,
      0.0
     ],
     [
      -49.34338066860689,
      -20.82757014131838,
      0.0
     ],
     [
      -49.34334842177057,
      -20.82761574128809,
      0.0
     ],
     [
      -49.3433114707283,
      -20.827657620115243,
      0.0
     ],
     [
      -49.343270241666545,
      -20.827695294777243,
      0.0
     ],
     [
      -49.34322521011365,
      -20.827728330741493,
      0.0
     ],
     [
      -49.343176895455215,
      -20.827756346977328,
      0.0
     ],
     [
      -49.34312585494355,
      -20.827779020350654,
      0.0
     ],
     [
      -49.34307267727044,
      -20.827796089351,
      0.0
     ],
     [
      -49.34301797577733,
      -20.827807357107687,
      0.0
     ],
     [
      -49.342968543562186,
      -20.827817070514172,
      0.0
     ],
     [
      -49.342918335737004,
      -20.827821201912272,
      0.0
     ],
     [
      -49.342867980625876,
      -20.827819699599747,
      0.0
     ],
     [
      -49.342818108396095,
      -20.827812582377234,
      0.0
     ],
     [
      -49.34276934317195,
      -20.827799939312982,
      0.0
     ],
     [
      -49.34254543956371,
      -20.82773326188267,
      0.0
     ],
     [
      -49.34228072993354,
      -20.8276704728447,
      0.0
     ],
     [
      -49.34187424944366,
      -20.827600576549433,
      0.0
     ],
     [
      -49.341038136998705,
      -20.827474515652558,
      0.0
     ],
     [
      -49.34046933948988,
      -20.82741057803498,
      0.0
     ],
     [
      -49.339705473374146,
      -20.827308552545965,
      0.0
     ],
     [
      -49.33958441620813,
      -20.82729192720403,
      0.0
     ],
     [
      -49.33946260102451,
      -20.827282319890305,
      0.0
     ],
     [
      -49.33934043433494,
      -20.827279762665558,
      0.0
     ],
     [
      -49.33921832382412,
      -20.82728426406354,
      0.0
     ],
     [
      -49.339096676989236,
      -20.82729580906255,
      0.0
     ],
     [
      -49.33897589978017,
      -20.82731435913556,
      0.0
     ],
     [
      -49.33885639524475,
      -20.827339852378795,
      0.0
     ],
     [
      -49.33873856218372,
      -20.827372203718276,
      0.0
     ],
     [
      -49.338249333544105,
      -20.82754251717645,
      0.0
     ],
     [
      -49.33763757648617,
      -20.827831984956916,
      0.0
     ],
     [
      -49.336709834382866,
      -20.828283291050376,
      0.0
     ],
     [
      -49.33598294879975,
      -20.828639032582593,
      0.0
     ],
     [
      -49.33591106351015,
      -20.828656975778824,
      0.0
     ]
    ],
    "type": "LineString"
   },
   "properties": {
    "id": "city-10",
    "kind": "matched",
    "lengthM": 1059.5,
    "name": "",
    "source": "city"
   },
   "type": "Feature"
  },
  {
   "geometry": {
    "coordinates": [
     [
      -49.42483907712577,
      -20.805371473010414,
      0.0
     ],
     [
      -49.424868594583046,
      -20.805420357412704,
      0.0
     ],
     [
      -49.424892389867075,
      -20.805472268389643,
      0.0
     ],
     [
      -49.42491015720829,
      -20.80552653888491,
      0.0
     ],
     [
      -49.42492166829626,
      -20.805582471522275,
      0.0
     ],
     [
      -49.42492677521343,
      -20.80563934756703,
      0.0
     ],
     [
      -49.42492541233589,
      -20.80569643616164,
      0.0
     ],
     [
      -49.424917597176616,
      -20.805753003717324,
      0.0
     ],
     [
      -49.42490343016046,
      -20.80580832334063,
      0.0
     ],
     [
      -49.42488309333366,
      -20.805861684174065,
      0.0
     ],
     [
      -49.42485684802457,
      -20.805912400530598,
      0.0
     ],
     [
      -49.42482503148557,
      -20.805959820704743,
      0.0
     ],
     [
      -49.42478805255938,
      -20.806003335346965,
      0.0
     ],
     [
      -49.424746386425426,
      -20.806042385293836,
      0.0
     ],
     [
      -49.42470056849379,
      -20.806076468753318,
      0.0
     ],
     [
      -49.424651187525164,
      -20.806105147752742,
      0.0
     ],
     [
      -49.42433940858654,
      -20.806284791097987,
      0.0
     ],
     [
      -49.424158351036496,
      -20.806390202623145,
      0.0
     ],
     [
      -49.423977460380996,
      -20.806534435996834,
      0.0
     ],
     [
      -49.42372954879414,
      -20.806720335236676,
      0.0
     ],
     [
      -49.423511736643825,
      -20.806876611527194,
      0.0
     ],
     [
      -49.423150946565805,
      -20.80715532159611,
      0.0
     ],
     [
      -49.4228251003638,
      -20.807398023977974,
      0.0
     ],
     [
      -49.42259755577854,
      -20.807573751165442,
      0.0
     ],
     [
      -49.421543349340894,
      -20.80824282740263,
      0.0
     ]
    ],
    "type": "LineString"
   },
   "properties": {
    "id": "city-11",
    "kind": "matched",
    "lengthM": 494.8,
    "name": "",
    "source": "city"
   },
   "type": "Feature"
  },
  {
   "geometry": {
    "coordinates": [
     [
      [
       -49.34556461385269,
       -20.82705964769867,
       0.0
      ],
      [
       -49.34581550431343,
       -20.82680280742905,
       0.0
      ],
      [
       -49.34591909767413,
       -20.826714488224546,
       0.0
      ],
      [
       -49.34599800617056,
       -20.826645448289078,
       0.0
      ],
      [
       -49.34613523892982,
       -20.82653790712288,
       0.0
      ],
      [
       -49.34617929488983,
       -20.826508966035675,
       0.0
      ],
      [
       -49.34645067992844,
       -20.82627764381139,
       0.0
      ],
      [
       -49.34676994545423,
       -20.82602585357123,
       0.0
      ],
      [
       -49.34698429433409,
       -20.82585433323721,
       0.0
      ],
      [
       -49.34703451651792,
       -20.82581762067635,
       0.0
      ],
      [
       -49.34721447356859,
       -20.825709142030053,
       0.0
      ],
      [
       -49.34749484623331,
       -20.825529991663014,
       0.0
      ],
      [
       -49.34770538266546,
       -20.82536353540814,
       0.0
      ],
      [
       -49.347855017005244,
       -20.825188231943425,
       0.0
      ],
      [
       -49.34793324504016,
       -20.825062855513984,
       0.0
      ],
      [
       -49.347970090414606,
       -20.825021768175574,
       0.0
      ],
      [
       -49.348010706302716,
       -20.824987953518264,
       0.0
      ],
      [
       -49.34803698891253,
       -20.824972230196007,
       0.0
      ],
      [
       -49.34811142870035,
       -20.824927698709676,
       0.0
      ],
      [
       -49.348188196442216,
       -20.82489188751134,
       0.0
      ],
      [
       -49.3482311072865,
       -20.824883825443646,
       0.0
      ],
      [
       -49.34830680664468,
       -20.82487726361544,
       0.0
      ],
      [
       -49.348390251417015,
       -20.824875672292293,
       0.0
      ],
      [
       -49.34867628358558,
       -20.824878384466768,
       0.0
      ],
      [
       -49.348802764486685,
       -20.82488605817604,
       0.0
      ]
     ],
     [
      [
       -49.35147646684645,
       -20.824944845471233,
       0.0
      ],
      [
       -49.35139107246967,
       -20.82494538435902,
       0.0
      ],
      [
       -49.35123048814206,
       -20.824939757417813,
       0.0
      ],
      [
       -49.35080717964283,
       -20.82493840585811,
       0.0
      ],
      [
       -49.35041105284817,
       -20.824932892336605,
       0.0
      ],
      [
       -49.35006022235562,
       -20.82492101034752,
       0.0
      ],
      [
       -49.34955824224832,
       -20.82494534148597,
       0.0
      ],
      [
       -49.34910170923308,
       -20.82495007464716,
       0.0
      ],
      [
       -49.34882594013076,
       -20.824960477727316,
       0.0
      ],
      [
       -49.34866403519752,
       -20.824957914108673,
       0.0
      ],
      [
       -49.34843119743613,
       -20.82495502806209,
       0.0
      ],
      [
       -49.348354713605495,
       -20.824954933184408,
       0.0
      ],
      [
       -49.34826653692599,
       -20.824962429826222,
       0.0
      ],
      [
       -49.34820089525261,
       -20.824979451245966,
       0.0
      ],
      [
       -49.34813715193437,
       -20.82501102233933,
       0.0
      ],
      [
       -49.34806934533906,
       -20.825064540581558,
       0.0
      ],
      [
       -49.34801642064962,
       -20.82512321918756,
       0.0
      ],
      [
       -49.34790993049799,
       -20.825226023409286,
       0.0
      ],
      [
       -49.347810349323105,
       -20.825338064475236,
       0.0
      ],
      [
       -49.347692821086675,
       -20.825451554758164,
       0.0
      ],
      [
       -49.347567944584384,
       -20.825550866342798,
       0.0
      ],
      [
       -49.34748486694106,
       -20.8256012046899,
       0.0
      ],
      [
       -49.34726296149571,
       -20.82574013852751,
       0.0
      ],
      [
       -49.34702015650931,
       -20.825903559462507,
       0.0
      ],
      [
       -49.346840486818586,
       -20.826039374521088,
       0.0
      ],
      [
       -49.34663893183989,
       -20.826204073515736,
       0.0
      ],
      [
       -49.346185695777244,
       -20.82657178458277,
       0.0
      ],
      [
       -49.345690365690565,
       -20.826962411132538,
       0.0
      ],
      [
       -49.34565879521587,
       -20.826993532143298,
       0.0
      ],
      [
       -49.34559435336708,
       -20.827039584388764,
       0.0
      ],
      [
       -49.34553419195202,
       -20.827080170517046,
       0.0
      ],
      [
       -49.34549395090744,
       -20.82711378308542,
       0.0
      ],
      [
       -49.345412668731385,
       -20.82717992463481,
       0.0
      ],
      [
       -49.34523491171927,
       -20.82732050764463,
       0.0
      ],
      [
       -49.344980508728646,
       -20.82752265074864,
       0.0
      ],
      [
       -49.34487108930544,
       -20.827612520912233,
       0.0
      ],
      [
       -49.34467478591,
       -20.82777165946335,
       0.0
      ],
      [
       -49.34452180463223,
       -20.827890438677333,
       0.0
      ],
      [
       -49.34437321095546,
       -20.827968095881488,
       0.0
      ],
      [
       -49.34426678957209,
       -20.82799696678241,
       0.0
      ],
      [
       -49.3441444945127,
       -20.828017075776756,
       0.0
      ],
      [
       -49.344027629499834,
       -20.828024563872212,
       0.0
      ],
      [
       -49.34398533287139,
       -20.82802849483145,
       0.0
      ],
      [
       -49.34394293525984,
       -20.828025868093473,
       0.0
      ],
      [
       -49.34389502134407,
       -20.828027838648136,
       0.0
      ],
      [
       -49.34384718274497,
       -20.82802450775543,
       0.0
      ],
      [
       -49.34380000424956,
       -20.828015916132735,
       0.0
      ],
      [
       -49.343636642352664,
       -20.82794644510352,
       0.0
      ],
      [
       -49.34361170415127,
       -20.82791101602118,
       0.0
      ],
      [
       -49.343577470909,
       -20.827861645894657,
       0.0
      ],
      [
       -49.343560457614004,
       -20.82782742615186,
       0.0
      ],
      [
       -49.34353791742995,
       -20.82778357891254,
       0.0
      ],
      [
       -49.34354124915093,
       -20.827709200056262,
       0.0
      ],
      [
       -49.343548889593734,
       -20.8276056953252,
       0.0
      ],
      [
       -49.34359004730754,
       -20.827416274826103,
       0.0
      ],
      [
       -49.34364231654033,
       -20.827175715748922,
       0.0
      ],
      [
       -49.34372000046078,
       -20.826841581123563,
       0.0
      ],
      [
       -49.34390559221987,
       -20.826043545829798,
       0.0
      ],
      [
       -49.34398392658955,
       -20.825647507833757,
       0.0
      ]
     ]
    ],
    "type": "MultiLineString"
   },
   "properties": {
    "id": "city-12",
    "kind": "matched",
    "lengthM": 1632.1,
    "name": "",
    "source": "city"
   },
   "type": "Feature"
  },
  {
   "geometry": {
    "coordinates": [
     [
      [
       -49.375434814947766,
       -20.854078698408976,
       0.0
      ],
      [
       -49.37545325936321,
       -20.854104784826486,
       0.0
      ],
      [
       -49.37550427571777,
       -20.854184138557976,
       0.0
      ],
      [
       -49.375619882649495,
       -20.854357316607427,
       0.0
      ],
      [
       -49.37579529027184,
       -20.854644347613444,
       0.0
      ],
      [
       -49.375849373167206,
       -20.85472229680636,
       0.0
      ],
      [
       -49.37592299425798,
       -20.85482767782522,
       0.0
      ],
      [
       -49.37595906500209,
       -20.854878209627145,
       0.0
      ],
      [
       -49.375999804825156,
       -20.854920182621054,
       0.0
      ],
      [
       -49.37604194642436,
       -20.85497364090986,
       0.0
      ],
      [
       -49.37608565916733,
       -20.85502281164196,
       0.0
      ],
      [
       -49.3761078325022,
       -20.855088986027646,
       0.0
      ],
      [
       -49.37613903511924,
       -20.85516671807537,
       0.0
      ],
      [
       -49.37617043693564,
       -20.855225810452566,
       0.0
      ],
      [
       -49.376204828978565,
       -20.85529066629091,
       0.0
      ],
      [
       -49.37626350343036,
       -20.855367225381332,
       0.0
      ],
      [
       -49.37630539893775,
       -20.85544362529017,
       0.0
      ],
      [
       -49.3763355068534,
       -20.85548119490729,
       0.0
      ],
      [
       -49.376399051583334,
       -20.855530553692333,
       0.0
      ],
      [
       -49.37642760286412,
       -20.855570976530995,
       0.0
      ],
      [
       -49.37646219518762,
       -20.855617192668518,
       0.0
      ],
      [
       -49.37648917538938,
       -20.855661903050137,
       0.0
      ],
      [
       -49.37651598629759,
       -20.855722385378275,
       0.0
      ],
      [
       -49.376539823368255,
       -20.855775669041883,
       0.0
      ],
      [
       -49.376562180723425,
       -20.855824638021154,
       0.0
      ],
      [
       -49.376640271798884,
       -20.855940098726403,
       0.0
      ],
      [
       -49.37670780677521,
       -20.856043987283087,
       0.0
      ],
      [
       -49.37674822391882,
       -20.85611607062649,
       0.0
      ],
      [
       -49.376820776914954,
       -20.856225907139507,
       0.0
      ],
      [
       -49.376822677287045,
       -20.856227897012026,
       0.0
      ],
      [
       -49.37682488814302,
       -20.856229535036025,
       0.0
      ],
      [
       -49.37682734518162,
       -20.85623077357068,
       0.0
      ],
      [
       -49.37682997694153,
       -20.856231576594045,
       0.0
      ],
      [
       -49.376832706879796,
       -20.85623192075071,
       0.0
      ],
      [
       -49.376835455598005,
       -20.85623179603114,
       0.0
      ],
      [
       -49.376838143151545,
       -20.856231206062695,
       0.0
      ],
      [
       -49.376840691374724,
       -20.85623016800423,
       0.0
      ],
      [
       -49.376843026154184,
       -20.856228712046956,
       0.0
      ],
      [
       -49.37684507958446,
       -20.856226880536415,
       0.0
      ],
      [
       -49.37684679194292,
       -20.85622472674086,
       0.0
      ],
      [
       -49.376848113426746,
       -20.856222313301977,
       0.0
      ],
      [
       -49.37684900560149,
       -20.856219710413022,
       0.0
      ],
      [
       -49.37684944251887,
       -20.856216993777227,
       0.0
      ],
      [
       -49.3768494114714,
       -20.856214242406153,
       0.0
      ],
      [
       -49.376848913362096,
       -20.85621153632156,
       0.0
      ],
      [
       -49.37684796267813,
       -20.856208954228062,
       0.0
      ],
      [
       -49.37674822391882,
       -20.85611607062649,
       0.0
      ]
     ],
     [
      [
       -49.375434814947766,
       -20.854078698408976,
       0.0
      ],
      [
       -49.37542795013365,
       -20.854084228036076,
       0.0
      ],
      [
       -49.37542025107551,
       -20.854088520698703,
       0.0
      ],
      [
       -49.37541193833839,
       -20.854091453419315,
       0.0
      ],
      [
       -49.375403250068175,
       -20.854092942180408,
       0.0
      ],
      [
       -49.37539443516919,
       -20.854092944331462,
       0.0
      ],
      [
       -49.37538574617343,
       -20.854091459810892,
       0.0
      ],
      [
       -49.37537743200598,
       -20.854088531147685,
       0.0
      ],
      [
       -49.375369730853706,
       -20.854084242243108,
       0.0
      ],
      [
       -49.375362863341664,
       -20.854078715967052,
       0.0
      ],
      [
       -49.375357026212484,
       -20.854072110638004,
       0.0
      ],
      [
       -49.375352386690096,
       -20.85406461548753,
       0.0
      ],
      [
       -49.37534907768898,
       -20.854056445239042,
       0.0
      ],
      [
       -49.37534719400645,
       -20.8540478339564,
       0.0
      ],
      [
       -49.37534678960684,
       -20.85403902833832,
       0.0
      ],
      [
       -49.37534787607551,
       -20.85403028065094,
       0.0
      ],
      [
       -49.375350422286964,
       -20.854021841500757,
       0.0
      ],
      [
       -49.37535435529654,
       -20.854013952655176,
       0.0
      ],
      [
       -49.37535956243013,
       -20.854006840116362,
       0.0
      ],
      [
       -49.37536589451215,
       -20.854000707646552,
       0.0
      ]
     ],
     [
      [
       -49.37536589451215,
       -20.854000707646552,
       0.0
      ],
      [
       -49.375374611530944,
       -20.85399746288935,
       0.0
      ],
      [
       -49.37538375513004,
       -20.85399575717501,
       0.0
      ],
      [
       -49.375393055738655,
       -20.85399564079124,
       0.0
      ],
      [
       -49.37540223915707,
       -20.85399711716927,
       0.0
      ],
      [
       -49.37541103464055,
       -20.85400014278264,
       0.0
      ],
      [
       -49.375419182881416,
       -20.854004628430484,
       0.0
      ],
      [
       -49.37542644365396,
       -20.85401044186734,
       0.0
      ],
      [
       -49.37543260289671,
       -20.854017411701957,
       0.0
      ],
      [
       -49.37543747902342,
       -20.854025332450295,
       0.0
      ],
      [
       -49.37544092827655,
       -20.854033970593534,
       0.0
      ],
      [
       -49.37544284896551,
       -20.8540430714627,
       0.0
      ],
      [
       -49.37544318446474,
       -20.854052366746785,
       0.0
      ],
      [
       -49.37544192488308,
       -20.854061582403023,
       0.0
      ],
      [
       -49.37543910735539,
       -20.854070446736248,
       0.0
      ],
      [
       -49.375434814947766,
       -20.854078698408976,
       0.0
      ]
     ],
     [
      [
       -49.374160437645564,
       -20.852077456596867,
       0.0
      ],
      [
       -49.37426660049938,
       -20.852237720575115,
       0.0
      ],
      [
       -49.37434625608665,
       -20.852350527755036,
       0.0
      ],
      [
       -49.374364159929,
       -20.85238798177559,
       0.0
      ],
      [
       -49.37437761141128,
       -20.852413921514056,
       0.0
      ],
      [
       -49.37438790331285,
       -20.852449869699967,
       0.0
      ],
      [
       -49.37439975190431,
       -20.852482963764416,
       0.0
      ],
      [
       -49.3744222632027,
       -20.852517593532433,
       0.0
      ],
      [
       -49.37445072096623,
       -20.8525666197649,
       0.0
      ],
      [
       -49.374479318383955,
       -20.85260274177054,
       0.0
      ],
      [
       -49.37451410977846,
       -20.852630318586062,
       0.0
      ],
      [
       -49.374545803248495,
       -20.852662167528237,
       0.0
      ],
      [
       -49.37457587938511,
       -20.85270260510914,
       0.0
      ],
      [
       -49.37460142610938,
       -20.852738697226965,
       0.0
      ],
      [
       -49.3746479574059,
       -20.852809405491403,
       0.0
      ],
      [
       -49.3746764932857,
       -20.852851262884652,
       0.0
      ],
      [
       -49.374714011992666,
       -20.852908979110193,
       0.0
      ],
      [
       -49.37474541283904,
       -20.852968070793207,
       0.0
      ],
      [
       -49.37477071313183,
       -20.853027105455773,
       0.0
      ],
      [
       -49.374779464855955,
       -20.85306447254934,
       0.0
      ],
      [
       -49.37480175967264,
       -20.853119176222044,
       0.0
      ],
      [
       -49.37482576524161,
       -20.853156688131925,
       0.0
      ],
      [
       -49.374870972137394,
       -20.853208741317946,
       0.0
      ],
      [
       -49.37491480821328,
       -20.85324644147779,
       0.0
      ],
      [
       -49.374951001497216,
       -20.853285503525658,
       0.0
      ],
      [
       -49.37501557682905,
       -20.85338076055061,
       0.0
      ],
      [
       -49.37506657731921,
       -20.853461548693506,
       0.0
      ],
      [
       -49.37510105997923,
       -20.853517802478837,
       0.0
      ],
      [
       -49.37513865601423,
       -20.853568349809787,
       0.0
      ],
      [
       -49.37516723741727,
       -20.853605905113014,
       0.0
      ],
      [
       -49.37518968743482,
       -20.85364627021462,
       0.0
      ],
      [
       -49.37520455625212,
       -20.85368226090231,
       0.0
      ],
      [
       -49.37520854758818,
       -20.85373679079823,
       0.0
      ],
      [
       -49.37523831603918,
       -20.853805906268665,
       0.0
      ],
      [
       -49.37536589451215,
       -20.854000707646552,
       0.0
      ]
     ],
     [
      [
       -49.374160437645564,
       -20.852077456596867,
       0.0
      ],
      [
       -49.37407209052576,
       -20.85200165296759,
       0.0
      ],
      [
       -49.37406962392319,
       -20.85200004092279,
       0.0
      ],
      [
       -49.374067460880994,
       -20.851998039906753,
       0.0
      ],
      [
       -49.37406566204624,
       -20.851995706023665,
       0.0
      ],
      [
       -49.3740642778544,
       -20.851993104710605,
       0.0
      ],
      [
       -49.37406334711523,
       -20.851990308902792,
       0.0
      ],
      [
       -49.374062895924666,
       -20.851987396988687,
       0.0
      ],
      [
       -49.37406293693311,
       -20.851984450612107,
       0.0
      ],
      [
       -49.374063468990784,
       -20.851981552383094,
       0.0
      ],
      [
       -49.37406447717992,
       -20.85197878356181,
       0.0
      ],
      [
       -49.37406593323308,
       -20.851976221780028,
       0.0
      ],
      [
       -49.37406779632564,
       -20.85197393886461,
       0.0
      ],
      [
       -49.3740700142205,
       -20.851971998823615,
       0.0
      ],
      [
       -49.37407252473265,
       -20.851970456051596,
       0.0
      ],
      [
       -49.37407525747271,
       -20.851969353804613,
       0.0
      ],
      [
       -49.37407813582053,
       -20.85196872298726,
       0.0
      ],
      [
       -49.37408107907341,
       -20.85196858128632,
       0.0
      ],
      [
       -49.37408400470888,
       -20.85196893267479,
       0.0
      ],
      [
       -49.374086830698374,
       -20.851969767300492,
       0.0
      ],
      [
       -49.37408947780724,
       -20.851971061762285,
       0.0
      ],
      [
       -49.37409187181622,
       -20.851972779766275,
       0.0
      ],
      [
       -49.374093945602446,
       -20.85197487314331,
       0.0
      ],
      [
       -49.374095641021405,
       -20.851977283199584,
       0.0
      ],
      [
       -49.37409691053719,
       -20.851979942362295,
       0.0
      ],
      [
       -49.37409771855531,
       -20.851982776074248,
       0.0
      ],
      [
       -49.374160437645564,
       -20.852077456596867,
       0.0
      ]
     ]
    ],
    "type": "MultiLineString"
   },
   "properties": {
    "id": "city-13",
    "kind": "matched",
    "lengthM": 614.1,
    "name": "",
    "source": "city"
   },
   "type": "Feature"
  },
  {
   "geometry": {
    "coordinates": [
     [
      [
       -49.374880795879264,
       -20.854338013687688,
       0.0
      ],
      [
       -49.3748834835087,
       -20.85434529813083,
       0.0
      ],
      [
       -49.37488493037704,
       -20.854352926566836,
       0.0
      ],
      [
       -49.374885096696836,
       -20.85436068922113,
       0.0
      ],
      [
       -49.374883977894434,
       -20.854368372628254,
       0.0
      ],
      [
       -49.374881604735826,
       -20.85437576550199,
       0.0
      ],
      [
       -49.37487804248055,
       -20.854382664545497,
       0.0
      ],
      [
       -49.374873389087185,
       -20.85438888004178,
       0.0
      ],
      [
       -49.374867772519515,
       -20.85439424107073,
       0.0
      ],
      [
       -49.374861347227686,
       -20.854398600209265,
       0.0
      ],
      [
       -49.37485428990099,
       -20.85440183758532,
       0.0
      ],
      [
       -49.374846794609034,
       -20.854403864174206,
       0.0
      ],
      [
       -49.374839067465075,
       -20.85440462424667,
       0.0
      ],
      [
       -49.374831320958066,
       -20.854404096901483,
       0.0
      ],
      [
       -49.3748237681094,
       -20.854402296640114,
       0.0
      ],
      [
       -49.37481661661509,
       -20.854399272967992,
       0.0
      ],
      [
       -49.37481006313428,
       -20.854395109033184,
       0.0
      ],
      [
       -49.37480428788131,
       -20.854389919339834,
       0.0
      ],
      [
       -49.37479944967003,
       -20.854383846599482,
       0.0
      ],
      [
       -49.37479627893567,
       -20.854377307735962,
       0.0
      ],
      [
       -49.37479425693111,
       -20.85437032763638,
       0.0
      ],
      [
       -49.374793441634814,
       -20.85436310644641,
       0.0
      ],
      [
       -49.37479385642439,
       -20.85435585122469,
       0.0
      ],
      [
       -49.37479548940627,
       -20.85434877000568,
       0.0
      ],
      [
       -49.37479829375671,
       -20.854342065834494,
       0.0
      ],
      [
       -49.374802189064475,
       -20.85433593094493,
       0.0
      ],
      [
       -49.37480706363646,
       -20.854330541247297,
       0.0
      ],
      [
       -49.374812777700356,
       -20.85432605128445,
       0.0
      ]
     ],
     [
      [
       -49.374880795879264,
       -20.854338013687688,
       0.0
      ],
      [
       -49.37487528093441,
       -20.85433155761714,
       0.0
      ],
      [
       -49.3748687400012,
       -20.8543261435931,
       0.0
      ],
      [
       -49.374861367098354,
       -20.85432193220765,
       0.0
      ],
      [
       -49.374853380922715,
       -20.854319048379928,
       0.0
      ],
      [
       -49.374845018362144,
       -20.85431757765074,
       0.0
      ],
      [
       -49.374836527468936,
       -20.854317563645186,
       0.0
      ],
      [
       -49.374828160102005,
       -20.854319006778724,
       0.0
      ],
      [
       -49.374820164456224,
       -20.854321864244756,
       0.0
      ],
      [
       -49.374812777700356,
       -20.85432605128445,
       0.0
      ]
     ],
     [
      [
       -49.374880795879264,
       -20.854338013687688,
       0.0
      ],
      [
       -49.37487528093441,
       -20.85433155761714,
       0.0
      ],
      [
       -49.3748687400012,
       -20.8543261435931,
       0.0
      ],
      [
       -49.374861367098354,
       -20.85432193220765,
       0.0
      ],
      [
       -49.374853380922715,
       -20.854319048379928,
       0.0
      ],
      [
       -49.374845018362144,
       -20.85431757765074,
       0.0
      ],
      [
       -49.374836527468936,
       -20.854317563645186,
       0.0
      ],
      [
       -49.374828160102005,
       -20.854319006778724,
       0.0
      ],
      [
       -49.374820164456224,
       -20.854321864244756,
       0.0
      ],
      [
       -49.374812777700356,
       -20.85432605128445,
       0.0
      ]
     ],
     [
      [
       -49.374812777700356,
       -20.85432605128445,
       0.0
      ],
      [
       -49.37468807923245,
       -20.85414775409482,
       0.0
      ],
      [
       -49.37329361832253,
       -20.85496144906237,
       0.0
      ],
      [
       -49.37319387560471,
       -20.85501547094806,
       0.0
      ],
      [
       -49.3732479950722,
       -20.8550892759669,
       0.0
      ],
      [
       -49.37330549190525,
       -20.855180642633307,
       0.0
      ],
      [
       -49.37332292857921,
       -20.855214268619772,
       0.0
      ],
      [
       -49.37333004201538,
       -20.855262135587314,
       0.0
      ],
      [
       -49.37334221377961,
       -20.855312441677547,
       0.0
      ],
      [
       -49.37336714850354,
       -20.85535808875784,
       0.0
      ],
      [
       -49.37345242580612,
       -20.855483927599902,
       0.0
      ],
      [
       -49.37347718703436,
       -20.85552882417699,
       0.0
      ]
     ],
     [
      [
       -49.37535273031472,
       -20.854066355218794,
       0.0
      ],
      [
       -49.375108422165006,
       -20.854213084699847,
       0.0
      ],
      [
       -49.374880795879264,
       -20.854338013687688,
       0.0
      ]
     ]
    ],
    "type": "MultiLineString"
   },
   "properties": {
    "id": "city-14",
    "kind": "matched",
    "lengthM": 366.9,
    "name": "",
    "source": "city"
   },
   "type": "Feature"
  },
  {
   "geometry": {
    "coordinates": [
     [
      -49.37347718703436,
      -20.85552882417699,
      0.0
     ],
     [
      -49.37358375987374,
      -20.855548957148226,
      0.0
     ],
     [
      -49.37362433521941,
      -20.85555890328468,
      0.0
     ],
     [
      -49.37365474056167,
      -20.855568751878167,
      0.0
     ],
     [
      -49.373669480658435,
      -20.85561669220488,
      0.0
     ],
     [
      -49.37368673757982,
      -20.85566704568981,
      0.0
     ],
     [
      -49.373746880177194,
      -20.855748877674365,
      0.0
     ],
     [
      -49.37457981919085,
      -20.85702827145919,
      0.0
     ],
     [
      -49.375237603435366,
      -20.858045489014835,
      0.0
     ],
     [
      -49.3753101514507,
      -20.85815611738607,
      0.0
     ],
     [
      -49.375330157107996,
      -20.858187377438398,
      0.0
     ],
     [
      -49.37536546751381,
      -20.858214002470014,
      0.0
     ],
     [
      -49.37539831336035,
      -20.85823343455372,
      0.0
     ]
    ],
    "type": "LineString"
   },
   "properties": {
    "id": "city-15",
    "kind": "matched",
    "lengthM": 366.4,
    "name": "",
    "source": "city"
   },
   "type": "Feature"
  },
  {
   "geometry": {
    "coordinates": [
     [
      -49.37539831336035,
      -20.85823343455372,
      0.0
     ],
     [
      -49.37543383013662,
      -20.858240942137336,
      0.0
     ],
     [
      -49.37548716950552,
      -20.85824622783009,
      0.0
     ],
     [
      -49.375532932561214,
      -20.85824666219856,
      0.0
     ],
     [
      -49.37563971302905,
      -20.858247675677493,
      0.0
     ],
     [
      -49.375731290481745,
      -20.85824376541054,
      0.0
     ],
     [
      -49.37580504536727,
      -20.858242075206906,
      0.0
     ],
     [
      -49.37583819930465,
      -20.858232829231415,
      0.0
     ],
     [
      -49.37586878500769,
      -20.858225949931615,
      0.0
     ],
     [
      -49.37589182101805,
      -20.8582118285325,
      0.0
     ],
     [
      -49.37592322279022,
      -20.858201001864497,
      0.0
     ],
     [
      -49.37595599451385,
      -20.858195588717038,
      0.0
     ],
     [
      -49.375989209939696,
      -20.85819574208556,
      0.0
     ],
     [
      -49.37602193027781,
      -20.85820145763529,
      0.0
     ],
     [
      -49.37605323073128,
      -20.858212573823817,
      0.0
     ],
     [
      -49.37608222663435,
      -20.85822877646683,
      0.0
     ],
     [
      -49.37610809845631,
      -20.85824960761812,
      0.0
     ],
     [
      -49.37613011496443,
      -20.85827447851286,
      0.0
     ],
     [
      -49.376147653891366,
      -20.858302686208223,
      0.0
     ],
     [
      -49.3761352787775,
      -20.8583854896778,
      0.0
     ],
     [
      -49.376112277731345,
      -20.858509466232363,
      0.0
     ],
     [
      -49.37608578320316,
      -20.85862818038758,
      0.0
     ],
     [
      -49.376081977457154,
      -20.85863558083448,
      0.0
     ],
     [
      -49.3760769776358,
      -20.85864223305994,
      0.0
     ],
     [
      -49.37607092710165,
      -20.85864794632113,
      0.0
     ],
     [
      -49.376063999344886,
      -20.85865255679868,
      0.0
     ],
     [
      -49.37605639300879,
      -20.85865593229392,
      0.0
     ],
     [
      -49.37604832619387,
      -20.85865797601947,
      0.0
     ],
     [
      -49.37604003020422,
      -20.858658629374496,
      0.0
     ],
     [
      -49.37603174291518,
      -20.85865787362498,
      0.0
     ],
     [
      -49.37602370195259,
      -20.85865573044097,
      0.0
     ],
     [
      -49.376016137879276,
      -20.858652261275093,
      0.0
     ],
     [
      -49.37600926758394,
      -20.858647565600613,
      0.0
     ],
     [
      -49.3760032880622,
      -20.858641778059084,
      0.0
     ],
     [
      -49.375998370768095,
      -20.85863506459979,
      0.0
     ],
     [
      -49.37599465669781,
      -20.85862761772132,
      0.0
     ],
     [
      -49.37599225234687,
      -20.858619650951994,
      0.0
     ],
     [
      -49.37599122665651,
      -20.858611392727227,
      0.0
     ],
     [
      -49.37599160903689,
      -20.858603079839515,
      0.0
     ],
     [
      -49.37599338852381,
      -20.858594950648694,
      0.0
     ],
     [
      -49.375996514093096,
      -20.858587238247402,
      0.0
     ],
     [
      -49.376112277731345,
      -20.858509466232363,
      0.0
     ]
    ],
    "type": "LineString"
   },
   "properties": {
    "id": "city-16",
    "kind": "matched",
    "lengthM": 152.2,
    "name": "",
    "source": "city"
   },
   "type": "Feature"
  },
  {
   "geometry": {
    "coordinates": [
     [
      -49.35147646684645,
      -20.824944845471233,
      0.0
     ],
     [
      -49.35147877445492,
      -20.82499668558961,
      0.0
     ],
     [
      -49.35162750969981,
      -20.825002739406393,
      0.0
     ],
     [
      -49.35164903297175,
      -20.825003461314985,
      0.0
     ],
     [
      -49.351636835679194,
      -20.825103246490837,
      0.0
     ],
     [
      -49.351634735684414,
      -20.82513324030879,
      0.0
     ],
     [
      -49.35155610185979,
      -20.825948073484195,
      0.0
     ],
     [
      -49.35148166137206,
      -20.826827553702717,
      0.0
     ],
     [
      -49.35143327953595,
      -20.827186218460735,
      0.0
     ],
     [
      -49.35138178122814,
      -20.827527346303217,
      0.0
     ],
     [
      -49.35135079383069,
      -20.827724950731213,
      0.0
     ],
     [
      -49.35132885485974,
      -20.827907047605464,
      0.0
     ],
     [
      -49.351300073540926,
      -20.828087240415496,
      0.0
     ],
     [
      -49.35128826993257,
      -20.828244182995327,
      0.0
     ],
     [
      -49.35128718582504,
      -20.82832638294857,
      0.0
     ],
     [
      -49.35126142944454,
      -20.828604231872475,
      0.0
     ],
     [
      -49.35122251721524,
      -20.82886075550493,
      0.0
     ],
     [
      -49.35117991779755,
      -20.829167442807133,
      0.0
     ],
     [
      -49.351154656024086,
      -20.829468390235565,
      0.0
     ],
     [
      -49.35112460684337,
      -20.82963198433506,
      0.0
     ],
     [
      -49.351076271316536,
      -20.829760553974175,
      0.0
     ],
     [
      -49.351031565855166,
      -20.829955902565228,
      0.0
     ],
     [
      -49.3508980490865,
      -20.830281675838577,
      0.0
     ],
     [
      -49.350845867369436,
      -20.83039212246274,
      0.0
     ],
     [
      -49.35080725429325,
      -20.83050591542531,
      0.0
     ],
     [
      -49.350704359348995,
      -20.830741472449937,
      0.0
     ],
     [
      -49.35068519969329,
      -20.830796783222997,
      0.0
     ],
     [
      -49.350675150209625,
      -20.830879468614338,
      0.0
     ],
     [
      -49.350656933030976,
      -20.830977127986397,
      0.0
     ],
     [
      -49.35063912563966,
      -20.83103716158023,
      0.0
     ],
     [
      -49.35061323250801,
      -20.831104643634728,
      0.0
     ],
     [
      -49.35060467968813,
      -20.8311312466182,
      0.0
     ],
     [
      -49.35058980302106,
      -20.83117008535842,
      0.0
     ],
     [
      -49.3505775045593,
      -20.8311750209283,
      0.0
     ],
     [
      -49.35054031249619,
      -20.83119227723853,
      0.0
     ],
     [
      -49.35050969652673,
      -20.831207835415523,
      0.0
     ],
     [
      -49.350435019508744,
      -20.831312362750175,
      0.0
     ],
     [
      -49.35039750066751,
      -20.831369931108213,
      0.0
     ],
     [
      -49.35038441682826,
      -20.831396861707184,
      0.0
     ],
     [
      -49.35036704298706,
      -20.831426254948678,
      0.0
     ],
     [
      -49.350334299669996,
      -20.831496585038636,
      0.0
     ],
     [
      -49.350244885011,
      -20.83169841034175,
      0.0
     ],
     [
      -49.35005913381602,
      -20.832028721037418,
      0.0
     ],
     [
      -49.34981353187313,
      -20.8323723360147,
      0.0
     ],
     [
      -49.34969941134467,
      -20.832503346281694,
      0.0
     ],
     [
      -49.349629377019355,
      -20.832588633338787,
      0.0
     ],
     [
      -49.34955184826633,
      -20.832687748152093,
      0.0
     ],
     [
      -49.34946799890854,
      -20.8327762117328,
      0.0
     ],
     [
      -49.349442848371545,
      -20.832794882729655,
      0.0
     ],
     [
      -49.349366962016056,
      -20.83283612615648,
      0.0
     ],
     [
      -49.3492987330826,
      -20.83287519953078,
      0.0
     ],
     [
      -49.34927680190723,
      -20.832893902423876,
      0.0
     ],
     [
      -49.34926175975689,
      -20.832905654855537,
      0.0
     ],
     [
      -49.34924752364434,
      -20.832915036662254,
      0.0
     ],
     [
      -49.34920998917517,
      -20.83293694315168,
      0.0
     ],
     [
      -49.34917612774259,
      -20.832971647758143,
      0.0
     ],
     [
      -49.349136812592974,
      -20.83301137725484,
      0.0
     ],
     [
      -49.349089842370056,
      -20.833059664007603,
      0.0
     ],
     [
      -49.349023425366376,
      -20.83312632164355,
      0.0
     ],
     [
      -49.34891428569691,
      -20.83323590153351,
      0.0
     ],
     [
      -49.34876873843388,
      -20.833377330373242,
      0.0
     ],
     [
      -49.34862430503164,
      -20.833524260970535,
      0.0
     ],
     [
      -49.348479664810306,
      -20.83367902736914,
      0.0
     ],
     [
      -49.34810125442303,
      -20.834037858746605,
      0.0
     ],
     [
      -49.347898699979886,
      -20.83424127970432,
      0.0
     ],
     [
      -49.34767372807346,
      -20.834440520482374,
      0.0
     ],
     [
      -49.34750191079843,
      -20.834617795981284,
      0.0
     ],
     [
      -49.347361937082994,
      -20.834759887847753,
      0.0
     ],
     [
      -49.34711712273331,
      -20.83499561033014,
      0.0
     ],
     [
      -49.34693593231874,
      -20.835166879930394,
      0.0
     ],
     [
      -49.34675957177033,
      -20.835327845017947,
      0.0
     ],
     [
      -49.34659101093129,
      -20.835494799084334,
      0.0
     ],
     [
      -49.3464880944713,
      -20.835620263974445,
      0.0
     ],
     [
      -49.34632499729352,
      -20.835795227640315,
      0.0
     ],
     [
      -49.346148760762425,
      -20.835996078378535,
      0.0
     ],
     [
      -49.34599274920668,
      -20.836187649492178,
      0.0
     ],
     [
      -49.345815043949074,
      -20.836425398957267,
      0.0
     ],
     [
      -49.34569705319553,
      -20.836583580629377,
      0.0
     ],
     [
      -49.34556894005105,
      -20.836777327577604,
      0.0
     ],
     [
      -49.34546657395261,
      -20.836942123973245,
      0.0
     ],
     [
      -49.34535976852309,
      -20.837097684536875,
      0.0
     ],
     [
      -49.34527907601031,
      -20.83720385108362,
      0.0
     ],
     [
      -49.34523963487605,
      -20.837312308519028,
      0.0
     ],
     [
      -49.345221122878066,
      -20.837348093612178,
      0.0
     ],
     [
      -49.34519982461064,
      -20.837466130550023,
      0.0
     ],
     [
      -49.34519397177686,
      -20.83751071683174,
      0.0
     ],
     [
      -49.34517234581673,
      -20.837573817392336,
      0.0
     ],
     [
      -49.34516282034407,
      -20.837616314088354,
      0.0
     ],
     [
      -49.34515846276002,
      -20.83764655778486,
      0.0
     ],
     [
      -49.34514667620076,
      -20.8377117469811,
      0.0
     ],
     [
      -49.34510625897205,
      -20.837817355868854,
      0.0
     ],
     [
      -49.34508501063371,
      -20.837880272174093,
      0.0
     ],
     [
      -49.34508599839855,
      -20.83789714720553,
      0.0
     ],
     [
      -49.345090372157344,
      -20.837911920457366,
      0.0
     ],
     [
      -49.345152306033654,
      -20.837942367440082,
      0.0
     ],
     [
      -49.345176117662874,
      -20.83795190146979,
      0.0
     ],
     [
      -49.34518638752095,
      -20.837955490132703,
      0.0
     ],
     [
      -49.34519924751504,
      -20.837958934902097,
      0.0
     ]
    ],
    "type": "LineString"
   },
   "properties": {
    "id": "city-17",
    "kind": "matched",
    "lengthM": 1687.1,
    "name": "",
    "source": "city"
   },
   "type": "Feature"
  },
  {
   "geometry": {
    "coordinates": [
     [
      -49.35165258727528,
      -20.841210761155402,
      0.0
     ],
     [
      -49.35160188799985,
      -20.841261940161417,
      0.0
     ],
     [
      -49.35152158038659,
      -20.841342721658183,
      0.0
     ],
     [
      -49.35150812080269,
      -20.841376198491208,
      0.0
     ],
     [
      -49.35159794579352,
      -20.841430860957622,
      0.0
     ],
     [
      -49.351694542885454,
      -20.841494197012835,
      0.0
     ],
     [
      -49.35197333591573,
      -20.841643210236455,
      0.0
     ],
     [
      -49.35213957920324,
      -20.841722278788723,
      0.0
     ],
     [
      -49.35220339818265,
      -20.841747640576624,
      0.0
     ],
     [
      -49.3522466998867,
      -20.841765272312276,
      0.0
     ],
     [
      -49.352250773417644,
      -20.84181157766176,
      0.0
     ],
     [
      -49.35225017604798,
      -20.841866445621914,
      0.0
     ],
     [
      -49.352242584026335,
      -20.841933082230607,
      0.0
     ],
     [
      -49.3522176723286,
      -20.842013539803656,
      0.0
     ],
     [
      -49.35220543088092,
      -20.842086586658773,
      0.0
     ],
     [
      -49.35220261515692,
      -20.84213497828532,
      0.0
     ],
     [
      -49.3522055566062,
      -20.842157468060364,
      0.0
     ],
     [
      -49.352267830944754,
      -20.842159151205408,
      0.0
     ],
     [
      -49.352300941673086,
      -20.842152324669303,
      0.0
     ],
     [
      -49.352311936191164,
      -20.842167681778612,
      0.0
     ],
     [
      -49.352317505651044,
      -20.84218973434742,
      0.0
     ],
     [
      -49.352326746914144,
      -20.84224318574462,
      0.0
     ],
     [
      -49.35235093908353,
      -20.842312754050973,
      0.0
     ],
     [
      -49.35236890286407,
      -20.842361748473973,
      0.0
     ],
     [
      -49.352411202947366,
      -20.842426917577576,
      0.0
     ],
     [
      -49.352471301845405,
      -20.84248660053373,
      0.0
     ],
     [
      -49.35254167976079,
      -20.842544138557212,
      0.0
     ],
     [
      -49.35278521447141,
      -20.8426961626522,
      0.0
     ],
     [
      -49.35318361679514,
      -20.842937771990808,
      0.0
     ],
     [
      -49.35352738094845,
      -20.843137686311756,
      0.0
     ],
     [
      -49.35425747827722,
      -20.843543413302154,
      0.0
     ],
     [
      -49.355910462203255,
      -20.84451396993831,
      0.0
     ],
     [
      -49.35604667698086,
      -20.844601503262112,
      0.0
     ],
     [
      -49.35620728377413,
      -20.844722195081324,
      0.0
     ],
     [
      -49.356412241562055,
      -20.84489234639284,
      0.0
     ],
     [
      -49.35772913434964,
      -20.84598218899066,
      0.0
     ],
     [
      -49.35838805337988,
      -20.846535354009088,
      0.0
     ],
     [
      -49.35931369925161,
      -20.84730979934371,
      0.0
     ],
     [
      -49.359544729307665,
      -20.847488806460596,
      0.0
     ],
     [
      -49.359742983592696,
      -20.847679069711056,
      0.0
     ],
     [
      -49.35996406308513,
      -20.84791208610991,
      0.0
     ],
     [
      -49.36018311181769,
      -20.848172943372525,
      0.0
     ],
     [
      -49.360394672572205,
      -20.848466445405965,
      0.0
     ],
     [
      -49.36043814782972,
      -20.84867085912,
      0.0
     ],
     [
      -49.36051447677975,
      -20.84886692656306,
      0.0
     ],
     [
      -49.36063136017291,
      -20.84905982148242,
      0.0
     ],
     [
      -49.36086990369687,
      -20.84939913675623,
      0.0
     ],
     [
      -49.3620971657449,
      -20.85118916901065,
      0.0
     ],
     [
      -49.36216438479347,
      -20.85128267528562,
      0.0
     ],
     [
      -49.36220363028393,
      -20.851337421464407,
      0.0
     ],
     [
      -49.3622369182435,
      -20.85139080356197,
      0.0
     ],
     [
      -49.36230251960076,
      -20.851468741241224,
      0.0
     ],
     [
      -49.362347782840764,
      -20.851504566560358,
      0.0
     ],
     [
      -49.36240173772108,
      -20.85151946327659,
      0.0
     ],
     [
      -49.362471063169274,
      -20.8515038154704,
      0.0
     ],
     [
      -49.362530361260404,
      -20.851485484663122,
      0.0
     ],
     [
      -49.36261755178174,
      -20.851479602561888,
      0.0
     ],
     [
      -49.36268072894374,
      -20.851474614459313,
      0.0
     ],
     [
      -49.36275649830391,
      -20.85149929381217,
      0.0
     ],
     [
      -49.36282222384807,
      -20.851536220720252,
      0.0
     ],
     [
      -49.3629010059026,
      -20.85160191801839,
      0.0
     ],
     [
      -49.36294623740306,
      -20.851665112073057,
      0.0
     ],
     [
      -49.36297450126819,
      -20.85172422804481,
      0.0
     ],
     [
      -49.36298564660516,
      -20.85179942261514,
      0.0
     ],
     [
      -49.3629834137938,
      -20.851877165744025,
      0.0
     ],
     [
      -49.36300410769594,
      -20.85191120317827,
      0.0
     ],
     [
      -49.36307363773828,
      -20.851985530621487,
      0.0
     ],
     [
      -49.36318178590089,
      -20.85209209221882,
      0.0
     ],
     [
      -49.363467554243826,
      -20.852347411473566,
      0.0
     ],
     [
      -49.36378013008775,
      -20.85263581980705,
      0.0
     ],
     [
      -49.36408700689449,
      -20.85291487907442,
      0.0
     ],
     [
      -49.364181458793084,
      -20.85300136337068,
      0.0
     ],
     [
      -49.364266877735965,
      -20.853075761820463,
      0.0
     ],
     [
      -49.36433885177949,
      -20.85312022364756,
      0.0
     ],
     [
      -49.364372510235704,
      -20.853139359262304,
      0.0
     ],
     [
      -49.3644112386092,
      -20.85315468710891,
      0.0
     ]
    ],
    "type": "LineString"
   },
   "properties": {
    "id": "city-18",
    "kind": "matched",
    "lengthM": 1969.2,
    "name": "",
    "source": "city"
   },
   "type": "Feature"
  },
  {
   "geometry": {
    "coordinates": [
     [
      -49.35165258727528,
      -20.841210761155402,
      0.0
     ],
     [
      -49.351752791423,
      -20.84125918587892,
      0.0
     ],
     [
      -49.351801005044756,
      -20.841273723311144,
      0.0
     ],
     [
      -49.35182566817838,
      -20.841282803977403,
      0.0
     ],
     [
      -49.35185650083876,
      -20.841292796729043,
      0.0
     ],
     [
      -49.35188871130459,
      -20.841305446695337,
      0.0
     ],
     [
      -49.3519633570303,
      -20.84133877778966,
      0.0
     ],
     [
      -49.35211419078203,
      -20.841413737992998,
      0.0
     ],
     [
      -49.352362153464284,
      -20.84154268068872,
      0.0
     ],
     [
      -49.352399165356466,
      -20.841559764992095,
      0.0
     ],
     [
      -49.35244229982778,
      -20.841587107357476,
      0.0
     ],
     [
      -49.35253821033063,
      -20.84166739492444,
      0.0
     ],
     [
      -49.3525623279444,
      -20.841684318119583,
      0.0
     ],
     [
      -49.352545148179715,
      -20.84170250612102,
      0.0
     ],
     [
      -49.35252369629866,
      -20.841721841767182,
      0.0
     ],
     [
      -49.3524885893527,
      -20.8417638507787,
      0.0
     ],
     [
      -49.352443632787455,
      -20.841812524424515,
      0.0
     ],
     [
      -49.35238585253282,
      -20.841885701370853,
      0.0
     ],
     [
      -49.35235332855613,
      -20.841941639706814,
      0.0
     ],
     [
      -49.3523290869202,
      -20.84199232914963,
      0.0
     ],
     [
      -49.3523188307693,
      -20.842038982605963,
      0.0
     ],
     [
      -49.35231427630558,
      -20.8421010145104,
      0.0
     ],
     [
      -49.352300941673086,
      -20.842152324669303,
      0.0
     ]
    ],
    "type": "LineString"
   },
   "properties": {
    "id": "city-19",
    "kind": "matched",
    "lengthM": 169.0,
    "name": "",
    "source": "city"
   },
   "type": "Feature"
  },
  {
   "geometry": {
    "coordinates": [
     [
      -49.364407952013266,
      -20.853151585377322,
      0.0
     ],
     [
      -49.364492134721864,
      -20.853156721940532,
      0.0
     ],
     [
      -49.3645626344432,
      -20.853153930421012,
      0.0
     ],
     [
      -49.36468576103308,
      -20.853115535672757,
      0.0
     ],
     [
      -49.36480762555916,
      -20.853002586337972,
      0.0
     ],
     [
      -49.36512011975417,
      -20.852718443281944,
      0.0
     ],
     [
      -49.365595499005885,
      -20.852272313386695,
      0.0
     ],
     [
      -49.365759795062836,
      -20.852129942188025,
      0.0
     ],
     [
      -49.365800655201035,
      -20.85208492224229,
      0.0
     ],
     [
      -49.365842502177365,
      -20.852045954811057,
      0.0
     ],
     [
      -49.36620472761186,
      -20.851610128026405,
      0.0
     ],
     [
      -49.36632839781511,
      -20.851470351189622,
      0.0
     ],
     [
      -49.36642444683178,
      -20.85136974895933,
      0.0
     ],
     [
      -49.366544384276914,
      -20.8512562251949,
      0.0
     ],
     [
      -49.366727394764595,
      -20.85109445598417,
      0.0
     ],
     [
      -49.36692749905253,
      -20.850942673955934,
      0.0
     ],
     [
      -49.36721998923312,
      -20.850758536612506,
      0.0
     ],
     [
      -49.36760130160908,
      -20.850567601002588,
      0.0
     ],
     [
      -49.367891341973056,
      -20.850401794217227,
      0.0
     ],
     [
      -49.368202047395634,
      -20.850248504049937,
      0.0
     ],
     [
      -49.368391714189954,
      -20.850150626578888,
      0.0
     ],
     [
      -49.36874216123967,
      -20.849992546299884,
      0.0
     ],
     [
      -49.3690264621556,
      -20.849845576298968,
      0.0
     ],
     [
      -49.36935880892855,
      -20.849723115730114,
      0.0
     ],
     [
      -49.369696976751285,
      -20.849658067123123,
      0.0
     ],
     [
      -49.36987289018336,
      -20.849651477817904,
      0.0
     ],
     [
      -49.36992944999119,
      -20.84963323931993,
      0.0
     ],
     [
      -49.369966135471806,
      -20.849614113327018,
      0.0
     ],
     [
      -49.37003758344443,
      -20.849582204088495,
      0.0
     ]
    ],
    "type": "LineString"
   },
   "properties": {
    "id": "city-20",
    "kind": "matched",
    "lengthM": 725.9,
    "name": "",
    "source": "city"
   },
   "type": "Feature"
  },
  {
   "geometry": {
    "coordinates": [
     [
      -49.36486558885461,
      -20.766809879020432,
      0.0
     ],
     [
      -49.36485924696262,
      -20.766858095263274,
      0.0
     ],
     [
      -49.364833331523464,
      -20.766904546177678,
      0.0
     ],
     [
      -49.36473849007392,
      -20.766992546341793,
      0.0
     ],
     [
      -49.36464670760537,
      -20.76707758741491,
      0.0
     ],
     [
      -49.36453917683391,
      -20.767177368677068,
      0.0
     ],
     [
      -49.36446614878201,
      -20.76724210922745,
      0.0
     ],
     [
      -49.36441218897388,
      -20.767296757955023,
      0.0
     ],
     [
      -49.36436193536768,
      -20.767351587390024,
      0.0
     ],
     [
      -49.36431996120541,
      -20.767398149051957,
      0.0
     ],
     [
      -49.36418986129483,
      -20.76753867310302,
      0.0
     ],
     [
      -49.36409677494288,
      -20.767643511954482,
      0.0
     ],
     [
      -49.363923141720115,
      -20.76780791660755,
      0.0
     ],
     [
      -49.36381525214451,
      -20.767913186972294,
      0.0
     ],
     [
      -49.36370200299154,
      -20.76802579348196,
      0.0
     ],
     [
      -49.36363878276762,
      -20.76807931941425,
      0.0
     ],
     [
      -49.36359663501457,
      -20.7681096783236,
      0.0
     ],
     [
      -49.36355144257976,
      -20.768128188379837,
      0.0
     ],
     [
      -49.36346138602611,
      -20.76816789441824,
      0.0
     ],
     [
      -49.363239905709996,
      -20.76823870915947,
      0.0
     ],
     [
      -49.36313995802892,
      -20.768272579312445,
      0.0
     ],
     [
      -49.36300387146448,
      -20.768329616353142,
      0.0
     ],
     [
      -49.362934714088695,
      -20.768372927678488,
      0.0
     ],
     [
      -49.36284740475694,
      -20.76845401496122,
      0.0
     ],
     [
      -49.362748292951856,
      -20.76855797715026,
      0.0
     ],
     [
      -49.36261201075444,
      -20.768706561681242,
      0.0
     ],
     [
      -49.36255481390104,
      -20.768754364307817,
      0.0
     ],
     [
      -49.36249951681993,
      -20.76880037750032,
      0.0
     ],
     [
      -49.3625013223644,
      -20.768802522012685,
      0.0
     ],
     [
      -49.36243559910369,
      -20.76883977663534,
      0.0
     ],
     [
      -49.3622353692557,
      -20.76891001756527,
      0.0
     ],
     [
      -49.36209819489121,
      -20.768949210292007,
      0.0
     ],
     [
      -49.361299309560565,
      -20.76919552756053,
      0.0
     ],
     [
      -49.360945427879834,
      -20.769309212500065,
      0.0
     ],
     [
      -49.360301814804906,
      -20.769522293369075,
      0.0
     ],
     [
      -49.36019725806855,
      -20.76954632763559,
      0.0
     ],
     [
      -49.360125116701646,
      -20.769560949024818,
      0.0
     ],
     [
      -49.36002392719611,
      -20.7695889871893,
      0.0
     ],
     [
      -49.359867286714746,
      -20.76964427434538,
      0.0
     ],
     [
      -49.359667704533116,
      -20.769711533792258,
      0.0
     ],
     [
      -49.35961536770784,
      -20.769711165793563,
      0.0
     ]
    ],
    "type": "LineString"
   },
   "properties": {
    "id": "city-21",
    "kind": "matched",
    "lengthM": 655.3,
    "name": "",
    "source": "city"
   },
   "type": "Feature"
  },
  {
   "geometry": {
    "coordinates": [
     [
      -49.35928829042479,
      -20.769726496962928,
      0.0
     ],
     [
      -49.35931574095484,
      -20.769750387084244,
      0.0
     ],
     [
      -49.359342248531526,
      -20.76977523834851,
      0.0
     ],
     [
      -49.359348588856975,
      -20.769792623500543,
      0.0
     ],
     [
      -49.359352342156,
      -20.76982135661177,
      0.0
     ],
     [
      -49.359346321395925,
      -20.769838145827297,
      0.0
     ],
     [
      -49.35931919934389,
      -20.769867167521593,
      0.0
     ],
     [
      -49.3592818753686,
      -20.769897004994448,
      0.0
     ],
     [
      -49.359198786278576,
      -20.76996662329779,
      0.0
     ],
     [
      -49.35913811019516,
      -20.770009266972604,
      0.0
     ],
     [
      -49.35896345935815,
      -20.77014088610542,
      0.0
     ],
     [
      -49.35887255582098,
      -20.770197884395937,
      0.0
     ],
     [
      -49.358810727106594,
      -20.770227452359347,
      0.0
     ],
     [
      -49.35872003860058,
      -20.770267915725405,
      0.0
     ],
     [
      -49.35860465542444,
      -20.77032249842073,
      0.0
     ],
     [
      -49.358601368597256,
      -20.77032358440091,
      0.0
     ],
     [
      -49.35850243513234,
      -20.770358667318693,
      0.0
     ],
     [
      -49.35844509099489,
      -20.770376197142735,
      0.0
     ],
     [
      -49.35833912972491,
      -20.770426319736874,
      0.0
     ],
     [
      -49.35830309810737,
      -20.770448698056164,
      0.0
     ],
     [
      -49.35824298123448,
      -20.77050381059798,
      0.0
     ],
     [
      -49.35818396109153,
      -20.770580611223274,
      0.0
     ],
     [
      -49.35815251845344,
      -20.770631332259182,
      0.0
     ],
     [
      -49.35808184765038,
      -20.77073234216368,
      0.0
     ],
     [
      -49.35801013176351,
      -20.7708032320259,
      0.0
     ],
     [
      -49.357961072442336,
      -20.770861432000103,
      0.0
     ],
     [
      -49.35781932963093,
      -20.771015042107702,
      0.0
     ],
     [
      -49.357666182762664,
      -20.771155987923,
      0.0
     ],
     [
      -49.357590498396995,
      -20.771238293593814,
      0.0
     ],
     [
      -49.3575756534666,
      -20.771290644728268,
      0.0
     ],
     [
      -49.357583003010426,
      -20.77133477302474,
      0.0
     ],
     [
      -49.35762791734629,
      -20.771368162522066,
      0.0
     ],
     [
      -49.35765361646086,
      -20.77138463895757,
      0.0
     ],
     [
      -49.35765963033726,
      -20.77140582126201,
      0.0
     ],
     [
      -49.357635667880544,
      -20.77142859306126,
      0.0
     ],
     [
      -49.35752532640871,
      -20.771532417388734,
      0.0
     ],
     [
      -49.35747877163629,
      -20.771577991208336,
      0.0
     ],
     [
      -49.357448375994174,
      -20.771608852006096,
      0.0
     ],
     [
      -49.35743466232372,
      -20.771651437426275,
      0.0
     ],
     [
      -49.357456311465555,
      -20.77167331307635,
      0.0
     ],
     [
      -49.35750184230475,
      -20.77171879839673,
      0.0
     ],
     [
      -49.357588542051786,
      -20.771804852127914,
      0.0
     ],
     [
      -49.357720091898635,
      -20.771946608232884,
      0.0
     ],
     [
      -49.357779102817766,
      -20.77200319580214,
      0.0
     ],
     [
      -49.35782574369459,
      -20.772051031232426,
      0.0
     ],
     [
      -49.35784183564053,
      -20.772078873350544,
      0.0
     ],
     [
      -49.357833844926006,
      -20.77210230736889,
      0.0
     ],
     [
      -49.357789641039965,
      -20.772135994516873,
      0.0
     ],
     [
      -49.357546227915975,
      -20.772352087658135,
      0.0
     ],
     [
      -49.357277322178945,
      -20.77256832225937,
      0.0
     ],
     [
      -49.35696552639269,
      -20.772824004529884,
      0.0
     ],
     [
      -49.35675837210062,
      -20.772974212727462,
      0.0
     ],
     [
      -49.35633768436225,
      -20.77326713210066,
      0.0
     ],
     [
      -49.3559871814491,
      -20.773491632750947,
      0.0
     ],
     [
      -49.35589465894902,
      -20.773549284922332,
      0.0
     ],
     [
      -49.355885465202654,
      -20.77355365562702,
      0.0
     ],
     [
      -49.35587180261634,
      -20.773562269742325,
      0.0
     ],
     [
      -49.355858450150265,
      -20.77357497519991,
      0.0
     ],
     [
      -49.355849550118606,
      -20.773583444315314,
      0.0
     ],
     [
      -49.35568061066324,
      -20.773718630921742,
      0.0
     ],
     [
      -49.355521658682605,
      -20.77388682141655,
      0.0
     ],
     [
      -49.35541253874497,
      -20.774009785230223,
      0.0
     ],
     [
      -49.355262437292396,
      -20.774198862496,
      0.0
     ],
     [
      -49.355238151472754,
      -20.774231020699045,
      0.0
     ],
     [
      -49.35521223710243,
      -20.77425640113336,
      0.0
     ],
     [
      -49.355189908860496,
      -20.774249874034115,
      0.0
     ],
     [
      -49.35517324295534,
      -20.774198431780935,
      0.0
     ],
     [
      -49.35515226730325,
      -20.774158712025457,
      0.0
     ],
     [
      -49.35511385938378,
      -20.77410461714603,
      0.0
     ],
     [
      -49.35506002447796,
      -20.774021620370952,
      0.0
     ],
     [
      -49.355029381269944,
      -20.77397654441517,
      0.0
     ],
     [
      -49.35499899378238,
      -20.773932600942985,
      0.0
     ],
     [
      -49.354988139281225,
      -20.773906206174427,
      0.0
     ],
     [
      -49.35495437768836,
      -20.77378866224737,
      0.0
     ],
     [
      -49.35490433225931,
      -20.773618203696365,
      0.0
     ],
     [
      -49.354850506665656,
      -20.7734813444997,
      0.0
     ],
     [
      -49.35479056027653,
      -20.773294996723163,
      0.0
     ],
     [
      -49.35468821329058,
      -20.773015506357925,
      0.0
     ]
    ],
    "type": "LineString"
   },
   "properties": {
    "id": "city-22",
    "kind": "matched",
    "lengthM": 898.5,
    "name": "",
    "source": "city"
   },
   "type": "Feature"
  },
  {
   "geometry": {
    "coordinates": [
     [
      -49.35204623534237,
      -20.81046677478532,
      0.0
     ],
     [
      -49.35205756710681,
      -20.81044437698018,
      0.0
     ],
     [
      -49.35206756482322,
      -20.810429546876872,
      0.0
     ],
     [
      -49.352085638728525,
      -20.810412272366452,
      0.0
     ],
     [
      -49.3521230406778,
      -20.810385724209233,
      0.0
     ],
     [
      -49.35218347216114,
      -20.810353617118807,
      0.0
     ],
     [
      -49.352225145813634,
      -20.81034788055325,
      0.0
     ],
     [
      -49.35228346815126,
      -20.81032456036798,
      0.0
     ],
     [
      -49.35252087466977,
      -20.81021078688011,
      0.0
     ],
     [
      -49.35256864469272,
      -20.810155378313517,
      0.0
     ],
     [
      -49.35292362288516,
      -20.809984897943878,
      0.0
     ],
     [
      -49.352986210029385,
      -20.80996285328657,
      0.0
     ],
     [
      -49.353032744192355,
      -20.80996166707614,
      0.0
     ],
     [
      -49.353086367700094,
      -20.809972025420983,
      0.0
     ],
     [
      -49.35313324020303,
      -20.810001598128427,
      0.0
     ],
     [
      -49.353168679601346,
      -20.810039747190682,
      0.0
     ],
     [
      -49.35323018468195,
      -20.810159764615364,
      0.0
     ],
     [
      -49.35326975912129,
      -20.810242825000497,
      0.0
     ],
     [
      -49.35336645636311,
      -20.810421391074406,
      0.0
     ],
     [
      -49.35343925668586,
      -20.81038404932584,
      0.0
     ],
     [
      -49.35366499504072,
      -20.810816067704174,
      0.0
     ],
     [
      -49.354124585932375,
      -20.811750681801684,
      0.0
     ],
     [
      -49.35419590700067,
      -20.811908206220128,
      0.0
     ],
     [
      -49.3542534637695,
      -20.812006400456074,
      0.0
     ],
     [
      -49.35430380826695,
      -20.812048880103738,
      0.0
     ],
     [
      -49.35434818929086,
      -20.812075028571314,
      0.0
     ],
     [
      -49.35439763986012,
      -20.812097026223064,
      0.0
     ],
     [
      -49.35446003906963,
      -20.81210917384933,
      0.0
     ],
     [
      -49.35451694074379,
      -20.812113394589744,
      0.0
     ],
     [
      -49.35454490421334,
      -20.81210893867329,
      0.0
     ],
     [
      -49.35458467594373,
      -20.812095783435623,
      0.0
     ],
     [
      -49.35462725230763,
      -20.81208348072291,
      0.0
     ],
     [
      -49.354811680893434,
      -20.811977803321426,
      0.0
     ],
     [
      -49.355391899177185,
      -20.811625008890925,
      0.0
     ],
     [
      -49.35572640476874,
      -20.81145257487744,
      0.0
     ],
     [
      -49.355887939606355,
      -20.811362469154297,
      0.0
     ],
     [
      -49.35626886825689,
      -20.811191057257737,
      0.0
     ],
     [
      -49.35646060819974,
      -20.81111730218218,
      0.0
     ],
     [
      -49.35710182585254,
      -20.810870762080217,
      0.0
     ],
     [
      -49.3573464554326,
      -20.810800432200423,
      0.0
     ],
     [
      -49.357632417506764,
      -20.81072799118777,
      0.0
     ],
     [
      -49.35793288775141,
      -20.810669472160917,
      0.0
     ],
     [
      -49.35849913284681,
      -20.810542173010315,
      0.0
     ],
     [
      -49.35886140560756,
      -20.81045669041028,
      0.0
     ],
     [
      -49.35925462858275,
      -20.81037733582534,
      0.0
     ],
     [
      -49.35953947619118,
      -20.810335921173664,
      0.0
     ],
     [
      -49.35956153598362,
      -20.810143322417535,
      0.0
     ],
     [
      -49.359594745266094,
      -20.810033842350133,
      0.0
     ],
     [
      -49.359653614888934,
      -20.809932850417496,
      0.0
     ],
     [
      -49.35976878233475,
      -20.809795310845253,
      0.0
     ],
     [
      -49.35993771192241,
      -20.80968766543851,
      0.0
     ],
     [
      -49.359964644417936,
      -20.80969951245376,
      0.0
     ],
     [
      -49.36048922638764,
      -20.809372593592155,
      0.0
     ],
     [
      -49.36051630123127,
      -20.809306782806317,
      0.0
     ],
     [
      -49.36071909843081,
      -20.809221109013663,
      0.0
     ],
     [
      -49.36114375821359,
      -20.809025205822206,
      0.0
     ],
     [
      -49.36189838654587,
      -20.80869505189333,
      0.0
     ],
     [
      -49.362139606181,
      -20.808617154990742,
      0.0
     ],
     [
      -49.362237392922374,
      -20.808609339516867,
      0.0
     ],
     [
      -49.36264820950466,
      -20.808623469984973,
      0.0
     ],
     [
      -49.36332016262974,
      -20.808729184388113,
      0.0
     ],
     [
      -49.36385038034621,
      -20.808832413877198,
      0.0
     ],
     [
      -49.36434044228268,
      -20.808908482887613,
      0.0
     ],
     [
      -49.364977375651236,
      -20.809039572258786,
      0.0
     ],
     [
      -49.36531147004137,
      -20.809116588478354,
      0.0
     ],
     [
      -49.36538516029215,
      -20.809155450302953,
      0.0
     ],
     [
      -49.365489114445076,
      -20.80921860960572,
      0.0
     ],
     [
      -49.36591255490313,
      -20.809450846300994,
      0.0
     ],
     [
      -49.36614713618914,
      -20.80950385386056,
      0.0
     ],
     [
      -49.36637088254479,
      -20.809506354169756,
      0.0
     ],
     [
      -49.36655214703238,
      -20.809498442662935,
      0.0
     ],
     [
      -49.36670724895356,
      -20.809486350568655,
      0.0
     ],
     [
      -49.36688192597751,
      -20.809473801609595,
      0.0
     ],
     [
      -49.36719682215294,
      -20.809445476326868,
      0.0
     ],
     [
      -49.36729334096226,
      -20.80941565395113,
      0.0
     ],
     [
      -49.367328032906535,
      -20.80941524987692,
      0.0
     ],
     [
      -49.36740994556107,
      -20.80946025668069,
      0.0
     ],
     [
      -49.36752441673553,
      -20.80956872013002,
      0.0
     ],
     [
      -49.3675941291428,
      -20.809538122978882,
      0.0
     ],
     [
      -49.36774762335814,
      -20.809789744736552,
      0.0
     ],
     [
      -49.36785668267488,
      -20.80988962381493,
      0.0
     ],
     [
      -49.36798286537643,
      -20.810017626835773,
      0.0
     ],
     [
      -49.36816104257408,
      -20.810087029212895,
      0.0
     ],
     [
      -49.36827294919138,
      -20.81011744267139,
      0.0
     ],
     [
      -49.368388541582874,
      -20.810111747923482,
      0.0
     ],
     [
      -49.368534613727014,
      -20.810094731962895,
      0.0
     ],
     [
      -49.368637517005965,
      -20.810104951860527,
      0.0
     ],
     [
      -49.36954030372659,
      -20.80997671602481,
      0.0
     ],
     [
      -49.369731613568504,
      -20.809948371690815,
      0.0
     ],
     [
      -49.3697774384464,
      -20.809946244673977,
      0.0
     ],
     [
      -49.369844024770146,
      -20.809945109030537,
      0.0
     ],
     [
      -49.36996267341182,
      -20.809946434785214,
      0.0
     ],
     [
      -49.37010245849221,
      -20.809960160566202,
      0.0
     ],
     [
      -49.37017399342147,
      -20.809975193202845,
      0.0
     ],
     [
      -49.370281145614214,
      -20.81000233355458,
      0.0
     ],
     [
      -49.37045519950858,
      -20.810063981954695,
      0.0
     ],
     [
      -49.37052147329998,
      -20.81009505691869,
      0.0
     ],
     [
      -49.370600439152206,
      -20.81014201431996,
      0.0
     ],
     [
      -49.3707900558518,
      -20.81027488993674,
      0.0
     ],
     [
      -49.3709506881742,
      -20.81037455531228,
      0.0
     ],
     [
      -49.3711540252621,
      -20.810460752282037,
      0.0
     ],
     [
      -49.37132990090157,
      -20.810522462311095,
      0.0
     ],
     [
      -49.37146708534669,
      -20.810556558153557,
      0.0
     ],
     [
      -49.37162111752961,
      -20.810589320716197,
      0.0
     ],
     [
      -49.37161545613692,
      -20.810681260968916,
      0.0
     ],
     [
      -49.37186182639529,
      -20.81071363286762,
      0.0
     ],
     [
      -49.37210724237593,
      -20.810714017266886,
      0.0
     ],
     [
      -49.37235888391917,
      -20.810710534623066,
      0.0
     ],
     [
      -49.372442777048946,
      -20.81070551453566,
      0.0
     ],
     [
      -49.37255446629973,
      -20.810688303384172,
      0.0
     ],
     [
      -49.37264319768664,
      -20.810659997509845,
      0.0
     ],
     [
      -49.372730772074235,
      -20.810620262761322,
      0.0
     ],
     [
      -49.37283092230601,
      -20.81056545904053,
      0.0
     ],
     [
      -49.37316798433474,
      -20.810270114894713,
      0.0
     ],
     [
      -49.37339375986012,
      -20.810052332218334,
      0.0
     ],
     [
      -49.37354685761449,
      -20.809921288614483,
      0.0
     ],
     [
      -49.37363979274931,
      -20.809835009620674,
      0.0
     ],
     [
      -49.37372796165837,
      -20.8097547420669,
      0.0
     ],
     [
      -49.37377294103962,
      -20.8097159893392,
      0.0
     ],
     [
      -49.37382352386847,
      -20.809700814668723,
      0.0
     ],
     [
      -49.37387736771302,
      -20.809690883915852,
      0.0
     ],
     [
      -49.373941278888786,
      -20.809698844744624,
      0.0
     ],
     [
      -49.37400152985582,
      -20.80971808933055,
      0.0
     ],
     [
      -49.37405217985235,
      -20.80975559001075,
      0.0
     ],
     [
      -49.37415812459659,
      -20.809925660994,
      0.0
     ],
     [
      -49.37425931646319,
      -20.810036657280744,
      0.0
     ],
     [
      -49.37432816663912,
      -20.810112177377018,
      0.0
     ],
     [
      -49.37436401346993,
      -20.81011079732227,
      0.0
     ],
     [
      -49.37437852923302,
      -20.810102946054045,
      0.0
     ],
     [
      -49.374393881858104,
      -20.810092039589854,
      0.0
     ],
     [
      -49.374529133708116,
      -20.8100058171017,
      0.0
     ],
     [
      -49.37460961369152,
      -20.809965258017364,
      0.0
     ],
     [
      -49.374681173756954,
      -20.809932030530685,
      0.0
     ],
     [
      -49.3747602836794,
      -20.809892818771438,
      0.0
     ],
     [
      -49.37486231650006,
      -20.809847172241305,
      0.0
     ],
     [
      -49.374955754447264,
      -20.80979896821721,
      0.0
     ],
     [
      -49.37504233333137,
      -20.80972689055887,
      0.0
     ],
     [
      -49.37506042588721,
      -20.809689801314967,
      0.0
     ],
     [
      -49.37510236226353,
      -20.80954664083328,
      0.0
     ]
    ],
    "type": "LineString"
   },
   "properties": {
    "id": "city-23",
    "kind": "matched",
    "lengthM": 2857.2,
    "name": "",
    "source": "city"
   },
   "type": "Feature"
  },
  {
   "geometry": {
    "coordinates": [
     [
      -49.41581731531956,
      -20.785517464467972,
      0.0
     ],
     [
      -49.41579620662923,
      -20.785528465478894,
      0.0
     ],
     [
      -49.41577715178376,
      -20.785532638222556,
      0.0
     ],
     [
      -49.41574886472862,
      -20.78553527681281,
      0.0
     ],
     [
      -49.41570677127425,
      -20.785531506222487,
      0.0
     ],
     [
      -49.415629766342605,
      -20.785515599649557,
      0.0
     ],
     [
      -49.414431793277316,
      -20.785240779295414,
      0.0
     ],
     [
      -49.414383276087804,
      -20.785229071131543,
      0.0
     ],
     [
      -49.414351260264986,
      -20.785214049331856,
      0.0
     ],
     [
      -49.41433292936654,
      -20.785190941806803,
      0.0
     ],
     [
      -49.41432294662781,
      -20.785157351511327,
      0.0
     ],
     [
      -49.4143275794339,
      -20.785078906943834,
      0.0
     ],
     [
      -49.41436134099324,
      -20.784947120821624,
      0.0
     ],
     [
      -49.414441836848354,
      -20.784702239877156,
      0.0
     ],
     [
      -49.41452724810545,
      -20.784434036109335,
      0.0
     ],
     [
      -49.414671909958145,
      -20.783970313264643,
      0.0
     ],
     [
      -49.41472643523125,
      -20.783786255356414,
      0.0
     ],
     [
      -49.41473284321038,
      -20.783773726672433,
      0.0
     ],
     [
      -49.41475053630168,
      -20.78374016254678,
      0.0
     ],
     [
      -49.41484149849704,
      -20.783607627221762,
      0.0
     ],
     [
      -49.4149210428762,
      -20.78352455739155,
      0.0
     ],
     [
      -49.415041865848856,
      -20.7834396103507,
      0.0
     ],
     [
      -49.41518024120546,
      -20.78337264430812,
      0.0
     ],
     [
      -49.415216712880806,
      -20.78336013571899,
      0.0
     ],
     [
      -49.415249141571884,
      -20.78334901343999,
      0.0
     ],
     [
      -49.41529332254558,
      -20.7833393564496,
      0.0
     ],
     [
      -49.415294247732945,
      -20.783339154515605,
      0.0
     ],
     [
      -49.415329234568986,
      -20.783331506548365,
      0.0
     ],
     [
      -49.41544131455322,
      -20.783323198092074,
      0.0
     ],
     [
      -49.41550863382163,
      -20.783319997531883,
      0.0
     ],
     [
      -49.41560526006603,
      -20.783321313998137,
      0.0
     ],
     [
      -49.41570889270059,
      -20.78334350503286,
      0.0
     ],
     [
      -49.41584880943603,
      -20.78340006644447,
      0.0
     ],
     [
      -49.41596390015507,
      -20.783463253101832,
      0.0
     ],
     [
      -49.41606012297123,
      -20.783541453230594,
      0.0
     ],
     [
      -49.41614749051885,
      -20.783628780124182,
      0.0
     ],
     [
      -49.41622759509158,
      -20.783735204965264,
      0.0
     ],
     [
      -49.416274843636614,
      -20.783832307809202,
      0.0
     ],
     [
      -49.41631428810692,
      -20.78395645292439,
      0.0
     ],
     [
      -49.416327147961994,
      -20.784045575546326,
      0.0
     ],
     [
      -49.41632666745856,
      -20.784151669659362,
      0.0
     ],
     [
      -49.416306839774,
      -20.784249922338784,
      0.0
     ],
     [
      -49.41627437878594,
      -20.78435748919172,
      0.0
     ],
     [
      -49.41623745140771,
      -20.78447267775209,
      0.0
     ],
     [
      -49.41606390145258,
      -20.784916681489896,
      0.0
     ],
     [
      -49.415923972823315,
      -20.785328820554174,
      0.0
     ],
     [
      -49.415903554760156,
      -20.785383363819275,
      0.0
     ],
     [
      -49.41589347767929,
      -20.785414927021847,
      0.0
     ],
     [
      -49.41588132652327,
      -20.785441266108702,
      0.0
     ],
     [
      -49.41586513598671,
      -20.78547397973117,
      0.0
     ],
     [
      -49.41585129013923,
      -20.785492796523524,
      0.0
     ],
     [
      -49.41584221995827,
      -20.78550150850875,
      0.0
     ],
     [
      -49.41581731531956,
      -20.785517464467972,
      0.0
     ]
    ],
    "type": "LineString"
   },
   "properties": {
    "id": "city-24",
    "kind": "paper-only",
    "lengthM": 725.5,
    "name": "",
    "source": "city"
   },
   "type": "Feature"
  },
  {
   "geometry": {
    "coordinates": [
     [
      -49.426308732910634,
      -20.830969687202632,
      0.0
     ],
     [
      -49.42631136195568,
      -20.8308758223147,
      0.0
     ],
     [
      -49.42630997805529,
      -20.830836460705733,
      0.0
     ],
     [
      -49.42630373367559,
      -20.830804361461045,
      0.0
     ],
     [
      -49.426269618891055,
      -20.83075008430173,
      0.0
     ],
     [
      -49.42621638921925,
      -20.830693945050328,
      0.0
     ],
     [
      -49.426172614818086,
      -20.830648572664426,
      0.0
     ],
     [
      -49.426124110395634,
      -20.830598097288302,
      0.0
     ],
     [
      -49.426096682174204,
      -20.830565274095818,
      0.0
     ],
     [
      -49.426085549174,
      -20.83054925160392,
      0.0
     ],
     [
      -49.42607419144629,
      -20.830534882844226,
      0.0
     ],
     [
      -49.42605573004419,
      -20.830507216903637,
      0.0
     ],
     [
      -49.426028054615685,
      -20.830462866793102,
      0.0
     ],
     [
      -49.42602720899159,
      -20.83042913152902,
      0.0
     ],
     [
      -49.426036098985186,
      -20.830379183368635,
      0.0
     ],
     [
      -49.42604494806994,
      -20.830333170624385,
      0.0
     ],
     [
      -49.426050099678044,
      -20.83029780394119,
      0.0
     ],
     [
      -49.42604511576011,
      -20.830259532999214,
      0.0
     ],
     [
      -49.42602881961986,
      -20.83021666228488,
      0.0
     ],
     [
      -49.425902316489335,
      -20.829972957022264,
      0.0
     ],
     [
      -49.42555065962724,
      -20.82939744353079,
      0.0
     ],
     [
      -49.42483557499574,
      -20.828255912477907,
      0.0
     ],
     [
      -49.42472229309295,
      -20.82805999292914,
      0.0
     ],
     [
      -49.424599853761435,
      -20.827902415716537,
      0.0
     ],
     [
      -49.42444460128439,
      -20.82767180090821,
      0.0
     ],
     [
      -49.42423816339238,
      -20.827450322171888,
      0.0
     ],
     [
      -49.42388845456827,
      -20.827109500553103,
      0.0
     ],
     [
      -49.42354561653735,
      -20.826809912386025,
      0.0
     ],
     [
      -49.423118023656116,
      -20.826519150578438,
      0.0
     ],
     [
      -49.42226719426728,
      -20.825940409315518,
      0.0
     ],
     [
      -49.422035206083116,
      -20.825790056568835,
      0.0
     ],
     [
      -49.42160600249474,
      -20.825514372811465,
      0.0
     ],
     [
      -49.420420084682526,
      -20.82473491323846,
      0.0
     ],
     [
      -49.41926664586348,
      -20.823928641367235,
      0.0
     ],
     [
      -49.4191702453799,
      -20.823869772291967,
      0.0
     ],
     [
      -49.419073915724866,
      -20.82378653844169,
      0.0
     ],
     [
      -49.41894809447244,
      -20.823674214612407,
      0.0
     ],
     [
      -49.41889450664885,
      -20.82363392156358,
      0.0
     ],
     [
      -49.418859763872476,
      -20.82360615351832,
      0.0
     ],
     [
      -49.41883084499,
      -20.823579811347617,
      0.0
     ],
     [
      -49.418791766318385,
      -20.823547885933344,
      0.0
     ],
     [
      -49.41873550249508,
      -20.82348423798424,
      0.0
     ],
     [
      -49.41876439270155,
      -20.823513324205106,
      0.0
     ],
     [
      -49.41871971935851,
      -20.823458016992348,
      0.0
     ]
    ],
    "type": "LineString"
   },
   "properties": {
    "id": "city-25",
    "kind": "matched",
    "lengthM": 1188.4,
    "name": "",
    "source": "city"
   },
   "type": "Feature"
  },
  {
   "geometry": {
    "coordinates": [
     [
      -49.41519649459835,
      -20.84157202978507,
      0.0
     ],
     [
      -49.41525572364725,
      -20.841502054627206,
      0.0
     ],
     [
      -49.415323238871125,
      -20.84145104728467,
      0.0
     ],
     [
      -49.41540777727405,
      -20.841394739547535,
      0.0
     ],
     [
      -49.415492338542656,
      -20.84133633355973,
      0.0
     ],
     [
      -49.41557056843445,
      -20.841280303404943,
      0.0
     ],
     [
      -49.41563986036203,
      -20.841232674525983,
      0.0
     ],
     [
      -49.41571154197646,
      -20.841183489618672,
      0.0
     ],
     [
      -49.41580291575515,
      -20.841119400450875,
      0.0
     ],
     [
      -49.41589286690327,
      -20.84105792131824,
      0.0
     ],
     [
      -49.41598214788042,
      -20.840993812688367,
      0.0
     ],
     [
      -49.41610583221768,
      -20.84090903348779,
      0.0
     ],
     [
      -49.41619862917866,
      -20.840842334002733,
      0.0
     ],
     [
      -49.41624849822466,
      -20.840810655862256,
      0.0
     ],
     [
      -49.41633525663392,
      -20.8407491090115,
      0.0
     ],
     [
      -49.41643828989111,
      -20.840675982952618,
      0.0
     ],
     [
      -49.416505751405715,
      -20.840630036818,
      0.0
     ],
     [
      -49.41656054528588,
      -20.840594469239885,
      0.0
     ],
     [
      -49.41659778090701,
      -20.840569889022778,
      0.0
     ],
     [
      -49.416653313461524,
      -20.840530392466167,
      0.0
     ],
     [
      -49.41671375723598,
      -20.84048831713971,
      0.0
     ],
     [
      -49.41678402248949,
      -20.84044108608331,
      0.0
     ],
     [
      -49.41690033934106,
      -20.84037636507557,
      0.0
     ],
     [
      -49.416975029987356,
      -20.840323477584448,
      0.0
     ],
     [
      -49.41705246358429,
      -20.840257946311326,
      0.0
     ],
     [
      -49.41715719445245,
      -20.840184141716364,
      0.0
     ],
     [
      -49.417260101303846,
      -20.840105938177604,
      0.0
     ],
     [
      -49.41735539818847,
      -20.84004560965735,
      0.0
     ],
     [
      -49.41742652810898,
      -20.839990358474417,
      0.0
     ],
     [
      -49.4174876856243,
      -20.839949365300704,
      0.0
     ],
     [
      -49.41760776325101,
      -20.8398677782555,
      0.0
     ],
     [
      -49.41771810410067,
      -20.83978856723856,
      0.0
     ],
     [
      -49.41789517782325,
      -20.83966886145814,
      0.0
     ],
     [
      -49.418122182176205,
      -20.83951157319202,
      0.0
     ],
     [
      -49.41832106020144,
      -20.839375014475785,
      0.0
     ],
     [
      -49.4185136051747,
      -20.839243643531255,
      0.0
     ],
     [
      -49.41875537505657,
      -20.8390753409651,
      0.0
     ],
     [
      -49.418910013325295,
      -20.83896592081642,
      0.0
     ],
     [
      -49.419051286558656,
      -20.838866871963276,
      0.0
     ],
     [
      -49.41926776872506,
      -20.838714732316003,
      0.0
     ],
     [
      -49.4194286782507,
      -20.83860602534257,
      0.0
     ],
     [
      -49.419599464587,
      -20.838486915426916,
      0.0
     ],
     [
      -49.41968939900279,
      -20.838426745581696,
      0.0
     ],
     [
      -49.41972151707407,
      -20.838424418656924,
      0.0
     ],
     [
      -49.41982446561856,
      -20.83838450930606,
      0.0
     ],
     [
      -49.41988654082952,
      -20.838374043352992,
      0.0
     ],
     [
      -49.419945576117044,
      -20.838370264642023,
      0.0
     ],
     [
      -49.42009497743189,
      -20.83832892639749,
      0.0
     ],
     [
      -49.420195183673684,
      -20.83828116873651,
      0.0
     ],
     [
      -49.42025791545724,
      -20.838224355547943,
      0.0
     ],
     [
      -49.42033541289197,
      -20.838031291076305,
      0.0
     ],
     [
      -49.42036899586664,
      -20.83795551653587,
      0.0
     ],
     [
      -49.42046891311607,
      -20.837885602916167,
      0.0
     ],
     [
      -49.420647319012,
      -20.837760655284484,
      0.0
     ],
     [
      -49.421114672785535,
      -20.837436356238545,
      0.0
     ],
     [
      -49.421446397382546,
      -20.837205255726644,
      0.0
     ],
     [
      -49.42171837750988,
      -20.837016237336,
      0.0
     ],
     [
      -49.42196228771007,
      -20.836842702116982,
      0.0
     ],
     [
      -49.42220579374112,
      -20.836640959196217,
      0.0
     ],
     [
      -49.42254712372742,
      -20.836358128309623,
      0.0
     ],
     [
      -49.4228096206157,
      -20.836141472888208,
      0.0
     ],
     [
      -49.42294615634495,
      -20.836027947175552,
      0.0
     ],
     [
      -49.42310589085404,
      -20.835897580123557,
      0.0
     ],
     [
      -49.42319314743191,
      -20.835826233869668,
      0.0
     ],
     [
      -49.42330439696412,
      -20.835728872233755,
      0.0
     ],
     [
      -49.42344231335579,
      -20.835616670415224,
      0.0
     ],
     [
      -49.423566324869604,
      -20.835499748911793,
      0.0
     ],
     [
      -49.42370552563383,
      -20.83533114963575,
      0.0
     ],
     [
      -49.423824919341826,
      -20.835188605063856,
      0.0
     ],
     [
      -49.42394674482539,
      -20.834959751071697,
      0.0
     ],
     [
      -49.424013577449344,
      -20.83481360538355,
      0.0
     ],
     [
      -49.424193275831904,
      -20.834460263344507,
      0.0
     ],
     [
      -49.424440911713205,
      -20.834030244714345,
      0.0
     ],
     [
      -49.42467880509433,
      -20.833587646663528,
      0.0
     ],
     [
      -49.42477945955718,
      -20.833386736720595,
      0.0
     ],
     [
      -49.42489995224686,
      -20.833182814029055,
      0.0
     ],
     [
      -49.4251740876139,
      -20.83260936641646,
      0.0
     ],
     [
      -49.42533559975409,
      -20.832276749563125,
      0.0
     ],
     [
      -49.42552101936518,
      -20.831966652624665,
      0.0
     ],
     [
      -49.42577832909382,
      -20.831576784736242,
      0.0
     ],
     [
      -49.42589577289989,
      -20.83140938081326,
      0.0
     ],
     [
      -49.426067895441676,
      -20.831149991137632,
      0.0
     ],
     [
      -49.426137083266156,
      -20.831057533512507,
      0.0
     ],
     [
      -49.42616164027122,
      -20.83103417414289,
      0.0
     ],
     [
      -49.426196974082806,
      -20.831008969802568,
      0.0
     ],
     [
      -49.426241315920606,
      -20.830988840880863,
      0.0
     ],
     [
      -49.42628661908686,
      -20.830974212097907,
      0.0
     ],
     [
      -49.42634818941797,
      -20.830961613437506,
      0.0
     ],
     [
      -49.426398255234055,
      -20.83095616280404,
      0.0
     ],
     [
      -49.42645943413286,
      -20.830953769903054,
      0.0
     ],
     [
      -49.426502300909846,
      -20.830953626108208,
      0.0
     ],
     [
      -49.42653311011631,
      -20.83095874455693,
      0.0
     ],
     [
      -49.42655642098247,
      -20.83097051127529,
      0.0
     ],
     [
      -49.426572162505664,
      -20.830983922992292,
      0.0
     ]
    ],
    "type": "LineString"
   },
   "properties": {
    "id": "city-26",
    "kind": "matched",
    "lengthM": 1720.8,
    "name": "",
    "source": "city"
   },
   "type": "Feature"
  },
  {
   "geometry": {
    "coordinates": [
     [
      -49.426572162505664,
      -20.830983922992292,
      0.0
     ],
     [
      -49.426583258131515,
      -20.830923464976745,
      0.0
     ],
     [
      -49.42661148399022,
      -20.830720283309255,
      0.0
     ],
     [
      -49.42663308126834,
      -20.830630541028306,
      0.0
     ],
     [
      -49.42664971408511,
      -20.83059228793401,
      0.0
     ],
     [
      -49.42666473501696,
      -20.83057008660198,
      0.0
     ],
     [
      -49.426714106004894,
      -20.830527548835754,
      0.0
     ],
     [
      -49.42679354197748,
      -20.830475186112174,
      0.0
     ],
     [
      -49.42709137763649,
      -20.83029802123341,
      0.0
     ],
     [
      -49.42718752826894,
      -20.830243151455925,
      0.0
     ],
     [
      -49.42726682781949,
      -20.830198621794878,
      0.0
     ],
     [
      -49.4273488823248,
      -20.830157397360452,
      0.0
     ],
     [
      -49.42742597349548,
      -20.830123998016987,
      0.0
     ],
     [
      -49.427535884274704,
      -20.830087619859825,
      0.0
     ],
     [
      -49.42767228164766,
      -20.830050862296382,
      0.0
     ],
     [
      -49.427801331280605,
      -20.83002189162679,
      0.0
     ],
     [
      -49.42795674468137,
      -20.82997716030698,
      0.0
     ],
     [
      -49.428059367821426,
      -20.829940636347196,
      0.0
     ],
     [
      -49.42820415019739,
      -20.829878328784748,
      0.0
     ],
     [
      -49.4283450808056,
      -20.82980913583226,
      0.0
     ],
     [
      -49.42849691743313,
      -20.82969830816222,
      0.0
     ],
     [
      -49.428630336420476,
      -20.829582393725662,
      0.0
     ],
     [
      -49.428763719330554,
      -20.82945539682196,
      0.0
     ],
     [
      -49.42888532129367,
      -20.829327000923115,
      0.0
     ],
     [
      -49.42907454314835,
      -20.829129658734676,
      0.0
     ],
     [
      -49.42925061433167,
      -20.82896040577006,
      0.0
     ],
     [
      -49.42941360368963,
      -20.828812524662755,
      0.0
     ],
     [
      -49.429578670982536,
      -20.828657140415235,
      0.0
     ],
     [
      -49.42976919969319,
      -20.828497428411424,
      0.0
     ],
     [
      -49.4299167150653,
      -20.82838446582472,
      0.0
     ],
     [
      -49.430136807361045,
      -20.82820134622243,
      0.0
     ],
     [
      -49.430302022037694,
      -20.82806896669073,
      0.0
     ],
     [
      -49.430491876972226,
      -20.827937968933632,
      0.0
     ],
     [
      -49.43054555083904,
      -20.827919326250615,
      0.0
     ],
     [
      -49.43059812366666,
      -20.827916439250885,
      0.0
     ],
     [
      -49.430680370256304,
      -20.827912020955516,
      0.0
     ],
     [
      -49.43072875597486,
      -20.827901975536296,
      0.0
     ],
     [
      -49.43078955471961,
      -20.827884687976482,
      0.0
     ],
     [
      -49.43084025282816,
      -20.827861224887737,
      0.0
     ],
     [
      -49.43088350571326,
      -20.82783263677558,
      0.0
     ],
     [
      -49.430931012235995,
      -20.827771580432497,
      0.0
     ],
     [
      -49.430961287340004,
      -20.82771366795846,
      0.0
     ],
     [
      -49.430975588023756,
      -20.827684477772316,
      0.0
     ],
     [
      -49.43099811064749,
      -20.82762494328925,
      0.0
     ],
     [
      -49.431039781966234,
      -20.82756592649112,
      0.0
     ],
     [
      -49.43152087102629,
      -20.827188080949753,
      0.0
     ],
     [
      -49.431781013231124,
      -20.827001368101474,
      0.0
     ],
     [
      -49.432062475892025,
      -20.826795769790944,
      0.0
     ],
     [
      -49.43237141898189,
      -20.82656800354918,
      0.0
     ],
     [
      -49.43284331513634,
      -20.826229633804598,
      0.0
     ],
     [
      -49.43297790827175,
      -20.82610929278712,
      0.0
     ],
     [
      -49.43315593266634,
      -20.825972172854996,
      0.0
     ],
     [
      -49.43371798257517,
      -20.82559568582163,
      0.0
     ],
     [
      -49.43405716114148,
      -20.825405031256732,
      0.0
     ],
     [
      -49.43435743969303,
      -20.825238240661232,
      0.0
     ],
     [
      -49.43449057176869,
      -20.825158666699117,
      0.0
     ],
     [
      -49.43490776144608,
      -20.824929797563872,
      0.0
     ],
     [
      -49.43491983602671,
      -20.824925699221605,
      0.0
     ],
     [
      -49.43519618069215,
      -20.82476748328703,
      0.0
     ],
     [
      -49.43536727142987,
      -20.82467025181452,
      0.0
     ],
     [
      -49.435510831672595,
      -20.824571832084093,
      0.0
     ],
     [
      -49.435683628751256,
      -20.824411482108722,
      0.0
     ],
     [
      -49.43588175891646,
      -20.82422574199026,
      0.0
     ],
     [
      -49.43605385623472,
      -20.82402746520971,
      0.0
     ],
     [
      -49.43627591107978,
      -20.82374150611532,
      0.0
     ],
     [
      -49.43639251476383,
      -20.823639059161923,
      0.0
     ],
     [
      -49.436462726909376,
      -20.82359563165147,
      0.0
     ],
     [
      -49.43657856988353,
      -20.82356696706792,
      0.0
     ],
     [
      -49.436707523677164,
      -20.82353534796118,
      0.0
     ],
     [
      -49.436793087152374,
      -20.823496506526844,
      0.0
     ],
     [
      -49.436881206867305,
      -20.823394476902358,
      0.0
     ],
     [
      -49.436922581399585,
      -20.82329339306538,
      0.0
     ],
     [
      -49.436927331873896,
      -20.823149956779364,
      0.0
     ],
     [
      -49.43692409290858,
      -20.82304129179795,
      0.0
     ],
     [
      -49.43693274976409,
      -20.82295840615538,
      0.0
     ],
     [
      -49.43696257252908,
      -20.82287426279253,
      0.0
     ],
     [
      -49.437000139309255,
      -20.822749326978425,
      0.0
     ],
     [
      -49.43702594815139,
      -20.822682004047046,
      0.0
     ],
     [
      -49.43703672960455,
      -20.822583716105292,
      0.0
     ],
     [
      -49.43704104919075,
      -20.822503078129053,
      0.0
     ],
     [
      -49.43704511937904,
      -20.82244670766354,
      0.0
     ],
     [
      -49.43704172519998,
      -20.82236993515446,
      0.0
     ],
     [
      -49.43702263174223,
      -20.822192009038954,
      0.0
     ],
     [
      -49.43698909982556,
      -20.822061177382054,
      0.0
     ],
     [
      -49.4369389814181,
      -20.821915108835274,
      0.0
     ],
     [
      -49.43685504189669,
      -20.821733968050992,
      0.0
     ],
     [
      -49.43675533535408,
      -20.821525791274823,
      0.0
     ],
     [
      -49.436647143458295,
      -20.821328687769277,
      0.0
     ],
     [
      -49.436554990065524,
      -20.821199945519144,
      0.0
     ],
     [
      -49.43638561608897,
      -20.820982605629133,
      0.0
     ],
     [
      -49.43622482612768,
      -20.82079171483846,
      0.0
     ],
     [
      -49.4360448856614,
      -20.82060497342332,
      0.0
     ],
     [
      -49.43578015809949,
      -20.820366429870997,
      0.0
     ],
     [
      -49.435628618317345,
      -20.820246327578033,
      0.0
     ],
     [
      -49.43537077502539,
      -20.820047890016085,
      0.0
     ],
     [
      -49.43521335614496,
      -20.81992488190769,
      0.0
     ],
     [
      -49.435150565308774,
      -20.819839577198028,
      0.0
     ],
     [
      -49.43512574022692,
      -20.819792363832885,
      0.0
     ],
     [
      -49.43511834410006,
      -20.81978222869365,
      0.0
     ],
     [
      -49.43511120830868,
      -20.819773864651676,
      0.0
     ],
     [
      -49.435101646517296,
      -20.8197673646149,
      0.0
     ],
     [
      -49.43509050522882,
      -20.81976458362167,
      0.0
     ],
     [
      -49.43508779262,
      -20.81976424359427,
      0.0
     ],
     [
      -49.435085803688224,
      -20.819764348288945,
      0.0
     ],
     [
      -49.43507980128062,
      -20.81976559880126,
      0.0
     ],
     [
      -49.4350744754016,
      -20.81976730083173,
      0.0
     ],
     [
      -49.435067833220074,
      -20.819769843588325,
      0.0
     ],
     [
      -49.435061434260135,
      -20.81977246534833,
      0.0
     ],
     [
      -49.43505468337035,
      -20.8197754867803,
      0.0
     ],
     [
      -49.435047841811844,
      -20.819778542614092,
      0.0
     ],
     [
      -49.435040480482535,
      -20.81978215557359,
      0.0
     ],
     [
      -49.43502960694089,
      -20.819786846659266,
      0.0
     ],
     [
      -49.43502065927885,
      -20.819791863363236,
      0.0
     ],
     [
      -49.435009912925885,
      -20.81979810030366,
      0.0
     ],
     [
      -49.4349935768861,
      -20.81981344146101,
      0.0
     ],
     [
      -49.4349358145826,
      -20.819911418622397,
      0.0
     ]
    ],
    "type": "LineString"
   },
   "properties": {
    "id": "city-27",
    "kind": "matched",
    "lengthM": 1898.2,
    "name": "",
    "source": "city"
   },
   "type": "Feature"
  },
  {
   "geometry": {
    "coordinates": [
     [
      -49.34444232318218,
      -20.8254127062518,
      0.0
     ],
     [
      -49.34440407444993,
      -20.82556785690983,
      0.0
     ]
    ],
    "type": "LineString"
   },
   "properties": {
    "id": "city-28",
    "kind": "matched",
    "lengthM": 17.6,
    "name": "",
    "source": "city"
   },
   "type": "Feature"
  },
  {
   "geometry": {
    "coordinates": [
     [
      -49.349149811358316,
      -20.82494957601709,
      0.0
     ],
     [
      -49.349135586347515,
      -20.824938439484747,
      0.0
     ],
     [
      -49.34911551445642,
      -20.82492655831043,
      0.0
     ],
     [
      -49.349083836333726,
      -20.824910181603762,
      0.0
     ],
     [
      -49.34906373165511,
      -20.82490122138398,
      0.0
     ],
     [
      -49.348802764486685,
      -20.82488605817604,
      0.0
     ]
    ],
    "type": "LineString"
   },
   "properties": {
    "id": "city-29",
    "kind": "matched",
    "lengthM": 37.7,
    "name": "",
    "source": "city"
   },
   "type": "Feature"
  },
  {
   "geometry": {
    "coordinates": [
     [
      -49.35165258727528,
      -20.841210761155402,
      0.0
     ],
     [
      -49.35166267682107,
      -20.841198562537876,
      0.0
     ],
     [
      -49.35167217668112,
      -20.84118386603805,
      0.0
     ],
     [
      -49.35167822590834,
      -20.841170060403133,
      0.0
     ],
     [
      -49.3516803426452,
      -20.841156216919458,
      0.0
     ],
     [
      -49.35168193822259,
      -20.841145141552392,
      0.0
     ],
     [
      -49.3516811314748,
      -20.84112895928867,
      0.0
     ],
     [
      -49.35167248490326,
      -20.841110391830593,
      0.0
     ],
     [
      -49.35166975183981,
      -20.841105126382924,
      0.0
     ]
    ],
    "type": "LineString"
   },
   "properties": {
    "id": "city-30",
    "kind": "matched",
    "lengthM": 12.7,
    "name": "",
    "source": "city"
   },
   "type": "Feature"
  },
  {
   "geometry": {
    "coordinates": [
     [
      -49.37768830000001,
      -20.802384199999995
     ],
     [
      -49.3777446,
      -20.802309
     ],
     [
      -49.3777648,
      -20.80219369999999
     ],
     [
      -49.3777929,
      -20.801998100000002
     ],
     [
      -49.3778278,
      -20.80180499999999
     ],
     [
      -49.3778365,
      -20.801703399999994
     ],
     [
      -49.3778376,
      -20.801677999999995
     ],
     [
      -49.3778344,
      -20.80141659999999
     ],
     [
      -49.3777938,
      -20.8011882
     ],
     [
      -49.3777382,
      -20.800961699999995
     ],
     [
      -49.3776153,
      -20.800498900000004
     ],
     [
      -49.3775715,
      -20.800338599999996
     ],
     [
      -49.377519,
      -20.800174300000002
     ],
     [
      -49.377472,
      -20.800002999999997
     ],
     [
      -49.377431,
      -20.799862999999995
     ],
     [
      -49.377426,
      -20.799845699999995
     ],
     [
      -49.3774193,
      -20.799818399999996
     ],
     [
      -49.37740800000001,
      -20.799772400000002
     ],
     [
      -49.37736700000001,
      -20.799605700000008
     ],
     [
      -49.3771693,
      -20.7988692
     ],
     [
      -49.3767917,
      -20.797711799999995
     ],
     [
      -49.3767733,
      -20.797599899999994
     ],
     [
      -49.3767464,
      -20.797480100000005
     ],
     [
      -49.3766982,
      -20.797322499999996
     ],
     [
      -49.3766457,
      -20.7971698
     ],
     [
      -49.3765439,
      -20.796859000000005
     ],
     [
      -49.3764856,
      -20.796703600000004
     ],
     [
      -49.3764649,
      -20.796621899999998
     ],
     [
      -49.3764615,
      -20.796594700000004
     ],
     [
      -49.3764575,
      -20.7965618
     ]
    ],
    "type": "LineString"
   },
   "properties": {
    "id": "osm-0",
    "kind": "matched",
    "lengthM": 666.5,
    "name": "Ciclovia da Avenida Philadelpho",
    "source": "osm"
   },
   "type": "Feature"
  },
  {
   "geometry": {
    "coordinates": [
     [
      -49.3803235,
      -20.7831143
     ],
     [
      -49.3802872,
      -20.783136600000006
     ],
     [
      -49.3802728,
      -20.7831456
     ],
     [
      -49.3802331,
      -20.78317
     ],
     [
      -49.38024670000001,
      -20.78318829999999
     ],
     [
      -49.3802422,
      -20.783209099999997
     ],
     [
      -49.380219,
      -20.7832299
     ],
     [
      -49.3802392,
      -20.7832528
     ],
     [
      -49.380275,
      -20.783270400000003
     ],
     [
      -49.3803129,
      -20.783303899999996
     ],
     [
      -49.3803446,
      -20.783348300000004
     ],
     [
      -49.3803646,
      -20.7833855
     ],
     [
      -49.3803797,
      -20.783411199999993
     ],
     [
      -49.3803881,
      -20.783447899999995
     ],
     [
      -49.3803832,
      -20.783509299999995
     ],
     [
      -49.3803672,
      -20.783552600000004
     ],
     [
      -49.380334700000006,
      -20.783602699999992
     ],
     [
      -49.3802965,
      -20.783640300000002
     ],
     [
      -49.3802225,
      -20.783682100000004
     ],
     [
      -49.3798696,
      -20.7838056
     ],
     [
      -49.3797421,
      -20.7838502
     ],
     [
      -49.3796681,
      -20.783875799999997
     ],
     [
      -49.3795386,
      -20.783920500000004
     ],
     [
      -49.3794119,
      -20.783981799999992
     ],
     [
      -49.37929,
      -20.784050300000004
     ],
     [
      -49.3792842,
      -20.7840536
     ],
     [
      -49.3791957,
      -20.784107700000003
     ],
     [
      -49.3790926,
      -20.784143999999994
     ],
     [
      -49.3790217,
      -20.784179899999998
     ],
     [
      -49.3789625,
      -20.7842332
     ],
     [
      -49.3788645,
      -20.784326300000004
     ],
     [
      -49.3785745,
      -20.784592100000005
     ],
     [
      -49.3782575,
      -20.784864300000002
     ],
     [
      -49.3779635,
      -20.7851058
     ],
     [
      -49.3776999,
      -20.785359200000002
     ],
     [
      -49.3774545,
      -20.785619999999998
     ],
     [
      -49.3771862,
      -20.785876200000004
     ],
     [
      -49.3771234,
      -20.785943899999996
     ],
     [
      -49.377069,
      -20.786011600000005
     ],
     [
      -49.3769881,
      -20.78616750000001
     ],
     [
      -49.3769484,
      -20.7863007
     ],
     [
      -49.37693240000001,
      -20.78636579999999
     ],
     [
      -49.3769386,
      -20.786409999999997
     ],
     [
      -49.3769415,
      -20.786456299999998
     ],
     [
      -49.3769361,
      -20.786501599999998
     ],
     [
      -49.376917,
      -20.786661500000005
     ],
     [
      -49.3768846,
      -20.7869046
     ],
     [
      -49.37682130000001,
      -20.7884185
     ],
     [
      -49.3767979,
      -20.789961799999997
     ],
     [
      -49.3767909,
      -20.7906705
     ],
     [
      -49.3767762,
      -20.791885600000008
     ],
     [
      -49.3767646,
      -20.7924972
     ],
     [
      -49.3767673,
      -20.792810900000003
     ],
     [
      -49.3767691,
      -20.792974799999996
     ],
     [
      -49.3767633,
      -20.7930631
     ],
     [
      -49.3767454,
      -20.7931087
     ],
     [
      -49.3767096,
      -20.79317
     ],
     [
      -49.3766777,
      -20.793293399999992
     ],
     [
      -49.3766793,
      -20.793413099999995
     ],
     [
      -49.3766797,
      -20.79367239999999
     ],
     [
      -49.376699,
      -20.7939193
     ],
     [
      -49.37673,
      -20.794078999999996
     ],
     [
      -49.376741,
      -20.79419989999999
     ],
     [
      -49.37673590000001,
      -20.794670399999998
     ],
     [
      -49.3767279,
      -20.794904399999993
     ],
     [
      -49.3767267,
      -20.795127
     ],
     [
      -49.3767153,
      -20.7956255
     ],
     [
      -49.3767418,
      -20.7959111
     ],
     [
      -49.3767897,
      -20.796169100000004
     ],
     [
      -49.3768394,
      -20.796403699999995
     ],
     [
      -49.3768554,
      -20.7965002
     ],
     [
      -49.3768591,
      -20.7965201
     ],
     [
      -49.3768668,
      -20.796561800000006
     ],
     [
      -49.3768724,
      -20.796591900000003
     ],
     [
      -49.3769151,
      -20.79682239999999
     ],
     [
      -49.3769788,
      -20.797137000000003
     ],
     [
      -49.3771283,
      -20.7977401
     ],
     [
      -49.3772993,
      -20.798340599999992
     ],
     [
      -49.3776715,
      -20.799710399999995
     ],
     [
      -49.3776829,
      -20.7997523
     ],
     [
      -49.3776833,
      -20.7997539
     ],
     [
      -49.3776958,
      -20.799798400000004
     ],
     [
      -49.3778527,
      -20.800360199999997
     ],
     [
      -49.3779788,
      -20.800806799999993
     ],
     [
      -49.3781144,
      -20.801289899999997
     ],
     [
      -49.3781439,
      -20.801486400000005
     ],
     [
      -49.378149,
      -20.801591600000002
     ],
     [
      -49.3781511,
      -20.8016477
     ],
     [
      -49.3781491,
      -20.801687899999997
     ],
     [
      -49.378149,
      -20.801723599999992
     ],
     [
      -49.3781376,
      -20.8018151
     ],
     [
      -49.3780974,
      -20.801975499999998
     ],
     [
      -49.3780679,
      -20.80208839999999
     ],
     [
      -49.378033,
      -20.802211200000002
     ],
     [
      -49.3779954,
      -20.802344099999996
     ],
     [
      -49.37796860000001,
      -20.802451899999994
     ],
     [
      -49.377923,
      -20.8026099
     ],
     [
      -49.3778613,
      -20.8028481
     ],
     [
      -49.3777943,
      -20.803068700000008
     ],
     [
      -49.3777393,
      -20.803249300000004
     ],
     [
      -49.377687,
      -20.803408500000003
     ],
     [
      -49.3776669,
      -20.8035476
     ]
    ],
    "type": "LineString"
   },
   "properties": {
    "id": "osm-1",
    "kind": "matched",
    "lengthM": 2478.8,
    "name": "Ciclovia da Avenida Philadelpho",
    "source": "osm"
   },
   "type": "Feature"
  },
  {
   "geometry": {
    "coordinates": [
     [
      -49.3764575,
      -20.7965618
     ],
     [
      -49.3764514,
      -20.796513800000003
     ],
     [
      -49.3764296,
      -20.796342699999997
     ],
     [
      -49.3763571,
      -20.7961117
     ],
     [
      -49.3763015,
      -20.795880699999994
     ],
     [
      -49.3762552,
      -20.795625999999995
     ],
     [
      -49.3762537,
      -20.79541499999999
     ],
     [
      -49.3762654,
      -20.794927500000004
     ],
     [
      -49.3762918,
      -20.794312499999997
     ],
     [
      -49.3763026,
      -20.793721400000003
     ],
     [
      -49.3763133,
      -20.7935776
     ],
     [
      -49.3763207,
      -20.7934358
     ],
     [
      -49.3763346,
      -20.7931592
     ],
     [
      -49.3763504,
      -20.792450600000002
     ],
     [
      -49.376371000000006,
      -20.79177990000001
     ],
     [
      -49.3763994,
      -20.7908825
     ],
     [
      -49.37641360000001,
      -20.790398999999997
     ],
     [
      -49.3764143,
      -20.790170200000006
     ],
     [
      -49.3764192,
      -20.7899483
     ],
     [
      -49.3764499,
      -20.789033399999994
     ],
     [
      -49.37645680000001,
      -20.788661200000004
     ],
     [
      -49.3764752,
      -20.788205400000002
     ],
     [
      -49.37651970000001,
      -20.787386499999997
     ],
     [
      -49.3765314,
      -20.7869601
     ],
     [
      -49.3765308,
      -20.786750899999998
     ],
     [
      -49.3765323,
      -20.786550600000005
     ],
     [
      -49.3765304,
      -20.7864903
     ],
     [
      -49.376533,
      -20.786446899999998
     ]
    ],
    "type": "LineString"
   },
   "properties": {
    "id": "osm-2",
    "kind": "matched",
    "lengthM": 1122.7,
    "name": "Ciclovia da Avenida Philadelpho",
    "source": "osm"
   },
   "type": "Feature"
  },
  {
   "geometry": {
    "coordinates": [
     [
      -49.376533,
      -20.786446899999998
     ],
     [
      -49.3765305,
      -20.7864027
     ],
     [
      -49.3765135,
      -20.7862781
     ],
     [
      -49.3764686,
      -20.786064599999996
     ],
     [
      -49.3764762,
      -20.785998499999998
     ],
     [
      -49.3764838,
      -20.7859451
     ],
     [
      -49.3765137,
      -20.785894400000004
     ],
     [
      -49.37656210000001,
      -20.785851599999997
     ],
     [
      -49.37684360000001,
      -20.785607800000005
     ],
     [
      -49.3771203,
      -20.7853131
     ],
     [
      -49.3772544,
      -20.785162600000003
     ],
     [
      -49.37738430000001,
      -20.7850437
     ],
     [
      -49.3778021,
      -20.784636099999997
     ],
     [
      -49.3780051,
      -20.784428400000007
     ],
     [
      -49.3781099,
      -20.784324600000005
     ],
     [
      -49.378209700000006,
      -20.784222300000003
     ],
     [
      -49.3785169,
      -20.783973399999997
     ],
     [
      -49.3788309,
      -20.783754599999998
     ],
     [
      -49.3789397,
      -20.783677599999994
     ],
     [
      -49.3792658,
      -20.783446699999992
     ],
     [
      -49.3796318,
      -20.783159499999996
     ],
     [
      -49.3798182,
      -20.7830095
     ],
     [
      -49.3799097,
      -20.782926599999996
     ],
     [
      -49.3799641,
      -20.782873
     ],
     [
      -49.38000840000001,
      -20.782820199999996
     ],
     [
      -49.3800171,
      -20.782810000000005
     ],
     [
      -49.3800478,
      -20.7827741
     ]
    ],
    "type": "LineString"
   },
   "properties": {
    "id": "osm-3",
    "kind": "matched",
    "lengthM": 568.8,
    "name": "Ciclovia da Avenida Philadelpho",
    "source": "osm"
   },
   "type": "Feature"
  },
  {
   "geometry": {
    "coordinates": [
     [
      -49.3489364,
      -20.812214400000002
     ],
     [
      -49.3491694,
      -20.812032
     ]
    ],
    "type": "LineString"
   },
   "properties": {
    "id": "osm-4",
    "kind": "matched",
    "lengthM": 31.6,
    "name": "",
    "source": "osm"
   },
   "type": "Feature"
  },
  {
   "geometry": {
    "coordinates": [
     [
      -49.3443961,
      -20.824439999999996
     ],
     [
      -49.3444039,
      -20.824229
     ],
     [
      -49.344414,
      -20.8240587
     ],
     [
      -49.34443600000001,
      -20.823945299999995
     ],
     [
      -49.3444714,
      -20.823834899999998
     ],
     [
      -49.3445186,
      -20.823691499999995
     ],
     [
      -49.3445405,
      -20.8236064
     ],
     [
      -49.3445607,
      -20.823500799999998
     ],
     [
      -49.3448862,
      -20.8221218
     ],
     [
      -49.3450143,
      -20.821748299999996
     ],
     [
      -49.3451509,
      -20.821398399999996
     ],
     [
      -49.3453988,
      -20.820898800000002
     ],
     [
      -49.3454426,
      -20.820750599999997
     ],
     [
      -49.3455674,
      -20.820504800000002
     ],
     [
      -49.3458001,
      -20.820175399999997
     ],
     [
      -49.3459299,
      -20.8200288
     ],
     [
      -49.3460176,
      -20.819942099999995
     ],
     [
      -49.3461238,
      -20.819844399999987
     ],
     [
      -49.3462031,
      -20.81975449999999
     ],
     [
      -49.3462891,
      -20.8196474
     ],
     [
      -49.3463515,
      -20.8195512
     ],
     [
      -49.3464189,
      -20.819428300000006
     ],
     [
      -49.3464813,
      -20.819265999999992
     ],
     [
      -49.346574,
      -20.819069000000002
     ],
     [
      -49.34677640000001,
      -20.818645
     ],
     [
      -49.3468607,
      -20.818418000000005
     ],
     [
      -49.3469652,
      -20.818016099999998
     ],
     [
      -49.3470242,
      -20.817708799999995
     ],
     [
      -49.3470596,
      -20.81746130000001
     ],
     [
      -49.3471153,
      -20.816518799999997
     ],
     [
      -49.347144,
      -20.816373799999994
     ],
     [
      -49.3471962,
      -20.8161563
     ],
     [
      -49.3472451,
      -20.815992399999995
     ],
     [
      -49.3473514,
      -20.815718199999996
     ],
     [
      -49.34744750000001,
      -20.815507
     ],
     [
      -49.3475301,
      -20.8153494
     ],
     [
      -49.3476313,
      -20.815198099999996
     ],
     [
      -49.3480039,
      -20.814674800000002
     ],
     [
      -49.348218,
      -20.814244499999997
     ],
     [
      -49.3482754,
      -20.814079000000003
     ],
     [
      -49.3483007,
      -20.8139561
     ],
     [
      -49.3483378,
      -20.81374329999999
     ],
     [
      -49.3483631,
      -20.813491099999997
     ],
     [
      -49.3483428,
      -20.812917400000003
     ],
     [
      -49.3483563,
      -20.8128402
     ],
     [
      -49.3483715,
      -20.812789700000003
     ],
     [
      -49.3484524,
      -20.8126353
     ],
     [
      -49.3484811,
      -20.812592699999993
     ],
     [
      -49.3485873,
      -20.812474499999993
     ],
     [
      -49.3486935,
      -20.812392500000005
     ],
     [
      -49.3489364,
      -20.812214400000002
     ]
    ],
    "type": "LineString"
   },
   "properties": {
    "id": "osm-5",
    "kind": "matched",
    "lengthM": 1468.4,
    "name": "",
    "source": "osm"
   },
   "type": "Feature"
  },
  {
   "geometry": {
    "coordinates": [
     [
      -49.3326156,
      -20.875903500000003
     ],
     [
      -49.3329326,
      -20.875777099999997
     ],
     [
      -49.334235500000005,
      -20.875249899999993
     ],
     [
      -49.335707,
      -20.874652799999996
     ],
     [
      -49.33781080000001,
      -20.8737996
     ],
     [
      -49.3379098,
      -20.873774200000007
     ]
    ],
    "type": "LineString"
   },
   "properties": {
    "id": "osm-6",
    "kind": "matched",
    "lengthM": 599.3,
    "name": "Avenida Cleber Miguel Melara",
    "source": "osm"
   },
   "type": "Feature"
  },
  {
   "geometry": {
    "coordinates": [
     [
      -49.3381557,
      -20.8736626
     ],
     [
      -49.3382158,
      -20.873684000000008
     ],
     [
      -49.3382668,
      -20.873720599999995
     ],
     [
      -49.3383042,
      -20.8737695
     ],
     [
      -49.3383249,
      -20.873826399999995
     ],
     [
      -49.33832720000001,
      -20.873886400000007
     ],
     [
      -49.3383108,
      -20.873944600000005
     ],
     [
      -49.3382772,
      -20.873995800000003
     ],
     [
      -49.3382277,
      -20.8740366
     ],
     [
      -49.3381843,
      -20.874056800000005
     ],
     [
      -49.3381372,
      -20.874067699999998
     ],
     [
      -49.3380887,
      -20.874068699999995
     ],
     [
      -49.3380498,
      -20.8740621
     ]
    ],
    "type": "LineString"
   },
   "properties": {
    "id": "osm-7",
    "kind": "matched",
    "lengthM": 72.8,
    "name": "",
    "source": "osm"
   },
   "type": "Feature"
  },
  {
   "geometry": {
    "coordinates": [
     [
      -49.33278260000001,
      -20.876237
     ],
     [
      -49.3327579,
      -20.876289000000003
     ],
     [
      -49.3326692,
      -20.876381400000003
     ],
     [
      -49.3326609,
      -20.876388199999997
     ],
     [
      -49.3326398,
      -20.876394400000006
     ],
     [
      -49.3325402,
      -20.876422700000003
     ],
     [
      -49.3324363,
      -20.876416199999998
     ],
     [
      -49.3323416,
      -20.8763758
     ],
     [
      -49.3322992,
      -20.876342000000005
     ],
     [
      -49.3322645,
      -20.876301199999993
     ],
     [
      -49.3322251,
      -20.8762142
     ],
     [
      -49.33222020000001,
      -20.876119800000005
     ],
     [
      -49.3322504,
      -20.876029699999997
     ]
    ],
    "type": "LineString"
   },
   "properties": {
    "id": "osm-8",
    "kind": "matched",
    "lengthM": 99.0,
    "name": "",
    "source": "osm"
   },
   "type": "Feature"
  },
  {
   "geometry": {
    "coordinates": [
     [
      -49.3790217,
      -20.784179899999998
     ],
     [
      -49.3791836,
      -20.784019699999995
     ],
     [
      -49.3792284,
      -20.78398470000001
     ],
     [
      -49.3792781,
      -20.783945900000006
     ],
     [
      -49.3793236,
      -20.783903099999993
     ],
     [
      -49.37937,
      -20.783854799999997
     ],
     [
      -49.3796179,
      -20.7836299
     ],
     [
      -49.3798878,
      -20.78341289999999
     ],
     [
      -49.3801198,
      -20.7832248
     ],
     [
      -49.3801731,
      -20.783188999999997
     ],
     [
      -49.3801809,
      -20.783183699999995
     ],
     [
      -49.3801991,
      -20.783172999999994
     ],
     [
      -49.3802151,
      -20.783169899999997
     ],
     [
      -49.3802265,
      -20.783168000000003
     ],
     [
      -49.3802331,
      -20.78317
     ]
    ],
    "type": "LineString"
   },
   "properties": {
    "id": "osm-9",
    "kind": "matched",
    "lengthM": 169.6,
    "name": "Ciclovia da Avenida Philadelpho",
    "source": "osm"
   },
   "type": "Feature"
  },
  {
   "geometry": {
    "coordinates": [
     [
      -49.380219,
      -20.7832299
     ],
     [
      -49.3802078,
      -20.7832313
     ],
     [
      -49.3801897,
      -20.783228799999996
     ],
     [
      -49.3801756,
      -20.783219999999993
     ],
     [
      -49.3801695,
      -20.783208099999992
     ],
     [
      -49.3801695,
      -20.783198100000003
     ],
     [
      -49.3801731,
      -20.783188999999997
     ]
    ],
    "type": "LineString"
   },
   "properties": {
    "id": "osm-10",
    "kind": "matched",
    "lengthM": 8.5,
    "name": "Ciclovia da Avenida Philadelpho",
    "source": "osm"
   },
   "type": "Feature"
  },
  {
   "geometry": {
    "coordinates": [
     [
      -49.3740868,
      -20.851985400000007
     ],
     [
      -49.3740801,
      -20.851968499999998
     ],
     [
      -49.3740834,
      -20.8519578
     ],
     [
      -49.3740915,
      -20.851950900000002
     ],
     [
      -49.3741049,
      -20.8519509
     ],
     [
      -49.3741149,
      -20.8519578
     ],
     [
      -49.3741243,
      -20.851972199999995
     ],
     [
      -49.374183300000006,
      -20.852070000000005
     ]
    ],
    "type": "LineString"
   },
   "properties": {
    "id": "osm-11",
    "kind": "matched",
    "lengthM": 21.4,
    "name": "",
    "source": "osm"
   },
   "type": "Feature"
  },
  {
   "geometry": {
    "coordinates": [
     [
      -49.3767609,
      -20.856108
     ],
     [
      -49.3767851,
      -20.856124899999998
     ],
     [
      -49.3768119,
      -20.8561474
     ],
     [
      -49.3768421,
      -20.856169399999988
     ],
     [
      -49.3768555,
      -20.8561869
     ],
     [
      -49.3768595,
      -20.856200699999995
     ],
     [
      -49.3768548,
      -20.856213200000003
     ],
     [
      -49.3768401,
      -20.85621829999999
     ]
    ],
    "type": "LineString"
   },
   "properties": {
    "id": "osm-12",
    "kind": "matched",
    "lengthM": 17.9,
    "name": "",
    "source": "osm"
   },
   "type": "Feature"
  },
  {
   "geometry": {
    "coordinates": [
     [
      -49.3760976,
      -20.85849629999999
     ],
     [
      -49.376079,
      -20.85859749999999
     ],
     [
      -49.3760723,
      -20.85861819999999
     ],
     [
      -49.3760663,
      -20.858635099999997
     ],
     [
      -49.3760582,
      -20.858646400000005
     ],
     [
      -49.3760408,
      -20.858655799999998
     ],
     [
      -49.3760227,
      -20.8586583
     ],
     [
      -49.3760039,
      -20.858655099999996
     ],
     [
      -49.3759891,
      -20.858648199999998
     ],
     [
      -49.3759751,
      -20.858632600000004
     ],
     [
      -49.375973,
      -20.858615000000004
     ],
     [
      -49.3759751,
      -20.858597499999988
     ],
     [
      -49.3759804,
      -20.858581799999993
     ],
     [
      -49.37599790000001,
      -20.858569899999996
     ],
     [
      -49.3760656,
      -20.858527899999995
     ],
     [
      -49.3760797,
      -20.8585148
     ],
     [
      -49.3760976,
      -20.85849629999999
     ]
    ],
    "type": "LineString"
   },
   "properties": {
    "id": "osm-13",
    "kind": "matched",
    "lengthM": 48.5,
    "name": "",
    "source": "osm"
   },
   "type": "Feature"
  },
  {
   "geometry": {
    "coordinates": [
     [
      -49.3753333,
      -20.853965599999995
     ],
     [
      -49.3752779,
      -20.853871400000003
     ],
     [
      -49.3752455,
      -20.8538164
     ],
     [
      -49.3752301,
      -20.85378379999999
     ],
     [
      -49.375218,
      -20.8537563
     ],
     [
      -49.375212,
      -20.853724899999985
     ],
     [
      -49.3752053,
      -20.8536911
     ],
     [
      -49.3751939,
      -20.853655399999994
     ],
     [
      -49.3751818,
      -20.8536259
     ],
     [
      -49.3751637,
      -20.853593300000004
     ],
     [
      -49.375135500000006,
      -20.853552599999997
     ],
     [
      -49.3750752,
      -20.853459199999993
     ],
     [
      -49.3750484,
      -20.853414700000002
     ],
     [
      -49.3750249,
      -20.8533753
     ],
     [
      -49.3750007,
      -20.853338299999994
     ],
     [
      -49.37498000000001,
      -20.853305700000003
     ],
     [
      -49.37496050000001,
      -20.853277499999997
     ],
     [
      -49.3749417,
      -20.853254299999993
     ],
     [
      -49.374923,
      -20.8532349
     ],
     [
      -49.3749042,
      -20.853213599999997
     ],
     [
      -49.3748727,
      -20.853184099999996
     ],
     [
      -49.3748526,
      -20.853164700000004
     ],
     [
      -49.3748365,
      -20.853146599999988
     ],
     [
      -49.3748184,
      -20.853120900000004
     ],
     [
      -49.3748076,
      -20.853095800000002
     ],
     [
      -49.374789500000006,
      -20.85306509999999
     ],
     [
      -49.3747761,
      -20.853025599999995
     ],
     [
      -49.374762,
      -20.852992999999994
     ],
     [
      -49.374752,
      -20.8529617
     ],
     [
      -49.3747332,
      -20.8529335
     ],
     [
      -49.3747057,
      -20.8528909
     ],
     [
      -49.3746735,
      -20.852844500000003
     ],
     [
      -49.3746433,
      -20.8527975
     ],
     [
      -49.3746098,
      -20.852748600000005
     ],
     [
      -49.374581,
      -20.852710400000003
     ],
     [
      -49.3745562,
      -20.852679699999996
     ],
     [
      -49.374532,
      -20.8526553
     ],
     [
      -49.3745019,
      -20.852626399999995
     ],
     [
      -49.3744744,
      -20.852602000000005
     ],
     [
      -49.3744529,
      -20.852575700000003
     ],
     [
      -49.3744294,
      -20.852535
     ],
     [
      -49.3744107,
      -20.852498600000004
     ],
     [
      -49.3743946,
      -20.852453499999992
     ],
     [
      -49.3743852,
      -20.8524115
     ],
     [
      -49.3743751,
      -20.852384599999997
     ],
     [
      -49.3743449,
      -20.852330099999993
     ],
     [
      -49.3743188,
      -20.852288699999995
     ],
     [
      -49.374183300000006,
      -20.852070000000005
     ]
    ],
    "type": "LineString"
   },
   "properties": {
    "id": "osm-14",
    "kind": "matched",
    "lengthM": 243.9,
    "name": "",
    "source": "osm"
   },
   "type": "Feature"
  },
  {
   "geometry": {
    "coordinates": [
     [
      -49.375442,
      -20.8541028
     ],
     [
      -49.3755518,
      -20.8542642
     ],
     [
      -49.3758414,
      -20.854689800000003
     ],
     [
      -49.37589260000001,
      -20.8547651
     ],
     [
      -49.375914,
      -20.854796499999996
     ],
     [
      -49.3759301,
      -20.854821499999996
     ],
     [
      -49.3759516,
      -20.8548516
     ],
     [
      -49.3759777,
      -20.8548748
     ],
     [
      -49.3760039,
      -20.85489669999999
     ],
     [
      -49.3760247,
      -20.854917999999994
     ],
     [
      -49.376045500000004,
      -20.854943099999996
     ],
     [
      -49.3760683,
      -20.8549681
     ],
     [
      -49.376087,
      -20.854996300000007
     ],
     [
      -49.3761085,
      -20.855029600000005
     ],
     [
      -49.3761226,
      -20.855058399999997
     ],
     [
      -49.3761407,
      -20.8550979
     ],
     [
      -49.37614940000001,
      -20.855126699999996
     ],
     [
      -49.3761642,
      -20.855162999999997
     ],
     [
      -49.3761823,
      -20.855195599999995
     ],
     [
      -49.3761963,
      -20.855221899999993
     ],
     [
      -49.376307,
      -20.8553955
     ],
     [
      -49.3763197,
      -20.8554162
     ],
     [
      -49.3763345,
      -20.855438099999994
     ],
     [
      -49.3763499,
      -20.8554569
     ],
     [
      -49.37637,
      -20.855478200000004
     ],
     [
      -49.3763975,
      -20.855505199999996
     ],
     [
      -49.376425,
      -20.8555352
     ],
     [
      -49.3764532,
      -20.855571599999994
     ],
     [
      -49.37647530000001,
      -20.855602899999994
     ],
     [
      -49.3764927,
      -20.8556305
     ],
     [
      -49.3765068,
      -20.855658099999996
     ],
     [
      -49.3765256,
      -20.85569689999999
     ],
     [
      -49.3765403,
      -20.855735800000005
     ],
     [
      -49.3765551,
      -20.855774
     ],
     [
      -49.3765739,
      -20.8558084
     ],
     [
      -49.3765906,
      -20.855841
     ],
     [
      -49.3766114,
      -20.855874899999996
     ],
     [
      -49.3767609,
      -20.856108
     ]
    ],
    "type": "LineString"
   },
   "properties": {
    "id": "osm-15",
    "kind": "matched",
    "lengthM": 262.2,
    "name": "",
    "source": "osm"
   },
   "type": "Feature"
  },
  {
   "geometry": {
    "coordinates": [
     [
      -49.3748941,
      -20.854319
     ],
     [
      -49.375048,
      -20.854231299999988
     ],
     [
      -49.3752991,
      -20.854088400000002
     ]
    ],
    "type": "LineString"
   },
   "properties": {
    "id": "osm-16",
    "kind": "matched",
    "lengthM": 49.3,
    "name": "",
    "source": "osm"
   },
   "type": "Feature"
  },
  {
   "geometry": {
    "coordinates": [
     [
      -49.3754233,
      -20.8540508
     ],
     [
      -49.375442,
      -20.8541028
     ]
    ],
    "type": "LineString"
   },
   "properties": {
    "id": "osm-17",
    "kind": "matched",
    "lengthM": 6.1,
    "name": "",
    "source": "osm"
   },
   "type": "Feature"
  },
  {
   "geometry": {
    "coordinates": [
     [
      -49.3753494,
      -20.8540149
     ],
     [
      -49.3753333,
      -20.853965599999995
     ]
    ],
    "type": "LineString"
   },
   "properties": {
    "id": "osm-18",
    "kind": "matched",
    "lengthM": 5.7,
    "name": "",
    "source": "osm"
   },
   "type": "Feature"
  },
  {
   "geometry": {
    "coordinates": [
     [
      -49.3753622,
      -20.854076200000005
     ],
     [
      -49.3752991,
      -20.854088400000002
     ]
    ],
    "type": "LineString"
   },
   "properties": {
    "id": "osm-19",
    "kind": "matched",
    "lengthM": 6.7,
    "name": "",
    "source": "osm"
   },
   "type": "Feature"
  },
  {
   "geometry": {
    "coordinates": [
     [
      -49.3747919,
      -20.854334600000005
     ],
     [
      -49.3747875,
      -20.854300199999994
     ],
     [
      -49.3748234,
      -20.8543195
     ]
    ],
    "type": "LineString"
   },
   "properties": {
    "id": "osm-20",
    "kind": "matched",
    "lengthM": 8.1,
    "name": "",
    "source": "osm"
   },
   "type": "Feature"
  },
  {
   "geometry": {
    "coordinates": [
     [
      -49.3748429,
      -20.85432309999999
     ],
     [
      -49.3748941,
      -20.854319
     ],
     [
      -49.3748666,
      -20.854351599999994
     ]
    ],
    "type": "LineString"
   },
   "properties": {
    "id": "osm-21",
    "kind": "matched",
    "lengthM": 10.0,
    "name": "",
    "source": "osm"
   },
   "type": "Feature"
  },
  {
   "geometry": {
    "coordinates": [
     [
      -49.3754145,
      -20.854066599999992
     ],
     [
      -49.3753993,
      -20.854077299999993
     ],
     [
      -49.3753806,
      -20.854080699999997
     ],
     [
      -49.3753622,
      -20.854076200000005
     ],
     [
      -49.3753477,
      -20.854064699999995
     ],
     [
      -49.37534,
      -20.854048499999994
     ],
     [
      -49.3753406,
      -20.854030699999996
     ],
     [
      -49.3753494,
      -20.8540149
     ],
     [
      -49.3753646,
      -20.854004300000003
     ],
     [
      -49.3753749,
      -20.85400239999999
     ],
     [
      -49.3753832,
      -20.85400089999999
     ],
     [
      -49.3754016,
      -20.854005299999997
     ],
     [
      -49.3754161,
      -20.854016799999997
     ],
     [
      -49.3754239,
      -20.854033100000002
     ],
     [
      -49.3754233,
      -20.8540508
     ],
     [
      -49.3754145,
      -20.854066599999992
     ]
    ],
    "type": "LineString"
   },
   "properties": {
    "id": "osm-22",
    "kind": "matched",
    "lengthM": 27.6,
    "name": "",
    "source": "osm"
   },
   "type": "Feature"
  },
  {
   "geometry": {
    "coordinates": [
     [
      -49.3747989,
      -20.854389800000007
     ],
     [
      -49.374788300000006,
      -20.854378099999995
     ],
     [
      -49.3747832,
      -20.8543635
     ],
     [
      -49.3747845,
      -20.854348299999998
     ],
     [
      -49.3747919,
      -20.854334600000005
     ],
     [
      -49.3748043,
      -20.854324599999995
     ],
     [
      -49.3748234,
      -20.8543195
     ],
     [
      -49.3748429,
      -20.85432309999999
     ],
     [
      -49.3748584,
      -20.8543346
     ],
     [
      -49.3748666,
      -20.854351599999994
     ],
     [
      -49.3748655,
      -20.854370499999998
     ],
     [
      -49.374855000000004,
      -20.854386799999993
     ],
     [
      -49.3748377,
      -20.854396600000005
     ],
     [
      -49.3748174,
      -20.854397699999996
     ],
     [
      -49.3747989,
      -20.854389800000007
     ]
    ],
    "type": "LineString"
   },
   "properties": {
    "id": "osm-23",
    "kind": "matched",
    "lengthM": 27.3,
    "name": "",
    "source": "osm"
   },
   "type": "Feature"
  },
  {
   "geometry": {
    "coordinates": [
     [
      -49.3747875,
      -20.854300199999994
     ],
     [
      -49.3747151,
      -20.854192999999995
     ],
     [
      -49.374691,
      -20.854157299999994
     ],
     [
      -49.3746869,
      -20.854148500000008
     ],
     [
      -49.3746775,
      -20.85414159999999
     ],
     [
      -49.3746668,
      -20.854143499999996
     ],
     [
      -49.3746574,
      -20.854148499999994
     ],
     [
      -49.3731983,
      -20.8549844
     ],
     [
      -49.3731876,
      -20.854998200000004
     ],
     [
      -49.3731862,
      -20.855006399999997
     ],
     [
      -49.3731909,
      -20.855013899999996
     ],
     [
      -49.3732163,
      -20.855049600000005
     ],
     [
      -49.3732774,
      -20.855135499999996
     ],
     [
      -49.373294200000004,
      -20.855162999999997
     ],
     [
      -49.3733143,
      -20.855193100000005
     ],
     [
      -49.3733257,
      -20.8552213
     ],
     [
      -49.3733378,
      -20.855251999999997
     ],
     [
      -49.3733405,
      -20.8552846
     ],
     [
      -49.3733478,
      -20.8553147
     ],
     [
      -49.3733606,
      -20.85533849999999
     ],
     [
      -49.3733773,
      -20.855361699999996
     ],
     [
      -49.3734028,
      -20.855393600000003
     ],
     [
      -49.3734249,
      -20.8554218
     ],
     [
      -49.3734565,
      -20.8554688
     ],
     [
      -49.3734759,
      -20.855497599999996
     ],
     [
      -49.37349,
      -20.8555133
     ],
     [
      -49.3735088,
      -20.855522700000005
     ],
     [
      -49.3735336,
      -20.8555296
     ],
     [
      -49.3735638,
      -20.8555296
     ],
     [
      -49.373619,
      -20.855541799999997
     ],
     [
      -49.3736462,
      -20.855547799999993
     ],
     [
      -49.373661,
      -20.8555572
     ],
     [
      -49.3736684,
      -20.8555728
     ],
     [
      -49.3736757,
      -20.855601000000004
     ],
     [
      -49.3736878,
      -20.85563679999999
     ],
     [
      -49.3737052,
      -20.8556712
     ],
     [
      -49.3737307,
      -20.855706300000005
     ],
     [
      -49.3737549,
      -20.85574139999999
     ],
     [
      -49.3737763,
      -20.855784599999993
     ],
     [
      -49.3753018,
      -20.858136899999995
     ],
     [
      -49.3753441,
      -20.858187099999988
     ],
     [
      -49.3753783,
      -20.858212099999996
     ],
     [
      -49.3754118,
      -20.858229699999995
     ],
     [
      -49.3754473,
      -20.8582397
     ],
     [
      -49.3754909,
      -20.858244100000004
     ],
     [
      -49.3755513,
      -20.8582403
     ],
     [
      -49.375610300000005,
      -20.858237799999994
     ],
     [
      -49.3756827,
      -20.8582378
     ],
     [
      -49.3757665,
      -20.8582397
     ],
     [
      -49.3758088,
      -20.858233399999996
     ],
     [
      -49.3758342,
      -20.858225299999997
     ],
     [
      -49.3758611,
      -20.8582178
     ],
     [
      -49.3758939,
      -20.858201499999996
     ],
     [
      -49.3759281,
      -20.858190199999992
     ],
     [
      -49.3759596,
      -20.858187100000002
     ],
     [
      -49.3759885,
      -20.8581902
     ],
     [
      -49.3760213,
      -20.858197099999998
     ],
     [
      -49.3760522,
      -20.858210900000003
     ],
     [
      -49.3760756,
      -20.858228399999994
     ],
     [
      -49.3760984,
      -20.858249099999995
     ],
     [
      -49.3761152,
      -20.858269099999998
     ],
     [
      -49.3761286,
      -20.85829229999999
     ],
     [
      -49.376131300000004,
      -20.858312999999995
     ],
     [
      -49.37612750000001,
      -20.8583678
     ],
     [
      -49.3760976,
      -20.85849629999999
     ]
    ],
    "type": "LineString"
   },
   "properties": {
    "id": "osm-24",
    "kind": "matched",
    "lengthM": 739.9,
    "name": "",
    "source": "osm"
   },
   "type": "Feature"
  },
  {
   "geometry": {
    "coordinates": [
     [
      -49.3380498,
      -20.8740621
     ],
     [
      -49.3360689,
      -20.874892899999995
     ],
     [
      -49.3358566,
      -20.8749819
     ],
     [
      -49.3344469,
      -20.875555099999996
     ],
     [
      -49.334388000000004,
      -20.875579099999996
     ],
     [
      -49.3332102,
      -20.876077999999993
     ],
     [
      -49.3328948,
      -20.8761877
     ],
     [
      -49.33278260000001,
      -20.876237
     ]
    ],
    "type": "LineString"
   },
   "properties": {
    "id": "osm-25",
    "kind": "matched",
    "lengthM": 598.7,
    "name": "Avenida Cleber Miguel Melara",
    "source": "osm"
   },
   "type": "Feature"
  },
  {
   "geometry": {
    "coordinates": [
     [
      -49.40385,
      -20.826501700000005
     ],
     [
      -49.4038476,
      -20.8265319
     ],
     [
      -49.4038454,
      -20.8265628
     ],
     [
      -49.403839000000005,
      -20.826680599999996
     ],
     [
      -49.4038627,
      -20.826812699999994
     ],
     [
      -49.4039967,
      -20.82733729999999
     ],
     [
      -49.4040283,
      -20.827526600000002
     ],
     [
      -49.4040672,
      -20.82766820000001
     ],
     [
      -49.4041088,
      -20.8278575
     ],
     [
      -49.4041945,
      -20.8281427
     ],
     [
      -49.4042505,
      -20.828309199999993
     ],
     [
      -49.4042623,
      -20.8283444
     ],
     [
      -49.404267,
      -20.8283776
     ],
     [
      -49.4042716,
      -20.828409999999998
     ],
     [
      -49.4043361,
      -20.828702299999993
     ],
     [
      -49.4044152,
      -20.829036300000002
     ],
     [
      -49.4044749,
      -20.829304
     ],
     [
      -49.4045607,
      -20.829688099999995
     ],
     [
      -49.4046626,
      -20.830057899999996
     ],
     [
      -49.4047478,
      -20.830380699999992
     ],
     [
      -49.4048175,
      -20.830653899999994
     ],
     [
      -49.4048536,
      -20.8308614
     ],
     [
      -49.4048817,
      -20.830949699999998
     ],
     [
      -49.4049175,
      -20.8310616
     ],
     [
      -49.40496240000001,
      -20.8312023
     ],
     [
      -49.4052118,
      -20.8319807
     ],
     [
      -49.4055851,
      -20.832965400000003
     ],
     [
      -49.405593100000004,
      -20.832998699999994
     ],
     [
      -49.4055876,
      -20.8330753
     ],
     [
      -49.4056249,
      -20.833177
     ],
     [
      -49.4056973,
      -20.833357
     ],
     [
      -49.4057563,
      -20.8335011
     ],
     [
      -49.4058394,
      -20.833699100000004
     ],
     [
      -49.4059159,
      -20.833849499999996
     ],
     [
      -49.4060017,
      -20.8339899
     ],
     [
      -49.4060916,
      -20.834166699999994
     ],
     [
      -49.406172,
      -20.8343371
     ],
     [
      -49.4062243,
      -20.834465000000005
     ],
     [
      -49.4062954,
      -20.834625400000004
     ],
     [
      -49.406353,
      -20.8347395
     ],
     [
      -49.4064108,
      -20.834858499999992
     ],
     [
      -49.4064975,
      -20.835000399999995
     ],
     [
      -49.4065251,
      -20.835055599999993
     ],
     [
      -49.4065583,
      -20.8351193
     ]
    ],
    "type": "LineString"
   },
   "properties": {
    "id": "osm-26",
    "kind": "matched",
    "lengthM": 1000.5,
    "name": "",
    "source": "osm"
   },
   "type": "Feature"
  },
  {
   "geometry": {
    "coordinates": [
     [
      -49.4039099,
      -20.82649019999999
     ],
     [
      -49.4039299,
      -20.826512299999994
     ],
     [
      -49.4039482,
      -20.8265316
     ],
     [
      -49.4040415,
      -20.826609500000004
     ],
     [
      -49.4040895,
      -20.826738199999994
     ],
     [
      -49.4043227,
      -20.827490800000003
     ],
     [
      -49.4044447,
      -20.827876899999996
     ],
     [
      -49.4045198,
      -20.828080000000007
     ],
     [
      -49.4045533,
      -20.828204
     ],
     [
      -49.4045453,
      -20.8282554
     ],
     [
      -49.4045631,
      -20.82836089999999
     ],
     [
      -49.4045681,
      -20.82839329999999
     ],
     [
      -49.4047719,
      -20.829324599999996
     ],
     [
      -49.4048497,
      -20.8296556
     ],
     [
      -49.4049094,
      -20.830021599999995
     ],
     [
      -49.405016,
      -20.830302299999996
     ],
     [
      -49.4051927,
      -20.8307359
     ],
     [
      -49.4052268,
      -20.8308197
     ],
     [
      -49.4052706,
      -20.830927199999994
     ],
     [
      -49.4053224,
      -20.831054399999996
     ],
     [
      -49.405582,
      -20.831739999999996
     ],
     [
      -49.4058703,
      -20.8322991
     ],
     [
      -49.4060232,
      -20.83260739999999
     ],
     [
      -49.406078,
      -20.8327629
     ],
     [
      -49.4060926,
      -20.832804200000005
     ],
     [
      -49.4061174,
      -20.832887999999993
     ],
     [
      -49.4061447,
      -20.832987799999998
     ],
     [
      -49.406164,
      -20.833095000000004
     ],
     [
      -49.4061901,
      -20.833176499999993
     ],
     [
      -49.4062217,
      -20.833301799999994
     ],
     [
      -49.4062659,
      -20.83339709999999
     ],
     [
      -49.4063531,
      -20.8335876
     ],
     [
      -49.4064094,
      -20.8337004
     ],
     [
      -49.4064751,
      -20.833790599999997
     ],
     [
      -49.4065194,
      -20.8338633
     ],
     [
      -49.4065784,
      -20.8339423
     ],
     [
      -49.4066709,
      -20.834062600000003
     ],
     [
      -49.406738,
      -20.834159100000004
     ],
     [
      -49.4068104,
      -20.83426939999999
     ],
     [
      -49.4068748,
      -20.834372199999997
     ],
     [
      -49.4069257,
      -20.834465
     ],
     [
      -49.4069807,
      -20.834576499999994
     ],
     [
      -49.4070303,
      -20.834664899999996
     ],
     [
      -49.4070488,
      -20.834695299999996
     ],
     [
      -49.4070935,
      -20.8347612
     ],
     [
      -49.4071323,
      -20.83483100000001
     ],
     [
      -49.4071041,
      -20.834829700000007
     ],
     [
      -49.4070746,
      -20.834840999999997
     ],
     [
      -49.4065583,
      -20.8351193
     ]
    ],
    "type": "LineString"
   },
   "properties": {
    "id": "osm-27",
    "kind": "matched",
    "lengthM": 1060.1,
    "name": "",
    "source": "osm"
   },
   "type": "Feature"
  },
  {
   "geometry": {
    "coordinates": [
     [
      -49.4038231,
      -20.826479900000002
     ],
     [
      -49.40383440000001,
      -20.82649569999999
     ],
     [
      -49.40385,
      -20.826501700000005
     ],
     [
      -49.4038704,
      -20.826499400000003
     ],
     [
      -49.4038965,
      -20.8264931
     ],
     [
      -49.4039099,
      -20.82649019999999
     ],
     [
      -49.4039316,
      -20.826461099999996
     ],
     [
      -49.4039385,
      -20.826449199999992
     ],
     [
      -49.4039424,
      -20.826430299999988
     ],
     [
      -49.4039284,
      -20.826388399999995
     ],
     [
      -49.4038808,
      -20.8263038
     ],
     [
      -49.4038385,
      -20.8262117
     ],
     [
      -49.40381370000001,
      -20.826150200000008
     ],
     [
      -49.40374860000001,
      -20.826011699999995
     ],
     [
      -49.4035307,
      -20.8255686
     ],
     [
      -49.4034945,
      -20.8255176
     ],
     [
      -49.4034744,
      -20.825506299999994
     ],
     [
      -49.4034453,
      -20.825507200000004
     ],
     [
      -49.4034204,
      -20.8255147
     ],
     [
      -49.4033912,
      -20.825524799999993
     ],
     [
      -49.4033614,
      -20.825539199999998
     ],
     [
      -49.4033426,
      -20.8255526
     ],
     [
      -49.4033293,
      -20.825564800000002
     ],
     [
      -49.4033396,
      -20.825593100000003
     ],
     [
      -49.4033571,
      -20.825641300000008
     ],
     [
      -49.4034905,
      -20.8258776
     ],
     [
      -49.4035783,
      -20.826008599999998
     ],
     [
      -49.40364,
      -20.8261082
     ],
     [
      -49.4037017,
      -20.826234899999992
     ],
     [
      -49.4037353,
      -20.826295599999995
     ],
     [
      -49.4037681,
      -20.826370200000007
     ],
     [
      -49.4037889,
      -20.826410300000003
     ],
     [
      -49.4037989,
      -20.826433500000004
     ],
     [
      -49.4038086,
      -20.8264529
     ],
     [
      -49.4038231,
      -20.826479900000002
     ]
    ],
    "type": "LineString"
   },
   "properties": {
    "id": "osm-28",
    "kind": "matched",
    "lengthM": 262.4,
    "name": "",
    "source": "osm"
   },
   "type": "Feature"
  },
  {
   "geometry": {
    "coordinates": [
     [
      -49.4051927,
      -20.8307359
     ],
     [
      -49.4048536,
      -20.8308614
     ]
    ],
    "type": "LineString"
   },
   "properties": {
    "id": "osm-29",
    "kind": "matched",
    "lengthM": 37.9,
    "name": "",
    "source": "osm"
   },
   "type": "Feature"
  },
  {
   "geometry": {
    "coordinates": [
     [
      -49.413046,
      -20.854536100000004
     ],
     [
      -49.4130514,
      -20.854646799999998
     ],
     [
      -49.4130299,
      -20.854731500000007
     ]
    ],
    "type": "LineString"
   },
   "properties": {
    "id": "osm-30",
    "kind": "matched",
    "lengthM": 21.9,
    "name": "",
    "source": "osm"
   },
   "type": "Feature"
  },
  {
   "geometry": {
    "coordinates": [
     [
      -49.4124852,
      -20.854423399999995
     ],
     [
      -49.4124774,
      -20.8545259
     ],
     [
      -49.4124757,
      -20.8546106
     ]
    ],
    "type": "LineString"
   },
   "properties": {
    "id": "osm-31",
    "kind": "matched",
    "lengthM": 20.8,
    "name": "",
    "source": "osm"
   },
   "type": "Feature"
  },
  {
   "geometry": {
    "coordinates": [
     [
      -49.4130299,
      -20.854731500000007
     ],
     [
      -49.4129578,
      -20.854698600000003
     ],
     [
      -49.41263000000001,
      -20.8546171
     ],
     [
      -49.4125704,
      -20.854604000000005
     ],
     [
      -49.4124757,
      -20.8546106
     ],
     [
      -49.4124385,
      -20.854679099999988
     ],
     [
      -49.412423,
      -20.854746899999995
     ],
     [
      -49.4123505,
      -20.8552276
     ],
     [
      -49.412353,
      -20.855253799999996
     ],
     [
      -49.4123539,
      -20.855263899999997
     ],
     [
      -49.4123594,
      -20.855279699999993
     ],
     [
      -49.4124019,
      -20.855293699999997
     ],
     [
      -49.4124877,
      -20.855307699999997
     ],
     [
      -49.4127668,
      -20.8553592
     ],
     [
      -49.4128422,
      -20.855372399999997
     ],
     [
      -49.412871100000004,
      -20.855373400000005
     ],
     [
      -49.4129173,
      -20.855357
     ],
     [
      -49.4129337,
      -20.855332400000005
     ],
     [
      -49.41295710000001,
      -20.855249999999998
     ],
     [
      -49.4130275,
      -20.854855199999992
     ],
     [
      -49.4130322,
      -20.854802900000006
     ],
     [
      -49.4130295,
      -20.854753199999998
     ],
     [
      -49.4130299,
      -20.854731500000007
     ]
    ],
    "type": "LineString"
   },
   "properties": {
    "id": "osm-32",
    "kind": "matched",
    "lengthM": 265.9,
    "name": "",
    "source": "osm"
   },
   "type": "Feature"
  },
  {
   "geometry": {
    "coordinates": [
     [
      -49.4130731,
      -20.853707900000003
     ],
     [
      -49.4130482,
      -20.853647699999996
     ],
     [
      -49.4130093,
      -20.853622099999995
     ],
     [
      -49.4129471,
      -20.853615899999994
     ],
     [
      -49.4127829,
      -20.8536428
     ],
     [
      -49.4125903,
      -20.8536727
     ],
     [
      -49.4125292,
      -20.853682999999993
     ],
     [
      -49.412505,
      -20.8537124
     ],
     [
      -49.4124875,
      -20.853780599999993
     ],
     [
      -49.4124752,
      -20.853830199999994
     ],
     [
      -49.412461,
      -20.854044999999992
     ],
     [
      -49.412454,
      -20.854298699999994
     ],
     [
      -49.4124538,
      -20.8543468
     ],
     [
      -49.4124667,
      -20.854391399999997
     ],
     [
      -49.4124852,
      -20.854423399999995
     ],
     [
      -49.4126152,
      -20.8544631
     ],
     [
      -49.4128196,
      -20.8544984
     ],
     [
      -49.4130187,
      -20.854532099999997
     ],
     [
      -49.413046,
      -20.854536100000004
     ],
     [
      -49.4130535,
      -20.854504399999993
     ],
     [
      -49.4130565,
      -20.854472899999998
     ],
     [
      -49.4130573,
      -20.854432800000005
     ],
     [
      -49.4130586,
      -20.854381700000005
     ],
     [
      -49.413079,
      -20.8537593
     ],
     [
      -49.4130731,
      -20.853707900000003
     ]
    ],
    "type": "LineString"
   },
   "properties": {
    "id": "osm-33",
    "kind": "matched",
    "lengthM": 298.3,
    "name": "",
    "source": "osm"
   },
   "type": "Feature"
  },
  {
   "geometry": {
    "coordinates": [
     [
      -49.4061174,
      -20.832887999999993
     ],
     [
      -49.4060902,
      -20.832876899999995
     ],
     [
      -49.4060554,
      -20.832870700000004
     ],
     [
      -49.4060066,
      -20.832875799999997
     ],
     [
      -49.4056581,
      -20.8330149
     ],
     [
      -49.4056249,
      -20.833032399999997
     ],
     [
      -49.4056049,
      -20.833049699999997
     ],
     [
      -49.4055876,
      -20.8330753
     ]
    ],
    "type": "LineString"
   },
   "properties": {
    "id": "osm-34",
    "kind": "matched",
    "lengthM": 61.4,
    "name": "",
    "source": "osm"
   },
   "type": "Feature"
  },
  {
   "geometry": {
    "coordinates": [
     [
      -49.406078,
      -20.8327629
     ],
     [
      -49.4055851,
      -20.832965400000003
     ]
    ],
    "type": "LineString"
   },
   "properties": {
    "id": "osm-35",
    "kind": "matched",
    "lengthM": 56.0,
    "name": "",
    "source": "osm"
   },
   "type": "Feature"
  },
  {
   "geometry": {
    "coordinates": [
     [
      -49.3515323,
      -20.810733299999995
     ],
     [
      -49.3517566,
      -20.8105858
     ],
     [
      -49.3519629,
      -20.810477699999996
     ],
     [
      -49.3519927,
      -20.810470999999993
     ],
     [
      -49.3520082,
      -20.8104754
     ],
     [
      -49.3520308,
      -20.810501099999993
     ],
     [
      -49.3520368,
      -20.810534499999996
     ],
     [
      -49.3520308,
      -20.810559
     ],
     [
      -49.35199750000001,
      -20.810588000000006
     ],
     [
      -49.3519593,
      -20.810604700000006
     ],
     [
      -49.3519271,
      -20.810611400000003
     ],
     [
      -49.3518138,
      -20.810630399999994
     ],
     [
      -49.35167320000001,
      -20.8106649
     ],
     [
      -49.3515323,
      -20.810733299999995
     ]
    ],
    "type": "LineString"
   },
   "properties": {
    "id": "osm-36",
    "kind": "matched",
    "lengthM": 124.3,
    "name": "",
    "source": "osm"
   },
   "type": "Feature"
  },
  {
   "geometry": {
    "coordinates": [
     [
      -49.4092686,
      -20.838177500000004
     ],
     [
      -49.409303,
      -20.838248900000004
     ],
     [
      -49.409364,
      -20.838366199999996
     ],
     [
      -49.409396,
      -20.838423199999994
     ]
    ],
    "type": "LineString"
   },
   "properties": {
    "id": "osm-37",
    "kind": "matched",
    "lengthM": 30.3,
    "name": "",
    "source": "osm"
   },
   "type": "Feature"
  },
  {
   "geometry": {
    "coordinates": [
     [
      -49.4082199,
      -20.8363601
     ],
     [
      -49.4074944,
      -20.8367349
     ]
    ],
    "type": "LineString"
   },
   "properties": {
    "id": "osm-38",
    "kind": "matched",
    "lengthM": 86.2,
    "name": "",
    "source": "osm"
   },
   "type": "Feature"
  },
  {
   "geometry": {
    "coordinates": [
     [
      -49.4081193,
      -20.8362009
     ],
     [
      -49.4074179,
      -20.836581999999993
     ]
    ],
    "type": "LineString"
   },
   "properties": {
    "id": "osm-39",
    "kind": "matched",
    "lengthM": 84.3,
    "name": "",
    "source": "osm"
   },
   "type": "Feature"
  },
  {
   "geometry": {
    "coordinates": [
     [
      -49.4086411,
      -20.838529099999995
     ],
     [
      -49.4092686,
      -20.838177500000004
     ],
     [
      -49.4091412,
      -20.837954399999997
     ],
     [
      -49.409079600000005,
      -20.837822799999998
     ],
     [
      -49.4089977,
      -20.837685
     ],
     [
      -49.4089119,
      -20.837542099999997
     ],
     [
      -49.4088623,
      -20.83745929999999
     ],
     [
      -49.4087483,
      -20.837256299999996
     ],
     [
      -49.4086102,
      -20.837025699999995
     ],
     [
      -49.408473400000005,
      -20.836784999999992
     ],
     [
      -49.4083621,
      -20.836600799999992
     ],
     [
      -49.4082199,
      -20.8363601
     ],
     [
      -49.408170000000005,
      -20.836281099999997
     ],
     [
      -49.4081193,
      -20.8362009
     ],
     [
      -49.4079866,
      -20.835953999999994
     ],
     [
      -49.4078176,
      -20.8356657
     ],
     [
      -49.4077183,
      -20.835517799999998
     ],
     [
      -49.4076566,
      -20.835443900000005
     ],
     [
      -49.4075534,
      -20.835336099999992
     ],
     [
      -49.4074193,
      -20.835207000000004
     ],
     [
      -49.4073294,
      -20.8351205
     ],
     [
      -49.4072149,
      -20.834963200000004
     ],
     [
      -49.4071323,
      -20.83483100000001
     ]
    ],
    "type": "LineString"
   },
   "properties": {
    "id": "osm-40",
    "kind": "matched",
    "lengthM": 509.8,
    "name": "",
    "source": "osm"
   },
   "type": "Feature"
  },
  {
   "geometry": {
    "coordinates": [
     [
      -49.4065583,
      -20.8351193
     ],
     [
      -49.4067112,
      -20.835377499999996
     ],
     [
      -49.4068587,
      -20.835629399999995
     ],
     [
      -49.4069995,
      -20.835864999999995
     ],
     [
      -49.4071832,
      -20.836159599999995
     ],
     [
      -49.4072999,
      -20.836372699999995
     ],
     [
      -49.4073522,
      -20.8364679
     ],
     [
      -49.4074179,
      -20.836581999999993
     ],
     [
      -49.40745330000001,
      -20.836652799999992
     ],
     [
      -49.4074944,
      -20.8367349
     ],
     [
      -49.4076379,
      -20.8369455
     ],
     [
      -49.4078645,
      -20.83725
     ],
     [
      -49.4080067,
      -20.837480699999997
     ],
     [
      -49.4081408,
      -20.837696199999993
     ],
     [
      -49.4083151,
      -20.8379695
     ],
     [
      -49.4084613,
      -20.8382264
     ],
     [
      -49.4086411,
      -20.838529099999995
     ],
     [
      -49.4086763,
      -20.8385884
     ],
     [
      -49.4087425,
      -20.838702499999997
     ],
     [
      -49.4087778,
      -20.838757899999997
     ]
    ],
    "type": "LineString"
   },
   "properties": {
    "id": "osm-41",
    "kind": "matched",
    "lengthM": 464.7,
    "name": "",
    "source": "osm"
   },
   "type": "Feature"
  },
  {
   "geometry": {
    "coordinates": [
     [
      -49.4070488,
      -20.834695299999996
     ],
     [
      -49.4070498,
      -20.834716599999997
     ],
     [
      -49.4070427,
      -20.8347254
     ],
     [
      -49.407028,
      -20.8347348
     ],
     [
      -49.4070089,
      -20.834746099999997
     ],
     [
      -49.40654150000001,
      -20.834991399999996
     ],
     [
      -49.4064975,
      -20.835000399999995
     ]
    ],
    "type": "LineString"
   },
   "properties": {
    "id": "osm-42",
    "kind": "matched",
    "lengthM": 68.2,
    "name": "",
    "source": "osm"
   },
   "type": "Feature"
  },
  {
   "geometry": {
    "coordinates": [
     [
      -49.4198187,
      -20.8382784
     ],
     [
      -49.4197665,
      -20.8383142
     ],
     [
      -49.4168587,
      -20.8403293
     ],
     [
      -49.4152969,
      -20.841446300000005
     ],
     [
      -49.4152004,
      -20.841521500000002
     ],
     [
      -49.41514540000001,
      -20.841604200000006
     ],
     [
      -49.41503410000001,
      -20.841687600000004
     ]
    ],
    "type": "LineString"
   },
   "properties": {
    "id": "osm-43",
    "kind": "matched",
    "lengthM": 625.6,
    "name": "Avenida Abelardo Menezes",
    "source": "osm"
   },
   "type": "Feature"
  },
  {
   "geometry": {
    "coordinates": [
     [
      -49.3443961,
      -20.824439999999996
     ],
     [
      -49.3444714,
      -20.824780799999992
     ],
     [
      -49.3444993,
      -20.824873100000005
     ],
     [
      -49.3445548,
      -20.825028199999995
     ],
     [
      -49.34463470000001,
      -20.825210999999996
     ],
     [
      -49.3446502,
      -20.825264499999996
     ],
     [
      -49.344649,
      -20.825295699999998
     ],
     [
      -49.3446419,
      -20.82532799999999
     ],
     [
      -49.34463230000001,
      -20.825345800000008
     ],
     [
      -49.3446109,
      -20.825373699999997
     ],
     [
      -49.3445751,
      -20.825401500000005
     ],
     [
      -49.3445393,
      -20.825413800000003
     ],
     [
      -49.3444928,
      -20.825417100000003
     ],
     [
      -49.344463,
      -20.825412700000005
     ],
     [
      -49.3444278,
      -20.825398800000002
     ],
     [
      -49.3444054,
      -20.825377499999995
     ],
     [
      -49.344389,
      -20.825361899999997
     ],
     [
      -49.3443654,
      -20.8253258
     ],
     [
      -49.34435,
      -20.825256499999995
     ],
     [
      -49.34437450000001,
      -20.824792400000003
     ],
     [
      -49.3443884,
      -20.824545299999993
     ],
     [
      -49.3443961,
      -20.824439999999996
     ]
    ],
    "type": "LineString"
   },
   "properties": {
    "id": "osm-44",
    "kind": "matched",
    "lengthM": 238.0,
    "name": "",
    "source": "osm"
   },
   "type": "Feature"
  },
  {
   "geometry": {
    "coordinates": [
     [
      -49.409396,
      -20.838423199999994
     ],
     [
      -49.4096608,
      -20.8388751
     ],
     [
      -49.4101409,
      -20.839702399999997
     ],
     [
      -49.4105781,
      -20.840441799999994
     ],
     [
      -49.410908,
      -20.841028399999995
     ],
     [
      -49.4111119,
      -20.841248999999998
     ],
     [
      -49.4116886,
      -20.842274300000003
     ],
     [
      -49.4116637,
      -20.842280999999996
     ],
     [
      -49.4108571,
      -20.842497299999998
     ],
     [
      -49.4107417,
      -20.8420336
     ],
     [
      -49.4103394,
      -20.841371799999997
     ],
     [
      -49.4098378,
      -20.840544599999998
     ],
     [
      -49.4092612,
      -20.8395745
     ],
     [
      -49.4089366,
      -20.839023000000005
     ],
     [
      -49.4087778,
      -20.838757899999997
     ],
     [
      -49.409396,
      -20.838423199999994
     ]
    ],
    "type": "LineString"
   },
   "properties": {
    "id": "osm-45",
    "kind": "matched",
    "lengthM": 1122.6,
    "name": "",
    "source": "osm"
   },
   "type": "Feature"
  },
  {
   "geometry": {
    "coordinates": [
     [
      -49.4127876,
      -20.846158399999997
     ],
     [
      -49.4128937,
      -20.847185299999996
     ],
     [
      -49.4129889,
      -20.848208000000003
     ],
     [
      -49.4130153,
      -20.848483099999996
     ],
     [
      -49.41304350000001,
      -20.8487767
     ],
     [
      -49.4131077,
      -20.8494439
     ],
     [
      -49.4131626,
      -20.850008100000004
     ],
     [
      -49.4131602,
      -20.850032100000004
     ],
     [
      -49.4131578,
      -20.850053799999998
     ],
     [
      -49.4131357,
      -20.8500597
     ],
     [
      -49.4130874,
      -20.850063400000003
     ],
     [
      -49.4126479,
      -20.8501354
     ],
     [
      -49.4125577,
      -20.850141800000006
     ]
    ],
    "type": "LineString"
   },
   "properties": {
    "id": "osm-46",
    "kind": "matched",
    "lengthM": 496.3,
    "name": "",
    "source": "osm"
   },
   "type": "Feature"
  },
  {
   "geometry": {
    "coordinates": [
     [
      -49.3753333,
      -20.853965599999995
     ],
     [
      -49.3753749,
      -20.85400239999999
     ]
    ],
    "type": "LineString"
   },
   "properties": {
    "id": "osm-47",
    "kind": "matched",
    "lengthM": 5.9,
    "name": "",
    "source": "osm"
   },
   "type": "Feature"
  },
  {
   "geometry": {
    "coordinates": [
     [
      -49.3768401,
      -20.85621829999999
     ],
     [
      -49.3768246,
      -20.856207599999998
     ],
     [
      -49.3767609,
      -20.856108
     ]
    ],
    "type": "LineString"
   },
   "properties": {
    "id": "osm-48",
    "kind": "matched",
    "lengthM": 14.9,
    "name": "",
    "source": "osm"
   },
   "type": "Feature"
  },
  {
   "geometry": {
    "coordinates": [
     [
      -49.374183300000006,
      -20.852070000000005
     ],
     [
      -49.3741612,
      -20.852048100000005
     ],
     [
      -49.3741384,
      -20.8520305
     ],
     [
      -49.3741109,
      -20.852008
     ],
     [
      -49.3740868,
      -20.851985400000007
     ]
    ],
    "type": "LineString"
   },
   "properties": {
    "id": "osm-49",
    "kind": "matched",
    "lengthM": 13.7,
    "name": "",
    "source": "osm"
   },
   "type": "Feature"
  },
  {
   "geometry": {
    "coordinates": [
     [
      -49.3522972,
      -20.8423877
     ],
     [
      -49.3524029,
      -20.842495199999995
     ],
     [
      -49.3525033,
      -20.842582
     ]
    ],
    "type": "LineString"
   },
   "properties": {
    "id": "osm-50",
    "kind": "matched",
    "lengthM": 30.4,
    "name": "Avenida Professor Carlos Nunes de Mattos",
    "source": "osm"
   },
   "type": "Feature"
  },
  {
   "geometry": {
    "coordinates": [
     [
      -49.3491694,
      -20.812032
     ],
     [
      -49.3493697,
      -20.811911799999997
     ],
     [
      -49.349599,
      -20.811814099999996
     ],
     [
      -49.3497442,
      -20.811768100000002
     ],
     [
      -49.3504103,
      -20.811530099999988
     ],
     [
      -49.3505705,
      -20.811452900000003
     ],
     [
      -49.3506285,
      -20.8114189
     ],
     [
      -49.3506825,
      -20.811385799999996
     ],
     [
      -49.3507533,
      -20.8113322
     ],
     [
      -49.3508629,
      -20.811244000000002
     ],
     [
      -49.3509674,
      -20.8111573
     ],
     [
      -49.3514394,
      -20.810795999999993
     ],
     [
      -49.3515323,
      -20.810733299999995
     ]
    ],
    "type": "LineString"
   },
   "properties": {
    "id": "osm-51",
    "kind": "matched",
    "lengthM": 287.9,
    "name": "",
    "source": "osm"
   },
   "type": "Feature"
  },
  {
   "geometry": {
    "coordinates": [
     [
      -49.3752991,
      -20.854088400000002
     ],
     [
      -49.37534,
      -20.854048499999994
     ]
    ],
    "type": "LineString"
   },
   "properties": {
    "id": "osm-52",
    "kind": "matched",
    "lengthM": 6.1,
    "name": "",
    "source": "osm"
   },
   "type": "Feature"
  },
  {
   "geometry": {
    "coordinates": [
     [
      -49.375442,
      -20.8541028
     ],
     [
      -49.3753993,
      -20.854077299999993
     ]
    ],
    "type": "LineString"
   },
   "properties": {
    "id": "osm-53",
    "kind": "matched",
    "lengthM": 5.3,
    "name": "",
    "source": "osm"
   },
   "type": "Feature"
  },
  {
   "geometry": {
    "coordinates": [
     [
      -49.3594828,
      -20.810327199999993
     ],
     [
      -49.3594971,
      -20.81028909999999
     ],
     [
      -49.35951380000001,
      -20.810202299999997
     ],
     [
      -49.3595318,
      -20.810111899999992
     ],
     [
      -49.3595571,
      -20.810026099999998
     ],
     [
      -49.3596171,
      -20.809907500000005
     ]
    ],
    "type": "LineString"
   },
   "properties": {
    "id": "osm-54",
    "kind": "matched",
    "lengthM": 48.8,
    "name": "",
    "source": "osm"
   },
   "type": "Feature"
  },
  {
   "geometry": {
    "coordinates": [
     [
      -49.3444054,
      -20.825377499999995
     ],
     [
      -49.3444128,
      -20.8254304
     ],
     [
      -49.3444145,
      -20.825477699999997
     ],
     [
      -49.3443998,
      -20.8255232
     ],
     [
      -49.3443857,
      -20.825544899999993
     ],
     [
      -49.3443655,
      -20.825567
     ],
     [
      -49.3443263,
      -20.8255951
     ],
     [
      -49.3442974,
      -20.825612799999995
     ],
     [
      -49.3442529,
      -20.82563109999999
     ],
     [
      -49.3442008,
      -20.8256448
     ]
    ],
    "type": "LineString"
   },
   "properties": {
    "id": "osm-55",
    "kind": "matched",
    "lengthM": 41.9,
    "name": "",
    "source": "osm"
   },
   "type": "Feature"
  },
  {
   "geometry": {
    "coordinates": [
     [
      -49.3445393,
      -20.825413800000003
     ],
     [
      -49.3444947,
      -20.825446200000002
     ],
     [
      -49.3444592,
      -20.825480499999998
     ],
     [
      -49.3444317,
      -20.825516900000004
     ],
     [
      -49.3443989,
      -20.825559000000002
     ],
     [
      -49.3443709,
      -20.8255852
     ],
     [
      -49.3443399,
      -20.8256068
     ],
     [
      -49.3442986,
      -20.825627799999996
     ],
     [
      -49.3442565,
      -20.825640200000002
     ],
     [
      -49.3442294,
      -20.825643999999997
     ],
     [
      -49.3442008,
      -20.8256448
     ],
     [
      -49.344155,
      -20.8256388
     ],
     [
      -49.3441248,
      -20.825641799999993
     ]
    ],
    "type": "LineString"
   },
   "properties": {
    "id": "osm-56",
    "kind": "matched",
    "lengthM": 53.3,
    "name": "",
    "source": "osm"
   },
   "type": "Feature"
  },
  {
   "geometry": {
    "coordinates": [
     [
      -49.3562608,
      -20.8112281
     ],
     [
      -49.35557240000001,
      -20.811505699999998
     ],
     [
      -49.3553304,
      -20.811659200000005
     ],
     [
      -49.3550067,
      -20.8118645
     ],
     [
      -49.3549693,
      -20.811888199999995
     ],
     [
      -49.35468190000001,
      -20.812064200000002
     ],
     [
      -49.3545418,
      -20.8121145
     ],
     [
      -49.3543917,
      -20.8120986
     ],
     [
      -49.3542813,
      -20.812003299999997
     ],
     [
      -49.3541721,
      -20.811836700000004
     ],
     [
      -49.3540727,
      -20.81165699999999
     ]
    ],
    "type": "LineString"
   },
   "properties": {
    "id": "osm-57",
    "kind": "matched",
    "lengthM": 280.4,
    "name": "",
    "source": "osm"
   },
   "type": "Feature"
  },
  {
   "geometry": {
    "coordinates": [
     [
      -49.3538382,
      -20.811220899999995
     ],
     [
      -49.3536576,
      -20.8108468
     ],
     [
      -49.3534299,
      -20.810384599999995
     ],
     [
      -49.3533971,
      -20.81039569999999
     ],
     [
      -49.3533453,
      -20.810418400000007
     ],
     [
      -49.3533027,
      -20.810325399999996
     ],
     [
      -49.3532124,
      -20.81012550000001
     ],
     [
      -49.35318840000001,
      -20.810069899999995
     ],
     [
      -49.35312470000001,
      -20.81000510000001
     ],
     [
      -49.3530567,
      -20.809973299999996
     ],
     [
      -49.3529709,
      -20.8099594
     ],
     [
      -49.3529302,
      -20.8099635
     ],
     [
      -49.3528894,
      -20.8099743
     ],
     [
      -49.3527155,
      -20.810035499999998
     ],
     [
      -49.352448,
      -20.8101652
     ],
     [
      -49.3522562,
      -20.81026839999999
     ],
     [
      -49.3522002,
      -20.810297499999997
     ],
     [
      -49.3521065,
      -20.8103843
     ],
     [
      -49.3520082,
      -20.8104754
     ]
    ],
    "type": "LineString"
   },
   "properties": {
    "id": "osm-58",
    "kind": "matched",
    "lengthM": 297.1,
    "name": "",
    "source": "osm"
   },
   "type": "Feature"
  },
  {
   "geometry": {
    "coordinates": [
     [
      -49.3540727,
      -20.81165699999999
     ],
     [
      -49.3538382,
      -20.811220899999995
     ]
    ],
    "type": "LineString"
   },
   "properties": {
    "id": "osm-59",
    "kind": "matched",
    "lengthM": 54.1,
    "name": "",
    "source": "osm"
   },
   "type": "Feature"
  },
  {
   "geometry": {
    "coordinates": [
     [
      -49.3582306,
      -20.810596000000004
     ],
     [
      -49.3579188,
      -20.81066469999999
     ],
     [
      -49.3576177,
      -20.8107284
     ],
     [
      -49.357464,
      -20.810766599999997
     ],
     [
      -49.357249,
      -20.810824799999995
     ],
     [
      -49.35717460000001,
      -20.810855499999995
     ],
     [
      -49.3569453,
      -20.810935899999993
     ]
    ],
    "type": "LineString"
   },
   "properties": {
    "id": "osm-60",
    "kind": "matched",
    "lengthM": 139.2,
    "name": "",
    "source": "osm"
   },
   "type": "Feature"
  },
  {
   "geometry": {
    "coordinates": [
     [
      -49.3569453,
      -20.810935899999993
     ],
     [
      -49.3562608,
      -20.8112281
     ]
    ],
    "type": "LineString"
   },
   "properties": {
    "id": "osm-61",
    "kind": "matched",
    "lengthM": 78.3,
    "name": "",
    "source": "osm"
   },
   "type": "Feature"
  },
  {
   "geometry": {
    "coordinates": [
     [
      -49.3485192,
      -20.8248528
     ],
     [
      -49.3486362,
      -20.824854199999997
     ],
     [
      -49.3487312,
      -20.8248543
     ],
     [
      -49.3490538,
      -20.8248582
     ],
     [
      -49.34914070000001,
      -20.8249013
     ],
     [
      -49.3492528,
      -20.8249153
     ],
     [
      -49.349568,
      -20.824918
     ],
     [
      -49.3496322,
      -20.824909299999995
     ],
     [
      -49.34970210000001,
      -20.824908
     ],
     [
      -49.3497949,
      -20.824902500000004
     ],
     [
      -49.3498602,
      -20.824896999999993
     ],
     [
      -49.3499245,
      -20.8248981
     ],
     [
      -49.3502141,
      -20.824902800000007
     ],
     [
      -49.350659,
      -20.824915500000003
     ],
     [
      -49.3512535,
      -20.8249175
     ],
     [
      -49.3514764,
      -20.82491969999999
     ],
     [
      -49.3514764,
      -20.8249663
     ],
     [
      -49.3514986,
      -20.8249672
     ],
     [
      -49.35158580000001,
      -20.824970899999997
     ],
     [
      -49.3516533,
      -20.824974299999997
     ],
     [
      -49.3516495,
      -20.8250616
     ],
     [
      -49.35163240000001,
      -20.825251400000003
     ],
     [
      -49.3515975,
      -20.82552009999999
     ],
     [
      -49.3515932,
      -20.825573100000003
     ],
     [
      -49.3515898,
      -20.825653499999998
     ],
     [
      -49.3515879,
      -20.825700500000004
     ],
     [
      -49.3515675,
      -20.8259136
     ],
     [
      -49.351531,
      -20.8261988
     ],
     [
      -49.3515224,
      -20.8263392
     ],
     [
      -49.3515181,
      -20.826438000000003
     ],
     [
      -49.3515138,
      -20.826535600000007
     ],
     [
      -49.3514929,
      -20.82672899999999
     ],
     [
      -49.3514714,
      -20.826888899999997
     ],
     [
      -49.3514489,
      -20.826940500000003
     ],
     [
      -49.3514495,
      -20.827010699999995
     ],
     [
      -49.3514411,
      -20.827047999999998
     ],
     [
      -49.351428,
      -20.8271059
     ],
     [
      -49.3514398,
      -20.8271974
     ],
     [
      -49.3514162,
      -20.8272977
     ],
     [
      -49.3514033,
      -20.82739
     ],
     [
      -49.3513636,
      -20.827593299999997
     ],
     [
      -49.3513298,
      -20.827919000000005
     ],
     [
      -49.3513148,
      -20.828065999999996
     ],
     [
      -49.3512933,
      -20.8281602
     ],
     [
      -49.3512918,
      -20.8282366
     ],
     [
      -49.3512901,
      -20.828320700000006
     ],
     [
      -49.3512853,
      -20.8284408
     ],
     [
      -49.351264900000004,
      -20.828542099999996
     ],
     [
      -49.3512354,
      -20.828776699999995
     ],
     [
      -49.3512295,
      -20.828855399999988
     ],
     [
      -49.3512016,
      -20.829132900000005
     ],
     [
      -49.3511924,
      -20.829301399999995
     ],
     [
      -49.3511863,
      -20.8293373
     ],
     [
      -49.3511533,
      -20.829415300000004
     ],
     [
      -49.3511453,
      -20.829484500000003
     ],
     [
      -49.3511212,
      -20.8295788
     ],
     [
      -49.3511029,
      -20.829650499999996
     ],
     [
      -49.3510498,
      -20.8298989
     ],
     [
      -49.3509935,
      -20.830002200000006
     ],
     [
      -49.3509023,
      -20.830222800000005
     ],
     [
      -49.3508417,
      -20.830380799999997
     ],
     [
      -49.350794,
      -20.830471700000004
     ],
     [
      -49.3507355,
      -20.8305953
     ],
     [
      -49.3506937,
      -20.830711599999994
     ],
     [
      -49.35067720000001,
      -20.83083049999999
     ],
     [
      -49.3506679,
      -20.830897299999997
     ],
     [
      -49.3506202,
      -20.8310538
     ],
     [
      -49.3505917,
      -20.831136500000003
     ],
     [
      -49.3505349,
      -20.8311606
     ],
     [
      -49.350503800000006,
      -20.831199899999998
     ],
     [
      -49.3504238,
      -20.831300899999995
     ],
     [
      -49.35037100000001,
      -20.8313917
     ],
     [
      -49.3502161,
      -20.8317063
     ],
     [
      -49.35011320000001,
      -20.831913399999994
     ],
     [
      -49.3499872,
      -20.832109499999998
     ],
     [
      -49.3497935,
      -20.8323787
     ]
    ],
    "type": "LineString"
   },
   "properties": {
    "id": "osm-62",
    "kind": "matched",
    "lengthM": 1191.5,
    "name": "",
    "source": "osm"
   },
   "type": "Feature"
  },
  {
   "geometry": {
    "coordinates": [
     [
      -49.3441248,
      -20.825641799999993
     ],
     [
      -49.3440837,
      -20.8256368
     ],
     [
      -49.3439919,
      -20.825626299999996
     ],
     [
      -49.3439828,
      -20.825663799999994
     ],
     [
      -49.34398230000001,
      -20.8257119
     ],
     [
      -49.3439758,
      -20.825752599999998
     ],
     [
      -49.3439672,
      -20.8257801
     ]
    ],
    "type": "LineString"
   },
   "properties": {
    "id": "osm-63",
    "kind": "matched",
    "lengthM": 31.3,
    "name": "",
    "source": "osm"
   },
   "type": "Feature"
  },
  {
   "geometry": {
    "coordinates": [
     [
      -49.3462069,
      -20.826475399999996
     ],
     [
      -49.3464816,
      -20.8262385
     ]
    ],
    "type": "LineString"
   },
   "properties": {
    "id": "osm-64",
    "kind": "matched",
    "lengthM": 38.8,
    "name": "",
    "source": "osm"
   },
   "type": "Feature"
  },
  {
   "geometry": {
    "coordinates": [
     [
      -49.3464816,
      -20.8262385
     ],
     [
      -49.3467243,
      -20.82602660000001
     ],
     [
      -49.3469171,
      -20.8258667
     ],
     [
      -49.3471054,
      -20.8257343
     ],
     [
      -49.3473393,
      -20.82558469999999
     ],
     [
      -49.3474504,
      -20.825520499999993
     ],
     [
      -49.34753570000001,
      -20.8254619
     ],
     [
      -49.347665,
      -20.825361099999995
     ],
     [
      -49.34775150000001,
      -20.8252806
     ],
     [
      -49.3478486,
      -20.825164299999994
     ],
     [
      -49.3479421,
      -20.8250239
     ],
     [
      -49.3480237,
      -20.824942100000005
     ],
     [
      -49.3480821,
      -20.824904
     ],
     [
      -49.3481476,
      -20.824872899999995
     ],
     [
      -49.3482334,
      -20.82485550000001
     ],
     [
      -49.3483272,
      -20.824850700000002
     ],
     [
      -49.3484327,
      -20.824851899999995
     ]
    ],
    "type": "LineString"
   },
   "properties": {
    "id": "osm-65",
    "kind": "matched",
    "lengthM": 261.9,
    "name": "",
    "source": "osm"
   },
   "type": "Feature"
  },
  {
   "geometry": {
    "coordinates": [
     [
      -49.3484327,
      -20.824851899999995
     ],
     [
      -49.3485192,
      -20.8248528
     ]
    ],
    "type": "LineString"
   },
   "properties": {
    "id": "osm-66",
    "kind": "matched",
    "lengthM": 9.0,
    "name": "",
    "source": "osm"
   },
   "type": "Feature"
  },
  {
   "geometry": {
    "coordinates": [
     [
      -49.4153899,
      -20.864523900000002
     ],
     [
      -49.4152655,
      -20.86435
     ],
     [
      -49.4151861,
      -20.864226199999994
     ],
     [
      -49.414957,
      -20.8639144
     ],
     [
      -49.4149086,
      -20.863845300000005
     ],
     [
      -49.4148882,
      -20.86378270000001
     ],
     [
      -49.4148774,
      -20.8637047
     ],
     [
      -49.4148667,
      -20.863627799999993
     ],
     [
      -49.414821,
      -20.863580799999998
     ],
     [
      -49.41475340000001,
      -20.863551200000003
     ],
     [
      -49.4146316,
      -20.863520199999996
     ],
     [
      -49.4145377,
      -20.863496600000005
     ],
     [
      -49.4144642,
      -20.863472999999995
     ],
     [
      -49.414439,
      -20.863475500000003
     ],
     [
      -49.4144057,
      -20.8634916
     ],
     [
      -49.4143485,
      -20.863529600000003
     ],
     [
      -49.4142679,
      -20.863583299999995
     ],
     [
      -49.4140959,
      -20.863669000000005
     ],
     [
      -49.4139682,
      -20.8637367
     ],
     [
      -49.4138792,
      -20.863789400000005
     ],
     [
      -49.4137816,
      -20.8638575
     ],
     [
      -49.4134627,
      -20.8640699
     ],
     [
      -49.4133307,
      -20.8641471
     ],
     [
      -49.4132077,
      -20.864235800000003
     ],
     [
      -49.4131031,
      -20.864304
     ],
     [
      -49.413026,
      -20.864342
     ],
     [
      -49.4129416,
      -20.8643837
     ],
     [
      -49.4129162,
      -20.8643868
     ],
     [
      -49.41289200000001,
      -20.864379299999996
     ],
     [
      -49.4128776,
      -20.8643708
     ],
     [
      -49.412871100000004,
      -20.864354200000005
     ],
     [
      -49.4128738,
      -20.8643317
     ],
     [
      -49.4128534,
      -20.8642685
     ],
     [
      -49.4128266,
      -20.8641968
     ],
     [
      -49.4128126,
      -20.864177800000007
     ],
     [
      -49.412788,
      -20.86415420000001
     ],
     [
      -49.4127767,
      -20.864112099999996
     ],
     [
      -49.4127649,
      -20.864076999999995
     ],
     [
      -49.4127017,
      -20.863978
     ],
     [
      -49.4126325,
      -20.8638447
     ],
     [
      -49.4125596,
      -20.8637329
     ],
     [
      -49.4124893,
      -20.8636196
     ],
     [
      -49.412463,
      -20.8635384
     ],
     [
      -49.412438300000005,
      -20.8634712
     ],
     [
      -49.4123852,
      -20.863383499999994
     ],
     [
      -49.4122174,
      -20.863040499999997
     ],
     [
      -49.4121703,
      -20.86292539999999
     ],
     [
      -49.4121344,
      -20.862833700000003
     ],
     [
      -49.4120662,
      -20.8626477
     ],
     [
      -49.4120399,
      -20.862563
     ],
     [
      -49.412026000000004,
      -20.8623765
     ],
     [
      -49.4120206,
      -20.862290300000005
     ],
     [
      -49.4119923,
      -20.861956499999994
     ],
     [
      -49.4119817,
      -20.861650200000003
     ],
     [
      -49.41198120000001,
      -20.861594100000005
     ],
     [
      -49.4119431,
      -20.861057699999996
     ],
     [
      -49.4119254,
      -20.8606762
     ],
     [
      -49.4119388,
      -20.8605564
     ],
     [
      -49.4119462,
      -20.860499800000003
     ],
     [
      -49.41195810000001,
      -20.86040909999999
     ],
     [
      -49.4119683,
      -20.860303400000006
     ],
     [
      -49.4118393,
      -20.860108900000004
     ],
     [
      -49.4118189,
      -20.8600357
     ],
     [
      -49.41178510000001,
      -20.859901400000002
     ],
     [
      -49.4117582,
      -20.8597495
     ],
     [
      -49.4117498,
      -20.859644899999992
     ],
     [
      -49.4117475,
      -20.859615599999994
     ],
     [
      -49.41176360000001,
      -20.859569599999993
     ],
     [
      -49.4117909,
      -20.859532999999995
     ],
     [
      -49.4118081,
      -20.859510999999994
     ],
     [
      -49.4117748,
      -20.859475899999996
     ],
     [
      -49.41176360000001,
      -20.859443799999998
     ],
     [
      -49.4117577,
      -20.859274399999997
     ],
     [
      -49.4117464,
      -20.8590779
     ],
     [
      -49.4117325,
      -20.858896899999998
     ],
     [
      -49.411704,
      -20.858545
     ],
     [
      -49.4116729,
      -20.858222699999995
     ],
     [
      -49.41167560000001,
      -20.858167000000005
     ],
     [
      -49.411697,
      -20.85811689999999
     ],
     [
      -49.411719,
      -20.858087200000007
     ],
     [
      -49.4117329,
      -20.8580667
     ],
     [
      -49.411727,
      -20.858047099999997
     ],
     [
      -49.4117208,
      -20.857991799999997
     ],
     [
      -49.4117329,
      -20.857922299999995
     ],
     [
      -49.4117822,
      -20.857872899999993
     ],
     [
      -49.411756,
      -20.857838300000004
     ],
     [
      -49.4117404,
      -20.857805699999997
     ],
     [
      -49.41174250000001,
      -20.857738
     ],
     [
      -49.4117974,
      -20.857507099999996
     ],
     [
      -49.4118748,
      -20.857258599999994
     ],
     [
      -49.4119555,
      -20.85690639999999
     ],
     [
      -49.41206700000001,
      -20.856449399999992
     ],
     [
      -49.4121712,
      -20.85599819999999
     ],
     [
      -49.4122722,
      -20.8555747
     ],
     [
      -49.4122872,
      -20.855533
     ],
     [
      -49.4123076,
      -20.855492899999998
     ],
     [
      -49.4123344,
      -20.8554683
     ],
     [
      -49.4123178,
      -20.855419199999993
     ],
     [
      -49.4123249,
      -20.855375700000003
     ],
     [
      -49.4123398,
      -20.855285399999996
     ],
     [
      -49.412353,
      -20.855253799999996
     ]
    ],
    "type": "LineString"
   },
   "properties": {
    "id": "osm-67",
    "kind": "matched",
    "lengthM": 1408.5,
    "name": "",
    "source": "osm"
   },
   "type": "Feature"
  },
  {
   "geometry": {
    "coordinates": [
     [
      -49.4124875,
      -20.853780599999993
     ],
     [
      -49.4123803,
      -20.853765800000005
     ]
    ],
    "type": "LineString"
   },
   "properties": {
    "id": "osm-68",
    "kind": "matched",
    "lengthM": 11.3,
    "name": "",
    "source": "osm"
   },
   "type": "Feature"
  },
  {
   "geometry": {
    "coordinates": [
     [
      -49.4125577,
      -20.850141800000006
     ],
     [
      -49.4125441,
      -20.8501052
     ],
     [
      -49.4125375,
      -20.8500782
     ],
     [
      -49.4125308,
      -20.849989399999995
     ],
     [
      -49.4124633,
      -20.8495316
     ],
     [
      -49.4122642,
      -20.8484891
     ],
     [
      -49.4120535,
      -20.847513199999998
     ],
     [
      -49.4117825,
      -20.8462376
     ]
    ],
    "type": "LineString"
   },
   "properties": {
    "id": "osm-69",
    "kind": "matched",
    "lengthM": 439.9,
    "name": "",
    "source": "osm"
   },
   "type": "Feature"
  },
  {
   "geometry": {
    "coordinates": [
     [
      -49.4124598,
      -20.850157800000005
     ],
     [
      -49.4125577,
      -20.850141800000006
     ]
    ],
    "type": "LineString"
   },
   "properties": {
    "id": "osm-70",
    "kind": "matched",
    "lengthM": 10.3,
    "name": "",
    "source": "osm"
   },
   "type": "Feature"
  },
  {
   "geometry": {
    "coordinates": [
     [
      -49.4117799,
      -20.846223399999996
     ],
     [
      -49.4125453,
      -20.84612449999999
     ],
     [
      -49.4126708,
      -20.846107500000002
     ],
     [
      -49.41271760000001,
      -20.8461025
     ],
     [
      -49.4127823,
      -20.846105499999993
     ]
    ],
    "type": "LineString"
   },
   "properties": {
    "id": "osm-71",
    "kind": "matched",
    "lengthM": 105.2,
    "name": "",
    "source": "osm"
   },
   "type": "Feature"
  },
  {
   "geometry": {
    "coordinates": [
     [
      -49.411767000000005,
      -20.8461518
     ],
     [
      -49.4117534,
      -20.84607849999999
     ],
     [
      -49.4117217,
      -20.845956500000003
     ],
     [
      -49.411680600000004,
      -20.845583
     ],
     [
      -49.4115986,
      -20.845084200000006
     ],
     [
      -49.4114872,
      -20.844635999999998
     ],
     [
      -49.4113614,
      -20.844201800000004
     ],
     [
      -49.4112431,
      -20.843782300000004
     ],
     [
      -49.4110898,
      -20.843239299999997
     ],
     [
      -49.4110249,
      -20.8430384
     ],
     [
      -49.411006500000006,
      -20.842972400000004
     ],
     [
      -49.410985200000006,
      -20.842895800000004
     ],
     [
      -49.4108999,
      -20.84263159999999
     ],
     [
      -49.4108761,
      -20.842556799999997
     ],
     [
      -49.4108571,
      -20.842497299999998
     ]
    ],
    "type": "LineString"
   },
   "properties": {
    "id": "osm-72",
    "kind": "matched",
    "lengthM": 416.3,
    "name": "",
    "source": "osm"
   },
   "type": "Feature"
  },
  {
   "geometry": {
    "coordinates": [
     [
      -49.4110249,
      -20.8430384
     ],
     [
      -49.41189,
      -20.842835300000004
     ],
     [
      -49.411927,
      -20.8428403
     ],
     [
      -49.4120788,
      -20.8433553
     ],
     [
      -49.4122236,
      -20.8438182
     ],
     [
      -49.4123679,
      -20.8443184
     ],
     [
      -49.4125083,
      -20.844804699999997
     ],
     [
      -49.4126231,
      -20.845197
     ],
     [
      -49.4127288,
      -20.84569029999999
     ],
     [
      -49.4127481,
      -20.8459484
     ],
     [
      -49.4127207,
      -20.845962999999998
     ],
     [
      -49.4121381,
      -20.846050700000003
     ],
     [
      -49.4117534,
      -20.84607849999999
     ]
    ],
    "type": "LineString"
   },
   "properties": {
    "id": "osm-73",
    "kind": "matched",
    "lengthM": 556.7,
    "name": "",
    "source": "osm"
   },
   "type": "Feature"
  },
  {
   "geometry": {
    "coordinates": [
     [
      -49.4021329,
      -20.824042100000003
     ],
     [
      -49.4019881,
      -20.823913300000005
     ],
     [
      -49.4015972,
      -20.823559300000003
     ],
     [
      -49.4008369,
      -20.822905500000005
     ],
     [
      -49.4007946,
      -20.822867900000006
     ],
     [
      -49.4006877,
      -20.822773099999996
     ],
     [
      -49.4006119,
      -20.822707300000005
     ],
     [
      -49.4005246,
      -20.8226317
     ],
     [
      -49.4001549,
      -20.822303999999995
     ],
     [
      -49.399376000000004,
      -20.821620099999997
     ],
     [
      -49.399322,
      -20.821572599999996
     ],
     [
      -49.3991975,
      -20.821463000000005
     ],
     [
      -49.3987361,
      -20.820961599999997
     ],
     [
      -49.3981073,
      -20.820302099999996
     ],
     [
      -49.3976662,
      -20.819888999999993
     ],
     [
      -49.39761910000001,
      -20.819843499999998
     ],
     [
      -49.3975276,
      -20.81975509999999
     ],
     [
      -49.3974295,
      -20.819660399999997
     ],
     [
      -49.3971119,
      -20.819366600000002
     ],
     [
      -49.3965522,
      -20.818935299999993
     ],
     [
      -49.3961916,
      -20.8186339
     ],
     [
      -49.3961412,
      -20.818573699999998
     ],
     [
      -49.396131,
      -20.818562599999993
     ],
     [
      -49.3961007,
      -20.818529800000004
     ],
     [
      -49.3960374,
      -20.8184612
     ],
     [
      -49.39602,
      -20.8184423
     ],
     [
      -49.3958426,
      -20.818260500000004
     ],
     [
      -49.3957727,
      -20.818188899999996
     ],
     [
      -49.3956246,
      -20.818049000000006
     ],
     [
      -49.3955441,
      -20.817956199999994
     ]
    ],
    "type": "LineString"
   },
   "properties": {
    "id": "osm-74",
    "kind": "matched",
    "lengthM": 962.6,
    "name": "",
    "source": "osm"
   },
   "type": "Feature"
  },
  {
   "geometry": {
    "coordinates": [
     [
      -49.3796932,
      -20.805152900000003
     ],
     [
      -49.3795606,
      -20.805161500000004
     ],
     [
      -49.3794691,
      -20.8051886
     ]
    ],
    "type": "LineString"
   },
   "properties": {
    "id": "osm-75",
    "kind": "matched",
    "lengthM": 23.8,
    "name": "",
    "source": "osm"
   },
   "type": "Feature"
  },
  {
   "geometry": {
    "coordinates": [
     [
      -49.3786284,
      -20.804309699999994
     ],
     [
      -49.378593,
      -20.8042607
     ],
     [
      -49.3784149,
      -20.804212500000002
     ],
     [
      -49.3782368,
      -20.804197499999994
     ],
     [
      -49.37807810000001,
      -20.804211499999997
     ],
     [
      -49.3779268,
      -20.8042567
     ],
     [
      -49.3777755,
      -20.804328900000005
     ],
     [
      -49.37766820000001,
      -20.804388
     ],
     [
      -49.3775974,
      -20.8044201
     ],
     [
      -49.377497600000005,
      -20.804393599999994
     ],
     [
      -49.37745040000001,
      -20.804381000000003
     ]
    ],
    "type": "LineString"
   },
   "properties": {
    "id": "osm-76",
    "kind": "matched",
    "lengthM": 132.3,
    "name": "",
    "source": "osm"
   },
   "type": "Feature"
  },
  {
   "geometry": {
    "coordinates": [
     [
      -49.4153681,
      -20.864659200000002
     ],
     [
      -49.415419,
      -20.8646247
     ],
     [
      -49.4154254,
      -20.86459969999999
     ],
     [
      -49.4153899,
      -20.864523900000002
     ],
     [
      -49.4154405,
      -20.8645365
     ],
     [
      -49.415492,
      -20.8645415
     ],
     [
      -49.4155295,
      -20.8645345
     ],
     [
      -49.4155467,
      -20.864527500000005
     ],
     [
      -49.4156141,
      -20.864480499999996
     ]
    ],
    "type": "LineString"
   },
   "properties": {
    "id": "osm-77",
    "kind": "matched",
    "lengthM": 44.0,
    "name": "",
    "source": "osm"
   },
   "type": "Feature"
  },
  {
   "geometry": {
    "coordinates": [
     [
      -49.379447000000006,
      -20.80651779999999
     ],
     [
      -49.3793852,
      -20.806566899999993
     ]
    ],
    "type": "LineString"
   },
   "properties": {
    "id": "osm-78",
    "kind": "matched",
    "lengthM": 8.4,
    "name": "",
    "source": "osm"
   },
   "type": "Feature"
  },
  {
   "geometry": {
    "coordinates": [
     [
      -49.3797221,
      -20.807236399999997
     ],
     [
      -49.3797925,
      -20.807264799999995
     ],
     [
      -49.3799006,
      -20.80734289999999
     ],
     [
      -49.3799266,
      -20.807361600000004
     ],
     [
      -49.3802156,
      -20.80757819999999
     ],
     [
      -49.3803107,
      -20.807649499999993
     ],
     [
      -49.380337,
      -20.8076905
     ]
    ],
    "type": "LineString"
   },
   "properties": {
    "id": "osm-79",
    "kind": "matched",
    "lengthM": 82.0,
    "name": "",
    "source": "osm"
   },
   "type": "Feature"
  },
  {
   "geometry": {
    "coordinates": [
     [
      -49.3798749,
      -20.807369700000002
     ],
     [
      -49.3799006,
      -20.80734289999999
     ]
    ],
    "type": "LineString"
   },
   "properties": {
    "id": "osm-80",
    "kind": "matched",
    "lengthM": 4.0,
    "name": "",
    "source": "osm"
   },
   "type": "Feature"
  },
  {
   "geometry": {
    "coordinates": [
     [
      -49.3801915,
      -20.80760339999999
     ],
     [
      -49.3802156,
      -20.80757819999999
     ]
    ],
    "type": "LineString"
   },
   "properties": {
    "id": "osm-81",
    "kind": "matched",
    "lengthM": 3.8,
    "name": "",
    "source": "osm"
   },
   "type": "Feature"
  },
  {
   "geometry": {
    "coordinates": [
     [
      -49.3804717,
      -20.807771700000004
     ],
     [
      -49.3805097,
      -20.8077751
     ],
     [
      -49.3812775,
      -20.8080241
     ],
     [
      -49.381336,
      -20.808063999999998
     ]
    ],
    "type": "LineString"
   },
   "properties": {
    "id": "osm-82",
    "kind": "matched",
    "lengthM": 96.0,
    "name": "",
    "source": "osm"
   },
   "type": "Feature"
  },
  {
   "geometry": {
    "coordinates": [
     [
      -49.3814733,
      -20.8081312
     ],
     [
      -49.3815371,
      -20.808152499999995
     ],
     [
      -49.3817839,
      -20.808328300000003
     ],
     [
      -49.3821004,
      -20.808553699999997
     ],
     [
      -49.3821275,
      -20.80860699999999
     ]
    ],
    "type": "LineString"
   },
   "properties": {
    "id": "osm-83",
    "kind": "matched",
    "lengthM": 87.1,
    "name": "",
    "source": "osm"
   },
   "type": "Feature"
  },
  {
   "geometry": {
    "coordinates": [
     [
      -49.3817839,
      -20.808328300000003
     ],
     [
      -49.3817557,
      -20.808358399999992
     ]
    ],
    "type": "LineString"
   },
   "properties": {
    "id": "osm-84",
    "kind": "matched",
    "lengthM": 4.4,
    "name": "",
    "source": "osm"
   },
   "type": "Feature"
  },
  {
   "geometry": {
    "coordinates": [
     [
      -49.382253,
      -20.808692800000003
     ],
     [
      -49.3823192,
      -20.808714099999996
     ],
     [
      -49.3828718,
      -20.809095200000005
     ],
     [
      -49.3829015,
      -20.809145599999994
     ]
    ],
    "type": "LineString"
   },
   "properties": {
    "id": "osm-85",
    "kind": "matched",
    "lengthM": 85.0,
    "name": "",
    "source": "osm"
   },
   "type": "Feature"
  },
  {
   "geometry": {
    "coordinates": [
     [
      -49.3830571,
      -20.809259399999988
     ],
     [
      -49.3831016,
      -20.8092677
     ],
     [
      -49.3836593,
      -20.809661299999995
     ],
     [
      -49.3837002,
      -20.80970799999999
     ]
    ],
    "type": "LineString"
   },
   "properties": {
    "id": "osm-86",
    "kind": "matched",
    "lengthM": 84.0,
    "name": "",
    "source": "osm"
   },
   "type": "Feature"
  },
  {
   "geometry": {
    "coordinates": [
     [
      -49.3838338,
      -20.809793699999997
     ],
     [
      -49.383875,
      -20.8097947
     ],
     [
      -49.3846313,
      -20.810086599999998
     ],
     [
      -49.384667,
      -20.810128499999998
     ]
    ],
    "type": "LineString"
   },
   "properties": {
    "id": "osm-87",
    "kind": "matched",
    "lengthM": 95.3,
    "name": "",
    "source": "osm"
   },
   "type": "Feature"
  },
  {
   "geometry": {
    "coordinates": [
     [
      -49.3848311,
      -20.8102448
     ],
     [
      -49.3848684,
      -20.810248099999995
     ],
     [
      -49.3853939,
      -20.810603299999997
     ],
     [
      -49.3854331,
      -20.810655
     ]
    ],
    "type": "LineString"
   },
   "properties": {
    "id": "osm-88",
    "kind": "matched",
    "lengthM": 78.3,
    "name": "",
    "source": "osm"
   },
   "type": "Feature"
  },
  {
   "geometry": {
    "coordinates": [
     [
      -49.3855752,
      -20.810757300000002
     ],
     [
      -49.3856232,
      -20.810769900000004
     ],
     [
      -49.3862043,
      -20.811169899999996
     ],
     [
      -49.3862228,
      -20.811213400000003
     ]
    ],
    "type": "LineString"
   },
   "properties": {
    "id": "osm-89",
    "kind": "matched",
    "lengthM": 85.3,
    "name": "",
    "source": "osm"
   },
   "type": "Feature"
  },
  {
   "geometry": {
    "coordinates": [
     [
      -49.3864047,
      -20.811346799999995
     ],
     [
      -49.3864424,
      -20.811346899999993
     ],
     [
      -49.3869982,
      -20.811738999999992
     ],
     [
      -49.3870188,
      -20.811777799999998
     ]
    ],
    "type": "LineString"
   },
   "properties": {
    "id": "osm-90",
    "kind": "matched",
    "lengthM": 81.1,
    "name": "",
    "source": "osm"
   },
   "type": "Feature"
  },
  {
   "geometry": {
    "coordinates": [
     [
      -49.387157800000004,
      -20.8118701
     ],
     [
      -49.3871902,
      -20.8118724
     ],
     [
      -49.3877578,
      -20.812269800000003
     ],
     [
      -49.3877886,
      -20.812313900000003
     ]
    ],
    "type": "LineString"
   },
   "properties": {
    "id": "osm-91",
    "kind": "matched",
    "lengthM": 82.9,
    "name": "",
    "source": "osm"
   },
   "type": "Feature"
  },
  {
   "geometry": {
    "coordinates": [
     [
      -49.387956,
      -20.8124222
     ],
     [
      -49.3880422,
      -20.81245329999999
     ],
     [
      -49.3886827,
      -20.812686000000003
     ],
     [
      -49.3887435,
      -20.812724099999997
     ]
    ],
    "type": "LineString"
   },
   "properties": {
    "id": "osm-92",
    "kind": "matched",
    "lengthM": 88.7,
    "name": "",
    "source": "osm"
   },
   "type": "Feature"
  },
  {
   "geometry": {
    "coordinates": [
     [
      -49.3888798,
      -20.812786299999992
     ],
     [
      -49.3889214,
      -20.812788899999997
     ],
     [
      -49.38956,
      -20.8131235
     ],
     [
      -49.3896018,
      -20.813158300000005
     ]
    ],
    "type": "LineString"
   },
   "properties": {
    "id": "osm-93",
    "kind": "matched",
    "lengthM": 86.3,
    "name": "",
    "source": "osm"
   },
   "type": "Feature"
  },
  {
   "geometry": {
    "coordinates": [
     [
      -49.3897611,
      -20.8132622
     ],
     [
      -49.3897949,
      -20.813270999999993
     ],
     [
      -49.3902774,
      -20.813709400000004
     ],
     [
      -49.3903058,
      -20.813750799999998
     ]
    ],
    "type": "LineString"
   },
   "properties": {
    "id": "osm-94",
    "kind": "matched",
    "lengthM": 78.9,
    "name": "",
    "source": "osm"
   },
   "type": "Feature"
  },
  {
   "geometry": {
    "coordinates": [
     [
      -49.3904439,
      -20.81385749999999
     ],
     [
      -49.3904963,
      -20.813883900000004
     ],
     [
      -49.3910617,
      -20.814337199999997
     ],
     [
      -49.3910807,
      -20.814372600000002
     ]
    ],
    "type": "LineString"
   },
   "properties": {
    "id": "osm-95",
    "kind": "matched",
    "lengthM": 87.9,
    "name": "",
    "source": "osm"
   },
   "type": "Feature"
  },
  {
   "geometry": {
    "coordinates": [
     [
      -49.3911981,
      -20.8144734
     ],
     [
      -49.3912366,
      -20.814485600000005
     ],
     [
      -49.3917977,
      -20.81493289999999
     ],
     [
      -49.391809,
      -20.8149668
     ]
    ],
    "type": "LineString"
   },
   "properties": {
    "id": "osm-96",
    "kind": "matched",
    "lengthM": 84.7,
    "name": "",
    "source": "osm"
   },
   "type": "Feature"
  },
  {
   "geometry": {
    "coordinates": [
     [
      -49.39192260000001,
      -20.8150468
     ],
     [
      -49.3919533,
      -20.815050099999997
     ],
     [
      -49.3925541,
      -20.815460199999997
     ],
     [
      -49.3925998,
      -20.815511900000008
     ]
    ],
    "type": "LineString"
   },
   "properties": {
    "id": "osm-97",
    "kind": "matched",
    "lengthM": 87.9,
    "name": "",
    "source": "osm"
   },
   "type": "Feature"
  },
  {
   "geometry": {
    "coordinates": [
     [
      -49.39274180000001,
      -20.815625999999998
     ],
     [
      -49.3927891,
      -20.815642799999996
     ],
     [
      -49.393397,
      -20.8162558
     ],
     [
      -49.3934126,
      -20.81629659999999
     ]
    ],
    "type": "LineString"
   },
   "properties": {
    "id": "osm-98",
    "kind": "matched",
    "lengthM": 102.9,
    "name": "",
    "source": "osm"
   },
   "type": "Feature"
  },
  {
   "geometry": {
    "coordinates": [
     [
      -49.3935024,
      -20.81639390000001
     ],
     [
      -49.3935424,
      -20.816413999999998
     ],
     [
      -49.3937785,
      -20.81664469999999
     ],
     [
      -49.393787800000005,
      -20.816693799999992
     ]
    ],
    "type": "LineString"
   },
   "properties": {
    "id": "osm-99",
    "kind": "matched",
    "lengthM": 45.7,
    "name": "",
    "source": "osm"
   },
   "type": "Feature"
  },
  {
   "geometry": {
    "coordinates": [
     [
      -49.3939073,
      -20.816801499999997
     ],
     [
      -49.393948,
      -20.81680820000001
     ],
     [
      -49.3943331,
      -20.8170729
     ],
     [
      -49.3943719,
      -20.817113099999997
     ]
    ],
    "type": "LineString"
   },
   "properties": {
    "id": "osm-100",
    "kind": "matched",
    "lengthM": 60.0,
    "name": "",
    "source": "osm"
   },
   "type": "Feature"
  },
  {
   "geometry": {
    "coordinates": [
     [
      -49.3945398,
      -20.8172251
     ],
     [
      -49.3945854,
      -20.817236399999995
     ],
     [
      -49.3948107,
      -20.817386799999998
     ],
     [
      -49.3948448,
      -20.817428699999994
     ]
    ],
    "type": "LineString"
   },
   "properties": {
    "id": "osm-101",
    "kind": "matched",
    "lengthM": 39.5,
    "name": "",
    "source": "osm"
   },
   "type": "Feature"
  },
  {
   "geometry": {
    "coordinates": [
     [
      -49.39495600000001,
      -20.817504399999997
     ],
     [
      -49.3950028,
      -20.817521600000003
     ],
     [
      -49.3953648,
      -20.817788499999995
     ],
     [
      -49.3953971,
      -20.817823799999992
     ]
    ],
    "type": "LineString"
   },
   "properties": {
    "id": "osm-102",
    "kind": "matched",
    "lengthM": 58.3,
    "name": "",
    "source": "osm"
   },
   "type": "Feature"
  },
  {
   "geometry": {
    "coordinates": [
     [
      -49.3955441,
      -20.817956199999994
     ],
     [
      -49.3956288,
      -20.818005100000004
     ],
     [
      -49.395886100000006,
      -20.818220399999987
     ],
     [
      -49.3960973,
      -20.818397099999995
     ],
     [
      -49.3961716,
      -20.8184605
     ],
     [
      -49.3962089,
      -20.818492299999996
     ],
     [
      -49.3971962,
      -20.819266100000004
     ],
     [
      -49.3976313,
      -20.8196552
     ],
     [
      -49.3977252,
      -20.819742300000005
     ],
     [
      -49.3977759,
      -20.819789299999993
     ],
     [
      -49.3986409,
      -20.820642900000006
     ],
     [
      -49.3993159,
      -20.821368399999997
     ],
     [
      -49.3994273,
      -20.821474899999995
     ],
     [
      -49.3994899,
      -20.821535899999994
     ],
     [
      -49.4006455,
      -20.822548799999996
     ],
     [
      -49.4007338,
      -20.8226237
     ],
     [
      -49.4008013,
      -20.822680999999996
     ],
     [
      -49.400935600000004,
      -20.822794899999998
     ],
     [
      -49.4009869,
      -20.8228384
     ],
     [
      -49.4023255,
      -20.824002399999994
     ]
    ],
    "type": "LineString"
   },
   "properties": {
    "id": "osm-103",
    "kind": "matched",
    "lengthM": 974.0,
    "name": "",
    "source": "osm"
   },
   "type": "Feature"
  },
  {
   "geometry": {
    "coordinates": [
     [
      -49.395886100000006,
      -20.818220399999987
     ],
     [
      -49.3958426,
      -20.818260500000004
     ]
    ],
    "type": "LineString"
   },
   "properties": {
    "id": "osm-104",
    "kind": "matched",
    "lengthM": 6.3,
    "name": "",
    "source": "osm"
   },
   "type": "Feature"
  },
  {
   "geometry": {
    "coordinates": [
     [
      -49.4023255,
      -20.824002399999994
     ],
     [
      -49.4021329,
      -20.824042100000003
     ]
    ],
    "type": "LineString"
   },
   "properties": {
    "id": "osm-105",
    "kind": "matched",
    "lengthM": 20.5,
    "name": "",
    "source": "osm"
   },
   "type": "Feature"
  },
  {
   "geometry": {
    "coordinates": [
     [
      -49.4131676,
      -20.8536903
     ],
     [
      -49.4130731,
      -20.853707900000003
     ]
    ],
    "type": "LineString"
   },
   "properties": {
    "id": "osm-106",
    "kind": "matched",
    "lengthM": 10.0,
    "name": "",
    "source": "osm"
   },
   "type": "Feature"
  },
  {
   "geometry": {
    "coordinates": [
     [
      -49.4123344,
      -20.8554683
     ],
     [
      -49.4124074,
      -20.855462299999996
     ],
     [
      -49.41273790000001,
      -20.8555274
     ],
     [
      -49.4128613,
      -20.855585599999998
     ],
     [
      -49.4128806,
      -20.855560499999992
     ],
     [
      -49.4129027,
      -20.855497099999997
     ],
     [
      -49.41293420000001,
      -20.8553811
     ],
     [
      -49.4129337,
      -20.855332400000005
     ]
    ],
    "type": "LineString"
   },
   "properties": {
    "id": "osm-107",
    "kind": "matched",
    "lengthM": 86.6,
    "name": "",
    "source": "osm"
   },
   "type": "Feature"
  },
  {
   "geometry": {
    "coordinates": [
     [
      -49.4128613,
      -20.855585599999998
     ],
     [
      -49.4128774,
      -20.8556296
     ],
     [
      -49.4127132,
      -20.856358200000003
     ],
     [
      -49.4126037,
      -20.856789399999997
     ],
     [
      -49.4123535,
      -20.8577611
     ],
     [
      -49.4123224,
      -20.857907800000003
     ],
     [
      -49.4122827,
      -20.857959899999997
     ],
     [
      -49.412214,
      -20.857974999999993
     ],
     [
      -49.4120209,
      -20.8579399
     ],
     [
      -49.4117822,
      -20.857872899999993
     ]
    ],
    "type": "LineString"
   },
   "properties": {
    "id": "osm-108",
    "kind": "matched",
    "lengthM": 324.7,
    "name": "",
    "source": "osm"
   },
   "type": "Feature"
  },
  {
   "geometry": {
    "coordinates": [
     [
      -49.4122827,
      -20.857959899999997
     ],
     [
      -49.4122762,
      -20.858108800000004
     ],
     [
      -49.4122682,
      -20.858194399999995
     ],
     [
      -49.4122274,
      -20.858162300000007
     ],
     [
      -49.411963,
      -20.858101499999997
     ],
     [
      -49.4117329,
      -20.8580667
     ]
    ],
    "type": "LineString"
   },
   "properties": {
    "id": "osm-109",
    "kind": "matched",
    "lengthM": 84.1,
    "name": "",
    "source": "osm"
   },
   "type": "Feature"
  },
  {
   "geometry": {
    "coordinates": [
     [
      -49.4122682,
      -20.858194399999995
     ],
     [
      -49.4122274,
      -20.858541299999995
     ],
     [
      -49.4122521,
      -20.858923299999987
     ],
     [
      -49.4123118,
      -20.859475499999995
     ]
    ],
    "type": "LineString"
   },
   "properties": {
    "id": "osm-110",
    "kind": "matched",
    "lengthM": 142.5,
    "name": "",
    "source": "osm"
   },
   "type": "Feature"
  },
  {
   "geometry": {
    "coordinates": [
     [
      -49.4123118,
      -20.859475499999995
     ],
     [
      -49.4122437,
      -20.859510299999997
     ],
     [
      -49.4120152,
      -20.859521399999995
     ],
     [
      -49.4118081,
      -20.859510999999994
     ]
    ],
    "type": "LineString"
   },
   "properties": {
    "id": "osm-111",
    "kind": "matched",
    "lengthM": 53.5,
    "name": "",
    "source": "osm"
   },
   "type": "Feature"
  },
  {
   "geometry": {
    "coordinates": [
     [
      -49.4123118,
      -20.859475499999995
     ],
     [
      -49.4123467,
      -20.859628700000002
     ],
     [
      -49.4123392,
      -20.859673900000004
     ],
     [
      -49.412322,
      -20.859778000000002
     ],
     [
      -49.4122187,
      -20.860132300000007
     ],
     [
      -49.4119683,
      -20.860303400000006
     ]
    ],
    "type": "LineString"
   },
   "properties": {
    "id": "osm-112",
    "kind": "matched",
    "lengthM": 107.0,
    "name": "",
    "source": "osm"
   },
   "type": "Feature"
  },
  {
   "geometry": {
    "coordinates": [
     [
      -49.3496981,
      -20.8324974
     ],
     [
      -49.3496645,
      -20.832535
     ],
     [
      -49.349612,
      -20.832602199999993
     ],
     [
      -49.3495728,
      -20.832651299999995
     ],
     [
      -49.3495475,
      -20.8326949
     ],
     [
      -49.34952870000001,
      -20.8327237
     ],
     [
      -49.3495013,
      -20.832736799999992
     ],
     [
      -49.3494719,
      -20.8327426
     ],
     [
      -49.3493845,
      -20.832807400000004
     ],
     [
      -49.3493179,
      -20.832846099999998
     ],
     [
      -49.3491807,
      -20.832932499999995
     ],
     [
      -49.3491206,
      -20.8330072
     ],
     [
      -49.349084,
      -20.833044099999995
     ],
     [
      -49.3490074,
      -20.833121499999997
     ],
     [
      -49.3487596,
      -20.833361199999995
     ],
     [
      -49.3485702,
      -20.833536199999998
     ],
     [
      -49.3484152,
      -20.833741599999996
     ],
     [
      -49.3482115,
      -20.833916900000006
     ],
     [
      -49.3480934,
      -20.834030099999996
     ],
     [
      -49.3480446,
      -20.834076900000003
     ],
     [
      -49.3479789,
      -20.834143400000006
     ],
     [
      -49.3479357,
      -20.834187199999995
     ],
     [
      -49.3476793,
      -20.834422999999997
     ],
     [
      -49.34738320000001,
      -20.8347152
     ],
     [
      -49.3470763,
      -20.8350194
     ],
     [
      -49.3469813,
      -20.835100700000005
     ],
     [
      -49.34692770000001,
      -20.835132800000004
     ],
     [
      -49.3468762,
      -20.835208499999997
     ],
     [
      -49.3467726,
      -20.835312299999995
     ],
     [
      -49.3466648,
      -20.835413999999997
     ],
     [
      -49.3464156,
      -20.835661400000003
     ],
     [
      -49.3461673,
      -20.8359385
     ],
     [
      -49.3459903,
      -20.8361508
     ],
     [
      -49.345882,
      -20.8362942
     ],
     [
      -49.3456826,
      -20.836586399999998
     ],
     [
      -49.3454807,
      -20.836881499999997
     ],
     [
      -49.345286300000005,
      -20.837173500000002
     ],
     [
      -49.3452722,
      -20.8372094
     ],
     [
      -49.345240100000005,
      -20.837285899999998
     ],
     [
      -49.345220600000005,
      -20.837371299999994
     ],
     [
      -49.34517640000001,
      -20.8375586
     ],
     [
      -49.34515210000001,
      -20.8376532
     ],
     [
      -49.3451373,
      -20.837715199999998
     ],
     [
      -49.3450938,
      -20.837827499999996
     ],
     [
      -49.3450916,
      -20.837899699999998
     ],
     [
      -49.3451398,
      -20.837922700000004
     ],
     [
      -49.3451968,
      -20.8379519
     ],
     [
      -49.3452834,
      -20.837817899999997
     ],
     [
      -49.3453135,
      -20.8377911
     ],
     [
      -49.3453655,
      -20.837770999999993
     ],
     [
      -49.345435800000004,
      -20.83777
     ],
     [
      -49.3454969,
      -20.837798099999993
     ],
     [
      -49.3455543,
      -20.837849200000004
     ],
     [
      -49.3455972,
      -20.8378979
     ],
     [
      -49.3458157,
      -20.838077399999996
     ],
     [
      -49.3461158,
      -20.8383053
     ],
     [
      -49.3464222,
      -20.8385073
     ],
     [
      -49.3467694,
      -20.8386771
     ],
     [
      -49.3470933,
      -20.838834599999995
     ],
     [
      -49.3475762,
      -20.8390748
     ],
     [
      -49.3481243,
      -20.83932039999999
     ],
     [
      -49.3487584,
      -20.8396114
     ],
     [
      -49.3492917,
      -20.839848400000005
     ],
     [
      -49.3499628,
      -20.84011539999999
     ],
     [
      -49.3505649,
      -20.8403531
     ],
     [
      -49.3510958,
      -20.840566600000002
     ],
     [
      -49.3512465,
      -20.8406605
     ],
     [
      -49.3514074,
      -20.8408029
     ],
     [
      -49.3515292,
      -20.840924199999993
     ],
     [
      -49.3516326,
      -20.8410887
     ],
     [
      -49.3516843,
      -20.8412186
     ]
    ],
    "type": "LineString"
   },
   "properties": {
    "id": "osm-113",
    "kind": "matched",
    "lengthM": 1593.4,
    "name": "",
    "source": "osm"
   },
   "type": "Feature"
  },
  {
   "geometry": {
    "coordinates": [
     [
      -49.3497935,
      -20.8323787
     ],
     [
      -49.3497705,
      -20.832434199999994
     ],
     [
      -49.3496981,
      -20.8324974
     ]
    ],
    "type": "LineString"
   },
   "properties": {
    "id": "osm-114",
    "kind": "matched",
    "lengthM": 16.9,
    "name": "",
    "source": "osm"
   },
   "type": "Feature"
  },
  {
   "geometry": {
    "coordinates": [
     [
      -49.3496981,
      -20.8324974
     ],
     [
      -49.3497313,
      -20.8324162
     ],
     [
      -49.3497935,
      -20.8323787
     ]
    ],
    "type": "LineString"
   },
   "properties": {
    "id": "osm-115",
    "kind": "matched",
    "lengthM": 17.3,
    "name": "",
    "source": "osm"
   },
   "type": "Feature"
  },
  {
   "geometry": {
    "coordinates": [
     [
      -49.3439329,
      -20.8259516
     ],
     [
      -49.3439115,
      -20.826042799999996
     ]
    ],
    "type": "LineString"
   },
   "properties": {
    "id": "osm-116",
    "kind": "matched",
    "lengthM": 10.3,
    "name": "",
    "source": "osm"
   },
   "type": "Feature"
  },
  {
   "geometry": {
    "coordinates": [
     [
      -49.3439672,
      -20.8257801
     ],
     [
      -49.3439689,
      -20.825858799999995
     ],
     [
      -49.3439522,
      -20.8259085
     ],
     [
      -49.3439329,
      -20.8259516
     ]
    ],
    "type": "LineString"
   },
   "properties": {
    "id": "osm-117",
    "kind": "matched",
    "lengthM": 19.7,
    "name": "",
    "source": "osm"
   },
   "type": "Feature"
  },
  {
   "geometry": {
    "coordinates": [
     [
      -49.3439329,
      -20.8259516
     ],
     [
      -49.3439313,
      -20.825906999999994
     ],
     [
      -49.3439356,
      -20.825855299999994
     ],
     [
      -49.3439672,
      -20.8257801
     ]
    ],
    "type": "LineString"
   },
   "properties": {
    "id": "osm-118",
    "kind": "matched",
    "lengthM": 19.6,
    "name": "",
    "source": "osm"
   },
   "type": "Feature"
  },
  {
   "geometry": {
    "coordinates": [
     [
      -49.3438798,
      -20.826203299999996
     ],
     [
      -49.3438603,
      -20.826287999999998
     ],
     [
      -49.343853900000006,
      -20.8263111
     ]
    ],
    "type": "LineString"
   },
   "properties": {
    "id": "osm-119",
    "kind": "matched",
    "lengthM": 12.2,
    "name": "",
    "source": "osm"
   },
   "type": "Feature"
  },
  {
   "geometry": {
    "coordinates": [
     [
      -49.3439115,
      -20.826042799999996
     ],
     [
      -49.3439125,
      -20.8261095
     ],
     [
      -49.3438986,
      -20.826151600000003
     ],
     [
      -49.3438798,
      -20.826203299999996
     ]
    ],
    "type": "LineString"
   },
   "properties": {
    "id": "osm-120",
    "kind": "matched",
    "lengthM": 18.3,
    "name": "",
    "source": "osm"
   },
   "type": "Feature"
  },
  {
   "geometry": {
    "coordinates": [
     [
      -49.3438798,
      -20.826203299999996
     ],
     [
      -49.3438755,
      -20.8261476
     ],
     [
      -49.3438793,
      -20.826112999999996
     ],
     [
      -49.3438927,
      -20.826086899999996
     ],
     [
      -49.3439115,
      -20.826042799999996
     ]
    ],
    "type": "LineString"
   },
   "properties": {
    "id": "osm-121",
    "kind": "matched",
    "lengthM": 18.5,
    "name": "",
    "source": "osm"
   },
   "type": "Feature"
  },
  {
   "geometry": {
    "coordinates": [
     [
      -49.3438147,
      -20.8264771
     ],
     [
      -49.3437928,
      -20.826555599999995
     ]
    ],
    "type": "LineString"
   },
   "properties": {
    "id": "osm-122",
    "kind": "matched",
    "lengthM": 9.0,
    "name": "",
    "source": "osm"
   },
   "type": "Feature"
  },
  {
   "geometry": {
    "coordinates": [
     [
      -49.343853900000006,
      -20.8263111
     ],
     [
      -49.343855500000004,
      -20.8263678
     ],
     [
      -49.3438405,
      -20.8264109
     ],
     [
      -49.3438147,
      -20.8264771
     ]
    ],
    "type": "LineString"
   },
   "properties": {
    "id": "osm-123",
    "kind": "matched",
    "lengthM": 19.1,
    "name": "",
    "source": "osm"
   },
   "type": "Feature"
  },
  {
   "geometry": {
    "coordinates": [
     [
      -49.3438147,
      -20.8264771
     ],
     [
      -49.3438153,
      -20.8264049
     ],
     [
      -49.3438206,
      -20.826365799999998
     ],
     [
      -49.343853900000006,
      -20.8263111
     ]
    ],
    "type": "LineString"
   },
   "properties": {
    "id": "osm-124",
    "kind": "matched",
    "lengthM": 19.3,
    "name": "",
    "source": "osm"
   },
   "type": "Feature"
  },
  {
   "geometry": {
    "coordinates": [
     [
      -49.3437509,
      -20.8267386
     ],
     [
      -49.3437284,
      -20.826830400000002
     ]
    ],
    "type": "LineString"
   },
   "properties": {
    "id": "osm-125",
    "kind": "matched",
    "lengthM": 10.4,
    "name": "",
    "source": "osm"
   },
   "type": "Feature"
  },
  {
   "geometry": {
    "coordinates": [
     [
      -49.3437928,
      -20.826555599999995
     ],
     [
      -49.3437938,
      -20.82661819999999
     ],
     [
      -49.3437794,
      -20.82667139999999
     ],
     [
      -49.3437509,
      -20.8267386
     ]
    ],
    "type": "LineString"
   },
   "properties": {
    "id": "osm-126",
    "kind": "matched",
    "lengthM": 21.0,
    "name": "",
    "source": "osm"
   },
   "type": "Feature"
  },
  {
   "geometry": {
    "coordinates": [
     [
      -49.3437509,
      -20.8267386
     ],
     [
      -49.3437558,
      -20.826661799999997
     ],
     [
      -49.3437686,
      -20.826610199999998
     ],
     [
      -49.3437928,
      -20.826555599999995
     ]
    ],
    "type": "LineString"
   },
   "properties": {
    "id": "osm-127",
    "kind": "matched",
    "lengthM": 20.9,
    "name": "",
    "source": "osm"
   },
   "type": "Feature"
  },
  {
   "geometry": {
    "coordinates": [
     [
      -49.3436877,
      -20.8270109
     ],
     [
      -49.3436648,
      -20.8270886
     ]
    ],
    "type": "LineString"
   },
   "properties": {
    "id": "osm-128",
    "kind": "matched",
    "lengthM": 8.9,
    "name": "",
    "source": "osm"
   },
   "type": "Feature"
  },
  {
   "geometry": {
    "coordinates": [
     [
      -49.3437284,
      -20.826830400000002
     ],
     [
      -49.3437316,
      -20.826887599999996
     ],
     [
      -49.3437139,
      -20.826939200000005
     ],
     [
      -49.3436877,
      -20.8270109
     ]
    ],
    "type": "LineString"
   },
   "properties": {
    "id": "osm-129",
    "kind": "matched",
    "lengthM": 20.7,
    "name": "",
    "source": "osm"
   },
   "type": "Feature"
  },
  {
   "geometry": {
    "coordinates": [
     [
      -49.3436877,
      -20.8270109
     ],
     [
      -49.3436898,
      -20.82693469999999
     ],
     [
      -49.3436995,
      -20.826881499999995
     ],
     [
      -49.3437284,
      -20.826830400000002
     ]
    ],
    "type": "LineString"
   },
   "properties": {
    "id": "osm-130",
    "kind": "matched",
    "lengthM": 20.8,
    "name": "",
    "source": "osm"
   },
   "type": "Feature"
  },
  {
   "geometry": {
    "coordinates": [
     [
      -49.3436263,
      -20.82727289999999
     ],
     [
      -49.3436053,
      -20.8273686
     ]
    ],
    "type": "LineString"
   },
   "properties": {
    "id": "osm-131",
    "kind": "matched",
    "lengthM": 10.8,
    "name": "",
    "source": "osm"
   },
   "type": "Feature"
  },
  {
   "geometry": {
    "coordinates": [
     [
      -49.3436648,
      -20.8270886
     ],
     [
      -49.3436621,
      -20.827174799999995
     ],
     [
      -49.3436423,
      -20.827231000000005
     ],
     [
      -49.3436263,
      -20.82727289999999
     ]
    ],
    "type": "LineString"
   },
   "properties": {
    "id": "osm-132",
    "kind": "matched",
    "lengthM": 21.0,
    "name": "",
    "source": "osm"
   },
   "type": "Feature"
  },
  {
   "geometry": {
    "coordinates": [
     [
      -49.3436263,
      -20.82727289999999
     ],
     [
      -49.343622,
      -20.827227200000003
     ],
     [
      -49.3436316,
      -20.827166099999992
     ],
     [
      -49.3436648,
      -20.8270886
     ]
    ],
    "type": "LineString"
   },
   "properties": {
    "id": "osm-133",
    "kind": "matched",
    "lengthM": 21.2,
    "name": "",
    "source": "osm"
   },
   "type": "Feature"
  },
  {
   "geometry": {
    "coordinates": [
     [
      -49.34356960000001,
      -20.827532800000007
     ],
     [
      -49.3435587,
      -20.82761799999999
     ],
     [
      -49.3435561,
      -20.827660100000003
     ],
     [
      -49.34354950000001,
      -20.8277107
     ],
     [
      -49.3435445,
      -20.827747
     ],
     [
      -49.3435444,
      -20.827787800000007
     ],
     [
      -49.3435653,
      -20.8278339
     ],
     [
      -49.34359270000001,
      -20.82787809999999
     ],
     [
      -49.3436195,
      -20.827919699999995
     ],
     [
      -49.3436367,
      -20.8279347
     ],
     [
      -49.3437037,
      -20.8279626
     ],
     [
      -49.3437481,
      -20.8279854
     ],
     [
      -49.3438017,
      -20.828000999999993
     ],
     [
      -49.3438797,
      -20.828014999999997
     ],
     [
      -49.343942500000004,
      -20.828017899999995
     ],
     [
      -49.3440092,
      -20.828014799999995
     ],
     [
      -49.3441476,
      -20.8280068
     ],
     [
      -49.3442216,
      -20.827993799999998
     ],
     [
      -49.3443177,
      -20.82797269999999
     ],
     [
      -49.3444186,
      -20.827940600000005
     ],
     [
      -49.3444926,
      -20.827895400000003
     ],
     [
      -49.3445639,
      -20.8278463
     ],
     [
      -49.3447656,
      -20.8276907
     ],
     [
      -49.3448863,
      -20.82759449999999
     ],
     [
      -49.3451583,
      -20.827374899999995
     ],
     [
      -49.34545790000001,
      -20.8271362
     ],
     [
      -49.3456722,
      -20.826936900000003
     ],
     [
      -49.3458541,
      -20.826772000000002
     ],
     [
      -49.346019,
      -20.826625100000005
     ],
     [
      -49.3461322,
      -20.826531899999992
     ],
     [
      -49.3462069,
      -20.826475399999996
     ]
    ],
    "type": "LineString"
   },
   "properties": {
    "id": "osm-134",
    "kind": "matched",
    "lengthM": 378.7,
    "name": "",
    "source": "osm"
   },
   "type": "Feature"
  },
  {
   "geometry": {
    "coordinates": [
     [
      -49.3436053,
      -20.8273686
     ],
     [
      -49.3436039,
      -20.8274109
     ],
     [
      -49.3435878,
      -20.8274716
     ],
     [
      -49.34356960000001,
      -20.827532800000007
     ]
    ],
    "type": "LineString"
   },
   "properties": {
    "id": "osm-135",
    "kind": "matched",
    "lengthM": 18.6,
    "name": "",
    "source": "osm"
   },
   "type": "Feature"
  },
  {
   "geometry": {
    "coordinates": [
     [
      -49.34356960000001,
      -20.827532800000007
     ],
     [
      -49.3435658,
      -20.8274686
     ],
     [
      -49.3435787,
      -20.827406399999997
     ],
     [
      -49.3436053,
      -20.8273686
     ]
    ],
    "type": "LineString"
   },
   "properties": {
    "id": "osm-136",
    "kind": "matched",
    "lengthM": 19.2,
    "name": "",
    "source": "osm"
   },
   "type": "Feature"
  },
  {
   "geometry": {
    "coordinates": [
     [
      -49.4109724,
      -20.77363939999999
     ],
     [
      -49.4110743,
      -20.773534000000005
     ],
     [
      -49.4112044,
      -20.773424600000002
     ],
     [
      -49.4113377,
      -20.773403299999995
     ],
     [
      -49.4113507,
      -20.773327199999997
     ],
     [
      -49.411393,
      -20.7732695
     ],
     [
      -49.4114548,
      -20.773242099999997
     ],
     [
      -49.412733,
      -20.772834599999996
     ],
     [
      -49.4127883,
      -20.77287719999999
     ],
     [
      -49.4128728,
      -20.773093099999997
     ],
     [
      -49.4129476,
      -20.7732938
     ],
     [
      -49.4129379,
      -20.7733607
     ],
     [
      -49.4126907,
      -20.773455
     ],
     [
      -49.4124045,
      -20.7735219
     ],
     [
      -49.41223860000001,
      -20.7734823
     ],
     [
      -49.4121541,
      -20.7734975
     ],
     [
      -49.4117898,
      -20.773631299999998
     ],
     [
      -49.4117443,
      -20.77359790000001
     ],
     [
      -49.4116662,
      -20.773604
     ],
     [
      -49.4114711,
      -20.773667799999995
     ],
     [
      -49.4113995,
      -20.773631299999998
     ],
     [
      -49.4113735,
      -20.773552299999995
     ],
     [
      -49.4113377,
      -20.773403299999995
     ]
    ],
    "type": "LineString"
   },
   "properties": {
    "id": "osm-137",
    "kind": "osm-only",
    "lengthM": 472.1,
    "name": "",
    "source": "osm"
   },
   "type": "Feature"
  },
  {
   "geometry": {
    "coordinates": [
     [
      -49.4129379,
      -20.7733607
     ],
     [
      -49.413079,
      -20.7733829
     ]
    ],
    "type": "LineString"
   },
   "properties": {
    "id": "osm-138",
    "kind": "osm-only",
    "lengthM": 14.9,
    "name": "",
    "source": "osm"
   },
   "type": "Feature"
  },
  {
   "geometry": {
    "coordinates": [
     [
      -49.4146343,
      -20.772886699999997
     ],
     [
      -49.4144763,
      -20.772831599999993
     ],
     [
      -49.414486,
      -20.772767700000006
     ],
     [
      -49.41444700000001,
      -20.772676499999996
     ],
     [
      -49.4143949,
      -20.7725548
     ],
     [
      -49.4143462,
      -20.772457499999998
     ],
     [
      -49.4142681,
      -20.772381499999995
     ],
     [
      -49.4141803,
      -20.772357199999995
     ],
     [
      -49.4140112,
      -20.772396699999994
     ],
     [
      -49.4138258,
      -20.772457499999998
     ],
     [
      -49.4134908,
      -20.772567000000002
     ],
     [
      -49.4129737,
      -20.772734300000007
     ],
     [
      -49.4130224,
      -20.772889300000003
     ],
     [
      -49.4131363,
      -20.7732086
     ],
     [
      -49.4131688,
      -20.773287699999997
     ],
     [
      -49.4133802,
      -20.773236
     ],
     [
      -49.4136664,
      -20.773138699999993
     ],
     [
      -49.414430700000004,
      -20.772880200000003
     ],
     [
      -49.4144763,
      -20.772831599999993
     ]
    ],
    "type": "LineString"
   },
   "properties": {
    "id": "osm-139",
    "kind": "osm-only",
    "lengthM": 426.4,
    "name": "",
    "source": "osm"
   },
   "type": "Feature"
  },
  {
   "geometry": {
    "coordinates": [
     [
      -49.4136228,
      -20.772393599999997
     ],
     [
      -49.4138258,
      -20.772457499999998
     ]
    ],
    "type": "LineString"
   },
   "properties": {
    "id": "osm-140",
    "kind": "osm-only",
    "lengthM": 22.3,
    "name": "",
    "source": "osm"
   },
   "type": "Feature"
  },
  {
   "geometry": {
    "coordinates": [
     [
      -49.3776669,
      -20.8035476
     ],
     [
      -49.3776105,
      -20.803799600000005
     ],
     [
      -49.3774845,
      -20.804245899999994
     ],
     [
      -49.37745040000001,
      -20.804381000000003
     ],
     [
      -49.3774067,
      -20.804553099999993
     ],
     [
      -49.3773879,
      -20.804614499999992
     ],
     [
      -49.37734230000001,
      -20.804777500000004
     ],
     [
      -49.3772726,
      -20.80504699999999
     ],
     [
      -49.3772243,
      -20.805237599999995
     ],
     [
      -49.3771666,
      -20.805469500000005
     ],
     [
      -49.3771036,
      -20.8057328
     ],
     [
      -49.3770312,
      -20.8060249
     ],
     [
      -49.376997700000004,
      -20.806174099999996
     ],
     [
      -49.3769574,
      -20.806359599999993
     ]
    ],
    "type": "LineString"
   },
   "properties": {
    "id": "osm-141",
    "kind": "matched",
    "lengthM": 320.0,
    "name": "Ciclovia da Avenida Philadelpho",
    "source": "osm"
   },
   "type": "Feature"
  },
  {
   "geometry": {
    "coordinates": [
     [
      -49.3769574,
      -20.806359599999993
     ],
     [
      -49.376997300000006,
      -20.80638709999999
     ],
     [
      -49.377051,
      -20.806431999999997
     ],
     [
      -49.3770443,
      -20.8065139
     ],
     [
      -49.3770274,
      -20.8065725
     ],
     [
      -49.3770272,
      -20.8066692
     ],
     [
      -49.3770352,
      -20.806805899999997
     ],
     [
      -49.3770406,
      -20.8068661
     ],
     [
      -49.377007,
      -20.807023999999995
     ],
     [
      -49.3769614,
      -20.8071206
     ],
     [
      -49.3769185,
      -20.807198299999996
     ],
     [
      -49.3768367,
      -20.807282299999997
     ],
     [
      -49.376708,
      -20.807388800000002
     ],
     [
      -49.3766343,
      -20.807457099999997
     ],
     [
      -49.3765497,
      -20.807529200000005
     ],
     [
      -49.3764693,
      -20.807652100000002
     ],
     [
      -49.3764129,
      -20.807768700000004
     ],
     [
      -49.3763633,
      -20.807867699999996
     ],
     [
      -49.3762426,
      -20.808094599999993
     ],
     [
      -49.3760428,
      -20.808446900000003
     ],
     [
      -49.37591270000001,
      -20.808666300000002
     ],
     [
      -49.3757142,
      -20.8089897
     ],
     [
      -49.3757759,
      -20.809121399999995
     ],
     [
      -49.3757987,
      -20.8091953
     ],
     [
      -49.3757705,
      -20.809313199999995
     ],
     [
      -49.3756968,
      -20.809424699999994
     ],
     [
      -49.3755573,
      -20.809509999999996
     ],
     [
      -49.3754205,
      -20.8095589
     ],
     [
      -49.3753468,
      -20.809570099999988
     ],
     [
      -49.3752582,
      -20.80954879999999
     ],
     [
      -49.3751859,
      -20.8095137
     ],
     [
      -49.3751684,
      -20.809508699999988
     ],
     [
      -49.37515500000001,
      -20.8095137
     ],
     [
      -49.3751469,
      -20.80952999999999
     ],
     [
      -49.3751429,
      -20.8095664
     ],
     [
      -49.3751402,
      -20.809603999999997
     ],
     [
      -49.3751296,
      -20.809626699999992
     ]
    ],
    "type": "LineString"
   },
   "properties": {
    "id": "osm-142",
    "kind": "matched",
    "lengthM": 464.1,
    "name": "Ciclovia da Avenida Philadelpho",
    "source": "osm"
   },
   "type": "Feature"
  },
  {
   "geometry": {
    "coordinates": [
     [
      -49.376997700000004,
      -20.806174099999996
     ],
     [
      -49.376876,
      -20.806067799999997
     ]
    ],
    "type": "LineString"
   },
   "properties": {
    "id": "osm-143",
    "kind": "matched",
    "lengthM": 17.3,
    "name": "Ciclovia da Avenida Philadelpho",
    "source": "osm"
   },
   "type": "Feature"
  },
  {
   "geometry": {
    "coordinates": [
     [
      -49.3768228,
      -20.806301800000007
     ],
     [
      -49.376876,
      -20.806067799999997
     ],
     [
      -49.376885,
      -20.806028000000005
     ],
     [
      -49.3769453,
      -20.805787299999995
     ],
     [
      -49.3770412,
      -20.805401799999984
     ],
     [
      -49.3771103,
      -20.8050965
     ],
     [
      -49.3771807,
      -20.804722999999992
     ],
     [
      -49.3772093,
      -20.804586999999998
     ],
     [
      -49.3772276,
      -20.8044998
     ],
     [
      -49.3773463,
      -20.803990199999998
     ],
     [
      -49.3774509,
      -20.80353639999999
     ],
     [
      -49.3775716,
      -20.802999800000002
     ],
     [
      -49.3776642,
      -20.802507099999996
     ],
     [
      -49.37768830000001,
      -20.802384199999995
     ]
    ],
    "type": "LineString"
   },
   "properties": {
    "id": "osm-144",
    "kind": "matched",
    "lengthM": 443.1,
    "name": "Ciclovia da Avenida Philadelpho",
    "source": "osm"
   },
   "type": "Feature"
  },
  {
   "geometry": {
    "coordinates": [
     [
      -49.4211321,
      -20.795918899999997
     ],
     [
      -49.4210938,
      -20.79590379999999
     ],
     [
      -49.4209235,
      -20.795837999999996
     ],
     [
      -49.420896,
      -20.79582609999999
     ],
     [
      -49.4208726,
      -20.795810399999997
     ],
     [
      -49.4208571,
      -20.795783500000002
     ],
     [
      -49.4208511,
      -20.795755299999996
     ],
     [
      -49.4208518,
      -20.795716399999996
     ],
     [
      -49.4208558,
      -20.7956838
     ],
     [
      -49.4208672,
      -20.795661899999992
     ],
     [
      -49.420887300000004,
      -20.795642400000002
     ],
     [
      -49.4209081,
      -20.7956224
     ],
     [
      -49.4209161,
      -20.7956042
     ],
     [
      -49.4209208,
      -20.7955848
     ],
     [
      -49.4209208,
      -20.795559
     ],
     [
      -49.4209088,
      -20.7955446
     ],
     [
      -49.4208967,
      -20.795537699999997
     ],
     [
      -49.4208759,
      -20.7955315
     ],
     [
      -49.4208518,
      -20.7955315
     ],
     [
      -49.420837,
      -20.795537699999993
     ],
     [
      -49.4208249,
      -20.795554699999993
     ],
     [
      -49.4208169,
      -20.7955747
     ],
     [
      -49.4208149,
      -20.795600399999998
     ],
     [
      -49.4208162,
      -20.7956161
     ],
     [
      -49.4208156,
      -20.795645600000004
     ],
     [
      -49.4208122,
      -20.795666899999997
     ],
     [
      -49.4208008,
      -20.7956894
     ],
     [
      -49.4207921,
      -20.795705699999992
     ],
     [
      -49.4207787,
      -20.79572200000001
     ],
     [
      -49.4207686,
      -20.7957358
     ],
     [
      -49.4207673,
      -20.795748999999997
     ],
     [
      -49.4207753,
      -20.795759599999997
     ],
     [
      -49.4207914,
      -20.7957659
     ],
     [
      -49.4208062,
      -20.7957747
     ],
     [
      -49.420827,
      -20.7957885
     ],
     [
      -49.4208484,
      -20.795800400000008
     ],
     [
      -49.4208726,
      -20.795810399999997
     ]
    ],
    "type": "LineString"
   },
   "properties": {
    "id": "osm-145",
    "kind": "osm-only",
    "lengthM": 108.5,
    "name": "",
    "source": "osm"
   },
   "type": "Feature"
  },
  {
   "geometry": {
    "coordinates": [
     [
      -49.42158,
      -20.796125699999997
     ],
     [
      -49.421584,
      -20.796153299999997
     ],
     [
      -49.421599400000005,
      -20.796175900000005
     ],
     [
      -49.4216558,
      -20.796206000000005
     ],
     [
      -49.42177180000001,
      -20.79624799999999
     ],
     [
      -49.421867,
      -20.7962793
     ],
     [
      -49.4219347,
      -20.796295
     ],
     [
      -49.4219461,
      -20.7962856
     ],
     [
      -49.42194340000001,
      -20.796260500000006
     ],
     [
      -49.4219515,
      -20.796205299999997
     ],
     [
      -49.4219622,
      -20.796131400000007
     ],
     [
      -49.4219743,
      -20.79607619999999
     ],
     [
      -49.4219971,
      -20.796042400000005
     ],
     [
      -49.4220192,
      -20.796023600000005
     ],
     [
      -49.4220393,
      -20.796017299999992
     ],
     [
      -49.4220601,
      -20.7960236
     ],
     [
      -49.4220789,
      -20.796037299999995
     ],
     [
      -49.4220782,
      -20.796063699999998
     ],
     [
      -49.4220668,
      -20.7960831
     ],
     [
      -49.4220474,
      -20.7961057
     ],
     [
      -49.4220272,
      -20.796137599999998
     ],
     [
      -49.4220132,
      -20.796174600000004
     ],
     [
      -49.4220071,
      -20.7961985
     ],
     [
      -49.4220004,
      -20.7962248
     ],
     [
      -49.4219951,
      -20.796246099999994
     ],
     [
      -49.4219951,
      -20.79627049999999
     ],
     [
      -49.4219977,
      -20.796298099999998
     ],
     [
      -49.4219937,
      -20.7963138
     ],
     [
      -49.4219749,
      -20.796314399999996
     ],
     [
      -49.4219488,
      -20.796311899999996
     ],
     [
      -49.4219347,
      -20.796295
     ]
    ],
    "type": "LineString"
   },
   "properties": {
    "id": "osm-146",
    "kind": "osm-only",
    "lengthM": 122.8,
    "name": "",
    "source": "osm"
   },
   "type": "Feature"
  },
  {
   "geometry": {
    "coordinates": [
     [
      -49.4213755,
      -20.795697599999997
     ],
     [
      -49.4213936,
      -20.795638
     ]
    ],
    "type": "LineString"
   },
   "properties": {
    "id": "osm-147",
    "kind": "osm-only",
    "lengthM": 6.9,
    "name": "",
    "source": "osm"
   },
   "type": "Feature"
  },
  {
   "geometry": {
    "coordinates": [
     [
      -49.4210523,
      -20.795961499999997
     ],
     [
      -49.4209545,
      -20.795964900000005
     ]
    ],
    "type": "LineString"
   },
   "properties": {
    "id": "osm-148",
    "kind": "osm-only",
    "lengthM": 10.2,
    "name": "",
    "source": "osm"
   },
   "type": "Feature"
  },
  {
   "geometry": {
    "coordinates": [
     [
      -49.4213755,
      -20.795697599999997
     ],
     [
      -49.4214573,
      -20.795739599999994
     ],
     [
      -49.4215096,
      -20.795769
     ],
     [
      -49.421574,
      -20.795808500000003
     ],
     [
      -49.4216035,
      -20.7958242
     ],
     [
      -49.4216397,
      -20.7958462
     ],
     [
      -49.4216611,
      -20.795866200000003
     ],
     [
      -49.4216853,
      -20.795901899999997
     ],
     [
      -49.4216926,
      -20.795936999999995
     ],
     [
      -49.4216826,
      -20.795990299999996
     ],
     [
      -49.4216665,
      -20.796021000000003
     ],
     [
      -49.4216377,
      -20.796075000000002
     ],
     [
      -49.4216169,
      -20.796094399999994
     ],
     [
      -49.42158,
      -20.796125699999997
     ],
     [
      -49.4215324,
      -20.79612699999999
     ],
     [
      -49.42146600000001,
      -20.796115699999998
     ],
     [
      -49.421338600000006,
      -20.7960668
     ],
     [
      -49.4211421,
      -20.796002199999993
     ],
     [
      -49.4210523,
      -20.795961499999997
     ],
     [
      -49.421067,
      -20.7959427
     ],
     [
      -49.4210905,
      -20.795932699999998
     ],
     [
      -49.4211321,
      -20.795918899999997
     ],
     [
      -49.4211549,
      -20.795921399999994
     ],
     [
      -49.4211777,
      -20.7959339
     ],
     [
      -49.4212018,
      -20.795942099999994
     ],
     [
      -49.4212393,
      -20.795943900000005
     ],
     [
      -49.4212621,
      -20.7959389
     ],
     [
      -49.421289,
      -20.7959226
     ],
     [
      -49.4213084,
      -20.795903799999998
     ],
     [
      -49.4213218,
      -20.795886899999996
     ],
     [
      -49.4213258,
      -20.795868100000003
     ],
     [
      -49.4213279,
      -20.795834900000003
     ],
     [
      -49.421318500000005,
      -20.795810400000004
     ],
     [
      -49.421291,
      -20.795789699999997
     ],
     [
      -49.4212662,
      -20.795775299999992
     ],
     [
      -49.4212414,
      -20.7957603
     ],
     [
      -49.4212313,
      -20.795740200000004
     ],
     [
      -49.4212286,
      -20.79573209999999
     ],
     [
      -49.421232,
      -20.795703900000003
     ],
     [
      -49.421242,
      -20.795686300000003
     ],
     [
      -49.4212702,
      -20.795672499999995
     ],
     [
      -49.4212977,
      -20.795670600000005
     ],
     [
      -49.4213285,
      -20.795684399999995
     ],
     [
      -49.4213755,
      -20.795697599999997
     ]
    ],
    "type": "LineString"
   },
   "properties": {
    "id": "osm-149",
    "kind": "osm-only",
    "lengthM": 201.5,
    "name": "",
    "source": "osm"
   },
   "type": "Feature"
  },
  {
   "geometry": {
    "coordinates": [
     [
      -49.4350504,
      -20.819787
     ],
     [
      -49.4351276,
      -20.81976
     ],
     [
      -49.435221,
      -20.819901599999998
     ],
     [
      -49.4354037,
      -20.820056400000002
     ],
     [
      -49.435793,
      -20.820351499999997
     ],
     [
      -49.4361044,
      -20.8206453
     ],
     [
      -49.4364513,
      -20.8210356
     ],
     [
      -49.43665370000001,
      -20.821320099999998
     ],
     [
      -49.4367152,
      -20.8214201
     ],
     [
      -49.4367953,
      -20.8215504
     ],
     [
      -49.436968,
      -20.82193939999999
     ],
     [
      -49.4370444,
      -20.822246400000004
     ],
     [
      -49.4370657,
      -20.82256
     ],
     [
      -49.43702040000001,
      -20.822788900000006
     ],
     [
      -49.4369397,
      -20.823003299999996
     ],
     [
      -49.4369425,
      -20.8231462
     ],
     [
      -49.4369383,
      -20.8233063
     ],
     [
      -49.4368915,
      -20.823422699999995
     ],
     [
      -49.4367556,
      -20.8235153
     ],
     [
      -49.4365815,
      -20.823557700000002
     ],
     [
      -49.4364116,
      -20.823619900000004
     ],
     [
      -49.436246000000004,
      -20.823781299999997
     ],
     [
      -49.4359898,
      -20.824080299999995
     ],
     [
      -49.43569810000001,
      -20.8244006
     ],
     [
      -49.4355367,
      -20.8245342
     ],
     [
      -49.4353357,
      -20.8246837
     ],
     [
      -49.4350101,
      -20.824872900000006
     ],
     [
      -49.43457550000001,
      -20.825111099999997
     ],
     [
      -49.4341211,
      -20.82535989999999
     ],
     [
      -49.4336808,
      -20.825600699999992
     ],
     [
      -49.4332532,
      -20.825901100000003
     ],
     [
      -49.43269120000001,
      -20.8263232
     ],
     [
      -49.4320075,
      -20.8268273
     ],
     [
      -49.4314936,
      -20.827200400000006
     ],
     [
      -49.4311495,
      -20.8274558
     ],
     [
      -49.4310051,
      -20.827589399999997
     ],
     [
      -49.4309698,
      -20.827662200000002
     ],
     [
      -49.43094,
      -20.8277787
     ],
     [
      -49.4308749,
      -20.8278647
     ],
     [
      -49.4307687,
      -20.827909600000005
     ],
     [
      -49.4306342,
      -20.8279189
     ],
     [
      -49.4305493,
      -20.8279255
     ],
     [
      -49.43037230000001,
      -20.8280353
     ],
     [
      -49.4299023,
      -20.8283886
     ],
     [
      -49.4294196,
      -20.8288067
     ],
     [
      -49.4289921,
      -20.829240699999996
     ],
     [
      -49.4286565,
      -20.829582100000003
     ],
     [
      -49.4284767,
      -20.829729000000004
     ],
     [
      -49.4282672,
      -20.829860000000004
     ],
     [
      -49.4280336,
      -20.8299605
     ],
     [
      -49.42785810000001,
      -20.8300188
     ],
     [
      -49.4275919,
      -20.830078299999997
     ],
     [
      -49.427398,
      -20.830141799999996
     ],
     [
      -49.4271602,
      -20.830255600000005
     ],
     [
      -49.426929400000006,
      -20.830395900000003
     ],
     [
      -49.4267312,
      -20.830525499999997
     ],
     [
      -49.4266505,
      -20.830635299999997
     ],
     [
      -49.4266279,
      -20.830745199999992
     ],
     [
      -49.4266081,
      -20.83085229999999
     ],
     [
      -49.42660370000001,
      -20.830902200000004
     ],
     [
      -49.4265857,
      -20.830946299999997
     ],
     [
      -49.4265305,
      -20.83099719999999
     ],
     [
      -49.42645000000001,
      -20.830993399999997
     ],
     [
      -49.4263695,
      -20.830993399999993
     ],
     [
      -49.4263093,
      -20.83100479999999
     ],
     [
      -49.4262351,
      -20.831031700000004
     ],
     [
      -49.4261804,
      -20.831066699999997
     ],
     [
      -49.4260977,
      -20.831177600000004
     ],
     [
      -49.4259422,
      -20.831417699999992
     ],
     [
      -49.4256986,
      -20.8317677
     ],
     [
      -49.4255169,
      -20.832047900000006
     ],
     [
      -49.4253275,
      -20.832357999999992
     ],
     [
      -49.4251673,
      -20.832679399999996
     ],
     [
      -49.4249486,
      -20.833107999999996
     ],
     [
      -49.4248207,
      -20.833346400000003
     ],
     [
      -49.4247664,
      -20.833447699999994
     ],
     [
      -49.424603,
      -20.833760799999997
     ],
     [
      -49.4244477,
      -20.8340344
     ],
     [
      -49.4243371,
      -20.834198499999992
     ],
     [
      -49.4242282,
      -20.8344113
     ],
     [
      -49.4240729,
      -20.83470309999999
     ],
     [
      -49.4239436,
      -20.834972099999998
     ],
     [
      -49.4239249,
      -20.835050400000004
     ],
     [
      -49.4238164,
      -20.835097299999994
     ]
    ],
    "type": "LineString"
   },
   "properties": {
    "id": "osm-150",
    "kind": "matched",
    "lengthM": 2438.9,
    "name": "",
    "source": "osm"
   },
   "type": "Feature"
  },
  {
   "geometry": {
    "coordinates": [
     [
      -49.4263093,
      -20.83100479999999
     ],
     [
      -49.4263121,
      -20.830901100000002
     ],
     [
      -49.4263178,
      -20.830847500000008
     ],
     [
      -49.4263092,
      -20.83078729999999
     ],
     [
      -49.42619140000001,
      -20.830639100000003
     ],
     [
      -49.4261318,
      -20.830575499999995
     ],
     [
      -49.4260898,
      -20.830531999999998
     ],
     [
      -49.4260232,
      -20.830451299999996
     ],
     [
      -49.4260373,
      -20.830385900000003
     ],
     [
      -49.42605,
      -20.8303292
     ],
     [
      -49.4260394,
      -20.830235200000004
     ],
     [
      -49.4259793,
      -20.83010579999999
     ],
     [
      -49.4256596,
      -20.8295804
     ],
     [
      -49.4252315,
      -20.828891499999997
     ],
     [
      -49.425018,
      -20.828508400000004
     ],
     [
      -49.4249354,
      -20.828420199999993
     ],
     [
      -49.4247026,
      -20.8280502
     ],
     [
      -49.4244387,
      -20.827666100000002
     ],
     [
      -49.424373200000005,
      -20.827591499999997
     ],
     [
      -49.4243121,
      -20.827521699999995
     ],
     [
      -49.4239591,
      -20.827185799999995
     ],
     [
      -49.4237284,
      -20.826955099999996
     ],
     [
      -49.423545,
      -20.8268057
     ],
     [
      -49.4232467,
      -20.826602200000007
     ],
     [
      -49.4229839,
      -20.826423699999996
     ],
     [
      -49.4225021,
      -20.826098799999993
     ],
     [
      -49.4222929,
      -20.825956400000003
     ],
     [
      -49.42201070000001,
      -20.8257709
     ],
     [
      -49.4217382,
      -20.825593400000002
     ],
     [
      -49.4216202,
      -20.82552319999999
     ],
     [
      -49.421539,
      -20.8254645
     ],
     [
      -49.4214743,
      -20.825417899999998
     ],
     [
      -49.4213477,
      -20.825345700000003
     ],
     [
      -49.4212796,
      -20.825298699999998
     ],
     [
      -49.4211878,
      -20.825235399999993
     ],
     [
      -49.4207437,
      -20.824950599999994
     ],
     [
      -49.4204068,
      -20.8247209
     ],
     [
      -49.4200506,
      -20.8244823
     ],
     [
      -49.4195742,
      -20.824163400000003
     ],
     [
      -49.4195109,
      -20.8241152
     ],
     [
      -49.4194036,
      -20.8240049
     ],
     [
      -49.4192245,
      -20.8238886
     ],
     [
      -49.4191118,
      -20.823816399999995
     ],
     [
      -49.4189951,
      -20.823713799999997
     ],
     [
      -49.4189294,
      -20.823655999999996
     ],
     [
      -49.4187889,
      -20.8235477
     ],
     [
      -49.4187224,
      -20.823453399999995
     ],
     [
      -49.4186424,
      -20.823425500000003
     ]
    ],
    "type": "LineString"
   },
   "properties": {
    "id": "osm-151",
    "kind": "matched",
    "lengthM": 1194.1,
    "name": "",
    "source": "osm"
   },
   "type": "Feature"
  },
  {
   "geometry": {
    "coordinates": [
     [
      -49.3751296,
      -20.809626699999992
     ],
     [
      -49.375075,
      -20.809702299999998
     ],
     [
      -49.3749745,
      -20.809787699999998
     ],
     [
      -49.3748216,
      -20.8098737
     ],
     [
      -49.3746545,
      -20.809961700000002
     ],
     [
      -49.374508000000006,
      -20.810041100000003
     ],
     [
      -49.37444010000001,
      -20.8100738
     ],
     [
      -49.3743484,
      -20.810117899999995
     ],
     [
      -49.3743036,
      -20.810106500000003
     ],
     [
      -49.3742074,
      -20.810007
     ],
     [
      -49.3741327,
      -20.809923199999997
     ],
     [
      -49.3740823,
      -20.809847199999997
     ],
     [
      -49.3740253,
      -20.809763399999994
     ],
     [
      -49.373923500000004,
      -20.8097154
     ],
     [
      -49.3738628,
      -20.809711
     ],
     [
      -49.3737638,
      -20.8097329
     ],
     [
      -49.3736657,
      -20.80981059999999
     ],
     [
      -49.3735732,
      -20.809898700000005
     ],
     [
      -49.3734527,
      -20.8100253
     ],
     [
      -49.37316320000001,
      -20.810276799999997
     ],
     [
      -49.3729605,
      -20.81046279999999
     ],
     [
      -49.3728251,
      -20.8105736
     ],
     [
      -49.3726728,
      -20.810655699999998
     ],
     [
      -49.3724823,
      -20.810706299999993
     ],
     [
      -49.3723021,
      -20.810724700000005
     ],
     [
      -49.3719471,
      -20.810715099999996
     ],
     [
      -49.3716329,
      -20.810697199999993
     ],
     [
      -49.3716188,
      -20.810612799999998
     ]
    ],
    "type": "LineString"
   },
   "properties": {
    "id": "osm-152",
    "kind": "matched",
    "lengthM": 452.5,
    "name": "",
    "source": "osm"
   },
   "type": "Feature"
  },
  {
   "geometry": {
    "coordinates": [
     [
      -49.3700562,
      -20.849432099999998
     ],
     [
      -49.3700188,
      -20.849508899999996
     ],
     [
      -49.3699595,
      -20.8495962
     ],
     [
      -49.3698895,
      -20.849625899999996
     ],
     [
      -49.3697432,
      -20.849638800000008
     ],
     [
      -49.3694602,
      -20.849678299999997
     ],
     [
      -49.3691895,
      -20.8497611
     ],
     [
      -49.36889430000001,
      -20.849887299999992
     ],
     [
      -49.368652,
      -20.850014199999997
     ],
     [
      -49.3683886,
      -20.850148600000004
     ],
     [
      -49.3680747,
      -20.8503037
     ],
     [
      -49.3677804,
      -20.850445800000006
     ],
     [
      -49.3675673,
      -20.850559
     ],
     [
      -49.3674429,
      -20.850622800000004
     ],
     [
      -49.3671494,
      -20.850783900000003
     ],
     [
      -49.3669884,
      -20.850882699999993
     ],
     [
      -49.3668733,
      -20.8509631
     ],
     [
      -49.3667998,
      -20.851014899999996
     ],
     [
      -49.366557500000006,
      -20.8512208
     ],
     [
      -49.366298900000004,
      -20.851488999999997
     ],
     [
      -49.3661875,
      -20.851615099999997
     ],
     [
      -49.3660664,
      -20.851757199999994
     ],
     [
      -49.3659631,
      -20.851881900000006
     ],
     [
      -49.3658314,
      -20.85203690000001
     ],
     [
      -49.3656728,
      -20.8521797
     ],
     [
      -49.3654785,
      -20.85237349999999
     ],
     [
      -49.3653834,
      -20.852474499999996
     ],
     [
      -49.365284,
      -20.8525671
     ]
    ],
    "type": "LineString"
   },
   "properties": {
    "id": "osm-153",
    "kind": "matched",
    "lengthM": 622.4,
    "name": "",
    "source": "osm"
   },
   "type": "Feature"
  },
  {
   "geometry": {
    "coordinates": [
     [
      -49.3652221,
      -20.8526248
     ],
     [
      -49.3651516,
      -20.852690299999992
     ],
     [
      -49.3650321,
      -20.8527716
     ],
     [
      -49.3648614,
      -20.852919799999995
     ],
     [
      -49.3647012,
      -20.8530611
     ],
     [
      -49.3646183,
      -20.853105899999996
     ],
     [
      -49.3645134,
      -20.853114299999998
     ],
     [
      -49.3643857,
      -20.853093800000003
     ],
     [
      -49.3642955,
      -20.85304739999999
     ],
     [
      -49.364119,
      -20.852906100000002
     ],
     [
      -49.3639816,
      -20.852779199999997
     ],
     [
      -49.3637873,
      -20.8525991
     ],
     [
      -49.3635612,
      -20.852375
     ],
     [
      -49.3633181,
      -20.852167599999998
     ],
     [
      -49.3630114,
      -20.8518969
     ],
     [
      -49.3628923,
      -20.8518317
     ]
    ],
    "type": "LineString"
   },
   "properties": {
    "id": "osm-154",
    "kind": "matched",
    "lengthM": 316.9,
    "name": "",
    "source": "osm"
   },
   "type": "Feature"
  },
  {
   "geometry": {
    "coordinates": [
     [
      -49.365284,
      -20.8525671
     ],
     [
      -49.3652221,
      -20.8526248
     ]
    ],
    "type": "LineString"
   },
   "properties": {
    "id": "osm-155",
    "kind": "matched",
    "lengthM": 9.1,
    "name": "",
    "source": "osm"
   },
   "type": "Feature"
  },
  {
   "geometry": {
    "coordinates": [
     [
      -49.4340238,
      -20.814861499999992
     ],
     [
      -49.4340782,
      -20.8148354
     ],
     [
      -49.4341489,
      -20.814803499999996
     ],
     [
      -49.4342026,
      -20.8147381
     ],
     [
      -49.4342148,
      -20.814698600000007
     ],
     [
      -49.4342294,
      -20.8146568
     ],
     [
      -49.4342229,
      -20.814582300000005
     ],
     [
      -49.4341757,
      -20.81450939999999
     ],
     [
      -49.4341399,
      -20.814488800000003
     ],
     [
      -49.4340895,
      -20.814482
     ],
     [
      -49.4340211,
      -20.814494300000003
     ],
     [
      -49.4339862,
      -20.814486500000005
     ],
     [
      -49.4339625,
      -20.814421899999992
     ],
     [
      -49.433964,
      -20.814353100000005
     ],
     [
      -49.4339952,
      -20.814253700000005
     ],
     [
      -49.4340063,
      -20.8141663
     ],
     [
      -49.4339895,
      -20.814035099999998
     ],
     [
      -49.4339733,
      -20.813921099999998
     ],
     [
      -49.433983,
      -20.813861799999998
     ],
     [
      -49.434012300000006,
      -20.81380559999999
     ],
     [
      -49.434098500000005,
      -20.8137083
     ],
     [
      -49.434153,
      -20.8136292
     ],
     [
      -49.43418390000001,
      -20.813553999999993
     ],
     [
      -49.4341961,
      -20.8134864
     ],
     [
      -49.4341944,
      -20.813453700000004
     ],
     [
      -49.4342296,
      -20.81342589999999
     ],
     [
      -49.4342993,
      -20.813370799999998
     ],
     [
      -49.4341717,
      -20.813164899999997
     ],
     [
      -49.4339359,
      -20.812813700000003
     ],
     [
      -49.4336716,
      -20.8124565
     ],
     [
      -49.4334236,
      -20.812135
     ],
     [
      -49.4332992,
      -20.811956399999993
     ],
     [
      -49.433104900000004,
      -20.8117018
     ],
     [
      -49.4328853,
      -20.811429699999998
     ],
     [
      -49.43262430000001,
      -20.811102899999998
     ],
     [
      -49.4323454,
      -20.810772300000004
     ],
     [
      -49.4321308,
      -20.810543499999998
     ],
     [
      -49.4317226,
      -20.810181699999994
     ],
     [
      -49.4314136,
      -20.809925599999993
     ],
     [
      -49.4311307,
      -20.809649699999998
     ],
     [
      -49.4307916,
      -20.809294699999988
     ],
     [
      -49.4304428,
      -20.808935999999996
     ],
     [
      -49.4301737,
      -20.808665400000006
     ],
     [
      -49.4298647,
      -20.808385699999995
     ],
     [
      -49.4296013,
      -20.8081501
     ],
     [
      -49.4293541,
      -20.807971499999994
     ],
     [
      -49.429015,
      -20.8077168
     ],
     [
      -49.4287882,
      -20.8075618
     ],
     [
      -49.4286914,
      -20.807509299999996
     ],
     [
      -49.4286646,
      -20.80749109999999
     ],
     [
      -49.42861680000001,
      -20.807576200000007
     ],
     [
      -49.4285865,
      -20.80763019999999
     ],
     [
      -49.42850850000001,
      -20.807600499999996
     ],
     [
      -49.4284182,
      -20.807589899999996
     ],
     [
      -49.4283507,
      -20.8075914
     ],
     [
      -49.4282922,
      -20.8075717
     ],
     [
      -49.4282466,
      -20.8075314
     ],
     [
      -49.4282092,
      -20.8074949
     ],
     [
      -49.428141800000006,
      -20.8074531
     ],
     [
      -49.4279718,
      -20.807377799999998
     ],
     [
      -49.4278019,
      -20.80730639999999
     ]
    ],
    "type": "LineString"
   },
   "properties": {
    "id": "osm-156",
    "kind": "matched",
    "lengthM": 1198.4,
    "name": "",
    "source": "osm"
   },
   "type": "Feature"
  },
  {
   "geometry": {
    "coordinates": [
     [
      -49.427730700000005,
      -20.807276899999994
     ],
     [
      -49.4276661,
      -20.8072502
     ],
     [
      -49.4274002,
      -20.8071521
     ],
     [
      -49.4271286,
      -20.8070419
     ],
     [
      -49.4267814,
      -20.8069005
     ],
     [
      -49.4264879,
      -20.8067698
     ],
     [
      -49.4262635,
      -20.8066353
     ],
     [
      -49.4261058,
      -20.806518999999998
     ],
     [
      -49.4259586,
      -20.806402700000003
     ],
     [
      -49.4258318,
      -20.8062803
     ],
     [
      -49.4257456,
      -20.806201300000005
     ],
     [
      -49.4256439,
      -20.806096400000005
     ],
     [
      -49.4256106,
      -20.806059899999997
     ],
     [
      -49.4255577,
      -20.806022700000003
     ],
     [
      -49.4254943,
      -20.806009000000003
     ],
     [
      -49.4253439,
      -20.806003599999993
     ],
     [
      -49.4252707,
      -20.806005899999995
     ],
     [
      -49.425091,
      -20.8060181
     ],
     [
      -49.4249731,
      -20.806037899999996
     ],
     [
      -49.4249365,
      -20.806049999999992
     ],
     [
      -49.4249016,
      -20.806057600000006
     ],
     [
      -49.4248563,
      -20.8060104
     ],
     [
      -49.4248296,
      -20.8059502
     ],
     [
      -49.4248827,
      -20.8058591
     ],
     [
      -49.4248993,
      -20.80577899999999
     ],
     [
      -49.4249406,
      -20.8056305
     ],
     [
      -49.4249284,
      -20.8055423
     ],
     [
      -49.4248845,
      -20.805426800000003
     ],
     [
      -49.4248463,
      -20.8053697
     ],
     [
      -49.4248793,
      -20.8053155
     ]
    ],
    "type": "LineString"
   },
   "properties": {
    "id": "osm-157",
    "kind": "matched",
    "lengthM": 427.7,
    "name": "",
    "source": "osm"
   },
   "type": "Feature"
  },
  {
   "geometry": {
    "coordinates": [
     [
      -49.4278019,
      -20.80730639999999
     ],
     [
      -49.427730700000005,
      -20.807276899999994
     ]
    ],
    "type": "LineString"
   },
   "properties": {
    "id": "osm-158",
    "kind": "matched",
    "lengthM": 8.1,
    "name": "",
    "source": "osm"
   },
   "type": "Feature"
  },
  {
   "geometry": {
    "coordinates": [
     [
      -49.4248296,
      -20.8059502
     ],
     [
      -49.424784300000006,
      -20.806000300000004
     ],
     [
      -49.4247054,
      -20.806047400000008
     ],
     [
      -49.424634600000005,
      -20.806091
     ],
     [
      -49.424464,
      -20.806199399999997
     ],
     [
      -49.4242403,
      -20.806330200000005
     ],
     [
      -49.4239871,
      -20.806495199999997
     ],
     [
      -49.4237806,
      -20.806651199999997
     ],
     [
      -49.4236615,
      -20.806738899999992
     ],
     [
      -49.4234308,
      -20.8069089
     ],
     [
      -49.4232887,
      -20.8070207
     ],
     [
      -49.4230956,
      -20.807166199999994
     ],
     [
      -49.4229357,
      -20.807275499999992
     ],
     [
      -49.4228043,
      -20.807373799999997
     ],
     [
      -49.4226857,
      -20.8074695
     ],
     [
      -49.4225661,
      -20.807564299999996
     ],
     [
      -49.4223789,
      -20.8076922
     ],
     [
      -49.4221809,
      -20.807820099999997
     ],
     [
      -49.4219599,
      -20.807958499999998
     ],
     [
      -49.4217936,
      -20.808058300000003
     ],
     [
      -49.42157530000001,
      -20.808200699999997
     ],
     [
      -49.4215292,
      -20.8082267
     ],
     [
      -49.4216327,
      -20.808298300000004
     ]
    ],
    "type": "LineString"
   },
   "properties": {
    "id": "osm-159",
    "kind": "matched",
    "lengthM": 440.1,
    "name": "",
    "source": "osm"
   },
   "type": "Feature"
  },
  {
   "geometry": {
    "coordinates": [
     [
      -49.3521868,
      -20.8421221
     ],
     [
      -49.3521982,
      -20.8420248
     ],
     [
      -49.3522226,
      -20.8419397
     ],
     [
      -49.35223400000001,
      -20.8418713
     ],
     [
      -49.3522348,
      -20.84181729999999
     ],
     [
      -49.352237200000005,
      -20.841764999999995
     ],
     [
      -49.3521478,
      -20.841743700000002
     ],
     [
      -49.3520941,
      -20.841710200000005
     ],
     [
      -49.3519591,
      -20.8416373
     ],
     [
      -49.351764,
      -20.841538499999995
     ],
     [
      -49.3516372,
      -20.841459499999992
     ],
     [
      -49.3515531,
      -20.841376599999993
     ]
    ],
    "type": "LineString"
   },
   "properties": {
    "id": "osm-160",
    "kind": "matched",
    "lengthM": 124.1,
    "name": "",
    "source": "osm"
   },
   "type": "Feature"
  },
  {
   "geometry": {
    "coordinates": [
     [
      -49.3516843,
      -20.8412186
     ],
     [
      -49.3517774,
      -20.841248999999994
     ],
     [
      -49.3519614,
      -20.841320499999995
     ],
     [
      -49.3521525,
      -20.8414091
     ],
     [
      -49.3523323,
      -20.841499099999993
     ],
     [
      -49.3524442,
      -20.841555999999994
     ],
     [
      -49.352506,
      -20.841629599999997
     ],
     [
      -49.3525933,
      -20.841669299999992
     ],
     [
      -49.3525765,
      -20.8416837
     ]
    ],
    "type": "LineString"
   },
   "properties": {
    "id": "osm-161",
    "kind": "matched",
    "lengthM": 110.4,
    "name": "",
    "source": "osm"
   },
   "type": "Feature"
  },
  {
   "geometry": {
    "coordinates": [
     [
      -49.352449,
      -20.841827499999997
     ],
     [
      -49.352412,
      -20.84187
     ],
     [
      -49.3523514,
      -20.8419488
     ],
     [
      -49.3523098,
      -20.8420539
     ],
     [
      -49.3523182,
      -20.842149999999993
     ],
     [
      -49.3522519,
      -20.842135999999996
     ],
     [
      -49.3521868,
      -20.8421221
     ]
    ],
    "type": "LineString"
   },
   "properties": {
    "id": "osm-162",
    "kind": "matched",
    "lengthM": 54.0,
    "name": "",
    "source": "osm"
   },
   "type": "Feature"
  },
  {
   "geometry": {
    "coordinates": [
     [
      -49.3525765,
      -20.8416837
     ],
     [
      -49.352449,
      -20.841827499999997
     ]
    ],
    "type": "LineString"
   },
   "properties": {
    "id": "osm-163",
    "kind": "matched",
    "lengthM": 20.7,
    "name": "",
    "source": "osm"
   },
   "type": "Feature"
  },
  {
   "geometry": {
    "coordinates": [
     [
      -49.3521793,
      -20.8421967
     ],
     [
      -49.3521868,
      -20.8421221
     ]
    ],
    "type": "LineString"
   },
   "properties": {
    "id": "osm-164",
    "kind": "matched",
    "lengthM": 8.3,
    "name": "",
    "source": "osm"
   },
   "type": "Feature"
  },
  {
   "geometry": {
    "coordinates": [
     [
      -49.4045453,
      -20.8282554
     ],
     [
      -49.4045245,
      -20.8282818
     ],
     [
      -49.4044896,
      -20.8283162
     ],
     [
      -49.40444,
      -20.8283451
     ],
     [
      -49.4044025,
      -20.828357
     ],
     [
      -49.4043555,
      -20.828356299999996
     ],
     [
      -49.4043119,
      -20.828346899999996
     ],
     [
      -49.4042724,
      -20.828326899999993
     ],
     [
      -49.4042505,
      -20.828309199999993
     ]
    ],
    "type": "LineString"
   },
   "properties": {
    "id": "osm-165",
    "kind": "matched",
    "lengthM": 36.3,
    "name": "",
    "source": "osm"
   },
   "type": "Feature"
  },
  {
   "geometry": {
    "coordinates": [
     [
      -49.3672597,
      -20.809452900000004
     ],
     [
      -49.3673102,
      -20.809451700000004
     ],
     [
      -49.36735840000001,
      -20.809477700000002
     ],
     [
      -49.3674251,
      -20.8095196
     ],
     [
      -49.3675189,
      -20.809590999999994
     ],
     [
      -49.367575,
      -20.809574600000005
     ],
     [
      -49.3676132,
      -20.809571
     ]
    ],
    "type": "LineString"
   },
   "properties": {
    "id": "osm-166",
    "kind": "matched",
    "lengthM": 42.1,
    "name": "",
    "source": "osm"
   },
   "type": "Feature"
  },
  {
   "geometry": {
    "coordinates": [
     [
      -49.3495728,
      -20.832651299999995
     ],
     [
      -49.3495147,
      -20.8326842
     ],
     [
      -49.3494905,
      -20.832706099999996
     ],
     [
      -49.3494719,
      -20.8327426
     ]
    ],
    "type": "LineString"
   },
   "properties": {
    "id": "osm-167",
    "kind": "matched",
    "lengthM": 15.0,
    "name": "",
    "source": "osm"
   },
   "type": "Feature"
  },
  {
   "geometry": {
    "coordinates": [
     [
      -49.3547327,
      -20.772941099999997
     ],
     [
      -49.3547225,
      -20.77296989999999
     ],
     [
      -49.354786,
      -20.773174299999994
     ],
     [
      -49.3549644,
      -20.773759400000003
     ],
     [
      -49.3550148,
      -20.77389820000001
     ],
     [
      -49.3551661,
      -20.774161099999997
     ],
     [
      -49.3551997,
      -20.774181199999997
     ],
     [
      -49.3552259,
      -20.774155
     ],
     [
      -49.3553697,
      -20.7739611
     ],
     [
      -49.3554416,
      -20.773868499999995
     ],
     [
      -49.3556751,
      -20.7736878
     ],
     [
      -49.35602910000001,
      -20.7734109
     ],
     [
      -49.3566222,
      -20.772970799999996
     ],
     [
      -49.3572713,
      -20.7724861
     ],
     [
      -49.3575095,
      -20.772315799999994
     ],
     [
      -49.3575366,
      -20.7722722
     ],
     [
      -49.3575926,
      -20.7721971
     ],
     [
      -49.3576225,
      -20.7721517
     ],
     [
      -49.3576627,
      -20.772122799999998
     ],
     [
      -49.3577253,
      -20.772105399999997
     ],
     [
      -49.357761700000005,
      -20.772083499999994
     ],
     [
      -49.3577654,
      -20.772051200000003
     ],
     [
      -49.3577495,
      -20.772008399999997
     ],
     [
      -49.3576982,
      -20.771935999999993
     ],
     [
      -49.3574927,
      -20.7717176
     ],
     [
      -49.3574469,
      -20.771662599999992
     ],
     [
      -49.3574413,
      -20.771601499999992
     ],
     [
      -49.357479600000005,
      -20.7715273
     ],
     [
      -49.3575263,
      -20.771487999999994
     ],
     [
      -49.3575768,
      -20.771438200000002
     ],
     [
      -49.3575889,
      -20.771390999999994
     ],
     [
      -49.3575665,
      -20.77134390000001
     ],
     [
      -49.35754310000001,
      -20.771308099999995
     ],
     [
      -49.3575291,
      -20.77126259999999
     ],
     [
      -49.3575319,
      -20.7712015
     ],
     [
      -49.3575618,
      -20.771131699999998
     ],
     [
      -49.3576038,
      -20.771081899999995
     ],
     [
      -49.35764960000001,
      -20.771063499999993
     ],
     [
      -49.3578215,
      -20.7709561
     ],
     [
      -49.3578868,
      -20.770877499999997
     ],
     [
      -49.358045600000004,
      -20.770661799999996
     ],
     [
      -49.3581344,
      -20.770562299999998
     ],
     [
      -49.3582483,
      -20.7704636
     ],
     [
      -49.3583809,
      -20.77038060000001
     ],
     [
      -49.358522,
      -20.770309000000005
     ],
     [
      -49.3587984,
      -20.7701789
     ],
     [
      -49.358975,
      -20.770084600000008
     ],
     [
      -49.3591094,
      -20.770008599999997
     ],
     [
      -49.3592337,
      -20.769905499999993
     ],
     [
      -49.359300000000005,
      -20.769834799999998
     ],
     [
      -49.3593224,
      -20.769804499999996
     ],
     [
      -49.3594691,
      -20.7697836
     ]
    ],
    "type": "LineString"
   },
   "properties": {
    "id": "osm-168",
    "kind": "matched",
    "lengthM": 883.3,
    "name": "",
    "source": "osm"
   },
   "type": "Feature"
  },
  {
   "geometry": {
    "coordinates": [
     [
      -49.3596509,
      -20.769798300000005
     ],
     [
      -49.3596995,
      -20.76970159999999
     ],
     [
      -49.3599386,
      -20.769617499999992
     ],
     [
      -49.3601802,
      -20.7695461
     ],
     [
      -49.360515400000004,
      -20.7694423
     ],
     [
      -49.3608691,
      -20.769325999999996
     ],
     [
      -49.3612055,
      -20.7692223
     ],
     [
      -49.3616172,
      -20.769090899999995
     ],
     [
      -49.3621151,
      -20.768938800000004
     ],
     [
      -49.3624121,
      -20.768845399999996
     ],
     [
      -49.3625021,
      -20.768801699999994
     ],
     [
      -49.3627695,
      -20.768537799999997
     ],
     [
      -49.3629691,
      -20.768352200000006
     ],
     [
      -49.3631503,
      -20.768258900000006
     ],
     [
      -49.3633438,
      -20.768196699999994
     ],
     [
      -49.363589000000005,
      -20.768114900000008
     ],
     [
      -49.3636741,
      -20.768065299999996
     ],
     [
      -49.3637567,
      -20.767988099999997
     ],
     [
      -49.3641197,
      -20.76761479999999
     ],
     [
      -49.3644068,
      -20.767305699999994
     ],
     [
      -49.3647426,
      -20.766983000000007
     ],
     [
      -49.3648226,
      -20.766902299999995
     ],
     [
      -49.3648601,
      -20.766857899999994
     ],
     [
      -49.3649479,
      -20.766864400000006
     ]
    ],
    "type": "LineString"
   },
   "properties": {
    "id": "osm-169",
    "kind": "matched",
    "lengthM": 661.5,
    "name": "",
    "source": "osm"
   },
   "type": "Feature"
  },
  {
   "geometry": {
    "coordinates": [
     [
      -49.3703138,
      -20.810047000000004
     ],
     [
      -49.3702473,
      -20.8099864
     ],
     [
      -49.3700667,
      -20.809948399999996
     ],
     [
      -49.3698846,
      -20.809936199999996
     ],
     [
      -49.3697155,
      -20.809937000000005
     ],
     [
      -49.3695179,
      -20.809967399999994
     ],
     [
      -49.369156100000005,
      -20.810022099999994
     ],
     [
      -49.3689061,
      -20.810060999999997
     ],
     [
      -49.3686288,
      -20.810100100000003
     ],
     [
      -49.3685574,
      -20.810104099999997
     ],
     [
      -49.3684846,
      -20.810072499999997
     ],
     [
      -49.3684324,
      -20.810049900000006
     ],
     [
      -49.3683321,
      -20.810040400000005
     ],
     [
      -49.3681959,
      -20.810000299999995
     ],
     [
      -49.3680264,
      -20.8099567
     ],
     [
      -49.3679137,
      -20.809871899999997
     ],
     [
      -49.3678558,
      -20.809795199999993
     ],
     [
      -49.367793,
      -20.8097099
     ],
     [
      -49.36772330000001,
      -20.8096598
     ],
     [
      -49.3676444,
      -20.809588599999998
     ],
     [
      -49.3676132,
      -20.809571
     ]
    ],
    "type": "LineString"
   },
   "properties": {
    "id": "osm-170",
    "kind": "matched",
    "lengthM": 306.7,
    "name": "",
    "source": "osm"
   },
   "type": "Feature"
  },
  {
   "geometry": {
    "coordinates": [
     [
      -49.3672597,
      -20.809452900000004
     ],
     [
      -49.36718280000001,
      -20.809469399999998
     ],
     [
      -49.3669643,
      -20.8094571
     ],
     [
      -49.3667364,
      -20.809464999999996
     ],
     [
      -49.3665132,
      -20.8094886
     ],
     [
      -49.3661807,
      -20.809513899999995
     ],
     [
      -49.36603490000001,
      -20.809485099999993
     ],
     [
      -49.3658883,
      -20.8094257
     ],
     [
      -49.3658058,
      -20.809380799999992
     ],
     [
      -49.3657519,
      -20.8093515
     ],
     [
      -49.3655829,
      -20.809250200000005
     ],
     [
      -49.365408200000005,
      -20.809159399999988
     ],
     [
      -49.3653055,
      -20.809121
     ],
     [
      -49.3652261,
      -20.809113099999994
     ],
     [
      -49.365114,
      -20.809078199999995
     ],
     [
      -49.3647488,
      -20.8089726
     ],
     [
      -49.3644985,
      -20.808918499999997
     ],
     [
      -49.3641782,
      -20.8088765
     ],
     [
      -49.3639867,
      -20.808850399999997
     ],
     [
      -49.3636962,
      -20.808805799999995
     ],
     [
      -49.363614,
      -20.808784899999996
     ],
     [
      -49.3635141,
      -20.808734199999993
     ],
     [
      -49.3633609,
      -20.808711499999998
     ],
     [
      -49.363105,
      -20.80869149999999
     ],
     [
      -49.36267720000001,
      -20.808645200000004
     ],
     [
      -49.3623886,
      -20.808607600000002
     ],
     [
      -49.3622373,
      -20.808603299999994
     ],
     [
      -49.362143,
      -20.808604099999993
     ],
     [
      -49.3620371,
      -20.8086413
     ],
     [
      -49.3619814,
      -20.808660899999996
     ],
     [
      -49.3617236,
      -20.8087552
     ],
     [
      -49.3613435,
      -20.8089132
     ],
     [
      -49.3610007,
      -20.8090512
     ],
     [
      -49.3606719,
      -20.809192599999996
     ],
     [
      -49.3605823,
      -20.8092799
     ],
     [
      -49.3605187,
      -20.80933839999999
     ],
     [
      -49.3603375,
      -20.809447499999994
     ],
     [
      -49.3600237,
      -20.809643100000002
     ],
     [
      -49.3599182,
      -20.809703300000002
     ],
     [
      -49.3598416,
      -20.8097173
     ],
     [
      -49.359794,
      -20.8097383
     ],
     [
      -49.3597267,
      -20.809791499999992
     ],
     [
      -49.3596595,
      -20.8098535
     ],
     [
      -49.3596171,
      -20.809907500000005
     ]
    ],
    "type": "LineString"
   },
   "properties": {
    "id": "osm-171",
    "kind": "matched",
    "lengthM": 854.0,
    "name": "",
    "source": "osm"
   },
   "type": "Feature"
  },
  {
   "geometry": {
    "coordinates": [
     [
      -49.329536600000004,
      -20.821775099999996
     ],
     [
      -49.3297328,
      -20.822096799999997
     ],
     [
      -49.3298467,
      -20.82226579999999
     ],
     [
      -49.32997,
      -20.822472199999996
     ],
     [
      -49.3301157,
      -20.822705699999993
     ],
     [
      -49.3301591,
      -20.822788200000005
     ],
     [
      -49.3302133,
      -20.822961099999993
     ],
     [
      -49.3302291,
      -20.823059199999996
     ],
     [
      -49.3302432,
      -20.8231466
     ],
     [
      -49.3302834,
      -20.8233186
     ],
     [
      -49.330337500000006,
      -20.8234722
     ],
     [
      -49.3303894,
      -20.8235796
     ],
     [
      -49.33046550000001,
      -20.8237079
     ],
     [
      -49.3305552,
      -20.823842399999997
     ],
     [
      -49.3306523,
      -20.823984200000005
     ],
     [
      -49.3307321,
      -20.824112099999997
     ],
     [
      -49.3307961,
      -20.8242103
     ],
     [
      -49.3308384,
      -20.824278399999994
     ],
     [
      -49.3308816,
      -20.824347800000005
     ],
     [
      -49.3309955,
      -20.824525499999996
     ],
     [
      -49.3311156,
      -20.824714499999992
     ],
     [
      -49.3312085,
      -20.8248708
     ],
     [
      -49.3313098,
      -20.825040100000006
     ],
     [
      -49.3314579,
      -20.825283699999996
     ],
     [
      -49.3315032,
      -20.8253989
     ],
     [
      -49.3316227,
      -20.825597500000004
     ],
     [
      -49.3316623,
      -20.8256594
     ],
     [
      -49.33172450000001,
      -20.825756799999997
     ],
     [
      -49.3317936,
      -20.8258529
     ],
     [
      -49.3318656,
      -20.8259262
     ],
     [
      -49.3319356,
      -20.826029599999988
     ],
     [
      -49.3319977,
      -20.826125700000006
     ],
     [
      -49.3320804,
      -20.826258799999998
     ],
     [
      -49.3321934,
      -20.826418099999998
     ],
     [
      -49.3322592,
      -20.8264984
     ],
     [
      -49.3322996,
      -20.82654489999999
     ],
     [
      -49.3323853,
      -20.826643799999992
     ],
     [
      -49.3325446,
      -20.8267935
     ],
     [
      -49.3326781,
      -20.82690999999999
     ],
     [
      -49.3328402,
      -20.827055399999992
     ],
     [
      -49.3330597,
      -20.8272278
     ],
     [
      -49.3331596,
      -20.827290599999994
     ],
     [
      -49.3333642,
      -20.82739849999999
     ],
     [
      -49.3335949,
      -20.827522899999995
     ],
     [
      -49.3337146,
      -20.827603700000004
     ],
     [
      -49.3337887,
      -20.827653799999997
     ],
     [
      -49.3340997,
      -20.8278297
     ],
     [
      -49.3343771,
      -20.82798379999999
     ],
     [
      -49.3346984,
      -20.828161
     ],
     [
      -49.3349285,
      -20.828287399999997
     ]
    ],
    "type": "LineString"
   },
   "properties": {
    "id": "osm-172",
    "kind": "matched",
    "lengthM": 942.2,
    "name": "",
    "source": "osm"
   },
   "type": "Feature"
  },
  {
   "geometry": {
    "coordinates": [
     [
      -49.3350044,
      -20.828329099999998
     ],
     [
      -49.3350472,
      -20.82835259999999
     ],
     [
      -49.3355567,
      -20.828639799999998
     ],
     [
      -49.3357024,
      -20.828730999999994
     ],
     [
      -49.33575050000001,
      -20.828729699999997
     ],
     [
      -49.3357678,
      -20.82871619999999
     ],
     [
      -49.3358024,
      -20.828655899999998
     ],
     [
      -49.3358252,
      -20.828616199999995
     ],
     [
      -49.3358659,
      -20.828611
     ],
     [
      -49.3359144,
      -20.828645
     ],
     [
      -49.3359812,
      -20.828653299999992
     ]
    ],
    "type": "LineString"
   },
   "properties": {
    "id": "osm-173",
    "kind": "matched",
    "lengthM": 122.7,
    "name": "",
    "source": "osm"
   },
   "type": "Feature"
  },
  {
   "geometry": {
    "coordinates": [
     [
      -49.3349285,
      -20.828287399999997
     ],
     [
      -49.3350044,
      -20.828329099999998
     ]
    ],
    "type": "LineString"
   },
   "properties": {
    "id": "osm-174",
    "kind": "matched",
    "lengthM": 9.2,
    "name": "",
    "source": "osm"
   },
   "type": "Feature"
  },
  {
   "geometry": {
    "coordinates": [
     [
      -49.3359812,
      -20.828653299999992
     ],
     [
      -49.3361414,
      -20.828571700000005
     ],
     [
      -49.3365902,
      -20.8283589
     ],
     [
      -49.337073800000006,
      -20.82811909999999
     ],
     [
      -49.3371483,
      -20.8280837
     ],
     [
      -49.3375566,
      -20.8278895
     ],
     [
      -49.3382411,
      -20.8275626
     ],
     [
      -49.3384761,
      -20.827454299999992
     ],
     [
      -49.3387014,
      -20.8273731
     ],
     [
      -49.3389771,
      -20.827315900000006
     ],
     [
      -49.3392518,
      -20.827289799999992
     ],
     [
      -49.3395887,
      -20.827301899999995
     ],
     [
      -49.3400028,
      -20.82735
     ],
     [
      -49.34033,
      -20.8273971
     ],
     [
      -49.3407302,
      -20.827444299999993
     ],
     [
      -49.341126100000004,
      -20.827496399999994
     ],
     [
      -49.3415917,
      -20.827565599999996
     ],
     [
      -49.3417645,
      -20.8275836
     ],
     [
      -49.3422076,
      -20.827659899999997
     ],
     [
      -49.3425123,
      -20.82772699999999
     ],
     [
      -49.342861,
      -20.827819300000005
     ],
     [
      -49.3429189,
      -20.8278273
     ],
     [
      -49.3429886,
      -20.8278243
     ],
     [
      -49.3430466,
      -20.827809299999995
     ],
     [
      -49.3431292,
      -20.827775199999998
     ],
     [
      -49.3432365,
      -20.827726000000002
     ],
     [
      -49.3433405,
      -20.8276468
     ],
     [
      -49.3433953,
      -20.8275726
     ],
     [
      -49.343435,
      -20.8274904
     ],
     [
      -49.3434714,
      -20.82734599999999
     ],
     [
      -49.3435701,
      -20.826928800000008
     ],
     [
      -49.3437225,
      -20.826253999999995
     ],
     [
      -49.3437674,
      -20.8260678
     ]
    ],
    "type": "LineString"
   },
   "properties": {
    "id": "osm-175",
    "kind": "matched",
    "lengthM": 992.4,
    "name": "",
    "source": "osm"
   },
   "type": "Feature"
  },
  {
   "geometry": {
    "coordinates": [
     [
      -49.343789400000006,
      -20.825976700000002
     ],
     [
      -49.3438777,
      -20.825612100000004
     ],
     [
      -49.343933,
      -20.825618899999995
     ],
     [
      -49.3439919,
      -20.825626299999996
     ]
    ],
    "type": "LineString"
   },
   "properties": {
    "id": "osm-176",
    "kind": "matched",
    "lengthM": 53.4,
    "name": "",
    "source": "osm"
   },
   "type": "Feature"
  },
  {
   "geometry": {
    "coordinates": [
     [
      -49.3437674,
      -20.8260678
     ],
     [
      -49.343789400000006,
      -20.825976700000002
     ]
    ],
    "type": "LineString"
   },
   "properties": {
    "id": "osm-177",
    "kind": "matched",
    "lengthM": 10.3,
    "name": "",
    "source": "osm"
   },
   "type": "Feature"
  },
  {
   "geometry": {
    "coordinates": [
     [
      -49.3594828,
      -20.810327199999993
     ],
     [
      -49.3594464,
      -20.810346800000005
     ],
     [
      -49.3592202,
      -20.810379499999996
     ],
     [
      -49.358671300000005,
      -20.810495100000008
     ],
     [
      -49.3584378,
      -20.8105477
     ],
     [
      -49.3582306,
      -20.810596000000004
     ]
    ],
    "type": "LineString"
   },
   "properties": {
    "id": "osm-178",
    "kind": "matched",
    "lengthM": 134.0,
    "name": "",
    "source": "osm"
   },
   "type": "Feature"
  },
  {
   "geometry": {
    "coordinates": [
     [
      -49.4202991,
      -20.83795359999999
     ],
     [
      -49.42029860000001,
      -20.838013400000005
     ],
     [
      -49.4202809,
      -20.838087800000004
     ],
     [
      -49.4202449,
      -20.838156100000003
     ],
     [
      -49.4201928,
      -20.838214599999993
     ],
     [
      -49.4201677,
      -20.8382328
     ],
     [
      -49.420109,
      -20.838269199999996
     ],
     [
      -49.4200347,
      -20.838294100000002
     ],
     [
      -49.4199852,
      -20.838303899999993
     ],
     [
      -49.4199562,
      -20.8383026
     ],
     [
      -49.4198777,
      -20.838294099999995
     ],
     [
      -49.4198187,
      -20.8382784
     ]
    ],
    "type": "LineString"
   },
   "properties": {
    "id": "osm-179",
    "kind": "matched",
    "lengthM": 73.7,
    "name": "",
    "source": "osm"
   },
   "type": "Feature"
  },
  {
   "geometry": {
    "coordinates": [
     [
      -49.3360901,
      -20.8749303
     ],
     [
      -49.33606,
      -20.874939799999996
     ],
     [
      -49.3360218,
      -20.8749626
     ],
     [
      -49.3359958,
      -20.874990399999994
     ],
     [
      -49.3359791,
      -20.875029499999997
     ],
     [
      -49.3359864,
      -20.87507619999999
     ],
     [
      -49.3360116,
      -20.875127899999995
     ],
     [
      -49.3361562,
      -20.8754479
     ],
     [
      -49.336511400000006,
      -20.876245999999995
     ],
     [
      -49.3371033,
      -20.877543599999996
     ],
     [
      -49.337747300000004,
      -20.878935299999995
     ],
     [
      -49.3379554,
      -20.879363799999993
     ],
     [
      -49.33813430000001,
      -20.8796434
     ],
     [
      -49.3383848,
      -20.879898599999994
     ],
     [
      -49.3386872,
      -20.880083999999997
     ],
     [
      -49.3389832,
      -20.880223799999996
     ],
     [
      -49.3392694,
      -20.880293700000003
     ],
     [
      -49.3395686,
      -20.880339299999996
     ],
     [
      -49.3398776,
      -20.88033619999999
     ],
     [
      -49.3402667,
      -20.880286699999992
     ],
     [
      -49.3404693,
      -20.880240400000005
     ],
     [
      -49.3406038,
      -20.8801776
     ],
     [
      -49.3407318,
      -20.880031900000002
     ],
     [
      -49.3407832,
      -20.879889599999995
     ],
     [
      -49.340786,
      -20.879736899999997
     ],
     [
      -49.3407439,
      -20.8796235
     ],
     [
      -49.3406543,
      -20.879473400000002
     ],
     [
      -49.3405515,
      -20.879393099999998
     ],
     [
      -49.3404889,
      -20.8793355
     ],
     [
      -49.3404142,
      -20.8792439
     ],
     [
      -49.3402554,
      -20.878903500000003
     ],
     [
      -49.3400215,
      -20.878406
     ],
     [
      -49.3396995,
      -20.877679799999996
     ],
     [
      -49.339348300000005,
      -20.87692
     ],
     [
      -49.339036,
      -20.876192199999995
     ],
     [
      -49.3385839,
      -20.875177300000004
     ],
     [
      -49.3382587,
      -20.874449399999996
     ],
     [
      -49.33814,
      -20.874206299999997
     ],
     [
      -49.3381044,
      -20.874181299999996
     ],
     [
      -49.3380695,
      -20.8741661
     ],
     [
      -49.338028,
      -20.874162999999992
     ],
     [
      -49.337976,
      -20.874170600000003
     ],
     [
      -49.3377662,
      -20.874252700000003
     ],
     [
      -49.3372556,
      -20.874463899999995
     ],
     [
      -49.3369319,
      -20.874599899999996
     ],
     [
      -49.3368287,
      -20.874640100000004
     ],
     [
      -49.3361676,
      -20.8749022
     ],
     [
      -49.3360901,
      -20.8749303
     ]
    ],
    "type": "LineString"
   },
   "properties": {
    "id": "osm-180",
    "kind": "matched",
    "lengthM": 1818.7,
    "name": "",
    "source": "osm"
   },
   "type": "Feature"
  },
  {
   "geometry": {
    "coordinates": [
     [
      -49.3360901,
      -20.8749303
     ],
     [
      -49.3360689,
      -20.874892899999995
     ]
    ],
    "type": "LineString"
   },
   "properties": {
    "id": "osm-181",
    "kind": "matched",
    "lengthM": 4.7,
    "name": "",
    "source": "osm"
   },
   "type": "Feature"
  },
  {
   "geometry": {
    "coordinates": [
     [
      -49.3379098,
      -20.873774200000007
     ],
     [
      -49.3379347,
      -20.873736699999988
     ],
     [
      -49.3379843,
      -20.8736934
     ],
     [
      -49.33804570000001,
      -20.873666199999995
     ],
     [
      -49.3381005,
      -20.873657899999998
     ],
     [
      -49.3381557,
      -20.8736626
     ]
    ],
    "type": "LineString"
   },
   "properties": {
    "id": "osm-182",
    "kind": "matched",
    "lengthM": 30.5,
    "name": "",
    "source": "osm"
   },
   "type": "Feature"
  },
  {
   "geometry": {
    "coordinates": [
     [
      -49.3322504,
      -20.876029699999997
     ],
     [
      -49.3322689,
      -20.876007199999997
     ],
     [
      -49.3322806,
      -20.875992799999995
     ],
     [
      -49.3323119,
      -20.8759547
     ],
     [
      -49.3323788,
      -20.875911899999995
     ],
     [
      -49.3324558,
      -20.8758881
     ],
     [
      -49.3325369,
      -20.875885299999997
     ],
     [
      -49.3326156,
      -20.875903500000003
     ]
    ],
    "type": "LineString"
   },
   "properties": {
    "id": "osm-183",
    "kind": "matched",
    "lengthM": 44.2,
    "name": "",
    "source": "osm"
   },
   "type": "Feature"
  },
  {
   "geometry": {
    "coordinates": [
     [
      -49.3793852,
      -20.806566899999993
     ],
     [
      -49.3793312,
      -20.806493900000003
     ]
    ],
    "type": "LineString"
   },
   "properties": {
    "id": "osm-184",
    "kind": "matched",
    "lengthM": 9.8,
    "name": "",
    "source": "osm"
   },
   "type": "Feature"
  },
  {
   "geometry": {
    "coordinates": [
     [
      -49.3960973,
      -20.818397099999995
     ],
     [
      -49.3960374,
      -20.8184612
     ]
    ],
    "type": "LineString"
   },
   "properties": {
    "id": "osm-185",
    "kind": "matched",
    "lengthM": 9.4,
    "name": "",
    "source": "osm"
   },
   "type": "Feature"
  },
  {
   "geometry": {
    "coordinates": [
     [
      -49.3962089,
      -20.818492299999996
     ],
     [
      -49.396131,
      -20.818562599999993
     ]
    ],
    "type": "LineString"
   },
   "properties": {
    "id": "osm-186",
    "kind": "matched",
    "lengthM": 11.2,
    "name": "",
    "source": "osm"
   },
   "type": "Feature"
  },
  {
   "geometry": {
    "coordinates": [
     [
      -49.3976313,
      -20.8196552
     ],
     [
      -49.3975276,
      -20.81975509999999
     ]
    ],
    "type": "LineString"
   },
   "properties": {
    "id": "osm-187",
    "kind": "matched",
    "lengthM": 15.5,
    "name": "",
    "source": "osm"
   },
   "type": "Feature"
  },
  {
   "geometry": {
    "coordinates": [
     [
      -49.3977759,
      -20.819789299999993
     ],
     [
      -49.3976662,
      -20.819888999999993
     ]
    ],
    "type": "LineString"
   },
   "properties": {
    "id": "osm-188",
    "kind": "matched",
    "lengthM": 15.9,
    "name": "",
    "source": "osm"
   },
   "type": "Feature"
  },
  {
   "geometry": {
    "coordinates": [
     [
      -49.3993159,
      -20.821368399999997
     ],
     [
      -49.3991975,
      -20.821463000000005
     ]
    ],
    "type": "LineString"
   },
   "properties": {
    "id": "osm-189",
    "kind": "matched",
    "lengthM": 16.2,
    "name": "",
    "source": "osm"
   },
   "type": "Feature"
  },
  {
   "geometry": {
    "coordinates": [
     [
      -49.3994899,
      -20.821535899999994
     ],
     [
      -49.399376000000004,
      -20.821620099999997
     ]
    ],
    "type": "LineString"
   },
   "properties": {
    "id": "osm-190",
    "kind": "matched",
    "lengthM": 15.1,
    "name": "",
    "source": "osm"
   },
   "type": "Feature"
  },
  {
   "geometry": {
    "coordinates": [
     [
      -49.4006455,
      -20.822548799999996
     ],
     [
      -49.4005246,
      -20.8226317
     ]
    ],
    "type": "LineString"
   },
   "properties": {
    "id": "osm-191",
    "kind": "matched",
    "lengthM": 15.6,
    "name": "",
    "source": "osm"
   },
   "type": "Feature"
  },
  {
   "geometry": {
    "coordinates": [
     [
      -49.4009869,
      -20.8228384
     ],
     [
      -49.4008369,
      -20.822905500000005
     ]
    ],
    "type": "LineString"
   },
   "properties": {
    "id": "osm-192",
    "kind": "matched",
    "lengthM": 17.3,
    "name": "",
    "source": "osm"
   },
   "type": "Feature"
  },
  {
   "geometry": {
    "coordinates": [
     [
      -49.4033293,
      -20.825564800000002
     ],
     [
      -49.4032941,
      -20.825471000000004
     ],
     [
      -49.4032678,
      -20.825410499999997
     ],
     [
      -49.403241,
      -20.825300200000004
     ],
     [
      -49.4031316,
      -20.82512270000001
     ],
     [
      -49.4030553,
      -20.824991199999992
     ],
     [
      -49.40266460000001,
      -20.824397600000008
     ],
     [
      -49.4025294,
      -20.8242382
     ],
     [
      -49.4024807,
      -20.824169599999998
     ],
     [
      -49.4023728,
      -20.824060699999997
     ],
     [
      -49.4023255,
      -20.824002399999994
     ]
    ],
    "type": "LineString"
   },
   "properties": {
    "id": "osm-193",
    "kind": "matched",
    "lengthM": 203.6,
    "name": "",
    "source": "osm"
   },
   "type": "Feature"
  },
  {
   "geometry": {
    "coordinates": [
     [
      -49.3955441,
      -20.817956199999994
     ],
     [
      -49.3954908,
      -20.8179074
     ],
     [
      -49.3953971,
      -20.817823799999992
     ]
    ],
    "type": "LineString"
   },
   "properties": {
    "id": "osm-194",
    "kind": "matched",
    "lengthM": 21.2,
    "name": "",
    "source": "osm"
   },
   "type": "Feature"
  },
  {
   "geometry": {
    "coordinates": [
     [
      -49.3953971,
      -20.817823799999992
     ],
     [
      -49.3953504,
      -20.8178068
     ],
     [
      -49.395227,
      -20.817712500000003
     ],
     [
      -49.3951056,
      -20.817631799999994
     ],
     [
      -49.3949849,
      -20.81754
     ],
     [
      -49.39495600000001,
      -20.817504399999997
     ]
    ],
    "type": "LineString"
   },
   "properties": {
    "id": "osm-195",
    "kind": "matched",
    "lengthM": 58.4,
    "name": "",
    "source": "osm"
   },
   "type": "Feature"
  },
  {
   "geometry": {
    "coordinates": [
     [
      -49.39495600000001,
      -20.817504399999997
     ],
     [
      -49.3948972,
      -20.817464400000002
     ],
     [
      -49.3948448,
      -20.817428699999994
     ]
    ],
    "type": "LineString"
   },
   "properties": {
    "id": "osm-196",
    "kind": "matched",
    "lengthM": 14.3,
    "name": "",
    "source": "osm"
   },
   "type": "Feature"
  },
  {
   "geometry": {
    "coordinates": [
     [
      -49.3948448,
      -20.817428699999994
     ],
     [
      -49.3947939,
      -20.8174146
     ],
     [
      -49.3945581,
      -20.8172542
     ],
     [
      -49.3945398,
      -20.8172251
     ]
    ],
    "type": "LineString"
   },
   "properties": {
    "id": "osm-197",
    "kind": "matched",
    "lengthM": 39.6,
    "name": "",
    "source": "osm"
   },
   "type": "Feature"
  },
  {
   "geometry": {
    "coordinates": [
     [
      -49.3945398,
      -20.8172251
     ],
     [
      -49.394486,
      -20.8171892
     ],
     [
      -49.3943719,
      -20.817113099999997
     ]
    ],
    "type": "LineString"
   },
   "properties": {
    "id": "osm-198",
    "kind": "matched",
    "lengthM": 21.4,
    "name": "",
    "source": "osm"
   },
   "type": "Feature"
  },
  {
   "geometry": {
    "coordinates": [
     [
      -49.3943719,
      -20.817113099999997
     ],
     [
      -49.3943172,
      -20.817099099999997
     ],
     [
      -49.3939229,
      -20.816835599999997
     ],
     [
      -49.3939073,
      -20.816801499999997
     ]
    ],
    "type": "LineString"
   },
   "properties": {
    "id": "osm-199",
    "kind": "matched",
    "lengthM": 60.4,
    "name": "",
    "source": "osm"
   },
   "type": "Feature"
  },
  {
   "geometry": {
    "coordinates": [
     [
      -49.3939073,
      -20.816801499999997
     ],
     [
      -49.393854,
      -20.816753499999997
     ],
     [
      -49.393787800000005,
      -20.816693799999992
     ]
    ],
    "type": "LineString"
   },
   "properties": {
    "id": "osm-200",
    "kind": "matched",
    "lengthM": 17.2,
    "name": "",
    "source": "osm"
   },
   "type": "Feature"
  },
  {
   "geometry": {
    "coordinates": [
     [
      -49.393787800000005,
      -20.816693799999992
     ],
     [
      -49.3937495,
      -20.816667800000005
     ],
     [
      -49.3935109,
      -20.816432500000005
     ],
     [
      -49.3935024,
      -20.81639390000001
     ]
    ],
    "type": "LineString"
   },
   "properties": {
    "id": "osm-201",
    "kind": "matched",
    "lengthM": 45.3,
    "name": "",
    "source": "osm"
   },
   "type": "Feature"
  },
  {
   "geometry": {
    "coordinates": [
     [
      -49.3935024,
      -20.81639390000001
     ],
     [
      -49.3934418,
      -20.8163283
     ],
     [
      -49.3934126,
      -20.81629659999999
     ]
    ],
    "type": "LineString"
   },
   "properties": {
    "id": "osm-202",
    "kind": "matched",
    "lengthM": 14.3,
    "name": "",
    "source": "osm"
   },
   "type": "Feature"
  },
  {
   "geometry": {
    "coordinates": [
     [
      -49.3934126,
      -20.81629659999999
     ],
     [
      -49.3933735,
      -20.8162796
     ],
     [
      -49.3932367,
      -20.816142199999998
     ],
     [
      -49.3929439,
      -20.815855500000005
     ],
     [
      -49.3927547,
      -20.815665599999992
     ],
     [
      -49.39274180000001,
      -20.815625999999998
     ]
    ],
    "type": "LineString"
   },
   "properties": {
    "id": "osm-203",
    "kind": "matched",
    "lengthM": 102.7,
    "name": "",
    "source": "osm"
   },
   "type": "Feature"
  },
  {
   "geometry": {
    "coordinates": [
     [
      -49.39274180000001,
      -20.815625999999998
     ],
     [
      -49.3926589,
      -20.815559400000005
     ],
     [
      -49.3925998,
      -20.815511900000008
     ]
    ],
    "type": "LineString"
   },
   "properties": {
    "id": "osm-204",
    "kind": "matched",
    "lengthM": 19.4,
    "name": "",
    "source": "osm"
   },
   "type": "Feature"
  },
  {
   "geometry": {
    "coordinates": [
     [
      -49.3925998,
      -20.815511900000008
     ],
     [
      -49.392539,
      -20.815492299999992
     ],
     [
      -49.3922428,
      -20.815286700000005
     ],
     [
      -49.3919301,
      -20.8150754
     ],
     [
      -49.39192260000001,
      -20.8150468
     ]
    ],
    "type": "LineString"
   },
   "properties": {
    "id": "osm-205",
    "kind": "matched",
    "lengthM": 88.4,
    "name": "",
    "source": "osm"
   },
   "type": "Feature"
  },
  {
   "geometry": {
    "coordinates": [
     [
      -49.39192260000001,
      -20.8150468
     ],
     [
      -49.39183280000001,
      -20.814983599999998
     ],
     [
      -49.391809,
      -20.8149668
     ]
    ],
    "type": "LineString"
   },
   "properties": {
    "id": "osm-206",
    "kind": "matched",
    "lengthM": 14.8,
    "name": "",
    "source": "osm"
   },
   "type": "Feature"
  },
  {
   "geometry": {
    "coordinates": [
     [
      -49.391809,
      -20.8149668
     ],
     [
      -49.3917769,
      -20.8149608
     ],
     [
      -49.3916154,
      -20.8148345
     ],
     [
      -49.3912072,
      -20.814497
     ],
     [
      -49.3911981,
      -20.8144734
     ]
    ],
    "type": "LineString"
   },
   "properties": {
    "id": "osm-207",
    "kind": "matched",
    "lengthM": 84.6,
    "name": "",
    "source": "osm"
   },
   "type": "Feature"
  },
  {
   "geometry": {
    "coordinates": [
     [
      -49.3911981,
      -20.8144734
     ],
     [
      -49.3911566,
      -20.8144373
     ],
     [
      -49.3910807,
      -20.814372600000002
     ]
    ],
    "type": "LineString"
   },
   "properties": {
    "id": "osm-208",
    "kind": "matched",
    "lengthM": 16.5,
    "name": "",
    "source": "osm"
   },
   "type": "Feature"
  },
  {
   "geometry": {
    "coordinates": [
     [
      -49.3910807,
      -20.814372600000002
     ],
     [
      -49.3910485,
      -20.8143691
     ],
     [
      -49.3904734,
      -20.81390160000001
     ],
     [
      -49.3904439,
      -20.81385749999999
     ]
    ],
    "type": "LineString"
   },
   "properties": {
    "id": "osm-209",
    "kind": "matched",
    "lengthM": 88.3,
    "name": "",
    "source": "osm"
   },
   "type": "Feature"
  },
  {
   "geometry": {
    "coordinates": [
     [
      -49.3904439,
      -20.81385749999999
     ],
     [
      -49.3903811,
      -20.8138091
     ],
     [
      -49.3903058,
      -20.813750799999998
     ]
    ],
    "type": "LineString"
   },
   "properties": {
    "id": "osm-210",
    "kind": "matched",
    "lengthM": 18.6,
    "name": "",
    "source": "osm"
   },
   "type": "Feature"
  },
  {
   "geometry": {
    "coordinates": [
     [
      -49.3903058,
      -20.813750799999998
     ],
     [
      -49.390265,
      -20.813735200000004
     ],
     [
      -49.389937,
      -20.8134419
     ],
     [
      -49.3897697,
      -20.8132888
     ],
     [
      -49.3897611,
      -20.8132622
     ]
    ],
    "type": "LineString"
   },
   "properties": {
    "id": "osm-211",
    "kind": "matched",
    "lengthM": 79.1,
    "name": "",
    "source": "osm"
   },
   "type": "Feature"
  },
  {
   "geometry": {
    "coordinates": [
     [
      -49.3897611,
      -20.8132622
     ],
     [
      -49.3896857,
      -20.813213100000002
     ],
     [
      -49.3896018,
      -20.813158300000005
     ]
    ],
    "type": "LineString"
   },
   "properties": {
    "id": "osm-212",
    "kind": "matched",
    "lengthM": 20.2,
    "name": "",
    "source": "osm"
   },
   "type": "Feature"
  },
  {
   "geometry": {
    "coordinates": [
     [
      -49.3896018,
      -20.813158300000005
     ],
     [
      -49.3895514,
      -20.813153300000003
     ],
     [
      -49.3892666,
      -20.813001399999997
     ],
     [
      -49.3888975,
      -20.8128173
     ],
     [
      -49.3888798,
      -20.812786299999992
     ]
    ],
    "type": "LineString"
   },
   "properties": {
    "id": "osm-213",
    "kind": "matched",
    "lengthM": 86.7,
    "name": "",
    "source": "osm"
   },
   "type": "Feature"
  },
  {
   "geometry": {
    "coordinates": [
     [
      -49.3888798,
      -20.812786299999992
     ],
     [
      -49.3888157,
      -20.812757
     ],
     [
      -49.3887435,
      -20.812724099999997
     ]
    ],
    "type": "LineString"
   },
   "properties": {
    "id": "osm-214",
    "kind": "matched",
    "lengthM": 15.8,
    "name": "",
    "source": "osm"
   },
   "type": "Feature"
  },
  {
   "geometry": {
    "coordinates": [
     [
      -49.3887435,
      -20.812724099999997
     ],
     [
      -49.3885394,
      -20.812707
     ],
     [
      -49.388394,
      -20.812687999999998
     ],
     [
      -49.3882589,
      -20.812633799999997
     ],
     [
      -49.3881014,
      -20.8125411
     ],
     [
      -49.3880091,
      -20.812472899999992
     ],
     [
      -49.387956,
      -20.8124222
     ]
    ],
    "type": "LineString"
   },
   "properties": {
    "id": "osm-215",
    "kind": "matched",
    "lengthM": 91.3,
    "name": "",
    "source": "osm"
   },
   "type": "Feature"
  },
  {
   "geometry": {
    "coordinates": [
     [
      -49.387956,
      -20.8124222
     ],
     [
      -49.3878765,
      -20.812370799999997
     ],
     [
      -49.3877886,
      -20.812313900000003
     ]
    ],
    "type": "LineString"
   },
   "properties": {
    "id": "osm-216",
    "kind": "matched",
    "lengthM": 21.2,
    "name": "",
    "source": "osm"
   },
   "type": "Feature"
  },
  {
   "geometry": {
    "coordinates": [
     [
      -49.3877886,
      -20.812313900000003
     ],
     [
      -49.38774170000001,
      -20.812295800000005
     ],
     [
      -49.3875196,
      -20.812145399999995
     ],
     [
      -49.3871696,
      -20.811890699999996
     ],
     [
      -49.387157800000004,
      -20.8118701
     ]
    ],
    "type": "LineString"
   },
   "properties": {
    "id": "osm-217",
    "kind": "matched",
    "lengthM": 82.4,
    "name": "",
    "source": "osm"
   },
   "type": "Feature"
  },
  {
   "geometry": {
    "coordinates": [
     [
      -49.387157800000004,
      -20.8118701
     ],
     [
      -49.3871067,
      -20.8118367
     ],
     [
      -49.3870188,
      -20.811777799999998
     ]
    ],
    "type": "LineString"
   },
   "properties": {
    "id": "osm-218",
    "kind": "matched",
    "lengthM": 17.7,
    "name": "",
    "source": "osm"
   },
   "type": "Feature"
  },
  {
   "geometry": {
    "coordinates": [
     [
      -49.3870188,
      -20.811777799999998
     ],
     [
      -49.386977,
      -20.8117743
     ],
     [
      -49.3864122,
      -20.811374299999997
     ],
     [
      -49.3864047,
      -20.811346799999995
     ]
    ],
    "type": "LineString"
   },
   "properties": {
    "id": "osm-219",
    "kind": "matched",
    "lengthM": 81.1,
    "name": "",
    "source": "osm"
   },
   "type": "Feature"
  },
  {
   "geometry": {
    "coordinates": [
     [
      -49.3864047,
      -20.811346799999995
     ],
     [
      -49.3863187,
      -20.811283700000004
     ],
     [
      -49.3862228,
      -20.811213400000003
     ]
    ],
    "type": "LineString"
   },
   "properties": {
    "id": "osm-220",
    "kind": "matched",
    "lengthM": 24.0,
    "name": "",
    "source": "osm"
   },
   "type": "Feature"
  },
  {
   "geometry": {
    "coordinates": [
     [
      -49.3862228,
      -20.811213400000003
     ],
     [
      -49.386182100000006,
      -20.81120479999999
     ],
     [
      -49.38559720000001,
      -20.81078889999999
     ],
     [
      -49.3855752,
      -20.810757300000002
     ]
    ],
    "type": "LineString"
   },
   "properties": {
    "id": "osm-221",
    "kind": "matched",
    "lengthM": 84.9,
    "name": "",
    "source": "osm"
   },
   "type": "Feature"
  },
  {
   "geometry": {
    "coordinates": [
     [
      -49.3855752,
      -20.810757300000002
     ],
     [
      -49.385518,
      -20.810716099999997
     ],
     [
      -49.3854331,
      -20.810655
     ]
    ],
    "type": "LineString"
   },
   "properties": {
    "id": "osm-222",
    "kind": "matched",
    "lengthM": 18.6,
    "name": "",
    "source": "osm"
   },
   "type": "Feature"
  },
  {
   "geometry": {
    "coordinates": [
     [
      -49.3854331,
      -20.810655
     ],
     [
      -49.3853799,
      -20.8106354
     ],
     [
      -49.3848478,
      -20.810270900000003
     ],
     [
      -49.3848311,
      -20.8102448
     ]
    ],
    "type": "LineString"
   },
   "properties": {
    "id": "osm-223",
    "kind": "matched",
    "lengthM": 77.9,
    "name": "",
    "source": "osm"
   },
   "type": "Feature"
  },
  {
   "geometry": {
    "coordinates": [
     [
      -49.3848311,
      -20.8102448
     ],
     [
      -49.38472860000001,
      -20.8101722
     ],
     [
      -49.384667,
      -20.810128499999998
     ]
    ],
    "type": "LineString"
   },
   "properties": {
    "id": "osm-224",
    "kind": "matched",
    "lengthM": 21.4,
    "name": "",
    "source": "osm"
   },
   "type": "Feature"
  },
  {
   "geometry": {
    "coordinates": [
     [
      -49.384667,
      -20.810128499999998
     ],
     [
      -49.384615,
      -20.810124500000008
     ],
     [
      -49.3841145,
      -20.809919
     ],
     [
      -49.3838568,
      -20.8098253
     ],
     [
      -49.3838338,
      -20.809793699999997
     ]
    ],
    "type": "LineString"
   },
   "properties": {
    "id": "osm-225",
    "kind": "matched",
    "lengthM": 95.3,
    "name": "",
    "source": "osm"
   },
   "type": "Feature"
  },
  {
   "geometry": {
    "coordinates": [
     [
      -49.3838338,
      -20.809793699999997
     ],
     [
      -49.3837996,
      -20.8097722
     ],
     [
      -49.3837002,
      -20.80970799999999
     ]
    ],
    "type": "LineString"
   },
   "properties": {
    "id": "osm-226",
    "kind": "matched",
    "lengthM": 16.8,
    "name": "",
    "source": "osm"
   },
   "type": "Feature"
  },
  {
   "geometry": {
    "coordinates": [
     [
      -49.3837002,
      -20.80970799999999
     ],
     [
      -49.383639,
      -20.8097019
     ],
     [
      -49.3832909,
      -20.80944049999999
     ],
     [
      -49.3830737,
      -20.809297
     ],
     [
      -49.3830571,
      -20.809259399999988
     ]
    ],
    "type": "LineString"
   },
   "properties": {
    "id": "osm-227",
    "kind": "matched",
    "lengthM": 84.9,
    "name": "",
    "source": "osm"
   },
   "type": "Feature"
  },
  {
   "geometry": {
    "coordinates": [
     [
      -49.3830571,
      -20.809259399999988
     ],
     [
      -49.3829786,
      -20.809202
     ],
     [
      -49.3829015,
      -20.809145599999994
     ]
    ],
    "type": "LineString"
   },
   "properties": {
    "id": "osm-228",
    "kind": "matched",
    "lengthM": 20.5,
    "name": "",
    "source": "osm"
   },
   "type": "Feature"
  },
  {
   "geometry": {
    "coordinates": [
     [
      -49.3829015,
      -20.809145599999994
     ],
     [
      -49.3828629,
      -20.809135599999994
     ],
     [
      -49.3826666,
      -20.808993699999995
     ],
     [
      -49.3822922,
      -20.808737099999995
     ],
     [
      -49.382253,
      -20.808692800000003
     ]
    ],
    "type": "LineString"
   },
   "properties": {
    "id": "osm-229",
    "kind": "matched",
    "lengthM": 84.6,
    "name": "",
    "source": "osm"
   },
   "type": "Feature"
  },
  {
   "geometry": {
    "coordinates": [
     [
      -49.382253,
      -20.808692800000003
     ],
     [
      -49.382214,
      -20.808666199999998
     ],
     [
      -49.3821275,
      -20.80860699999999
     ]
    ],
    "type": "LineString"
   },
   "properties": {
    "id": "osm-230",
    "kind": "matched",
    "lengthM": 16.2,
    "name": "",
    "source": "osm"
   },
   "type": "Feature"
  },
  {
   "geometry": {
    "coordinates": [
     [
      -49.3821275,
      -20.80860699999999
     ],
     [
      -49.3820769,
      -20.808589700000002
     ],
     [
      -49.3819064,
      -20.808468299999998
     ],
     [
      -49.3817557,
      -20.808358399999992
     ],
     [
      -49.3814992,
      -20.8081714
     ],
     [
      -49.3814733,
      -20.8081312
     ]
    ],
    "type": "LineString"
   },
   "properties": {
    "id": "osm-231",
    "kind": "matched",
    "lengthM": 86.7,
    "name": "",
    "source": "osm"
   },
   "type": "Feature"
  },
  {
   "geometry": {
    "coordinates": [
     [
      -49.3814733,
      -20.8081312
     ],
     [
      -49.3814044,
      -20.808097899999993
     ],
     [
      -49.381336,
      -20.808063999999998
     ]
    ],
    "type": "LineString"
   },
   "properties": {
    "id": "osm-232",
    "kind": "matched",
    "lengthM": 16.1,
    "name": "",
    "source": "osm"
   },
   "type": "Feature"
  },
  {
   "geometry": {
    "coordinates": [
     [
      -49.381336,
      -20.808063999999998
     ],
     [
      -49.3812732,
      -20.808058499999998
     ],
     [
      -49.3804921,
      -20.807803799999995
     ],
     [
      -49.3804717,
      -20.807771700000004
     ]
    ],
    "type": "LineString"
   },
   "properties": {
    "id": "osm-233",
    "kind": "matched",
    "lengthM": 96.8,
    "name": "",
    "source": "osm"
   },
   "type": "Feature"
  },
  {
   "geometry": {
    "coordinates": [
     [
      -49.3804717,
      -20.807771700000004
     ],
     [
      -49.3804168,
      -20.807738599999993
     ],
     [
      -49.380337,
      -20.8076905
     ]
    ],
    "type": "LineString"
   },
   "properties": {
    "id": "osm-234",
    "kind": "matched",
    "lengthM": 16.7,
    "name": "",
    "source": "osm"
   },
   "type": "Feature"
  },
  {
   "geometry": {
    "coordinates": [
     [
      -49.380337,
      -20.8076905
     ],
     [
      -49.3802831,
      -20.807671099999993
     ],
     [
      -49.3801915,
      -20.80760339999999
     ],
     [
      -49.3798749,
      -20.807369700000002
     ],
     [
      -49.379766,
      -20.8072893
     ],
     [
      -49.3797221,
      -20.807236399999997
     ]
    ],
    "type": "LineString"
   },
   "properties": {
    "id": "osm-235",
    "kind": "matched",
    "lengthM": 81.9,
    "name": "",
    "source": "osm"
   },
   "type": "Feature"
  },
  {
   "geometry": {
    "coordinates": [
     [
      -49.3797221,
      -20.807236399999997
     ],
     [
      -49.3797001,
      -20.8072188
     ],
     [
      -49.3796469,
      -20.807166199999994
     ],
     [
      -49.3795661,
      -20.807086399999992
     ],
     [
      -49.3794932,
      -20.8069987
     ],
     [
      -49.3794551,
      -20.8069104
     ],
     [
      -49.37942,
      -20.80680459999999
     ],
     [
      -49.3793943,
      -20.806684300000004
     ],
     [
      -49.3793852,
      -20.806566899999993
     ]
    ],
    "type": "LineString"
   },
   "properties": {
    "id": "osm-236",
    "kind": "matched",
    "lengthM": 85.0,
    "name": "",
    "source": "osm"
   },
   "type": "Feature"
  },
  {
   "geometry": {
    "coordinates": [
     [
      -49.3410867,
      -20.8816658
     ],
     [
      -49.340892,
      -20.8818313
     ],
     [
      -49.3398198,
      -20.8827424
     ],
     [
      -49.3398093,
      -20.882763699999998
     ],
     [
      -49.3398124,
      -20.882791399999995
     ],
     [
      -49.339977600000005,
      -20.882960599999993
     ],
     [
      -49.340009,
      -20.882970999999998
     ],
     [
      -49.3400336,
      -20.882965200000005
     ],
     [
      -49.34006080000001,
      -20.882947399999995
     ],
     [
      -49.3401202,
      -20.8828963
     ],
     [
      -49.3413104,
      -20.881872500000004
     ],
     [
      -49.3413228,
      -20.881846599999996
     ],
     [
      -49.3413178,
      -20.8818212
     ],
     [
      -49.3412937,
      -20.881796500000004
     ],
     [
      -49.3411551,
      -20.8816543
     ],
     [
      -49.3411342,
      -20.881648499999994
     ],
     [
      -49.3411089,
      -20.8816526
     ],
     [
      -49.3410867,
      -20.8816658
     ]
    ],
    "type": "LineString"
   },
   "properties": {
    "id": "osm-237",
    "kind": "osm-only",
    "lengthM": 433.4,
    "name": "",
    "source": "osm"
   },
   "type": "Feature"
  },
  {
   "geometry": {
    "coordinates": [
     [
      -49.340892,
      -20.8818313
     ],
     [
      -49.340864700000004,
      -20.881801099999997
     ]
    ],
    "type": "LineString"
   },
   "properties": {
    "id": "osm-238",
    "kind": "osm-only",
    "lengthM": 4.4,
    "name": "",
    "source": "osm"
   },
   "type": "Feature"
  },
  {
   "geometry": {
    "coordinates": [
     [
      -49.3401202,
      -20.8828963
     ],
     [
      -49.3401413,
      -20.8829177
     ]
    ],
    "type": "LineString"
   },
   "properties": {
    "id": "osm-239",
    "kind": "osm-only",
    "lengthM": 3.2,
    "name": "",
    "source": "osm"
   },
   "type": "Feature"
  }
 ],
 "type": "FeatureCollection"
}