{
 "features": [
  {
   "geometry": {
    "coordinates": [
     [
      -49.35166975183981,
      -20.841105126382928,
      0
     ],
     [
      -49.35161667171868,
      -20.841027090257466,
      0
     ],
     [
      -49.35155864799831,
      -20.840952656501614,
      0
     ],
     [
      -49.35149592441915,
      -20.84088213778953,
      0
     ],
     [
      -49.35142876446438,
      -20.840815830349438,
      0
     ],
     [
      -49.351357450253076,
      -20.84075401271925,
      0
     ],
     [
      -49.35128228135512,
      -20.840696944576514,
      0
     ],
     [
      -49.35120357353277,
      -20.840644865647594,
      0
     ],
     [
      -49.35112165741428,
      -20.840597994700644,
      0
     ],
     [
      -49.35065186674758,
      -20.840403003011957,
      0
     ],
     [
      -49.34966944143959,
      -20.840018518836903,
      0
     ],
     [
      -49.34892788100814,
      -20.839703784544085,
      0
     ],
     [
      -49.34837446071701,
      -20.83944646328189,
      0
     ],
     [
      -49.34807771662982,
      -20.839308736133635,
      0
     ],
     [
      -49.34773979631852,
      -20.839138669715364,
      0
     ],
     [
      -49.34719911945915,
      -20.8388672715509,
      0
     ],
     [
      -49.34699243061398,
      -20.838780098504618,
      0
     ],
     [
      -49.34674822703686,
      -20.838671268744285,
      0
     ],
     [
      -49.34641414923947,
      -20.838495322150667,
      0
     ],
     [
      -49.3461617541054,
      -20.838344290785066,
      0
     ],
     [
      -49.345987955134376,
      -20.838227391350735,
      0
     ],
     [
      -49.34569133158036,
      -20.837986927494377,
      0
     ],
     [
      -49.34560697834252,
      -20.837893742332856,
      0
     ],
     [
      -49.34558187496852,
      -20.837864533375015,
      0
     ],
     [
      -49.34555271374476,
      -20.83783937456676,
      0
     ],
     [
      -49.34552014086398,
      -20.83781882341005,
      0
     ],
     [
      -49.34548487811892,
      -20.837803335304454,
      0
     ],
     [
      -49.345447706907855,
      -20.83779325345578,
      0
     ],
     [
      -49.345409450919384,
      -20.837788801270893,
      0
     ],
     [
      -49.34537095788001,
      -20.837790077407163,
      0
     ],
     [
      -49.345333080769116,
      -20.837797053586282,
      0
     ],
     [
      -49.34529665891756,
      -20.837809575220902,
      0
     ],
     [
      -49.34526701125824,
      -20.83784321398063,
      0
     ],
     [
      -49.34524073662825,
      -20.837879548450196,
      0
     ],
     [
      -49.34521807867681,
      -20.837918241693743,
      0
     ],
     [
      -49.34519924751504,
      -20.837958934902094,
      0
     ]
    ],
    "type": "LineString"
   },
   "id": 2,
   "properties": {
    "ALTMODE": 0,
    "BASE": 0,
    "CLAMPED": -1,
    "EXTENSAO": 760,
    "EXTRUDED": 0,
    "FOLDERPATH": null,
    "NAME": "R. Dr. Loft João Bassit",
    "OBJECTID": 2,
    "POPUPINFO": null,
    "SHAPE.LEN": 787.4829313654371,
    "SNIPPET": null,
    "SYMBOLID": 0
   },
   "type": "Feature"
  },
  {
   "geometry": {
    "coordinates": [
     [
      -49.412738484022,
      -20.788547981702514,
      0
     ],
     [
      -49.41288199184212,
      -20.78847980609712,
      0
     ],
     [
      -49.413148578206375,
      -20.788295354089293,
      0
     ],
     [
      -49.41324103582492,
      -20.78822077127373,
      0
     ],
     [
      -49.41377279727437,
      -20.788465896818586,
      0
     ],
     [
      -49.41413221079365,
      -20.788610878060993,
      0
     ],
     [
      -49.41399601022267,
      -20.788717496477922,
      0
     ]
    ],
    "type": "LineString"
   },
   "id": 3,
   "properties": {
    "ALTMODE": 0,
    "BASE": 0,
    "CLAMPED": -1,
    "EXTENSAO": 160,
    "EXTRUDED": 0,
    "FOLDERPATH": null,
    "NAME": "Av. Nametalah Yossef",
    "OBJECTID": 3,
    "POPUPINFO": null,
    "SHAPE.LEN": 184.69757308218502,
    "SNIPPET": null,
    "SYMBOLID": 0
   },
   "type": "Feature"
  },
  {
   "geometry": {
    "coordinates": [
     [
      [
       -49.3327284796876,
       -20.87589666412163,
       0
      ],
      [
       -49.33261410790585,
       -20.875945782023745,
       0
      ],
      [
       -49.33256022341831,
       -20.87592405464764,
       0
      ],
      [
       -49.33249647466518,
       -20.875913781457072,
       0
      ],
      [
       -49.33243973016932,
       -20.87591380449533,
       0
      ],
      [
       -49.3323912343798,
       -20.875929536676917,
       0
      ],
      [
       -49.332344057914156,
       -20.875953737411198,
       0
      ],
      [
       -49.3323036635698,
       -20.875980668068006,
       0
      ],
      [
       -49.332273075902634,
       -20.8760269597214,
       0
      ],
      [
       -49.33224988816952,
       -20.876063982600826,
       0
      ],
      [
       -49.332239444072925,
       -20.876112633149916,
       0
      ],
      [
       -49.33224383324753,
       -20.876174025633166,
       0
      ],
      [
       -49.33224767554913,
       -20.87621992225507,
       0
      ],
      [
       -49.332266504471185,
       -20.876260057497586,
       0
      ],
      [
       -49.33229735326445,
       -20.87630260069153,
       0
      ],
      [
       -49.332329661246206,
       -20.876332848066543,
       0
      ],
      [
       -49.33236419229956,
       -20.876354995628038,
       0
      ],
      [
       -49.33240237684443,
       -20.876378419024725,
       0
      ],
      [
       -49.33245021419179,
       -20.876391702250192,
       0
      ],
      [
       -49.33250594157666,
       -20.876395115355376,
       0
      ],
      [
       -49.33254493857748,
       -20.876386904375313,
       0
      ],
      [
       -49.33260935730004,
       -20.87636592752691,
       0
      ],
      [
       -49.3326448851381,
       -20.87633764952222,
       0
      ],
      [
       -49.33267313838881,
       -20.87630954538134,
       0
      ],
      [
       -49.332710175131695,
       -20.876265940583792,
       0
      ],
      [
       -49.33273681541383,
       -20.876202499332443,
       0
      ],
      [
       -49.332956171027895,
       -20.876121002812788,
       0
      ],
      [
       -49.334275088235586,
       -20.875580678029316,
       0
      ],
      [
       -49.334278147229,
       -20.875574069534615,
       0
      ]
     ],
     [
      [
       -49.33271536128554,
       -20.875894781142495,
       0
      ],
      [
       -49.33557533553713,
       -20.874741766504673,
       0
      ],
      [
       -49.33558986093053,
       -20.874734567702667,
       0
      ],
      [
       -49.33560535407742,
       -20.8747297956797,
       0
      ],
      [
       -49.33562141258348,
       -20.87472757437669,
       0
      ],
      [
       -49.33563761937064,
       -20.874727961486226,
       0
      ]
     ],
     [
      [
       -49.33427318966908,
       -20.87557609430466,
       0
      ],
      [
       -49.334278147229,
       -20.875574069534615,
       0
      ]
     ],
     [
      [
       -49.334278147229,
       -20.875574069534615,
       0
      ],
      [
       -49.334469433531964,
       -20.875495954111525,
       0
      ]
     ],
     [
      [
       -49.334278147229,
       -20.875574069534615,
       0
      ],
      [
       -49.33429038906536,
       -20.875547626579266,
       0
      ],
      [
       -49.334293487779426,
       -20.875510131330365,
       0
      ],
      [
       -49.3342797673842,
       -20.875464347171377,
       0
      ],
      [
       -49.334259325267155,
       -20.87542194631225,
       0
      ],
      [
       -49.33423398907312,
       -20.87537319913557,
       0
      ],
      [
       -49.33420706666285,
       -20.87535081441709,
       0
      ],
      [
       -49.334169753622795,
       -20.87533298315144,
       0
      ],
      [
       -49.33412011337663,
       -20.875329638931735,
       0
      ]
     ],
     [
      [
       -49.334469433531964,
       -20.875495954111525,
       0
      ],
      [
       -49.33448022525689,
       -20.875491547262776,
       0
      ]
     ],
     [
      [
       -49.334469433531964,
       -20.875495954111525,
       0
      ],
      [
       -49.33450319913159,
       -20.875487641135418,
       0
      ],
      [
       -49.335710475777645,
       -20.874986837557277,
       0
      ]
     ],
     [
      [
       -49.33432674608195,
       -20.875253887998653,
       0
      ],
      [
       -49.33430825918653,
       -20.875287120699433,
       0
      ],
      [
       -49.33430269599684,
       -20.875312259312636,
       0
      ],
      [
       -49.334313911431906,
       -20.875353541459475,
       0
      ],
      [
       -49.33434985991592,
       -20.875437869645335,
       0
      ],
      [
       -49.33437184879709,
       -20.87547300503101,
       0
      ],
      [
       -49.33440037670653,
       -20.87549561311817,
       0
      ],
      [
       -49.334437345749166,
       -20.87550385435657,
       0
      ],
      [
       -49.334469433531964,
       -20.875495954111525,
       0
      ]
     ],
     [
      [
       -49.33607902396345,
       -20.87492319860866,
       0
      ],
      [
       -49.33605666446524,
       -20.874929217290155,
       0
      ],
      [
       -49.33603565391457,
       -20.874938950144198,
       0
      ],
      [
       -49.336016604194235,
       -20.87495211372435,
       0
      ],
      [
       -49.336000070082456,
       -20.874968324672345,
       0
      ],
      [
       -49.33598653309628,
       -20.87498711088252,
       0
      ],
      [
       -49.335976387468556,
       -20.875007925250756,
       0
      ],
      [
       -49.33596992866676,
       -20.87503016160762,
       0
      ],
      [
       -49.3359673447883,
       -20.875053172371608,
       0
      ],
      [
       -49.33596871108254,
       -20.87507628740843,
       0
      ],
      [
       -49.33597398775938,
       -20.875098833547096,
       0
      ],
      [
       -49.33598302114804,
       -20.875120154184437,
       0
      ],
      [
       -49.33796037128642,
       -20.879423969969967,
       0
      ],
      [
       -49.33802801138979,
       -20.879519041049818,
       0
      ],
      [
       -49.33810014399025,
       -20.879610750273777,
       0
      ],
      [
       -49.33817660226559,
       -20.879698885544464,
       0
      ],
      [
       -49.33825720938956,
       -20.87978324303005,
       0
      ],
      [
       -49.33834177894077,
       -20.87986362763564,
       0
      ],
      [
       -49.33843011533389,
       -20.879939853454484,
       0
      ],
      [
       -49.338522014271945,
       -20.880011744197926,
       0
      ],
      [
       -49.338629991919774,
       -20.88007287131629,
       0
      ],
      [
       -49.33874090415401,
       -20.88012849661026,
       0
      ],
      [
       -49.33885447086552,
       -20.880178479598026,
       0
      ],
      [
       -49.338970405241334,
       -20.88022269404743,
       0
      ],
      [
       -49.3390884144889,
       -20.88026102829478,
       0
      ],
      [
       -49.33920820057559,
       -20.88029338552684,
       0
      ],
      [
       -49.339329460981354,
       -20.880319684025352,
       0
      ],
      [
       -49.339451889462765,
       -20.880339857373386,
       0
      ],
      [
       -49.3396634339839,
       -20.880339304192624,
       0
      ],
      [
       -49.33987483932478,
       -20.88033161184049,
       0
      ],
      [
       -49.34008586462241,
       -20.880316789081206,
       0
      ],
      [
       -49.3402962694468,
       -20.880294852802965,
       0
      ],
      [
       -49.340354617321715,
       -20.880286744940882,
       0
      ],
      [
       -49.34041189828733,
       -20.88027299347137,
       0
      ],
      [
       -49.34046756781813,
       -20.880253729118927,
       0
      ],
      [
       -49.34052109670728,
       -20.88022913501474,
       0
      ],
      [
       -49.34057197609735,
       -20.880199444955792,
       0
      ],
      [
       -49.34061972231764,
       -20.880164941182333,
       0
      ],
      [
       -49.34066388148204,
       -20.880125951694843,
       0
      ],
      [
       -49.34070403380378,
       -20.880082847136,
       0
      ],
      [
       -49.3407328877644,
       -20.880038658671012,
       0
      ],
      [
       -49.34075681649788,
       -20.87999162052484,
       0
      ],
      [
       -49.340775541824726,
       -20.879942279531583,
       0
      ],
      [
       -49.34078884605679,
       -20.879891209296705,
       0
      ],
      [
       -49.340796574527936,
       -20.87983900352868,
       0
      ],
      [
       -49.34079863739212,
       -20.879786269136936,
       0
      ],
      [
       -49.34079242150501,
       -20.87973517171564,
       0
      ],
      [
       -49.340780972595375,
       -20.87968498699502,
       0
      ],
      [
       -49.34076441259186,
       -20.87963624943251,
       0
      ],
      [
       -49.34074291785525,
       -20.87958947807361,
       0
      ],
      [
       -49.34071671730029,
       -20.87954517102411,
       0
      ],
      [
       -49.340686089957735,
       -20.879503800145415,
       0
      ],
      [
       -49.3406513620028,
       -20.87946580602927,
       0
      ],
      [
       -49.3405101514173,
       -20.879361551562997,
       0
      ],
      [
       -49.340464772539846,
       -20.87930909867301,
       0
      ],
      [
       -49.338970478855195,
       -20.87608256337711,
       0
      ],
      [
       -49.338913643288706,
       -20.875929491293967,
       0
      ],
      [
       -49.33814988510596,
       -20.874206553739665,
       0
      ],
      [
       -49.3381330647327,
       -20.874188162277694,
       0
      ],
      [
       -49.338113379938875,
       -20.87417287569135,
       0
      ],
      [
       -49.33809139623437,
       -20.87416113313769,
       0
      ],
      [
       -49.33806774517281,
       -20.87415327195985,
       0
      ],
      [
       -49.338043106208055,
       -20.874149517995814,
       0
      ],
      [
       -49.338018187174725,
       -20.874149979090436,
       0
      ],
      [
       -49.33799370395333,
       -20.87415464199727,
       0
      ],
      [
       -49.33797035990424,
       -20.874163372759103,
       0
      ],
      [
       -49.3379488256614,
       -20.874175920556336,
       0
      ],
      [
       -49.33607902396345,
       -20.87492319860866,
       0
      ]
     ],
     [
      [
       -49.33593444610869,
       -20.87488511204345,
       0
      ],
      [
       -49.33589757736765,
       -20.8748784140276,
       0
      ],
      [
       -49.33587109077013,
       -20.87486740353585,
       0
      ],
      [
       -49.33584661861388,
       -20.874837809344996,
       0
      ],
      [
       -49.33581580665929,
       -20.87477632055721,
       0
      ],
      [
       -49.33579537390002,
       -20.87472029830951,
       0
      ],
      [
       -49.335800717955216,
       -20.87468684631014,
       0
      ],
      [
       -49.33582964448321,
       -20.874651024093026,
       0
      ]
     ],
     [
      [
       -49.33561405011312,
       -20.874738988953098,
       0
      ],
      [
       -49.33562449538696,
       -20.874733220104485,
       0
      ],
      [
       -49.33563761937064,
       -20.874727961486226,
       0
      ]
     ],
     [
      [
       -49.33563761937064,
       -20.874727961486226,
       0
      ],
      [
       -49.33565112918125,
       -20.87473031912759,
       0
      ],
      [
       -49.33566419277079,
       -20.874734492385777,
       0
      ],
      [
       -49.3356765673363,
       -20.874740403695622,
       0
      ],
      [
       -49.33568802288118,
       -20.874747943188126,
       0
      ],
      [
       -49.33575160081987,
       -20.874867672606136,
       0
      ],
      [
       -49.335749356790714,
       -20.874898306764297,
       0
      ],
      [
       -49.33574200696376,
       -20.87492813070362,
       0
      ],
      [
       -49.335729759533365,
       -20.87495629961843,
       0
      ],
      [
       -49.33571296142547,
       -20.87498201558398,
       0
      ],
      [
       -49.336042405179725,
       -20.87485401151438,
       0
      ],
      [
       -49.33607902396345,
       -20.87492319860866,
       0
      ]
     ],
     [
      [
       -49.33563761937064,
       -20.874727961486226,
       0
      ],
      [
       -49.33582964448321,
       -20.874651024093026,
       0
      ]
     ],
     [
      [
       -49.33582964448321,
       -20.874651024093026,
       0
      ],
      [
       -49.33583971021162,
       -20.874646991277544,
       0
      ]
     ],
     [
      [
       -49.33582964448321,
       -20.874651024093026,
       0
      ],
      [
       -49.33583111385052,
       -20.874649204707346,
       0
      ],
      [
       -49.33587617811459,
       -20.874624109820203,
       0
      ],
      [
       -49.337152856710084,
       -20.874109311038822,
       0
      ],
      [
       -49.33781440610737,
       -20.873842080685453,
       0
      ],
      [
       -49.33796367534601,
       -20.873785044821652,
       0
      ],
      [
       -49.33797560035243,
       -20.87376811014496,
       0
      ],
      [
       -49.33799332008647,
       -20.873746339540922,
       0
      ],
      [
       -49.33801819552679,
       -20.873731520652044,
       0
      ],
      [
       -49.338043546564954,
       -20.873719772155873,
       0
      ],
      [
       -49.338080364145746,
       -20.8737122342116,
       0
      ],
      [
       -49.338124092796875,
       -20.873712220089583,
       0
      ],
      [
       -49.33817122584345,
       -20.873718389553286,
       0
      ],
      [
       -49.338222116579786,
       -20.873741351593047,
       0
      ],
      [
       -49.33825398469275,
       -20.873764386246048,
       0
      ],
      [
       -49.33827404468046,
       -20.873802470654045,
       0
      ],
      [
       -49.33828554340584,
       -20.873824030150658,
       0
      ],
      [
       -49.33829786006142,
       -20.873868306373417,
       0
      ],
      [
       -49.338287935113534,
       -20.873909446169023,
       0
      ],
      [
       -49.338274842624585,
       -20.873940342561944,
       0
      ],
      [
       -49.338243707639,
       -20.873979712690335,
       0
      ],
      [
       -49.338220470711896,
       -20.873999348530738,
       0
      ],
      [
       -49.33818885824652,
       -20.874019301344394,
       0
      ],
      [
       -49.33814828108614,
       -20.874031707658848,
       0
      ],
      [
       -49.338109686957445,
       -20.874033513218798,
       0
      ],
      [
       -49.33808949233241,
       -20.87403309659671,
       0
      ],
      [
       -49.33795997222884,
       -20.874082363747352,
       0
      ],
      [
       -49.33601736333709,
       -20.874860955380935,
       0
      ]
     ]
    ],
    "type": "MultiLineString"
   },
   "id": 4,
   "properties": {
    "ALTMODE": 0,
    "BASE": 0,
    "CLAMPED": -1,
    "EXTENSAO": 2210,
    "EXTRUDED": 0,
    "FOLDERPATH": null,
    "NAME": "Residencial Fraternidade",
    "OBJECTID": 4,
    "POPUPINFO": null,
    "SHAPE.LEN": 3410.60336089784,
    "SNIPPET": null,
    "SYMBOLID": 0
   },
   "type": "Feature"
  },
  {
   "geometry": {
    "coordinates": [
     [
      -49.37960655599977,
      -20.805504396973184,
      0
     ],
     [
      -49.37940258409641,
      -20.806433265390552,
      0
     ],
     [
      -49.37938454089237,
      -20.806599440923243,
      0
     ],
     [
      -49.37939770071677,
      -20.806795068461184,
      0
     ],
     [
      -49.379449819163675,
      -20.806960472540986,
      0
     ],
     [
      -49.37957078498342,
      -20.80711533782098,
      0
     ],
     [
      -49.37975477758453,
      -20.80727477038386,
      0
     ],
     [
      -49.3803558072714,
      -20.807709544341677,
      0
     ],
     [
      -49.38054467269584,
      -20.807826558290863,
      0
     ],
     [
      -49.3813562334525,
      -20.808091640454517,
      0
     ],
     [
      -49.38214041046775,
      -20.80861343533652,
      0
     ],
     [
      -49.38371472735525,
      -20.809724730509018,
      0
     ],
     [
      -49.38468156389703,
      -20.81015274775766,
      0
     ],
     [
      -49.38548706835782,
      -20.81072430598962,
      0
     ],
     [
      -49.38628465561177,
      -20.811280651183022,
      0
     ],
     [
      -49.38704586369792,
      -20.81180991892764,
      0
     ],
     [
      -49.38796167932591,
      -20.81242255983454,
      0
     ],
     [
      -49.38889568979985,
      -20.812794145739446,
      0
     ],
     [
      -49.38970084079024,
      -20.81322351485558,
      0
     ],
     [
      -49.3903972198785,
      -20.813824373708236,
      0
     ],
     [
      -49.39112451506397,
      -20.81441463697174,
      0
     ],
     [
      -49.391727112529466,
      -20.814907416072103,
      0
     ],
     [
      -49.39263908019712,
      -20.815547787407716,
      0
     ],
     [
      -49.3934635878566,
      -20.81637041897245,
      0
     ],
     [
      -49.39383652593246,
      -20.816740363957727,
      0
     ],
     [
      -49.3944142208368,
      -20.81714788907363,
      0
     ],
     [
      -49.394869750875905,
      -20.817461259370617,
      0
     ],
     [
      -49.39545199874436,
      -20.81786541658088,
      0
     ],
     [
      -49.39612989845758,
      -20.81847419942378,
      0
     ],
     [
      -49.396893792383075,
      -20.819044594571807,
      0
     ],
     [
      -49.397327786661336,
      -20.81937328820207,
      0
     ],
     [
      -49.397683232183695,
      -20.819757353465647,
      0
     ],
     [
      -49.39866342818165,
      -20.820673709800722,
      0
     ],
     [
      -49.39934347045105,
      -20.821440229608402,
      0
     ],
     [
      -49.40067849699072,
      -20.82256133439495,
      0
     ],
     [
      -49.40240463652483,
      -20.82411246172081,
      0
     ],
     [
      -49.40230546104077,
      -20.8241243372108,
      0
     ],
     [
      -49.40218069062179,
      -20.8241299570059,
      0
     ],
     [
      -49.4008343091075,
      -20.8229525604217,
      0
     ],
     [
      -49.399349082669126,
      -20.821659186792655,
      0
     ],
     [
      -49.39769271671916,
      -20.81994343712219,
      0
     ],
     [
      -49.39616181015461,
      -20.81864483752284,
      0
     ],
     [
      -49.3955674462815,
      -20.818030961480453,
      0
     ],
     [
      -49.39538964658913,
      -20.817868255604594,
      0
     ],
     [
      -49.39390260935329,
      -20.81685807377384,
      0
     ],
     [
      -49.393506182042145,
      -20.816478664246247,
      0
     ],
     [
      -49.39270307047727,
      -20.815653649062114,
      0
     ],
     [
      -49.39191479876766,
      -20.815132568649684,
      0
     ],
     [
      -49.391215945936516,
      -20.81454748755786,
      0
     ],
     [
      -49.39042847859829,
      -20.813909994422925,
      0
     ],
     [
      -49.38972477925897,
      -20.813271426645542,
      0
     ],
     [
      -49.38887244969091,
      -20.812828343689898,
      0
     ],
     [
      -49.38869270557384,
      -20.812762503792737,
      0
     ],
     [
      -49.38833129777538,
      -20.812700630809463,
      0
     ],
     [
      -49.38792936445947,
      -20.812449502713076,
      0
     ],
     [
      -49.38715334732287,
      -20.811922042308492,
      0
     ],
     [
      -49.386371819248154,
      -20.81138808796762,
      0
     ],
     [
      -49.38557499699738,
      -20.81083397881752,
      0
     ],
     [
      -49.384811961046985,
      -20.810286159937835,
      0
     ],
     [
      -49.38455702695087,
      -20.8101521616895,
      0
     ],
     [
      -49.38384192313958,
      -20.809868420007202,
      0
     ],
     [
      -49.383047463329454,
      -20.809297936121823,
      0
     ],
     [
      -49.38226042513271,
      -20.80873411576986,
      0
     ],
     [
      -49.3814741355357,
      -20.80821600593629,
      0
     ],
     [
      -49.381319518964865,
      -20.808107654722576,
      0
     ],
     [
      -49.38050690183419,
      -20.807845684259437,
      0
     ],
     [
      -49.37971100479377,
      -20.80729485299134,
      0
     ],
     [
      -49.37955072919556,
      -20.807126815506248,
      0
     ],
     [
      -49.379449819163675,
      -20.806960472540986,
      0
     ]
    ],
    "type": "LineString"
   },
   "id": 5,
   "properties": {
    "ALTMODE": 0,
    "BASE": 0,
    "CLAMPED": -1,
    "EXTENSAO": 6400,
    "EXTRUDED": 0,
    "FOLDERPATH": null,
    "NAME": "Av. Bady Bassit",
    "OBJECTID": 5,
    "POPUPINFO": null,
    "SHAPE.LEN": 6324.911237529681,
    "SNIPPET": null,
    "SYMBOLID": 0
   },
   "type": "Feature"
  },
  {
   "geometry": {
    "coordinates": [
     [
      [
       -49.41528857842619,
       -20.864442601067218,
       0
      ],
      [
       -49.415326807540715,
       -20.86449135046175,
       0
      ],
      [
       -49.415363112621684,
       -20.86454248576374,
       0
      ],
      [
       -49.41538999364755,
       -20.864581698491868,
       0
      ],
      [
       -49.41541740261155,
       -20.8646193235531,
       0
      ],
      [
       -49.41544065984773,
       -20.864654929183388,
       0
      ],
      [
       -49.41546771403466,
       -20.864717050785387,
       0
      ],
      [
       -49.41547435657818,
       -20.86476356279658,
       0
      ],
      [
       -49.41547574194764,
       -20.864809726221832,
       0
      ]
     ],
     [
      [
       -49.412034181021575,
       -20.860346378511046,
       0
      ],
      [
       -49.41200330092912,
       -20.8605771817095,
       0
      ],
      [
       -49.411988822139826,
       -20.86077015072356,
       0
      ],
      [
       -49.41196571731877,
       -20.86111782064623,
       0
      ],
      [
       -49.411972289348384,
       -20.861627783381213,
       0
      ],
      [
       -49.412017937689896,
       -20.86213678173502,
       0
      ],
      [
       -49.412062858472176,
       -20.86252090757689,
       0
      ],
      [
       -49.41211209708513,
       -20.862722245389858,
       0
      ],
      [
       -49.41222793680783,
       -20.863032509989743,
       0
      ],
      [
       -49.412450421860314,
       -20.863475350405622,
       0
      ],
      [
       -49.412698508847654,
       -20.863979860073254,
       0
      ],
      [
       -49.412845371694765,
       -20.86431902834848,
       0
      ],
      [
       -49.412878208454266,
       -20.864384802759666,
       0
      ],
      [
       -49.41290917030236,
       -20.86444407033341,
       0
      ],
      [
       -49.41293656039387,
       -20.864457523676123,
       0
      ],
      [
       -49.41295881522219,
       -20.864448125102943,
       0
      ],
      [
       -49.41323627546947,
       -20.86424789781889,
       0
      ],
      [
       -49.41430579995781,
       -20.863590283970463,
       0
      ],
      [
       -49.414426947778935,
       -20.863529917635827,
       0
      ],
      [
       -49.41451880387125,
       -20.863500782168394,
       0
      ],
      [
       -49.41459546690203,
       -20.863492430375754,
       0
      ],
      [
       -49.414657858929054,
       -20.863489521619325,
       0
      ],
      [
       -49.41475515801228,
       -20.863521731189724,
       0
      ],
      [
       -49.41477345355842,
       -20.86355215465676,
       0
      ],
      [
       -49.41477616164484,
       -20.863617515936784,
       0
      ],
      [
       -49.414784641396885,
       -20.863670267953665,
       0
      ],
      [
       -49.4148390018511,
       -20.863822542760378,
       0
      ],
      [
       -49.4150133109319,
       -20.864062304067097,
       0
      ],
      [
       -49.4151514780383,
       -20.864260551749457,
       0
      ],
      [
       -49.41528155266587,
       -20.864434759321004,
       0
      ],
      [
       -49.415341752641346,
       -20.864482575816428,
       0
      ],
      [
       -49.415390077672214,
       -20.86451500628416,
       0
      ],
      [
       -49.41542189117861,
       -20.864536858621644,
       0
      ],
      [
       -49.4155008802726,
       -20.864586197719824,
       0
      ],
      [
       -49.41558010188109,
       -20.864618401157493,
       0
      ],
      [
       -49.415637911900966,
       -20.86463723951589,
       0
      ]
     ],
     [
      [
       -49.41179356601034,
       -20.859514286563723,
       0
      ],
      [
       -49.41181150661524,
       -20.859541622173744,
       0
      ],
      [
       -49.41191345816486,
       -20.859567840400235,
       0
      ],
      [
       -49.41212094917148,
       -20.85956689671538,
       0
      ],
      [
       -49.41223661960031,
       -20.85954596412824,
       0
      ],
      [
       -49.41231005698196,
       -20.85952795033377,
       0
      ],
      [
       -49.41232086125373,
       -20.85951262277906,
       0
      ]
     ],
     [
      [
       -49.41179356601034,
       -20.859514286563723,
       0
      ],
      [
       -49.41179322199027,
       -20.85950577501083,
       0
      ]
     ],
     [
      [
       -49.41232086125373,
       -20.85951262277906,
       0
      ],
      [
       -49.41233717945288,
       -20.85957403454861,
       0
      ],
      [
       -49.41235216579875,
       -20.859652825562915,
       0
      ],
      [
       -49.41235149966648,
       -20.859669313988846,
       0
      ],
      [
       -49.41234808320438,
       -20.859786195262863,
       0
      ],
      [
       -49.41233150693952,
       -20.859860745064626,
       0
      ],
      [
       -49.412321368740685,
       -20.859894458629018,
       0
      ],
      [
       -49.41229957202084,
       -20.859972865042565,
       0
      ],
      [
       -49.41228166454046,
       -20.860024090532782,
       0
      ],
      [
       -49.41225824455472,
       -20.860099389817332,
       0
      ],
      [
       -49.41225288621636,
       -20.86011930797062,
       0
      ],
      [
       -49.41224179202573,
       -20.860161324095778,
       0
      ],
      [
       -49.412234259527686,
       -20.860196738386463,
       0
      ],
      [
       -49.412209225424476,
       -20.860264489004937,
       0
      ],
      [
       -49.41215507434395,
       -20.86031839439044,
       0
      ],
      [
       -49.412108019146096,
       -20.860345517151806,
       0
      ],
      [
       -49.41207606226473,
       -20.86034705437436,
       0
      ],
      [
       -49.41198457504698,
       -20.860335819108904,
       0
      ],
      [
       -49.411920616918806,
       -20.860304596784367,
       0
      ],
      [
       -49.41185315118496,
       -20.860227798359062,
       0
      ],
      [
       -49.41182510937717,
       -20.860094306735792,
       0
      ],
      [
       -49.41181734877411,
       -20.859993692622293,
       0
      ],
      [
       -49.41181387826776,
       -20.859865988945728,
       0
      ],
      [
       -49.41180443753111,
       -20.85978296763273,
       0
      ],
      [
       -49.41179356601034,
       -20.859514286563723,
       0
      ]
     ],
     [
      [
       -49.41232086125373,
       -20.85951262277906,
       0
      ],
      [
       -49.41232933882483,
       -20.859500596046406,
       0
      ],
      [
       -49.41232619384969,
       -20.859422572497994,
       0
      ],
      [
       -49.41231230431427,
       -20.85935721136428,
       0
      ],
      [
       -49.412295352418745,
       -20.85923405908335,
       0
      ],
      [
       -49.41226783912137,
       -20.858976896286954,
       0
      ],
      [
       -49.41224804903594,
       -20.858764358637238,
       0
      ],
      [
       -49.41224228042901,
       -20.858599943502632,
       0
      ],
      [
       -49.412254400668516,
       -20.858470261633094,
       0
      ],
      [
       -49.41227924042883,
       -20.85828332615112,
       0
      ],
      [
       -49.41228681857662,
       -20.85823009610525,
       0
      ],
      [
       -49.41227060382195,
       -20.858206621985,
       0
      ]
     ],
     [
      [
       -49.412319350625744,
       -20.859506938631462,
       0
      ],
      [
       -49.41232086125373,
       -20.85951262277906,
       0
      ]
     ],
     [
      [
       -49.41227060382195,
       -20.858206621985,
       0
      ],
      [
       -49.41227013996054,
       -20.858208789261084,
       0
      ]
     ],
     [
      [
       -49.41227060382195,
       -20.858206621985,
       0
      ],
      [
       -49.41226567095562,
       -20.858199480651972,
       0
      ],
      [
       -49.412225050392976,
       -20.858182860333823,
       0
      ],
      [
       -49.41214257705408,
       -20.858158884422025,
       0
      ],
      [
       -49.412070069736394,
       -20.8581335095562,
       0
      ],
      [
       -49.411911303252445,
       -20.858110560953733,
       0
      ],
      [
       -49.411801617575776,
       -20.858090829103457,
       0
      ],
      [
       -49.41176299264644,
       -20.858088619779636,
       0
      ],
      [
       -49.41173724797663,
       -20.858101253170524,
       0
      ],
      [
       -49.41171517268468,
       -20.858124295227483,
       0
      ]
     ],
     [
      [
       -49.412305486576656,
       -20.857997489351956,
       0
      ],
      [
       -49.412295349406236,
       -20.858090980083663,
       0
      ],
      [
       -49.41227060382195,
       -20.858206621985,
       0
      ]
     ],
     [
      [
       -49.412305486576656,
       -20.857997489351956,
       0
      ],
      [
       -49.41229002225658,
       -20.858010548809663,
       0
      ],
      [
       -49.41221394326134,
       -20.85802303059569,
       0
      ],
      [
       -49.41214264209913,
       -20.85801467554852,
       0
      ],
      [
       -49.41198538829138,
       -20.857991001236236,
       0
      ],
      [
       -49.411841145118515,
       -20.8579463360416,
       0
      ],
      [
       -49.411759251887794,
       -20.857891393238845,
       0
      ],
      [
       -49.41173404704609,
       -20.857809810952013,
       0
      ],
      [
       -49.41174243626226,
       -20.85774671608977,
       0
      ],
      [
       -49.41176622380361,
       -20.857648388336216,
       0
      ],
      [
       -49.41178557374945,
       -20.857581226361788,
       0
      ],
      [
       -49.41182223853059,
       -20.857466632782938,
       0
      ],
      [
       -49.41185586627069,
       -20.8573713655263,
       0
      ],
      [
       -49.41188274273072,
       -20.857271628322824,
       0
      ],
      [
       -49.411911568181004,
       -20.857130426071357,
       0
      ],
      [
       -49.411967260609785,
       -20.85689091915849,
       0
      ],
      [
       -49.41202719390933,
       -20.856626320312884,
       0
      ],
      [
       -49.412093229077136,
       -20.856326874681944,
       0
      ],
      [
       -49.41217311489222,
       -20.85600371798785,
       0
      ],
      [
       -49.41222554036263,
       -20.855782019361264,
       0
      ],
      [
       -49.41226110618109,
       -20.855625836541343,
       0
      ],
      [
       -49.41228776269191,
       -20.855550832778942,
       0
      ],
      [
       -49.41229664836523,
       -20.855541742894278,
       0
      ]
     ],
     [
      [
       -49.41230563022229,
       -20.857996164611926,
       0
      ],
      [
       -49.412305486576656,
       -20.857997489351956,
       0
      ]
     ],
     [
      [
       -49.411776264134396,
       -20.857907550691976,
       0
      ],
      [
       -49.411745002961624,
       -20.857957271952618,
       0
      ],
      [
       -49.4117137724549,
       -20.858080105418956,
       0
      ],
      [
       -49.411709715732606,
       -20.85811160715454,
       0
      ],
      [
       -49.41169618002018,
       -20.858141052592057,
       0
      ],
      [
       -49.41167831270786,
       -20.85818507443399,
       0
      ],
      [
       -49.41167016976342,
       -20.858243930490314,
       0
      ],
      [
       -49.41168796478414,
       -20.858392708761784,
       0
      ],
      [
       -49.411718756442745,
       -20.85871854613932,
       0
      ],
      [
       -49.41174287347827,
       -20.859119082946854,
       0
      ],
      [
       -49.411769172595896,
       -20.859477118062344,
       0
      ],
      [
       -49.41179356601034,
       -20.859514286563723,
       0
      ]
     ],
     [
      [
       -49.41229664836523,
       -20.855541742894278,
       0
      ],
      [
       -49.41229531705488,
       -20.85554845666186,
       0
      ]
     ],
     [
      [
       -49.41229664836523,
       -20.855541742894278,
       0
      ],
      [
       -49.41234122145486,
       -20.855496145757698,
       0
      ],
      [
       -49.412386082950114,
       -20.855475253456504,
       0
      ],
      [
       -49.41255828892664,
       -20.855492188060243,
       0
      ],
      [
       -49.41272115504716,
       -20.855539244695503,
       0
      ],
      [
       -49.41281254787987,
       -20.855568455503906,
       0
      ],
      [
       -49.412875252326835,
       -20.855624747358153,
       0
      ]
     ],
     [
      [
       -49.41293545780571,
       -20.855412664150787,
       0
      ],
      [
       -49.41288676383329,
       -20.855625508099305,
       0
      ],
      [
       -49.41286070991836,
       -20.855748426014955,
       0
      ],
      [
       -49.41281907472644,
       -20.85595225069255,
       0
      ],
      [
       -49.412763487309896,
       -20.856190071573224,
       0
      ],
      [
       -49.41273698844595,
       -20.85631754618567,
       0
      ],
      [
       -49.41271238038906,
       -20.856417315449942,
       0
      ],
      [
       -49.41269718613503,
       -20.85648606078325,
       0
      ],
      [
       -49.412569735610525,
       -20.856942746109734,
       0
      ],
      [
       -49.41248260560651,
       -20.85724945318572,
       0
      ],
      [
       -49.41242975135428,
       -20.85753549310967,
       0
      ],
      [
       -49.41238125411513,
       -20.857795443098006,
       0
      ],
      [
       -49.41235343089441,
       -20.857957001094192,
       0
      ],
      [
       -49.412305486576656,
       -20.857997489351956,
       0
      ]
     ],
     [
      [
       -49.41293545780571,
       -20.855412664150787,
       0
      ],
      [
       -49.41289235471695,
       -20.855414171406803,
       0
      ],
      [
       -49.412779985764466,
       -20.855409458380343,
       0
      ],
      [
       -49.412540365260206,
       -20.85535779397472,
       0
      ],
      [
       -49.412407933540614,
       -20.85532654210125,
       0
      ],
      [
       -49.41236210245143,
       -20.855312646715525,
       0
      ],
      [
       -49.41234736181859,
       -20.85528599847012,
       0
      ]
     ],
     [
      [
       -49.412938027160386,
       -20.85540143351412,
       0
      ],
      [
       -49.41293545780571,
       -20.855412664150787,
       0
      ]
     ],
     [
      [
       -49.41234736181859,
       -20.85528599847012,
       0
      ],
      [
       -49.41229664836523,
       -20.855541742894278,
       0
      ]
     ],
     [
      [
       -49.41234736181859,
       -20.85528599847012,
       0
      ],
      [
       -49.41234003773015,
       -20.855272756526197,
       0
      ],
      [
       -49.412338610606646,
       -20.855252895554113,
       0
      ],
      [
       -49.41235529476292,
       -20.85516617265093,
       0
      ],
      [
       -49.41237764185266,
       -20.855003116668755,
       0
      ],
      [
       -49.41241075161324,
       -20.85484531664717,
       0
      ],
      [
       -49.41242514321611,
       -20.854752780381006,
       0
      ],
      [
       -49.412437301108305,
       -20.85469332734654,
       0
      ],
      [
       -49.41245647549442,
       -20.854661311773253,
       0
      ]
     ],
     [
      [
       -49.41234751603953,
       -20.855285222142502,
       0
      ],
      [
       -49.41234736181859,
       -20.85528599847012,
       0
      ]
     ],
     [
      [
       -49.41245647549442,
       -20.854661311773253,
       0
      ],
      [
       -49.41245587898252,
       -20.854667970029286,
       0
      ]
     ],
     [
      [
       -49.41245647549442,
       -20.854661311773253,
       0
      ],
      [
       -49.4124681730205,
       -20.85464177938323,
       0
      ],
      [
       -49.41249212407953,
       -20.854626648692044,
       0
      ],
      [
       -49.4125124152667,
       -20.85462291014473,
       0
      ],
      [
       -49.412547205859,
       -20.854626683471956,
       0
      ],
      [
       -49.412646395961325,
       -20.854643499033187,
       0
      ],
      [
       -49.412769241991384,
       -20.854665157080937,
       0
      ],
      [
       -49.41286663900307,
       -20.85468636228391,
       0
      ],
      [
       -49.41294445305652,
       -20.854707739067376,
       0
      ],
      [
       -49.412968061125255,
       -20.854716775253173,
       0
      ],
      [
       -49.412993772302094,
       -20.854730347533007,
       0
      ],
      [
       -49.413015137870836,
       -20.854741355645096,
       0
      ],
      [
       -49.41304700174483,
       -20.854783647295136,
       0
      ]
     ],
     [
      [
       -49.41306393543285,
       -20.85453305717626,
       0
      ],
      [
       -49.413051594829874,
       -20.854754200101375,
       0
      ],
      [
       -49.41299465942457,
       -20.85517286859296,
       0
      ],
      [
       -49.41294520300805,
       -20.85541232362329,
       0
      ],
      [
       -49.41293545780571,
       -20.855412664150787,
       0
      ]
     ],
     [
      [
       -49.41247633604643,
       -20.854439498859247,
       0
      ],
      [
       -49.41245647549442,
       -20.854661311773253,
       0
      ]
     ],
     [
      [
       -49.41247633604643,
       -20.854439498859247,
       0
      ],
      [
       -49.412465023877765,
       -20.854428545079404,
       0
      ],
      [
       -49.412449633622494,
       -20.854378646599894,
       0
      ],
      [
       -49.41243980383973,
       -20.854234064047922,
       0
      ],
      [
       -49.41244509294588,
       -20.85412329927272,
       0
      ],
      [
       -49.41245752675285,
       -20.85399296349168,
       0
      ],
      [
       -49.41247495272781,
       -20.8538630064258,
       0
      ],
      [
       -49.41248727744278,
       -20.85380943914835,
       0
      ],
      [
       -49.41250074184935,
       -20.85376292471855,
       0
      ],
      [
       -49.412523609136244,
       -20.85371021851139,
       0
      ]
     ],
     [
      [
       -49.41247647325532,
       -20.854437962681814,
       0
      ],
      [
       -49.41247633604643,
       -20.854439498859247,
       0
      ]
     ],
     [
      [
       -49.412523609136244,
       -20.85371021851139,
       0
      ],
      [
       -49.41252555215881,
       -20.85370574070833,
       0
      ]
     ],
     [
      [
       -49.412523609136244,
       -20.85371021851139,
       0
      ],
      [
       -49.412520890703306,
       -20.85371093221703,
       0
      ],
      [
       -49.41232866373302,
       -20.85371156674148,
       0
      ],
      [
       -49.41235717305512,
       -20.852973301402628,
       0
      ],
      [
       -49.412382661804145,
       -20.852738945665614,
       0
      ],
      [
       -49.412611037767505,
       -20.851693911656177,
       0
      ],
      [
       -49.41260204814694,
       -20.85155487331079,
       0
      ],
      [
       -49.41243268894422,
       -20.85026708280074,
       0
      ],
      [
       -49.41243110871072,
       -20.850197344491715,
       0
      ],
      [
       -49.41256771978054,
       -20.850165249806686,
       0
      ]
     ],
     [
      [
       -49.41305967163562,
       -20.85366128061229,
       0
      ],
      [
       -49.41308025419096,
       -20.85371026876025,
       0
      ],
      [
       -49.41308574216065,
       -20.853817913159464,
       0
      ],
      [
       -49.41307973901891,
       -20.854146442803426,
       0
      ],
      [
       -49.41306490806,
       -20.854436420011154,
       0
      ],
      [
       -49.41306265015021,
       -20.854489135790153,
       0
      ],
      [
       -49.41306303561793,
       -20.854506069382815,
       0
      ],
      [
       -49.41305881173839,
       -20.85453687407738,
       0
      ],
      [
       -49.41303926127622,
       -20.854558310172248,
       0
      ],
      [
       -49.413000079201765,
       -20.854562480674314,
       0
      ],
      [
       -49.41295315589512,
       -20.854565502637815,
       0
      ],
      [
       -49.41270969066638,
       -20.854514944684905,
       0
      ],
      [
       -49.41253818111478,
       -20.85447735692816,
       0
      ],
      [
       -49.41248692329389,
       -20.854449752165944,
       0
      ],
      [
       -49.41247633604643,
       -20.854439498859247,
       0
      ]
     ],
     [
      [
       -49.41256771978054,
       -20.850165249806686,
       0
      ],
      [
       -49.41257087663691,
       -20.85016450854541,
       0
      ]
     ],
     [
      [
       -49.41256771978054,
       -20.850165249806686,
       0
      ],
      [
       -49.41256343660147,
       -20.850165448568966,
       0
      ],
      [
       -49.41255404669131,
       -20.850152567782636,
       0
      ],
      [
       -49.41254048860659,
       -20.85012883470352,
       0
      ],
      [
       -49.412530824278214,
       -20.850024978012026,
       0
      ],
      [
       -49.41249899855758,
       -20.849825119644894,
       0
      ],
      [
       -49.41246492886098,
       -20.849597807538366,
       0
      ],
      [
       -49.412425152545055,
       -20.849278146685652,
       0
      ],
      [
       -49.41233488800735,
       -20.848851778176297,
       0
      ],
      [
       -49.41219630878207,
       -20.848206600209966,
       0
      ],
      [
       -49.41208178415442,
       -20.847778318307387,
       0
      ],
      [
       -49.41201897911631,
       -20.847590198456057,
       0
      ],
      [
       -49.41194598263844,
       -20.847249252508043,
       0
      ],
      [
       -49.41185547411034,
       -20.84685951929107,
       0
      ],
      [
       -49.411801611188665,
       -20.846527119113833,
       0
      ],
      [
       -49.411761326797325,
       -20.846299515282382,
       0
      ],
      [
       -49.41177759147434,
       -20.846246615957938,
       0
      ],
      [
       -49.41184976670826,
       -20.84622811242004,
       0
      ],
      [
       -49.41201335261148,
       -20.846209107050193,
       0
      ],
      [
       -49.41239627114555,
       -20.846153245495806,
       0
      ],
      [
       -49.41267260047264,
       -20.84610689340667,
       0
      ],
      [
       -49.41272997255382,
       -20.84612455038773,
       0
      ],
      [
       -49.41278380586682,
       -20.84622398015449,
       0
      ]
     ],
     [
      [
       -49.4131576255919,
       -20.850063476289705,
       0
      ],
      [
       -49.41315855497646,
       -20.850063371988803,
       0
      ]
     ],
     [
      [
       -49.41315855497646,
       -20.850063371988803,
       0
      ],
      [
       -49.41313796044002,
       -20.85009205934865,
       0
      ],
      [
       -49.41303482331719,
       -20.850114758610147,
       0
      ],
      [
       -49.41274387886486,
       -20.85014454939812,
       0
      ],
      [
       -49.41259973254828,
       -20.850163767089374,
       0
      ],
      [
       -49.41256771978054,
       -20.850165249806686,
       0
      ]
     ],
     [
      [
       -49.41315855497646,
       -20.850063371988803,
       0
      ],
      [
       -49.41330741678257,
       -20.85004670242633,
       0
      ],
      [
       -49.413440142321534,
       -20.851012171736,
       0
      ],
      [
       -49.413514746609465,
       -20.851695687374285,
       0
      ],
      [
       -49.413319641784916,
       -20.852644193601943,
       0
      ],
      [
       -49.4132870453454,
       -20.85277574638739,
       0
      ],
      [
       -49.413238296337276,
       -20.85369815509765,
       0
      ],
      [
       -49.41304985020594,
       -20.853656715419167,
       0
      ],
      [
       -49.412987410595356,
       -20.853622234060833,
       0
      ],
      [
       -49.41293318817735,
       -20.853624958019005,
       0
      ],
      [
       -49.41269031899897,
       -20.853666458440234,
       0
      ],
      [
       -49.412523609136244,
       -20.85371021851139,
       0
      ]
     ],
     [
      [
       -49.41252627452774,
       -20.849992886934114,
       0
      ],
      [
       -49.412721931922896,
       -20.849830350956644,
       0
      ],
      [
       -49.412786702592214,
       -20.849732077630666,
       0
      ],
      [
       -49.41287114399317,
       -20.849595703013758,
       0
      ],
      [
       -49.41293281121083,
       -20.849447443628662,
       0
      ],
      [
       -49.41297040801434,
       -20.849290500597085,
       0
      ],
      [
       -49.41296837068777,
       -20.84916674942102,
       0
      ],
      [
       -49.412955273202684,
       -20.84906677228346,
       0
      ],
      [
       -49.412935948081234,
       -20.848972720107707,
       0
      ],
      [
       -49.41285233434147,
       -20.848802522798465,
       0
      ],
      [
       -49.41274647513293,
       -20.84860938446631,
       0
      ],
      [
       -49.412611751679925,
       -20.848456030789702,
       0
      ],
      [
       -49.412511640382746,
       -20.848375363822353,
       0
      ],
      [
       -49.41241811723551,
       -20.848307724146654,
       0
      ]
     ],
     [
      [
       -49.413112524330046,
       -20.849458961036337,
       0
      ],
      [
       -49.41304747909021,
       -20.849391976748255,
       0
      ],
      [
       -49.413027455720986,
       -20.849362649135056,
       0
      ],
      [
       -49.412986168703085,
       -20.84929159878877,
       0
      ],
      [
       -49.412975474574914,
       -20.849212689485608,
       0
      ],
      [
       -49.41296349671613,
       -20.8490788066644,
       0
      ],
      [
       -49.413007231986185,
       -20.84897362024134,
       0
      ],
      [
       -49.41305916407374,
       -20.848868623595564,
       0
      ]
     ],
     [
      [
       -49.41227582409944,
       -20.848521924229832,
       0
      ],
      [
       -49.412401856389415,
       -20.848324446487247,
       0
      ],
      [
       -49.41241811723551,
       -20.848307724146654,
       0
      ]
     ],
     [
      [
       -49.413016751303566,
       -20.848341583886018,
       0
      ],
      [
       -49.41301873793525,
       -20.8483436582569,
       0
      ]
     ],
     [
      [
       -49.413016751303566,
       -20.848341583886018,
       0
      ],
      [
       -49.41305433087605,
       -20.848771657947555,
       0
      ],
      [
       -49.413074924804604,
       -20.84913713349402,
       0
      ],
      [
       -49.41310109101098,
       -20.849301185929583,
       0
      ],
      [
       -49.41311487795699,
       -20.849489812268956,
       0
      ],
      [
       -49.4131444468402,
       -20.849710131535492,
       0
      ],
      [
       -49.41315217660046,
       -20.84994001236786,
       0
      ],
      [
       -49.41315084736494,
       -20.84998281742694,
       0
      ],
      [
       -49.41316063997492,
       -20.850060468169605,
       0
      ],
      [
       -49.41315855497646,
       -20.850063371988803,
       0
      ]
     ],
     [
      [
       -49.41241811723551,
       -20.848307724146654,
       0
      ],
      [
       -49.412415833096624,
       -20.848306071571173,
       0
      ]
     ],
     [
      [
       -49.41241811723551,
       -20.848307724146654,
       0
      ],
      [
       -49.41251762317351,
       -20.848205392753545,
       0
      ],
      [
       -49.41260197855795,
       -20.848143459133578,
       0
      ],
      [
       -49.412631260806265,
       -20.848123386033656,
       0
      ],
      [
       -49.412713260026734,
       -20.848101646327944,
       0
      ],
      [
       -49.41280811163318,
       -20.848129950429797,
       0
      ],
      [
       -49.412817746173474,
       -20.848133060444567,
       0
      ],
      [
       -49.412875632130984,
       -20.848196707507324,
       0
      ],
      [
       -49.412950992962934,
       -20.848272912796496,
       0
      ],
      [
       -49.413016751303566,
       -20.848341583886018,
       0
      ]
     ],
     [
      [
       -49.41278380586682,
       -20.84622398015449,
       0
      ],
      [
       -49.41278460996748,
       -20.846225465440348,
       0
      ]
     ],
     [
      [
       -49.41278380586682,
       -20.84622398015449,
       0
      ],
      [
       -49.41278656575569,
       -20.84627765574696,
       0
      ],
      [
       -49.41285091417295,
       -20.846884110149425,
       0
      ],
      [
       -49.41299266496991,
       -20.84806592922209,
       0
      ],
      [
       -49.413016751303566,
       -20.848341583886018,
       0
      ]
     ],
     [
      [
       -49.412770355785874,
       -20.84596242188332,
       0
      ],
      [
       -49.41278380586682,
       -20.84622398015449,
       0
      ]
     ],
     [
      [
       -49.412770355785874,
       -20.84596242188332,
       0
      ],
      [
       -49.41276255292383,
       -20.845983588426773,
       0
      ],
      [
       -49.41268775930996,
       -20.84599201865053,
       0
      ],
      [
       -49.41205980821249,
       -20.846087964513643,
       0
      ],
      [
       -49.4117512932223,
       -20.84612002735254,
       0
      ],
      [
       -49.411716388326774,
       -20.846102064458954,
       0
      ],
      [
       -49.41169284792431,
       -20.846020160672037,
       0
      ],
      [
       -49.411644196798626,
       -20.84558045822548,
       0
      ],
      [
       -49.41160637970115,
       -20.84521835751522,
       0
      ],
      [
       -49.4115435099309,
       -20.8449856436234,
       0
      ],
      [
       -49.41143273135199,
       -20.844513921127472,
       0
      ],
      [
       -49.4112059690597,
       -20.843673596776224,
       0
      ],
      [
       -49.41107816616323,
       -20.843219401353224,
       0
      ],
      [
       -49.41105746256747,
       -20.843119699503326,
       0
      ],
      [
       -49.41105147612505,
       -20.843092784635406,
       0
      ],
      [
       -49.41104918439006,
       -20.843058184273804,
       0
      ],
      [
       -49.41108354038626,
       -20.843048088660545,
       0
      ],
      [
       -49.411182091039436,
       -20.843023937675014,
       0
      ],
      [
       -49.41144967467802,
       -20.842959883235565,
       0
      ],
      [
       -49.41164742745357,
       -20.842915315719853,
       0
      ],
      [
       -49.41186053967059,
       -20.842864864355917,
       0
      ],
      [
       -49.411921087951505,
       -20.84286038351077,
       0
      ],
      [
       -49.411947301514694,
       -20.84288806314813,
       0
      ]
     ],
     [
      [
       -49.412770113146486,
       -20.845957704301178,
       0
      ],
      [
       -49.412770355785874,
       -20.84596242188332,
       0
      ]
     ],
     [
      [
       -49.411960999646496,
       -20.842923295014355,
       0
      ],
      [
       -49.41216328598035,
       -20.843572657335905,
       0
      ],
      [
       -49.4122993569195,
       -20.84400628339281,
       0
      ],
      [
       -49.41245687977278,
       -20.8445637981146,
       0
      ],
      [
       -49.4125759278566,
       -20.844985842791203,
       0
      ],
      [
       -49.41267425119523,
       -20.84530134194405,
       0
      ],
      [
       -49.41271530438928,
       -20.84546758930551,
       0
      ],
      [
       -49.412743407058464,
       -20.84561066748882,
       0
      ],
      [
       -49.41276719676923,
       -20.84574021821124,
       0
      ],
      [
       -49.41278231376933,
       -20.845929984281838,
       0
      ],
      [
       -49.412770355785874,
       -20.84596242188332,
       0
      ]
     ],
     [
      [
       -49.41099754151155,
       -20.842909491032085,
       0
      ],
      [
       -49.41105044960075,
       -20.843105714269644,
       0
      ]
     ],
     [
      [
       -49.41099754151155,
       -20.842909491032085,
       0
      ],
      [
       -49.41100856568804,
       -20.84292390010697,
       0
      ],
      [
       -49.4110314086604,
       -20.842931674653205,
       0
      ],
      [
       -49.4111282761061,
       -20.842922771479486,
       0
      ],
      [
       -49.41136006424692,
       -20.842866976540606,
       0
      ],
      [
       -49.411662926220714,
       -20.842802961747168,
       0
      ],
      [
       -49.411791890352184,
       -20.842775813416424,
       0
      ],
      [
       -49.41184652227262,
       -20.84275576229443,
       0
      ],
      [
       -49.41188636457167,
       -20.84272015793654,
       0
      ]
     ],
     [
      [
       -49.41099718081665,
       -20.842908151674727,
       0
      ],
      [
       -49.41099754151155,
       -20.842909491032085,
       0
      ]
     ],
     [
      [
       -49.411947301514694,
       -20.84288806314813,
       0
      ],
      [
       -49.411949751620035,
       -20.84289064949186,
       0
      ]
     ],
     [
      [
       -49.411947301514694,
       -20.84288806314813,
       0
      ],
      [
       -49.411959999038935,
       -20.842923048162383,
       0
      ]
     ],
     [
      [
       -49.41188636457167,
       -20.84272015793654,
       0
      ],
      [
       -49.411947301514694,
       -20.84288806314813,
       0
      ]
     ],
     [
      [
       -49.41188636457167,
       -20.84272015793654,
       0
      ],
      [
       -49.41188654693136,
       -20.84271999522329,
       0
      ],
      [
       -49.41187977318779,
       -20.842695752323696,
       0
      ],
      [
       -49.41184513646532,
       -20.842616776291393,
       0
      ],
      [
       -49.411778683699595,
       -20.842465297367045,
       0
      ],
      [
       -49.4117543729303,
       -20.842425889478335,
       0
      ]
     ],
     [
      [
       -49.411884496753096,
       -20.842715010658228,
       0
      ],
      [
       -49.41188636457167,
       -20.84272015793654,
       0
      ]
     ],
     [
      [
       -49.410879951229816,
       -20.842469127041625,
       0
      ],
      [
       -49.41091968213273,
       -20.8426953564761,
       0
      ]
     ],
     [
      [
       -49.410879951229816,
       -20.842469127041625,
       0
      ],
      [
       -49.41087951447444,
       -20.842468808633452,
       0
      ],
      [
       -49.410847696811786,
       -20.842356327340813,
       0
      ],
      [
       -49.41080705935852,
       -20.842193478170138,
       0
      ],
      [
       -49.410715068252465,
       -20.841984210475356,
       0
      ],
      [
       -49.41049138512964,
       -20.841597768214548,
       0
      ],
      [
       -49.41007729499449,
       -20.840966795427903,
       0
      ],
      [
       -49.409550890598325,
       -20.84010719370185,
       0
      ],
      [
       -49.40930585253907,
       -20.839688264461657,
       0
      ],
      [
       -49.40883446626065,
       -20.83888765639104,
       0
      ],
      [
       -49.4087839741547,
       -20.83881564348216,
       0
      ],
      [
       -49.40876493920655,
       -20.83877091761781,
       0
      ],
      [
       -49.40878061730559,
       -20.838732505060218,
       0
      ],
      [
       -49.408887791215484,
       -20.838661373295825,
       0
      ],
      [
       -49.409109855662905,
       -20.83855247849958,
       0
      ],
      [
       -49.409423239642855,
       -20.83841195075322,
       0
      ]
     ],
     [
      [
       -49.410877932900576,
       -20.84245763524305,
       0
      ],
      [
       -49.410879951229816,
       -20.842469127041625,
       0
      ]
     ],
     [
      [
       -49.4117543729303,
       -20.842425889478335,
       0
      ],
      [
       -49.411760593726335,
       -20.84244037229557,
       0
      ]
     ],
     [
      [
       -49.4117543729303,
       -20.842425889478335,
       0
      ],
      [
       -49.411750791989654,
       -20.842420084050357,
       0
      ],
      [
       -49.41170609376989,
       -20.84240537446267,
       0
      ],
      [
       -49.41164274084593,
       -20.842413418121666,
       0
      ],
      [
       -49.41140555002949,
       -20.8424773835901,
       0
      ],
      [
       -49.41125746514651,
       -20.84252070706672,
       0
      ],
      [
       -49.411040332896,
       -20.842585793028892,
       0
      ],
      [
       -49.41096477741953,
       -20.84260983302429,
       0
      ],
      [
       -49.41092448787569,
       -20.842646101464595,
       0
      ],
      [
       -49.41092016698448,
       -20.842671418472797,
       0
      ],
      [
       -49.41092572932028,
       -20.842713737341903,
       0
      ],
      [
       -49.410956710281226,
       -20.842820439546557,
       0
      ],
      [
       -49.41098639886537,
       -20.842894925486263,
       0
      ],
      [
       -49.41099754151155,
       -20.842909491032085,
       0
      ]
     ],
     [
      [
       -49.411671360420364,
       -20.842232613867665,
       0
      ],
      [
       -49.4117543729303,
       -20.842425889478335,
       0
      ]
     ],
     [
      [
       -49.411671360420364,
       -20.842232613867665,
       0
      ],
      [
       -49.41164192778784,
       -20.84229257249654,
       0
      ],
      [
       -49.41159655338751,
       -20.842312813306997,
       0
      ],
      [
       -49.411408513383755,
       -20.842369553719557,
       0
      ],
      [
       -49.41122362874647,
       -20.842420175191975,
       0
      ],
      [
       -49.41101459126017,
       -20.842480970478913,
       0
      ],
      [
       -49.410924976266145,
       -20.84250193970171,
       0
      ],
      [
       -49.410879951229816,
       -20.842469127041625,
       0
      ]
     ],
     [
      [
       -49.41166844981708,
       -20.842225838165817,
       0
      ],
      [
       -49.411671360420364,
       -20.842232613867665,
       0
      ]
     ],
     [
      [
       -49.408655360893874,
       -20.838581747988528,
       0
      ],
      [
       -49.40877398100322,
       -20.8387925069542,
       0
      ]
     ],
     [
      [
       -49.40931314703492,
       -20.838216524852484,
       0
      ],
      [
       -49.409743011990656,
       -20.838901618928965,
       0
      ],
      [
       -49.41008741821711,
       -20.83944340107826,
       0
      ],
      [
       -49.41026636311194,
       -20.83974263475603,
       0
      ],
      [
       -49.410564921906676,
       -20.840260788760006,
       0
      ],
      [
       -49.410842147057096,
       -20.840743312539157,
       0
      ],
      [
       -49.41093261398009,
       -20.84095164011644,
       0
      ],
      [
       -49.4112187982605,
       -20.84143762402587,
       0
      ],
      [
       -49.4114384782844,
       -20.84181818200998,
       0
      ],
      [
       -49.411672992347015,
       -20.842229289427028,
       0
      ],
      [
       -49.411671360420364,
       -20.842232613867665,
       0
      ]
     ],
     [
      [
       -49.40931314703492,
       -20.838216524852484,
       0
      ],
      [
       -49.409305547089765,
       -20.838181713484758,
       0
      ],
      [
       -49.40904471328585,
       -20.837737489774856,
       0
      ],
      [
       -49.40888214985549,
       -20.83740757506735,
       0
      ],
      [
       -49.40867635483112,
       -20.837086106631926,
       0
      ],
      [
       -49.40853579960183,
       -20.836822202971696,
       0
      ],
      [
       -49.408406004031676,
       -20.8366022355011,
       0
      ],
      [
       -49.40830463624617,
       -20.83640283602442,
       0
      ],
      [
       -49.40827113378312,
       -20.836334351158296,
       0
      ],
      [
       -49.40825376371942,
       -20.836320218101623,
       0
      ]
     ],
     [
      [
       -49.40930496281707,
       -20.838203481686843,
       0
      ],
      [
       -49.40931314703492,
       -20.838216524852484,
       0
      ]
     ],
     [
      [
       -49.40739750193294,
       -20.836595880017967,
       0
      ],
      [
       -49.40780056155026,
       -20.83726681981602,
       0
      ],
      [
       -49.408052996972614,
       -20.83772316015468,
       0
      ],
      [
       -49.40849573751674,
       -20.838406506805367,
       0
      ],
      [
       -49.40859164273121,
       -20.838561612660904,
       0
      ],
      [
       -49.40862800835075,
       -20.838570677508137,
       0
      ],
      [
       -49.40865236509543,
       -20.838578159268305,
       0
      ],
      [
       -49.40868806545212,
       -20.838569066612717,
       0
      ],
      [
       -49.40876054417252,
       -20.83853599103151,
       0
      ],
      [
       -49.408927815370966,
       -20.838452003232028,
       0
      ],
      [
       -49.40921086490348,
       -20.83829356670113,
       0
      ],
      [
       -49.409297196201166,
       -20.838243785258435,
       0
      ],
      [
       -49.4093134082944,
       -20.83821772327459,
       0
      ],
      [
       -49.40931314703492,
       -20.838216524852484,
       0
      ]
     ],
     [
      [
       -49.40739750193294,
       -20.836595880017967,
       0
      ],
      [
       -49.40739634254906,
       -20.836595385962713,
       0
      ],
      [
       -49.40733516307682,
       -20.836523280550253,
       0
      ],
      [
       -49.40723197105039,
       -20.836353844734077,
       0
      ],
      [
       -49.40713669096718,
       -20.836202044776485,
       0
      ],
      [
       -49.40700168220827,
       -20.835956339289563,
       0
      ],
      [
       -49.40679416194805,
       -20.835608996207487,
       0
      ],
      [
       -49.40663540157771,
       -20.83530540617166,
       0
      ],
      [
       -49.40663261127707,
       -20.835300744382238,
       0
      ],
      [
       -49.406590411868116,
       -20.835179413640997,
       0
      ],
      [
       -49.406592563243855,
       -20.835162067334473,
       0
      ]
     ],
     [
      [
       -49.4073973602767,
       -20.836595644741156,
       0
      ],
      [
       -49.40739750193294,
       -20.836595880017967,
       0
      ]
     ],
     [
      [
       -49.40825376371942,
       -20.836320218101623,
       0
      ],
      [
       -49.40825426707214,
       -20.836321237207233,
       0
      ]
     ],
     [
      [
       -49.40825376371942,
       -20.836320218101623,
       0
      ],
      [
       -49.40823280476109,
       -20.836303163780013,
       0
      ],
      [
       -49.40815867541429,
       -20.83633714253562,
       0
      ],
      [
       -49.408030794625525,
       -20.83641298019587,
       0
      ],
      [
       -49.407833827300124,
       -20.836516909320093,
       0
      ],
      [
       -49.40760390447061,
       -20.836635918991664,
       0
      ],
      [
       -49.40754767463674,
       -20.836662806591,
       0
      ],
      [
       -49.40751322267274,
       -20.836685162337165,
       0
      ],
      [
       -49.407494250427256,
       -20.836715372726125,
       0
      ],
      [
       -49.407486917039776,
       -20.836741220789484,
       0
      ]
     ],
     [
      [
       -49.408203638164785,
       -20.836218652744876,
       0
      ],
      [
       -49.40825376371942,
       -20.836320218101623,
       0
      ]
     ],
     [
      [
       -49.408203638164785,
       -20.836218652744876,
       0
      ],
      [
       -49.40819636536375,
       -20.836238113132403,
       0
      ],
      [
       -49.40811896769136,
       -20.8362835544403,
       0
      ],
      [
       -49.407924075562896,
       -20.836387898621613,
       0
      ],
      [
       -49.40772754000502,
       -20.83649170155645,
       0
      ],
      [
       -49.407507819326426,
       -20.836602801614553,
       0
      ],
      [
       -49.40744283924558,
       -20.83661521433465,
       0
      ],
      [
       -49.40739750193294,
       -20.836595880017967,
       0
      ]
     ],
     [
      [
       -49.408202636188584,
       -20.836216621803924,
       0
      ],
      [
       -49.408203638164785,
       -20.836218652744876,
       0
      ]
     ],
     [
      [
       -49.406592563243855,
       -20.835162067334473,
       0
      ],
      [
       -49.406594155401145,
       -20.835165445202623,
       0
      ]
     ],
     [
      [
       -49.406592563243855,
       -20.835162067334473,
       0
      ],
      [
       -49.406599347168275,
       -20.83510735946284,
       0
      ],
      [
       -49.40663854789815,
       -20.835072820720807,
       0
      ],
      [
       -49.406708268983934,
       -20.83503185236579,
       0
      ],
      [
       -49.406775538726635,
       -20.834996558418236,
       0
      ],
      [
       -49.406862778232274,
       -20.834948467651103,
       0
      ],
      [
       -49.40698503935965,
       -20.834890506743275,
       0
      ],
      [
       -49.40711854168923,
       -20.834829335987877,
       0
      ],
      [
       -49.40714136798604,
       -20.834833902235104,
       0
      ],
      [
       -49.40718314525349,
       -20.834860495088,
       0
      ]
     ],
     [
      [
       -49.40652715586997,
       -20.835023322408396,
       0
      ],
      [
       -49.406592563243855,
       -20.835162067334473,
       0
      ]
     ],
     [
      [
       -49.40718314525349,
       -20.834860495088,
       0
      ],
      [
       -49.40718786130086,
       -20.834863497309993,
       0
      ]
     ],
     [
      [
       -49.40718314525349,
       -20.834860495088,
       0
      ],
      [
       -49.40720068889297,
       -20.834891166929317,
       0
      ],
      [
       -49.407271861792175,
       -20.834983627642647,
       0
      ],
      [
       -49.407381152441545,
       -20.835110240422694,
       0
      ],
      [
       -49.40751006762824,
       -20.835223827234593,
       0
      ],
      [
       -49.40766885401038,
       -20.83538295427255,
       0
      ],
      [
       -49.40780400839577,
       -20.835517388787366,
       0
      ],
      [
       -49.407933826229794,
       -20.83571378561792,
       0
      ],
      [
       -49.40801385316064,
       -20.835860639556483,
       0
      ],
      [
       -49.40814563869868,
       -20.836079127160215,
       0
      ],
      [
       -49.40820723697227,
       -20.836209025180093,
       0
      ],
      [
       -49.408203638164785,
       -20.836218652744876,
       0
      ]
     ],
     [
      [
       -49.407085485384854,
       -20.834689756586574,
       0
      ],
      [
       -49.40718314525349,
       -20.834860495088,
       0
      ]
     ],
     [
      [
       -49.407085485384854,
       -20.834689756586574,
       0
      ],
      [
       -49.407079307479016,
       -20.83464131010987,
       0
      ],
      [
       -49.4070281260387,
       -20.834547528489054,
       0
      ],
      [
       -49.406944760307226,
       -20.83438984844108,
       0
      ],
      [
       -49.40687102662329,
       -20.83429689226502,
       0
      ],
      [
       -49.40673591875008,
       -20.83412160128904,
       0
      ],
      [
       -49.406608281653945,
       -20.83394925135968,
       0
      ],
      [
       -49.406506297765524,
       -20.833786127092107,
       0
      ],
      [
       -49.40640643622041,
       -20.833624136308387,
       0
      ],
      [
       -49.40629922807544,
       -20.83342563993027,
       0
      ],
      [
       -49.40625556947,
       -20.833321412554167,
       0
      ],
      [
       -49.406089700989305,
       -20.832897427514805,
       0
      ],
      [
       -49.40608960323923,
       -20.832897403119052,
       0
      ]
     ],
     [
      [
       -49.40708197646558,
       -20.83468362293734,
       0
      ],
      [
       -49.407085485384854,
       -20.834689756586574,
       0
      ]
     ],
     [
      [
       -49.405526008315505,
       -20.83294217908797,
       0
      ],
      [
       -49.40566991353601,
       -20.833237534369776,
       0
      ],
      [
       -49.405784352672505,
       -20.833532712007308,
       0
      ],
      [
       -49.40589152322182,
       -20.83376638809776,
       0
      ],
      [
       -49.40591978495798,
       -20.83382561525127,
       0
      ],
      [
       -49.40597512699601,
       -20.83393801173358,
       0
      ],
      [
       -49.40611570274183,
       -20.83416133936212,
       0
      ],
      [
       -49.406214731194616,
       -20.834370797416145,
       0
      ],
      [
       -49.40632369015082,
       -20.834611774291293,
       0
      ],
      [
       -49.406426939881754,
       -20.83486225421737,
       0
      ],
      [
       -49.406525340282265,
       -20.835021088773882,
       0
      ],
      [
       -49.406606127051795,
       -20.834991133685588,
       0
      ],
      [
       -49.40670524153687,
       -20.834943993542485,
       0
      ],
      [
       -49.40685039442721,
       -20.834856530945245,
       0
      ],
      [
       -49.407089121062974,
       -20.834718272967304,
       0
      ],
      [
       -49.407085485384854,
       -20.834689756586574,
       0
      ]
     ],
     [
      [
       -49.40608960323923,
       -20.832897403119052,
       0
      ],
      [
       -49.406062368181736,
       -20.832888339654676,
       0
      ],
      [
       -49.40602637407974,
       -20.83289496845781,
       0
      ],
      [
       -49.40595957740213,
       -20.832917256954584,
       0
      ],
      [
       -49.40588614574848,
       -20.83294130568198,
       0
      ],
      [
       -49.405813236931344,
       -20.832967164977326,
       0
      ],
      [
       -49.405730293942106,
       -20.832999591941807,
       0
      ],
      [
       -49.40566950977304,
       -20.83302392809077,
       0
      ],
      [
       -49.40563365275965,
       -20.83304062015914,
       0
      ],
      [
       -49.40561387072405,
       -20.833054308334454,
       0
      ],
      [
       -49.40560457858994,
       -20.833068973965787,
       0
      ],
      [
       -49.40560033005724,
       -20.833089927569144,
       0
      ]
     ],
     [
      [
       -49.40604920902248,
       -20.83273146237202,
       0
      ],
      [
       -49.40608960323923,
       -20.832897403119052,
       0
      ]
     ],
     [
      [
       -49.40604920902248,
       -20.83273146237202,
       0
      ],
      [
       -49.406036742049324,
       -20.832761942717724,
       0
      ],
      [
       -49.40596649443424,
       -20.83279788621118,
       0
      ],
      [
       -49.40581466175043,
       -20.832857022038255,
       0
      ],
      [
       -49.405696691435054,
       -20.83290053919828,
       0
      ],
      [
       -49.405585962366985,
       -20.83293499110575,
       0
      ],
      [
       -49.40554379499788,
       -20.832945795307705,
       0
      ],
      [
       -49.40550336114765,
       -20.832934869122393,
       0
      ],
      [
       -49.40545006709021,
       -20.832845217285083,
       0
      ],
      [
       -49.40541318259953,
       -20.83270728941021,
       0
      ],
      [
       -49.40531699011602,
       -20.83240099443856,
       0
      ],
      [
       -49.405151199871284,
       -20.83193524711651,
       0
      ],
      [
       -49.40502447155763,
       -20.831539844368034,
       0
      ],
      [
       -49.404921044652845,
       -20.83116756936916,
       0
      ],
      [
       -49.40492240823478,
       -20.83116354151645,
       0
      ]
     ],
     [
      [
       -49.40604914269092,
       -20.832731191662333,
       0
      ],
      [
       -49.40604920902248,
       -20.83273146237202,
       0
      ]
     ],
     [
      [
       -49.40492240823478,
       -20.83116354151645,
       0
      ],
      [
       -49.40492273813005,
       -20.831164696319917,
       0
      ]
     ],
     [
      [
       -49.40492240823478,
       -20.83116354151645,
       0
      ],
      [
       -49.40493277236037,
       -20.831132935083065,
       0
      ],
      [
       -49.40495648852151,
       -20.83112319858475,
       0
      ],
      [
       -49.4049967787986,
       -20.83110756775257,
       0
      ],
      [
       -49.40505774278342,
       -20.83108141870618,
       0
      ],
      [
       -49.40514162367784,
       -20.831052173199208,
       0
      ],
      [
       -49.40528154931586,
       -20.831005960138835,
       0
      ]
     ],
     [
      [
       -49.40484148150676,
       -20.830848114075877,
       0
      ],
      [
       -49.40484093898445,
       -20.8308552868005,
       0
      ],
      [
       -49.404841581305824,
       -20.83088014309622,
       0
      ],
      [
       -49.40492240823478,
       -20.83116354151645,
       0
      ]
     ],
     [
      [
       -49.40484148150676,
       -20.830848114075877,
       0
      ],
      [
       -49.40486050896141,
       -20.830882596584342,
       0
      ],
      [
       -49.40518654635248,
       -20.830758799347596,
       0
      ],
      [
       -49.40505458330639,
       -20.830374873348816,
       0
      ],
      [
       -49.40493458529439,
       -20.83008015215289,
       0
      ],
      [
       -49.40487057342137,
       -20.829768648123338,
       0
      ],
      [
       -49.40480592446358,
       -20.82927062434713,
       0
      ],
      [
       -49.404721245373516,
       -20.828820410136544,
       0
      ],
      [
       -49.40455626032001,
       -20.828177273276815,
       0
      ],
      [
       -49.40440067945177,
       -20.827663880924923,
       0
      ],
      [
       -49.404222381373934,
       -20.827142798326946,
       0
      ],
      [
       -49.40405829842557,
       -20.826697423295204,
       0
      ],
      [
       -49.40385703134598,
       -20.826758431494117,
       0
      ],
      [
       -49.40390481226031,
       -20.82695430970282,
       0
      ],
      [
       -49.4039912243268,
       -20.827358124191417,
       0
      ],
      [
       -49.40404333213009,
       -20.827589835797983,
       0
      ],
      [
       -49.4041318437095,
       -20.82797819501836,
       0
      ],
      [
       -49.40421094303398,
       -20.828306864628676,
       0
      ],
      [
       -49.404318850773336,
       -20.828738518938653,
       0
      ],
      [
       -49.40438855034259,
       -20.829053846542408,
       0
      ],
      [
       -49.4044777989345,
       -20.82939610164146,
       0
      ],
      [
       -49.40457602420205,
       -20.829794151608475,
       0
      ],
      [
       -49.404601082158926,
       -20.829980627706572,
       0
      ],
      [
       -49.40469832392262,
       -20.83036455951436,
       0
      ],
      [
       -49.40479476666089,
       -20.83076345364738,
       0
      ],
      [
       -49.40484148150676,
       -20.830848114075877,
       0
      ]
     ],
     [
      [
       -49.404841598682886,
       -20.830846567780732,
       0
      ],
      [
       -49.40484148150676,
       -20.830848114075877,
       0
      ]
     ],
     [
      [
       -49.405184267610316,
       -20.83074982353061,
       0
      ],
      [
       -49.405342719327265,
       -20.831147562045327,
       0
      ],
      [
       -49.405575708192345,
       -20.831703632406764,
       0
      ],
      [
       -49.40571750404847,
       -20.831997836138243,
       0
      ],
      [
       -49.405804536576,
       -20.832162565077365,
       0
      ],
      [
       -49.40589507037842,
       -20.83234465764701,
       0
      ],
      [
       -49.405957023013244,
       -20.832478735682002,
       0
      ],
      [
       -49.40604842786922,
       -20.832694128132694,
       0
      ],
      [
       -49.40605080772125,
       -20.832727552322535,
       0
      ],
      [
       -49.40604920902248,
       -20.83273146237202,
       0
      ]
     ],
     [
      [
       -49.403808952780174,
       -20.82662974030498,
       0
      ],
      [
       -49.40367346987874,
       -20.82624709862054,
       0
      ],
      [
       -49.403614907252845,
       -20.826101543213028,
       0
      ],
      [
       -49.40352603170953,
       -20.825919482285055,
       0
      ],
      [
       -49.403430679977625,
       -20.825765642106717,
       0
      ],
      [
       -49.40333160630542,
       -20.82560414228684,
       0
      ],
      [
       -49.40322836160793,
       -20.825390633785155,
       0
      ],
      [
       -49.403031633730926,
       -20.82504500904284,
       0
      ],
      [
       -49.4026877425049,
       -20.824497249824667,
       0
      ],
      [
       -49.40261907819975,
       -20.824403398119465,
       0
      ],
      [
       -49.402476398658656,
       -20.82424098015267,
       0
      ],
      [
       -49.40256527365753,
       -20.82425041270533,
       0
      ],
      [
       -49.40331586200806,
       -20.82537130323275,
       0
      ],
      [
       -49.40358409494831,
       -20.825685208021763,
       0
      ],
      [
       -49.40378254067727,
       -20.826121204559595,
       0
      ],
      [
       -49.40401551696226,
       -20.826552653621544,
       0
      ],
      [
       -49.404002067441866,
       -20.826576241906245,
       0
      ],
      [
       -49.40398474038294,
       -20.826597148120708,
       0
      ],
      [
       -49.40396405818005,
       -20.82661474196218,
       0
      ],
      [
       -49.40394064438221,
       -20.826628492992853,
       0
      ],
      [
       -49.403915204893444,
       -20.82663798663206,
       0
      ],
      [
       -49.403888506690464,
       -20.82664293665548,
       0
      ],
      [
       -49.403861354699046,
       -20.826643193824562,
       0
      ],
      [
       -49.40383456752624,
       -20.826638750385893,
       0
      ],
      [
       -49.403808952780174,
       -20.82662974030498,
       0
      ]
     ]
    ],
    "type": "MultiLineString"
   },
   "id": 6,
   "properties": {
    "ALTMODE": 0,
    "BASE": 0,
    "CLAMPED": -1,
    "EXTENSAO": 570,
    "EXTRUDED": 0,
    "FOLDERPATH": null,
    "NAME": "Av. Juscelino K. de Oliveira",
    "OBJECTID": 6,
    "POPUPINFO": null,
    "SHAPE.LEN": 11821.489503173,
    "SNIPPET": null,
    "SYMBOLID": 0
   },
   "type": "Feature"
  },
  {
   "geometry": {
    "coordinates": [
     [
      -49.37722944369684,
      -20.804061773491,
      0
     ],
     [
      -49.3771899865983,
      -20.804030268121895,
      0
     ],
     [
      -49.37714717836649,
      -20.80400349301784,
      0
     ],
     [
      -49.37710158327669,
      -20.80398180111398,
      0
     ],
     [
      -49.377053802339034,
      -20.803965478341414,
      0
     ],
     [
      -49.37700446537636,
      -20.803954739858217,
      0
     ],
     [
      -49.376954222722176,
      -20.80394972721335,
      0
     ],
     [
      -49.37690373664836,
      -20.803950506480824,
      0
     ],
     [
      -49.376853672635384,
      -20.80395706738875,
      0
     ],
     [
      -49.37680469060037,
      -20.80396932345474,
      0
     ],
     [
      -49.37661513228955,
      -20.803987844872854,
      0
     ],
     [
      -49.3765990526086,
      -20.80399103128782,
      0
     ],
     [
      -49.376582664950654,
      -20.803991423775738,
      0
     ],
     [
      -49.376566451163,
      -20.803989010796275,
      0
     ],
     [
      -49.37655088798063,
      -20.803983863298413,
      0
     ],
     [
      -49.376536433008724,
      -20.803976132634336,
      0
     ],
     [
      -49.3765235112677,
      -20.803966046109228,
      0
     ],
     [
      -49.376512502696286,
      -20.8039539002978,
      0
     ],
     [
      -49.376503730980176,
      -20.803940052324073,
      0
     ],
     [
      -49.37649745403467,
      -20.803924909360862,
      0
     ],
     [
      -49.37649385642116,
      -20.803908916657623,
      0
     ],
     [
      -49.37649304392052,
      -20.803892544448775,
      0
     ],
     [
      -49.37649504042273,
      -20.803876274127365,
      0
     ],
     [
      -49.37649978722453,
      -20.80386058409064,
      0
     ],
     [
      -49.376507144755415,
      -20.803845935673692,
      0
     ],
     [
      -49.376516896681466,
      -20.80383275958481,
      0
     ],
     [
      -49.376528756266204,
      -20.803821443241333,
      0
     ],
     [
      -49.37654237480154,
      -20.80381231937839,
      0
     ],
     [
      -49.37655735186087,
      -20.80380565626547,
      0
     ],
     [
      -49.37665541668004,
      -20.803786268956582,
      0
     ],
     [
      -49.377434088087625,
      -20.803640849906664,
      0
     ],
     [
      -49.377950640031735,
      -20.803588799083585,
      0
     ],
     [
      -49.37805736376446,
      -20.8035877889375,
      0
     ],
     [
      -49.378163957184626,
      -20.803593157205533,
      0
     ],
     [
      -49.378270039422766,
      -20.80360488470631,
      0
     ],
     [
      -49.37837523143594,
      -20.80362292953624,
      0
     ],
     [
      -49.37847915736208,
      -20.803647227219255,
      0
     ],
     [
      -49.37858144586296,
      -20.80367769093719,
      0
     ],
     [
      -49.37868173145107,
      -20.803714211839992,
      0
     ],
     [
      -49.37877965579549,
      -20.80375665943465,
      0
     ],
     [
      -49.378874869002296,
      -20.80380488205147,
      0
     ],
     [
      -49.37896703086473,
      -20.803858707385988,
      0
     ],
     [
      -49.37905581207881,
      -20.803917943114648,
      0
     ],
     [
      -49.37914089541996,
      -20.803982377581995,
      0
     ],
     [
      -49.379221976876494,
      -20.80405178055693,
      0
     ],
     [
      -49.37929876673588,
      -20.80412590405535,
      0
     ],
     [
      -49.37935907151199,
      -20.804219479197183,
      0
     ],
     [
      -49.37941377318877,
      -20.80431643640294,
      0
     ],
     [
      -49.37946268270416,
      -20.80441644056533,
      0
     ],
     [
      -49.37950563101516,
      -20.804519146046065,
      0
     ],
     [
      -49.37954246968215,
      -20.804624197870442,
      0
     ],
     [
      -49.37957307138189,
      -20.804731232954243,
      0
     ],
     [
      -49.379597330347586,
      -20.80483988135862,
      0
     ],
     [
      -49.37961516273446,
      -20.80494976756872,
      0
     ],
     [
      -49.3796265069095,
      -20.805060511791517,
      0
     ],
     [
      -49.37963132366455,
      -20.805171731268505,
      0
     ],
     [
      -49.379629596351734,
      -20.805283041598578,
      0
     ],
     [
      -49.37962133094106,
      -20.805394058066625,
      0
     ],
     [
      -49.37960655599977,
      -20.805504396973184,
      0
     ],
     [
      -49.3795215923942,
      -20.80519157890914,
      0
     ],
     [
      -49.37949010673193,
      -20.80509749006915,
      0
     ],
     [
      -49.37945213777576,
      -20.805005825380714,
      0
     ],
     [
      -49.37940787031514,
      -20.804917030962706,
      0
     ],
     [
      -49.37935751979346,
      -20.80483153896481,
      0
     ],
     [
      -49.379301331259455,
      -20.804749765464297,
      0
     ],
     [
      -49.37923957817467,
      -20.804672108441057,
      0
     ],
     [
      -49.3791725610825,
      -20.80459894584067,
      0
     ],
     [
      -49.37910060614549,
      -20.804530633735006,
      0
     ],
     [
      -49.37902406355801,
      -20.804467504589276,
      0
     ],
     [
      -49.37894330584184,
      -20.804409865643965,
      0
     ],
     [
      -49.378858726033165,
      -20.804357997419544,
      0
     ],
     [
      -49.3787707357698,
      -20.80431215235121,
      0
     ],
     [
      -49.37867976328769,
      -20.80427255356033,
      0
     ],
     [
      -49.37858625133687,
      -20.804239393768537,
      0
     ],
     [
      -49.37849065502656,
      -20.804212834359767,
      0
     ],
     [
      -49.37839343961028,
      -20.804193004594858,
      0
     ],
     [
      -49.3782950782215,
      -20.80418000098242,
      0
     ],
     [
      -49.37821247304859,
      -20.804180433836024,
      0
     ],
     [
      -49.37813017525698,
      -20.804187566538744,
      0
     ],
     [
      -49.378048727353196,
      -20.80420135207185,
      0
     ],
     [
      -49.377968666241344,
      -20.804221699561193,
      0
     ],
     [
      -49.377890519683795,
      -20.80424847487624,
      0
     ],
     [
      -49.37781480282218,
      -20.80428150151428,
      0
     ],
     [
      -49.377742014781596,
      -20.804320561763912,
      0
     ],
     [
      -49.37757304823083,
      -20.804433685120415,
      0
     ],
     [
      -49.377409830738586,
      -20.8045601197029,
      0
     ]
    ],
    "type": "LineString"
   },
   "id": 7,
   "properties": {
    "ALTMODE": 0,
    "BASE": 0,
    "CLAMPED": -1,
    "EXTENSAO": 1300,
    "EXTRUDED": 0,
    "FOLDERPATH": null,
    "NAME": "Viaduto Jordão Reis",
    "OBJECTID": 7,
    "POPUPINFO": null,
    "SHAPE.LEN": 883.148101193046,
    "SNIPPET": null,
    "SYMBOLID": 0
   },
   "type": "Feature"
  },
  {
   "geometry": {
    "coordinates": [
     [
      [
       -49.433956793983484,
       -20.81436078616864,
       0
      ],
      [
       -49.433998868878724,
       -20.814286481315367,
       0
      ],
      [
       -49.434005197906174,
       -20.814244858307934,
       0
      ],
      [
       -49.43400563287313,
       -20.814202759113876,
       0
      ],
      [
       -49.43400016519901,
       -20.81416101422346,
       0
      ],
      [
       -49.43398526752855,
       -20.814065275968186,
       0
      ],
      [
       -49.43396713031634,
       -20.81397548274949,
       0
      ],
      [
       -49.43396793607352,
       -20.81392798881617,
       0
      ],
      [
       -49.43397481166989,
       -20.813880988293608,
       0
      ],
      [
       -49.433987644093655,
       -20.813835253713176,
       0
      ],
      [
       -49.43401839050586,
       -20.813780276980875,
       0
      ],
      [
       -49.4340550377862,
       -20.813729044571197,
       0
      ],
      [
       -49.434097134836314,
       -20.81368218711363,
       0
      ],
      [
       -49.43411424442586,
       -20.81367052513747,
       0
      ],
      [
       -49.434129431927516,
       -20.81365645106431,
       0
      ],
      [
       -49.43414236036965,
       -20.81364027716168,
       0
      ],
      [
       -49.434152742903315,
       -20.81362236228695,
       0
      ],
      [
       -49.43416034916677,
       -20.81360310392517,
       0
      ],
      [
       -49.434165010396555,
       -20.813582929369932,
       0
      ],
      [
       -49.434180979380216,
       -20.81351046956004,
       0
      ],
      [
       -49.43419175206748,
       -20.813437057151702,
       0
      ],
      [
       -49.43431121457605,
       -20.813371343195648,
       0
      ]
     ],
     [
      [
       -49.43446042393457,
       -20.81359160170226,
       0
      ],
      [
       -49.43431121457605,
       -20.813371343195648,
       0
      ]
     ],
     [
      [
       -49.43431121457605,
       -20.813371343195648,
       0
      ],
      [
       -49.43386577782976,
       -20.812713796555915,
       0
      ],
      [
       -49.43343338209337,
       -20.81215839835304,
       0
      ],
      [
       -49.43285209329784,
       -20.811440368643048,
       0
      ],
      [
       -49.43246237887818,
       -20.810927721876826,
       0
      ],
      [
       -49.432245358970576,
       -20.81067621537935,
       0
      ],
      [
       -49.43193565568695,
       -20.810390877807052,
       0
      ],
      [
       -49.431463980631186,
       -20.8099879007855,
       0
      ],
      [
       -49.43124337862406,
       -20.80978798480006,
       0
      ],
      [
       -49.43064875144363,
       -20.809181681295044,
       0
      ],
      [
       -49.430070680525915,
       -20.808597038510012,
       0
      ],
      [
       -49.429652063790705,
       -20.808226091514353,
       0
      ],
      [
       -49.429363155513954,
       -20.807995433535634,
       0
      ],
      [
       -49.428996726909844,
       -20.80773968682077,
       0
      ],
      [
       -49.42865585292749,
       -20.807520023971097,
       0
      ],
      [
       -49.42858513723137,
       -20.807645684038057,
       0
      ],
      [
       -49.42849923283402,
       -20.80762219799309,
       0
      ],
      [
       -49.42844727005783,
       -20.80762451469741,
       0
      ],
      [
       -49.428395461856724,
       -20.807619887870498,
       0
      ],
      [
       -49.42834473192314,
       -20.807608400004415,
       0
      ],
      [
       -49.42829598472498,
       -20.807590255917216,
       0
      ],
      [
       -49.42825008937982,
       -20.80756577910123,
       0
      ],
      [
       -49.42820786415931,
       -20.807535405955498,
       0
      ],
      [
       -49.428170061900175,
       -20.807499678005197,
       0
      ],
      [
       -49.42727184790399,
       -20.807149186064702,
       0
      ],
      [
       -49.42673947545007,
       -20.80691485656226,
       0
      ],
      [
       -49.426431924902566,
       -20.80676671910458,
       0
      ],
      [
       -49.42621162639961,
       -20.806636590247454,
       0
      ],
      [
       -49.425977652698094,
       -20.806452798938185,
       0
      ],
      [
       -49.42583876544084,
       -20.80631576833132,
       0
      ],
      [
       -49.42566355853162,
       -20.806151635885513,
       0
      ],
      [
       -49.425651867293894,
       -20.806154238033432,
       0
      ],
      [
       -49.425639905579644,
       -20.80615484926601,
       0
      ],
      [
       -49.42562800999512,
       -20.806153452382986,
       0
      ],
      [
       -49.425616515285704,
       -20.80615008669307,
       0
      ],
      [
       -49.425605744916,
       -20.8061448469078,
       0
      ],
      [
       -49.42559600196749,
       -20.80613788047632,
       0
      ],
      [
       -49.4255875606097,
       -20.806129383436136,
       0
      ],
      [
       -49.42558065838501,
       -20.806119594896536,
       0
      ],
      [
       -49.425575489524114,
       -20.80610879031,
       0
      ],
      [
       -49.42557219948032,
       -20.806097273720873,
       0
      ],
      [
       -49.42557088083648,
       -20.806085369209473,
       0
      ],
      [
       -49.42557157069962,
       -20.80607341177237,
       0
      ],
      [
       -49.425574249656776,
       -20.806061737895476,
       0
      ],
      [
       -49.42517362294392,
       -20.80602571680678,
       0
      ],
      [
       -49.42499971703507,
       -20.806060613380097,
       0
      ],
      [
       -49.424937081862105,
       -20.80607811646344,
       0
      ],
      [
       -49.42484251319636,
       -20.805916595493393,
       0
      ]
     ]
    ],
    "type": "MultiLineString"
   },
   "id": 8,
   "properties": {
    "ALTMODE": 0,
    "BASE": 0,
    "CLAMPED": -1,
    "EXTENSAO": 2700,
    "EXTRUDED": 0,
    "FOLDERPATH": null,
    "NAME": "Ernani Pires",
    "OBJECTID": 8,
    "POPUPINFO": null,
    "SHAPE.LEN": 1506.1057388660802,
    "SNIPPET": null,
    "SYMBOLID": 0
   },
   "type": "Feature"
  },
  {
   "geometry": {
    "coordinates": [
     [
      [
       -49.37510236226353,
       -20.809546640833286,
       0
      ],
      [
       -49.37531773035772,
       -20.809610822133397,
       0
      ],
      [
       -49.375388646652276,
       -20.809599900544598,
       0
      ],
      [
       -49.37545821589044,
       -20.809582335720723,
       0
      ],
      [
       -49.37552581719856,
       -20.809558284419797,
       0
      ],
      [
       -49.37559084726587,
       -20.809527961288683,
       0
      ],
      [
       -49.37565272572877,
       -20.80949163694746,
       0
      ],
      [
       -49.375710900350256,
       -20.809449635574264,
       0
      ],
      [
       -49.37574290563998,
       -20.80939370076384,
       0
      ],
      [
       -49.37577060525675,
       -20.809335513369863,
       0
      ],
      [
       -49.37579384170882,
       -20.80927540422844,
       0
      ],
      [
       -49.37581248288068,
       -20.80921371510218,
       0
      ],
      [
       -49.375727987232445,
       -20.80904110486506,
       0
      ],
      [
       -49.376008111311535,
       -20.808517655618292,
       0
      ],
      [
       -49.37628794960144,
       -20.808020791155982,
       0
      ],
      [
       -49.37644234497618,
       -20.8077258907244,
       0
      ],
      [
       -49.37650712484316,
       -20.80761058828792,
       0
      ],
      [
       -49.376773953002335,
       -20.807378892515683,
       0
      ],
      [
       -49.37682600421352,
       -20.807343857578037,
       0
      ],
      [
       -49.3768740224206,
       -20.807303471599894,
       0
      ],
      [
       -49.37691745997797,
       -20.807258195181625,
       0
      ],
      [
       -49.376955821482134,
       -20.807208544698845,
       0
      ],
      [
       -49.37698866942176,
       -20.807155086413207,
       0
      ],
      [
       -49.377015629167516,
       -20.807098430014175,
       0
      ],
      [
       -49.37703639324462,
       -20.80703922166558,
       0
      ],
      [
       -49.377050724839684,
       -20.806978136636115,
       0
      ],
      [
       -49.37705846050145,
       -20.80691587159794,
       0
      ],
      [
       -49.37705951200505,
       -20.806853136681173,
       0
      ],
      [
       -49.3770538673581,
       -20.806790647374868,
       0
      ],
      [
       -49.37704159093759,
       -20.806729116366903,
       0
      ],
      [
       -49.37702282275555,
       -20.80666924541581,
       0
      ],
      [
       -49.37701690715695,
       -20.806527955628738,
       0
      ],
      [
       -49.37702872295447,
       -20.806446596795748,
       0
      ],
      [
       -49.3769615050247,
       -20.806400160008668,
       0
      ],
      [
       -49.37721321019752,
       -20.80528580822768,
       0
      ],
      [
       -49.377356179687,
       -20.80475179642214,
       0
      ],
      [
       -49.37762706437569,
       -20.803784010440538,
       0
      ],
      [
       -49.377927919421154,
       -20.802627695755426,
       0
      ],
      [
       -49.37798221786482,
       -20.802422667560617,
       0
      ],
      [
       -49.37810113307817,
       -20.80199836855041,
       0
      ],
      [
       -49.378160392440456,
       -20.80168583597695,
       0
      ],
      [
       -49.378040784944176,
       -20.80091444073703,
       0
      ],
      [
       -49.377708869170114,
       -20.799818584645703,
       0
      ],
      [
       -49.37762014810333,
       -20.799558667184932,
       0
      ],
      [
       -49.377503845338325,
       -20.799140366531464,
       0
      ],
      [
       -49.377385986435186,
       -20.798695170299535,
       0
      ],
      [
       -49.37708247666567,
       -20.79757428555698,
       0
      ],
      [
       -49.37687719350089,
       -20.796686720635606,
       0
      ],
      [
       -49.37669993615187,
       -20.795675259361776,
       0
      ],
      [
       -49.37673025192083,
       -20.79474224273934,
       0
      ],
      [
       -49.37674729976825,
       -20.794217794763284,
       0
      ],
      [
       -49.376736459759414,
       -20.79404321990612,
       0
      ],
      [
       -49.37672203001136,
       -20.793966603444204,
       0
      ],
      [
       -49.37670145114367,
       -20.793870807463943,
       0
      ],
      [
       -49.376690820856886,
       -20.793795421126365,
       0
      ],
      [
       -49.376681131438076,
       -20.793513306826178,
       0
      ],
      [
       -49.37666712610587,
       -20.79315945116847,
       0
      ],
      [
       -49.37668501764086,
       -20.793150060667102,
       0
      ],
      [
       -49.37672689984104,
       -20.793101884817286,
       0
      ],
      [
       -49.376763234151994,
       -20.793027263452878,
       0
      ],
      [
       -49.37678898250258,
       -20.79032125745394,
       0
      ],
      [
       -49.37684065522386,
       -20.78727207650647,
       0
      ],
      [
       -49.3768766242677,
       -20.786879257271057,
       0
      ],
      [
       -49.3769163835482,
       -20.786544899313586,
       0
      ],
      [
       -49.376949160847765,
       -20.786275267330776,
       0
      ],
      [
       -49.37695723110909,
       -20.786233518384755,
       0
      ],
      [
       -49.376978314726045,
       -20.78616321226518,
       0
      ],
      [
       -49.37701216796395,
       -20.786087051468215,
       0
      ],
      [
       -49.377057896862766,
       -20.785998626645537,
       0
      ],
      [
       -49.377419161829366,
       -20.78562763830342,
       0
      ],
      [
       -49.377926055980566,
       -20.785113390260125,
       0
      ],
      [
       -49.378087669343394,
       -20.78497271134947,
       0
      ],
      [
       -49.37820555938341,
       -20.784880614043264,
       0
      ],
      [
       -49.37922833715898,
       -20.78395915105359,
       0
      ]
     ],
     [
      [
       -49.37689137557462,
       -20.80610411944913,
       0
      ],
      [
       -49.377000044999185,
       -20.80620228830874,
       0
      ]
     ],
     [
      [
       -49.37689137557462,
       -20.80610411944913,
       0
      ],
      [
       -49.376836081450925,
       -20.806299470386566,
       0
      ]
     ],
     [
      [
       -49.37689137557462,
       -20.80610411944913,
       0
      ],
      [
       -49.377056578344586,
       -20.80536183663409,
       0
      ],
      [
       -49.3771275352757,
       -20.805097380415937,
       0
      ],
      [
       -49.37720586996425,
       -20.804630033144495,
       0
      ],
      [
       -49.37765038329286,
       -20.80255456550092,
       0
      ],
      [
       -49.37768527353125,
       -20.802372042360215,
       0
      ],
      [
       -49.37775067113266,
       -20.802327267604984,
       0
      ],
      [
       -49.37781813057033,
       -20.80167702512611,
       0
      ],
      [
       -49.37774406583933,
       -20.801043763341145,
       0
      ],
      [
       -49.37755868053716,
       -20.800250346287193,
       0
      ],
      [
       -49.377372437577364,
       -20.799643040525922,
       0
      ],
      [
       -49.377232028698124,
       -20.799161507416247,
       0
      ],
      [
       -49.37699660052224,
       -20.798364111636587,
       0
      ],
      [
       -49.37683481567428,
       -20.797783506599394,
       0
      ],
      [
       -49.37672753796483,
       -20.79736065060756,
       0
      ],
      [
       -49.376444323791695,
       -20.7964749684191,
       0
      ],
      [
       -49.376262089469904,
       -20.795621230636474,
       0
      ],
      [
       -49.376236822024424,
       -20.79500719465176,
       0
      ],
      [
       -49.37631750315578,
       -20.793115845390645,
       0
      ],
      [
       -49.376418944667044,
       -20.79022850042624,
       0
      ],
      [
       -49.37643277356804,
       -20.789625260061875,
       0
      ],
      [
       -49.37644963438773,
       -20.789075742219076,
       0
      ],
      [
       -49.37645968629285,
       -20.78819956764174,
       0
      ],
      [
       -49.37650425291516,
       -20.787429926630914,
       0
      ],
      [
       -49.37651260286474,
       -20.786775721624124,
       0
      ],
      [
       -49.376520500521465,
       -20.786291304654462,
       0
      ],
      [
       -49.37648341497568,
       -20.786123174076327,
       0
      ],
      [
       -49.37647077910932,
       -20.786078586733854,
       0
      ],
      [
       -49.37646433423824,
       -20.786032693816487,
       0
      ],
      [
       -49.37646420049452,
       -20.785986350765878,
       0
      ],
      [
       -49.37647038037112,
       -20.78594042141412,
       0
      ],
      [
       -49.376478985289914,
       -20.785912060331192,
       0
      ],
      [
       -49.376491628151605,
       -20.785885254479208,
       0
      ],
      [
       -49.3765080394632,
       -20.785860575246964,
       0
      ],
      [
       -49.37652786940407,
       -20.7858385486926,
       0
      ],
      [
       -49.37655069528273,
       -20.78581964433025,
       0
      ],
      [
       -49.37657603054678,
       -20.78580426512195,
       0
      ],
      [
       -49.3768069062272,
       -20.78560353540216,
       0
      ],
      [
       -49.37720237392409,
       -20.78519289655519,
       0
      ],
      [
       -49.377872834210194,
       -20.784528780423805,
       0
      ],
      [
       -49.37824323174534,
       -20.78417004664611,
       0
      ],
      [
       -49.378334130039924,
       -20.784097914884832,
       0
      ],
      [
       -49.37850872242928,
       -20.78395544578206,
       0
      ],
      [
       -49.37882448927126,
       -20.78372970357911,
       0
      ],
      [
       -49.37892968167687,
       -20.78364866247789,
       0
      ]
     ],
     [
      [
       -49.37922833715898,
       -20.78395915105359,
       0
      ],
      [
       -49.37893921979195,
       -20.78365927166282,
       0
      ],
      [
       -49.37892968167687,
       -20.78364866247789,
       0
      ]
     ],
     [
      [
       -49.37922833715898,
       -20.78395915105359,
       0
      ],
      [
       -49.37926433645172,
       -20.78392671688152,
       0
      ],
      [
       -49.37985030605795,
       -20.78341026689585,
       0
      ],
      [
       -49.380109024591725,
       -20.783203927984978,
       0
      ],
      [
       -49.38015121111962,
       -20.78320976554416,
       0
      ],
      [
       -49.380192077313794,
       -20.78322175447267,
       0
      ],
      [
       -49.38023073134003,
       -20.783239633132816,
       0
      ],
      [
       -49.38026632964087,
       -20.783263011353668,
       0
      ],
      [
       -49.380298095344784,
       -20.783291378945876,
       0
      ],
      [
       -49.38032533522007,
       -20.78332411683566,
       0
      ],
      [
       -49.38034745480342,
       -20.783360510575033,
       0
      ],
      [
       -49.38036397137307,
       -20.78339976593339,
       0
      ],
      [
       -49.38037452448338,
       -20.783441026230236,
       0
      ],
      [
       -49.38036127131881,
       -20.783486949447884,
       0
      ],
      [
       -49.380341660489115,
       -20.78353053847918,
       0
      ],
      [
       -49.38031608572654,
       -20.78357091817469,
       0
      ],
      [
       -49.380285060502885,
       -20.78360727781973,
       0
      ],
      [
       -49.38024920772044,
       -20.78363888741133,
       0
      ],
      [
       -49.38020924720575,
       -20.78366511231468,
       0
      ],
      [
       -49.38016598125748,
       -20.78368542600491,
       0
      ],
      [
       -49.379779809268776,
       -20.783824510602056,
       0
      ],
      [
       -49.37950033952408,
       -20.783911736948355,
       0
      ],
      [
       -49.37929922989406,
       -20.784032682761282,
       0
      ],
      [
       -49.37922833715898,
       -20.78395915105359,
       0
      ]
     ],
     [
      [
       -49.37892968167687,
       -20.78364866247789,
       0
      ],
      [
       -49.37926976556798,
       -20.78341818530543,
       0
      ],
      [
       -49.37965628615196,
       -20.783111116412357,
       0
      ],
      [
       -49.37997853979083,
       -20.782824979598164,
       0
      ]
     ]
    ],
    "type": "MultiLineString"
   },
   "id": 9,
   "properties": {
    "ALTMODE": 0,
    "BASE": 0,
    "CLAMPED": -1,
    "EXTENSAO": 6250,
    "EXTRUDED": 0,
    "FOLDERPATH": null,
    "NAME": "Philadelpho Manoel Gouveia Neto",
    "OBJECTID": 9,
    "POPUPINFO": null,
    "SHAPE.LEN": 6239.980032293731,
    "SNIPPET": null,
    "SYMBOLID": 0
   },
   "type": "Feature"
  },
  {
   "geometry": {
    "coordinates": [
     [
      [
       -49.34451995459532,
       -20.82542859823404,
       0
      ],
      [
       -49.34450818125607,
       -20.82545812808039,
       0
      ],
      [
       -49.34449436806829,
       -20.825471140355933,
       0
      ],
      [
       -49.34445576074828,
       -20.825511331854695,
       0
      ],
      [
       -49.344417614612006,
       -20.82555398206378,
       0
      ],
      [
       -49.34438344382559,
       -20.82558580353012,
       0
      ],
      [
       -49.34434520799238,
       -20.82561260407906,
       0
      ],
      [
       -49.344303639021,
       -20.82563387069568,
       0
      ],
      [
       -49.344259532622836,
       -20.825649196295352,
       0
      ],
      [
       -49.3442137330806,
       -20.825658287516134,
       0
      ],
      [
       -49.34416711708709,
       -20.825660970334283,
       0
      ],
      [
       -49.34398392658955,
       -20.825647507833757,
       0
      ]
     ],
     [
      [
       -49.344414627671554,
       -20.824332677693956,
       0
      ],
      [
       -49.34441900037177,
       -20.824394986189034,
       0
      ],
      [
       -49.344427055192035,
       -20.824475189392786,
       0
      ],
      [
       -49.344482357771795,
       -20.82476280943454,
       0
      ],
      [
       -49.34450264066813,
       -20.824851960516824,
       0
      ],
      [
       -49.34452879025399,
       -20.82493652621392,
       0
      ],
      [
       -49.34459319550108,
       -20.825115137243586,
       0
      ],
      [
       -49.34461179123908,
       -20.82515322023213,
       0
      ],
      [
       -49.34463459717701,
       -20.825204925901865,
       0
      ],
      [
       -49.34464751101888,
       -20.825240534062093,
       0
      ],
      [
       -49.34465990148961,
       -20.82527682277046,
       0
      ],
      [
       -49.34466147462293,
       -20.825308618757873,
       0
      ],
      [
       -49.34465924640813,
       -20.825336767537085,
       0
      ],
      [
       -49.34464635810036,
       -20.82535614437667,
       0
      ],
      [
       -49.34462459685939,
       -20.825379047799633,
       0
      ],
      [
       -49.34459245620651,
       -20.82540257359415,
       0
      ],
      [
       -49.344558098656144,
       -20.825418132542982,
       0
      ],
      [
       -49.34451995459532,
       -20.82542859823404,
       0
      ],
      [
       -49.344491531892885,
       -20.825428323655704,
       0
      ],
      [
       -49.34445590262873,
       -20.82541967361197,
       0
      ],
      [
       -49.344422271753594,
       -20.825403819180966,
       0
      ],
      [
       -49.344394505666045,
       -20.825378631605666,
       0
      ],
      [
       -49.34436997895548,
       -20.825340381995993,
       0
      ],
      [
       -49.34436202049692,
       -20.825323005113972,
       0
      ],
      [
       -49.344359989931405,
       -20.825303178846845,
       0
      ],
      [
       -49.3443595001542,
       -20.82526078949351,
       0
      ],
      [
       -49.34435687804372,
       -20.825033836341426,
       0
      ],
      [
       -49.3443663066612,
       -20.824915384719475,
       0
      ],
      [
       -49.344389712890944,
       -20.824634548272556,
       0
      ],
      [
       -49.34440863083881,
       -20.82438345927175,
       0
      ],
      [
       -49.34441293494112,
       -20.82435068487916,
       0
      ],
      [
       -49.344447902837466,
       -20.823978773790916,
       0
      ],
      [
       -49.3444563610001,
       -20.82392343264221,
       0
      ],
      [
       -49.34458414424989,
       -20.82351332506995,
       0
      ],
      [
       -49.344615181464754,
       -20.823385438493133,
       0
      ],
      [
       -49.344688297825954,
       -20.823068465899162,
       0
      ],
      [
       -49.34471084204605,
       -20.82297184718476,
       0
      ],
      [
       -49.344804476922626,
       -20.822540123240106,
       0
      ],
      [
       -49.34481849779207,
       -20.822477558790986,
       0
      ],
      [
       -49.34492571481487,
       -20.822091249224975,
       0
      ],
      [
       -49.34505838979863,
       -20.821702001232726,
       0
      ],
      [
       -49.34508535085919,
       -20.821599861652334,
       0
      ],
      [
       -49.3452427986636,
       -20.821214423387712,
       0
      ],
      [
       -49.34533377183114,
       -20.821064153342995,
       0
      ],
      [
       -49.34542357510223,
       -20.820917885306987,
       0
      ],
      [
       -49.345447651008016,
       -20.82084799632189,
       0
      ],
      [
       -49.34547421134773,
       -20.8207528614864,
       0
      ],
      [
       -49.345497888929685,
       -20.820700440281104,
       0
      ],
      [
       -49.34560634811977,
       -20.82050353884527,
       0
      ],
      [
       -49.34580387704422,
       -20.820216363869665,
       0
      ],
      [
       -49.34589398802764,
       -20.820101836857457,
       0
      ],
      [
       -49.34605210781644,
       -20.81993120263681,
       0
      ],
      [
       -49.34623633239258,
       -20.819744044013788,
       0
      ],
      [
       -49.346334946747334,
       -20.81961107929865,
       0
      ],
      [
       -49.346442914166474,
       -20.81943045084245,
       0
      ],
      [
       -49.34660001933363,
       -20.819097694439524,
       0
      ],
      [
       -49.34677884677873,
       -20.81869663196646,
       0
      ],
      [
       -49.34694096019495,
       -20.818208206976106,
       0
      ],
      [
       -49.34700592128925,
       -20.817921276532754,
       0
      ],
      [
       -49.34706083790832,
       -20.817542895624676,
       0
      ],
      [
       -49.347093987343996,
       -20.81706855394545,
       0
      ],
      [
       -49.347138275256846,
       -20.816516949149506,
       0
      ],
      [
       -49.34722982424719,
       -20.816101824492232,
       0
      ],
      [
       -49.347326162627446,
       -20.81583516376402,
       0
      ],
      [
       -49.34743065450418,
       -20.815571829824513,
       0
      ],
      [
       -49.34762636443573,
       -20.815244338206917,
       0
      ],
      [
       -49.347888381557354,
       -20.81488737645391,
       0
      ],
      [
       -49.34797477757853,
       -20.814749512074144,
       0
      ],
      [
       -49.34806409750583,
       -20.814613523801597,
       0
      ],
      [
       -49.34812949731397,
       -20.814479593633653,
       0
      ],
      [
       -49.348191156013065,
       -20.814343900488595,
       0
      ],
      [
       -49.348249026129025,
       -20.814206548843284,
       0
      ],
      [
       -49.34829501256479,
       -20.814049607348235,
       0
      ],
      [
       -49.34833456927887,
       -20.813890923223276,
       0
      ],
      [
       -49.34836763063559,
       -20.813730759769786,
       0
      ],
      [
       -49.34838870286339,
       -20.813506730680462,
       0
      ],
      [
       -49.348385627158635,
       -20.813276045576153,
       0
      ],
      [
       -49.34836840649166,
       -20.81295653348722,
       0
      ],
      [
       -49.34836759828702,
       -20.812878793844725,
       0
      ],
      [
       -49.34836533770484,
       -20.812869115053232,
       0
      ],
      [
       -49.34836450644161,
       -20.81285921059777,
       0
      ],
      [
       -49.348365122116284,
       -20.81284929040719,
       0
      ],
      [
       -49.34836717167939,
       -20.81283956474384,
       0
      ],
      [
       -49.348389755447,
       -20.81277362307692,
       0
      ],
      [
       -49.34841799497303,
       -20.81270989820607,
       0
      ],
      [
       -49.34845167576218,
       -20.81264887415804,
       0
      ],
      [
       -49.34849054198961,
       -20.812591014445285,
       0
      ],
      [
       -49.348534298444186,
       -20.81253675854534,
       0
      ],
      [
       -49.34858261277064,
       -20.812486518562714,
       0
      ],
      [
       -49.34863511799412,
       -20.812440676098742,
       0
      ],
      [
       -49.34869141530749,
       -20.812399579353094,
       0
      ],
      [
       -49.34894691149504,
       -20.812205836292016,
       0
      ],
      [
       -49.34904769097034,
       -20.81213323094049,
       0
      ],
      [
       -49.34922714551896,
       -20.812002961929934,
       0
      ],
      [
       -49.349338056238345,
       -20.81193106366174,
       0
      ],
      [
       -49.34950399708283,
       -20.811844032692463,
       0
      ],
      [
       -49.34967695715314,
       -20.811777246183905,
       0
      ],
      [
       -49.349792327243065,
       -20.81173339380768,
       0
      ],
      [
       -49.349999963637984,
       -20.811657144376554,
       0
      ],
      [
       -49.3502686588558,
       -20.811562795552106,
       0
      ],
      [
       -49.35048755586056,
       -20.81147906248803,
       0
      ],
      [
       -49.35058871963989,
       -20.81142806505272,
       0
      ],
      [
       -49.35067327875417,
       -20.81137670910365,
       0
      ],
      [
       -49.35070232386024,
       -20.81136378039509,
       0
      ],
      [
       -49.35074639829917,
       -20.811331316884946,
       0
      ],
      [
       -49.35082536952435,
       -20.811269664551485,
       0
      ],
      [
       -49.351017768920656,
       -20.811120931646037,
       0
      ],
      [
       -49.351463425434,
       -20.810773998195906,
       0
      ],
      [
       -49.351572435665375,
       -20.81070724698248,
       0
      ],
      [
       -49.35162253654766,
       -20.81067395140543,
       0
      ],
      [
       -49.3516635808487,
       -20.810654715385706,
       0
      ],
      [
       -49.35169997257125,
       -20.81064095200816,
       0
      ],
      [
       -49.351731874849754,
       -20.810633827202473,
       0
      ],
      [
       -49.351793637781775,
       -20.810620033085506,
       0
      ],
      [
       -49.35188802331819,
       -20.810598953019294,
       0
      ],
      [
       -49.351977987558286,
       -20.810578861074514,
       0
      ],
      [
       -49.35203024176275,
       -20.810557711110583,
       0
      ],
      [
       -49.35205108721667,
       -20.810538321509608,
       0
      ],
      [
       -49.35205453755389,
       -20.810519452139054,
       0
      ],
      [
       -49.35205392957112,
       -20.810496992878093,
       0
      ],
      [
       -49.35204623534237,
       -20.81046677478532,
       0
      ]
     ]
    ],
    "type": "MultiLineString"
   },
   "id": 10,
   "properties": {
    "ALTMODE": 0,
    "BASE": 0,
    "CLAMPED": -1,
    "EXTENSAO": 1970,
    "EXTRUDED": 0,
    "FOLDERPATH": null,
    "NAME": "Represa - Lago III",
    "OBJECTID": 10,
    "POPUPINFO": null,
    "SHAPE.LEN": 2172.71503089667,
    "SNIPPET": null,
    "SYMBOLID": 0
   },
   "type": "Feature"
  },
  {
   "geometry": {
    "coordinates": [
     [
      -49.3359421535581,
      -20.828654657257978,
      0
     ],
     [
      -49.33590862282935,
      -20.828656736187234,
      0
     ],
     [
      -49.335857484345226,
      -20.82863014781133,
      0
     ],
     [
      -49.335829251466315,
      -20.828615876125067,
      0
     ],
     [
      -49.33580343172577,
      -20.828644309525004,
      0
     ],
     [
      -49.33577923601326,
      -20.82869527516031,
      0
     ],
     [
      -49.335758592530325,
      -20.82872742711357,
      0
     ],
     [
      -49.33572262154245,
      -20.82873421015594,
      0
     ],
     [
      -49.33568719867281,
      -20.828727311770027,
      0
     ],
     [
      -49.33562849372773,
      -20.828694532709584,
      0
     ],
     [
      -49.33527122993219,
      -20.828479423353727,
      0
     ],
     [
      -49.334411811715626,
      -20.828018108307873,
      0
     ],
     [
      -49.33366589257066,
      -20.827559139548445,
      0
     ],
     [
      -49.333102881829376,
      -20.82726766846216,
      0
     ],
     [
      -49.33284413905085,
      -20.827060553050462,
      0
     ],
     [
      -49.33262027628427,
      -20.826855196666674,
      0
     ],
     [
      -49.332393233117095,
      -20.826639354330165,
      0
     ],
     [
      -49.33223415764674,
      -20.826459703454066,
      0
     ],
     [
      -49.33184531161428,
      -20.825904544466983,
      0
     ],
     [
      -49.3315289097029,
      -20.82544073393835,
      0
     ],
     [
      -49.33144065410185,
      -20.825237205021125,
      0
     ],
     [
      -49.33118896991074,
      -20.82482367913236,
      0
     ],
     [
      -49.33036694080461,
      -20.82357193005382,
      0
     ],
     [
      -49.33026513308453,
      -20.8233436601517,
      0
     ],
     [
      -49.330230398274125,
      -20.823145473053117,
      0
     ],
     [
      -49.330191087819934,
      -20.82292110091634,
      0
     ],
     [
      -49.330133192711486,
      -20.822738898676462,
      0
     ],
     [
      -49.32983247401191,
      -20.822246501828246,
      0
     ],
     [
      -49.329544715349485,
      -20.82178577842492,
      0
     ]
    ],
    "type": "LineString"
   },
   "id": 11,
   "properties": {
    "ALTMODE": 0,
    "BASE": 0,
    "CLAMPED": -1,
    "EXTENSAO": 790,
    "EXTRUDED": 0,
    "FOLDERPATH": null,
    "NAME": "Av. Chosso Okanobo",
    "OBJECTID": 11,
    "POPUPINFO": null,
    "SHAPE.LEN": 1068.78005528911,
    "SNIPPET": null,
    "SYMBOLID": 0
   },
   "type": "Feature"
  },
  {
   "geometry": {
    "coordinates": [
     [
      -49.34388282473482,
      -20.825526375716393,
      0
     ],
     [
      -49.34375121462562,
      -20.82612451148743,
      0
     ],
     [
      -49.34359309606289,
      -20.82677544880657,
      0
     ],
     [
      -49.34344576094028,
      -20.82741645174308,
      0
     ],
     [
      -49.34342962049273,
      -20.82746991857058,
      0
     ],
     [
      -49.34340783930822,
      -20.827521346147723,
      0
     ],
     [
      -49.34338066860689,
      -20.827570141318375,
      0
     ],
     [
      -49.34334842177057,
      -20.827615741288085,
      0
     ],
     [
      -49.3433114707283,
      -20.827657620115247,
      0
     ],
     [
      -49.34327024166654,
      -20.82769529477724,
      0
     ],
     [
      -49.34322521011365,
      -20.827728330741497,
      0
     ],
     [
      -49.343176895455215,
      -20.827756346977324,
      0
     ],
     [
      -49.34312585494355,
      -20.827779020350658,
      0
     ],
     [
      -49.34307267727044,
      -20.827796089351008,
      0
     ],
     [
      -49.34301797577733,
      -20.827807357107694,
      0
     ],
     [
      -49.342968543562186,
      -20.827817070514175,
      0
     ],
     [
      -49.342918335737004,
      -20.827821201912275,
      0
     ],
     [
      -49.342867980625876,
      -20.827819699599747,
      0
     ],
     [
      -49.342818108396095,
      -20.827812582377238,
      0
     ],
     [
      -49.34276934317195,
      -20.82779993931298,
      0
     ],
     [
      -49.34254543956371,
      -20.82773326188267,
      0
     ],
     [
      -49.342280729933535,
      -20.827670472844698,
      0
     ],
     [
      -49.34187424944366,
      -20.827600576549443,
      0
     ],
     [
      -49.3410381369987,
      -20.827474515652554,
      0
     ],
     [
      -49.34046933948988,
      -20.82741057803498,
      0
     ],
     [
      -49.339705473374146,
      -20.82730855254597,
      0
     ],
     [
      -49.33958441620813,
      -20.82729192720403,
      0
     ],
     [
      -49.33946260102451,
      -20.827282319890312,
      0
     ],
     [
      -49.33934043433494,
      -20.82727976266556,
      0
     ],
     [
      -49.33921832382412,
      -20.82728426406354,
      0
     ],
     [
      -49.339096676989236,
      -20.82729580906255,
      0
     ],
     [
      -49.33897589978017,
      -20.827314359135563,
      0
     ],
     [
      -49.33885639524475,
      -20.827339852378795,
      0
     ],
     [
      -49.33873856218372,
      -20.827372203718284,
      0
     ],
     [
      -49.3382493335441,
      -20.82754251717645,
      0
     ],
     [
      -49.337637576486166,
      -20.82783198495692,
      0
     ],
     [
      -49.336709834382866,
      -20.828283291050372,
      0
     ],
     [
      -49.33598294879975,
      -20.82863903258259,
      0
     ],
     [
      -49.33591106351015,
      -20.828656975778824,
      0
     ]
    ],
    "type": "LineString"
   },
   "id": 12,
   "properties": {
    "ALTMODE": 0,
    "BASE": 0,
    "CLAMPED": -1,
    "EXTENSAO": 1000,
    "EXTRUDED": 0,
    "FOLDERPATH": null,
    "NAME": "Av. Cecconi e Gerosa",
    "OBJECTID": 12,
    "POPUPINFO": null,
    "SHAPE.LEN": 1059.4432749510402,
    "SNIPPET": null,
    "SYMBOLID": 0
   },
   "type": "Feature"
  },
  {
   "geometry": {
    "coordinates": [
     [
      -49.42483907712577,
      -20.805371473010425,
      0
     ],
     [
      -49.424868594583046,
      -20.805420357412697,
      0
     ],
     [
      -49.42489238986707,
      -20.805472268389646,
      0
     ],
     [
      -49.42491015720829,
      -20.80552653888491,
      0
     ],
     [
      -49.42492166829626,
      -20.80558247152228,
      0
     ],
     [
      -49.42492677521343,
      -20.80563934756703,
      0
     ],
     [
      -49.42492541233589,
      -20.805696436161643,
      0
     ],
     [
      -49.424917597176616,
      -20.805753003717317,
      0
     ],
     [
      -49.42490343016046,
      -20.805808323340628,
      0
     ],
     [
      -49.42488309333366,
      -20.805861684174065,
      0
     ],
     [
      -49.42485684802457,
      -20.805912400530605,
      0
     ],
     [
      -49.42482503148557,
      -20.805959820704746,
      0
     ],
     [
      -49.42478805255938,
      -20.806003335346965,
      0
     ],
     [
      -49.424746386425426,
      -20.806042385293843,
      0
     ],
     [
      -49.42470056849379,
      -20.80607646875332,
      0
     ],
     [
      -49.424651187525164,
      -20.80610514775274,
      0
     ],
     [
      -49.42433940858654,
      -20.80628479109799,
      0
     ],
     [
      -49.424158351036496,
      -20.80639020262315,
      0
     ],
     [
      -49.423977460380996,
      -20.806534435996838,
      0
     ],
     [
      -49.42372954879414,
      -20.806720335236676,
      0
     ],
     [
      -49.423511736643825,
      -20.806876611527194,
      0
     ],
     [
      -49.423150946565805,
      -20.80715532159611,
      0
     ],
     [
      -49.4228251003638,
      -20.80739802397798,
      0
     ],
     [
      -49.42259755577854,
      -20.80757375116545,
      0
     ],
     [
      -49.421543349340894,
      -20.80824282740263,
      0
     ]
    ],
    "type": "LineString"
   },
   "id": 13,
   "properties": {
    "ALTMODE": 0,
    "BASE": 0,
    "CLAMPED": -1,
    "EXTENSAO": 490,
    "EXTRUDED": 0,
    "FOLDERPATH": null,
    "NAME": "R. Izidoro Pupim",
    "OBJECTID": 13,
    "POPUPINFO": null,
    "SHAPE.LEN": 494.76597144777105,
    "SNIPPET": null,
    "SYMBOLID": 0
   },
   "type": "Feature"
  },
  {
   "geometry": {
    "coordinates": [
     [
      [
       -49.34556461385269,
       -20.827059647698665,
       0
      ],
      [
       -49.34581550431343,
       -20.826802807429047,
       0
      ],
      [
       -49.34591909767413,
       -20.82671448822455,
       0
      ],
      [
       -49.34599800617056,
       -20.826645448289074,
       0
      ],
      [
       -49.34613523892982,
       -20.826537907122876,
       0
      ],
      [
       -49.34617929488983,
       -20.82650896603568,
       0
      ],
      [
       -49.34645067992844,
       -20.826277643811395,
       0
      ],
      [
       -49.34676994545423,
       -20.826025853571227,
       0
      ],
      [
       -49.34698429433409,
       -20.82585433323722,
       0
      ],
      [
       -49.34703451651792,
       -20.82581762067635,
       0
      ],
      [
       -49.34721447356859,
       -20.825709142030057,
       0
      ],
      [
       -49.34749484623331,
       -20.825529991663014,
       0
      ],
      [
       -49.34770538266546,
       -20.82536353540814,
       0
      ],
      [
       -49.347855017005244,
       -20.825188231943425,
       0
      ],
      [
       -49.34793324504016,
       -20.825062855513977,
       0
      ],
      [
       -49.347970090414606,
       -20.82502176817558,
       0
      ],
      [
       -49.348010706302716,
       -20.824987953518264,
       0
      ],
      [
       -49.34803698891253,
       -20.82497223019601,
       0
      ],
      [
       -49.34811142870035,
       -20.824927698709676,
       0
      ],
      [
       -49.348188196442216,
       -20.824891887511345,
       0
      ],
      [
       -49.3482311072865,
       -20.824883825443642,
       0
      ],
      [
       -49.34830680664468,
       -20.824877263615445,
       0
      ],
      [
       -49.34839025141701,
       -20.824875672292293,
       0
      ],
      [
       -49.34867628358558,
       -20.82487838446677,
       0
      ],
      [
       -49.348802764486685,
       -20.824886058176045,
       0
      ]
     ],
     [
      [
       -49.35147646684645,
       -20.824944845471233,
       0
      ],
      [
       -49.35139107246966,
       -20.824945384359033,
       0
      ],
      [
       -49.35123048814206,
       -20.824939757417816,
       0
      ],
      [
       -49.35080717964283,
       -20.824938405858106,
       0
      ],
      [
       -49.35041105284817,
       -20.8249328923366,
       0
      ],
      [
       -49.35006022235562,
       -20.824921010347516,
       0
      ],
      [
       -49.34955824224832,
       -20.82494534148597,
       0
      ],
      [
       -49.34910170923308,
       -20.824950074647166,
       0
      ],
      [
       -49.34882594013076,
       -20.824960477727313,
       0
      ],
      [
       -49.34866403519752,
       -20.824957914108676,
       0
      ],
      [
       -49.34843119743613,
       -20.824955028062092,
       0
      ],
      [
       -49.348354713605495,
       -20.824954933184408,
       0
      ],
      [
       -49.34826653692599,
       -20.824962429826222,
       0
      ],
      [
       -49.34820089525261,
       -20.824979451245966,
       0
      ],
      [
       -49.34813715193437,
       -20.825011022339325,
       0
      ],
      [
       -49.34806934533906,
       -20.82506454058156,
       0
      ],
      [
       -49.34801642064962,
       -20.825123219187564,
       0
      ],
      [
       -49.34790993049799,
       -20.825226023409293,
       0
      ],
      [
       -49.3478103493231,
       -20.825338064475243,
       0
      ],
      [
       -49.347692821086675,
       -20.82545155475816,
       0
      ],
      [
       -49.347567944584384,
       -20.825550866342798,
       0
      ],
      [
       -49.34748486694106,
       -20.8256012046899,
       0
      ],
      [
       -49.34726296149571,
       -20.825740138527507,
       0
      ],
      [
       -49.34702015650931,
       -20.825903559462507,
       0
      ],
      [
       -49.34684048681858,
       -20.826039374521095,
       0
      ],
      [
       -49.34663893183989,
       -20.826204073515743,
       0
      ],
      [
       -49.346185695777244,
       -20.82657178458278,
       0
      ],
      [
       -49.34569036569056,
       -20.826962411132538,
       0
      ],
      [
       -49.34565879521587,
       -20.826993532143305,
       0
      ],
      [
       -49.34559435336708,
       -20.827039584388768,
       0
      ],
      [
       -49.34553419195202,
       -20.827080170517043,
       0
      ],
      [
       -49.34549395090744,
       -20.82711378308542,
       0
      ],
      [
       -49.345412668731385,
       -20.827179924634816,
       0
      ],
      [
       -49.34523491171927,
       -20.827320507644632,
       0
      ],
      [
       -49.344980508728646,
       -20.82752265074865,
       0
      ],
      [
       -49.34487108930544,
       -20.827612520912226,
       0
      ],
      [
       -49.34467478591,
       -20.82777165946335,
       0
      ],
      [
       -49.34452180463223,
       -20.827890438677336,
       0
      ],
      [
       -49.34437321095546,
       -20.82796809588149,
       0
      ],
      [
       -49.34426678957209,
       -20.827996966782408,
       0
      ],
      [
       -49.3441444945127,
       -20.82801707577676,
       0
      ],
      [
       -49.344027629499834,
       -20.828024563872205,
       0
      ],
      [
       -49.34398533287139,
       -20.82802849483145,
       0
      ],
      [
       -49.34394293525984,
       -20.828025868093473,
       0
      ],
      [
       -49.34389502134407,
       -20.828027838648136,
       0
      ],
      [
       -49.343847182744966,
       -20.828024507755426,
       0
      ],
      [
       -49.34380000424955,
       -20.828015916132735,
       0
      ],
      [
       -49.343636642352664,
       -20.827946445103525,
       0
      ],
      [
       -49.34361170415127,
       -20.82791101602118,
       0
      ],
      [
       -49.343577470909,
       -20.827861645894654,
       0
      ],
      [
       -49.343560457614004,
       -20.827827426151856,
       0
      ],
      [
       -49.34353791742995,
       -20.82778357891255,
       0
      ],
      [
       -49.34354124915093,
       -20.827709200056262,
       0
      ],
      [
       -49.343548889593734,
       -20.827605695325204,
       0
      ],
      [
       -49.34359004730754,
       -20.827416274826106,
       0
      ],
      [
       -49.34364231654033,
       -20.827175715748925,
       0
      ],
      [
       -49.34372000046078,
       -20.826841581123556,
       0
      ],
      [
       -49.34390559221987,
       -20.826043545829805,
       0
      ],
      [
       -49.34398392658955,
       -20.825647507833757,
       0
      ]
     ]
    ],
    "type": "MultiLineString"
   },
   "id": 339,
   "properties": {
    "ALTMODE": 0,
    "BASE": null,
    "CLAMPED": null,
    "EXTENSAO": 1663,
    "EXTRUDED": null,
    "FOLDERPATH": null,
    "NAME": "Av. Ricardo Siqueira de Mendonça / Estrada Vicente Polachini / Av. Nadima Damha",
    "OBJECTID": 339,
    "POPUPINFO": null,
    "SHAPE.LEN": 1632.08693233201,
    "SNIPPET": null,
    "SYMBOLID": null
   },
   "type": "Feature"
  },
  {
   "geometry": {
    "coordinates": [
     [
      [
       -49.375434814947766,
       -20.854078698408976,
       0
      ],
      [
       -49.375453259363205,
       -20.854104784826493,
       0
      ],
      [
       -49.37550427571777,
       -20.854184138557972,
       0
      ],
      [
       -49.375619882649495,
       -20.854357316607427,
       0
      ],
      [
       -49.37579529027184,
       -20.854644347613444,
       0
      ],
      [
       -49.375849373167206,
       -20.85472229680636,
       0
      ],
      [
       -49.37592299425798,
       -20.854827677825224,
       0
      ],
      [
       -49.37595906500209,
       -20.854878209627145,
       0
      ],
      [
       -49.375999804825156,
       -20.85492018262106,
       0
      ],
      [
       -49.37604194642436,
       -20.854973640909858,
       0
      ],
      [
       -49.37608565916733,
       -20.855022811641962,
       0
      ],
      [
       -49.3761078325022,
       -20.855088986027642,
       0
      ],
      [
       -49.37613903511923,
       -20.855166718075377,
       0
      ],
      [
       -49.37617043693564,
       -20.855225810452577,
       0
      ],
      [
       -49.376204828978565,
       -20.855290666290916,
       0
      ],
      [
       -49.37626350343036,
       -20.855367225381336,
       0
      ],
      [
       -49.37630539893775,
       -20.855443625290174,
       0
      ],
      [
       -49.376335506853394,
       -20.855481194907288,
       0
      ],
      [
       -49.376399051583334,
       -20.85553055369234,
       0
      ],
      [
       -49.37642760286411,
       -20.855570976531,
       0
      ],
      [
       -49.37646219518762,
       -20.855617192668515,
       0
      ],
      [
       -49.37648917538938,
       -20.855661903050134,
       0
      ],
      [
       -49.37651598629759,
       -20.855722385378282,
       0
      ],
      [
       -49.376539823368255,
       -20.855775669041893,
       0
      ],
      [
       -49.376562180723425,
       -20.855824638021147,
       0
      ],
      [
       -49.376640271798884,
       -20.855940098726414,
       0
      ],
      [
       -49.37670780677521,
       -20.856043987283094,
       0
      ],
      [
       -49.37674822391882,
       -20.856116070626488,
       0
      ],
      [
       -49.376820776914954,
       -20.856225907139507,
       0
      ],
      [
       -49.376822677287045,
       -20.85622789701203,
       0
      ],
      [
       -49.37682488814302,
       -20.85622953503603,
       0
      ],
      [
       -49.37682734518162,
       -20.856230773570683,
       0
      ],
      [
       -49.37682997694153,
       -20.85623157659404,
       0
      ],
      [
       -49.376832706879796,
       -20.856231920750716,
       0
      ],
      [
       -49.376835455598005,
       -20.85623179603114,
       0
      ],
      [
       -49.37683814315154,
       -20.8562312060627,
       0
      ],
      [
       -49.37684069137472,
       -20.856230168004227,
       0
      ],
      [
       -49.376843026154184,
       -20.856228712046956,
       0
      ],
      [
       -49.37684507958446,
       -20.85622688053642,
       0
      ],
      [
       -49.37684679194292,
       -20.856224726740866,
       0
      ],
      [
       -49.376848113426746,
       -20.856222313301984,
       0
      ],
      [
       -49.37684900560149,
       -20.85621971041302,
       0
      ],
      [
       -49.37684944251886,
       -20.856216993777235,
       0
      ],
      [
       -49.3768494114714,
       -20.856214242406157,
       0
      ],
      [
       -49.376848913362096,
       -20.856211536321556,
       0
      ],
      [
       -49.37684796267813,
       -20.856208954228073,
       0
      ],
      [
       -49.37674822391882,
       -20.856116070626488,
       0
      ]
     ],
     [
      [
       -49.375434814947766,
       -20.854078698408976,
       0
      ],
      [
       -49.37542795013365,
       -20.854084228036076,
       0
      ],
      [
       -49.37542025107551,
       -20.854088520698706,
       0
      ],
      [
       -49.37541193833838,
       -20.854091453419315,
       0
      ],
      [
       -49.375403250068175,
       -20.854092942180404,
       0
      ],
      [
       -49.37539443516919,
       -20.85409294433147,
       0
      ],
      [
       -49.37538574617343,
       -20.854091459810892,
       0
      ],
      [
       -49.375377432005976,
       -20.85408853114768,
       0
      ],
      [
       -49.375369730853706,
       -20.854084242243104,
       0
      ],
      [
       -49.375362863341664,
       -20.854078715967052,
       0
      ],
      [
       -49.375357026212484,
       -20.85407211063801,
       0
      ],
      [
       -49.375352386690096,
       -20.854064615487534,
       0
      ],
      [
       -49.37534907768898,
       -20.854056445239046,
       0
      ],
      [
       -49.37534719400645,
       -20.8540478339564,
       0
      ],
      [
       -49.37534678960684,
       -20.854039028338324,
       0
      ],
      [
       -49.37534787607551,
       -20.854030280650942,
       0
      ],
      [
       -49.375350422286964,
       -20.85402184150075,
       0
      ],
      [
       -49.37535435529654,
       -20.854013952655183,
       0
      ],
      [
       -49.37535956243013,
       -20.854006840116366,
       0
      ],
      [
       -49.37536589451215,
       -20.854000707646552,
       0
      ]
     ],
     [
      [
       -49.37536589451215,
       -20.854000707646552,
       0
      ],
      [
       -49.375374611530944,
       -20.853997462889353,
       0
      ],
      [
       -49.37538375513004,
       -20.85399575717501,
       0
      ],
      [
       -49.375393055738655,
       -20.853995640791243,
       0
      ],
      [
       -49.37540223915707,
       -20.853997117169268,
       0
      ],
      [
       -49.37541103464055,
       -20.85400014278264,
       0
      ],
      [
       -49.375419182881416,
       -20.854004628430488,
       0
      ],
      [
       -49.37542644365396,
       -20.854010441867338,
       0
      ],
      [
       -49.37543260289671,
       -20.854017411701957,
       0
      ],
      [
       -49.37543747902342,
       -20.85402533245029,
       0
      ],
      [
       -49.37544092827655,
       -20.854033970593534,
       0
      ],
      [
       -49.37544284896551,
       -20.85404307146271,
       0
      ],
      [
       -49.37544318446474,
       -20.85405236674679,
       0
      ],
      [
       -49.37544192488308,
       -20.854061582403027,
       0
      ],
      [
       -49.37543910735538,
       -20.854070446736255,
       0
      ],
      [
       -49.375434814947766,
       -20.854078698408976,
       0
      ]
     ],
     [
      [
       -49.374160437645564,
       -20.852077456596867,
       0
      ],
      [
       -49.37426660049938,
       -20.852237720575115,
       0
      ],
      [
       -49.37434625608665,
       -20.852350527755043,
       0
      ],
      [
       -49.374364159929,
       -20.852387981775596,
       0
      ],
      [
       -49.37437761141128,
       -20.852413921514053,
       0
      ],
      [
       -49.374387903312844,
       -20.85244986969997,
       0
      ],
      [
       -49.37439975190431,
       -20.85248296376442,
       0
      ],
      [
       -49.3744222632027,
       -20.852517593532433,
       0
      ],
      [
       -49.37445072096623,
       -20.85256661976491,
       0
      ],
      [
       -49.37447931838395,
       -20.852602741770543,
       0
      ],
      [
       -49.37451410977846,
       -20.85263031858606,
       0
      ],
      [
       -49.374545803248495,
       -20.85266216752824,
       0
      ],
      [
       -49.37457587938511,
       -20.852702605109144,
       0
      ],
      [
       -49.37460142610938,
       -20.852738697226968,
       0
      ],
      [
       -49.3746479574059,
       -20.85280940549141,
       0
      ],
      [
       -49.3746764932857,
       -20.852851262884652,
       0
      ],
      [
       -49.374714011992666,
       -20.852908979110193,
       0
      ],
      [
       -49.37474541283904,
       -20.852968070793207,
       0
      ],
      [
       -49.37477071313183,
       -20.853027105455784,
       0
      ],
      [
       -49.374779464855955,
       -20.853064472549338,
       0
      ],
      [
       -49.37480175967264,
       -20.853119176222048,
       0
      ],
      [
       -49.37482576524161,
       -20.85315668813193,
       0
      ],
      [
       -49.374870972137394,
       -20.853208741317943,
       0
      ],
      [
       -49.374914808213276,
       -20.85324644147779,
       0
      ],
      [
       -49.37495100149721,
       -20.853285503525655,
       0
      ],
      [
       -49.37501557682905,
       -20.853380760550603,
       0
      ],
      [
       -49.37506657731921,
       -20.853461548693502,
       0
      ],
      [
       -49.37510105997923,
       -20.853517802478837,
       0
      ],
      [
       -49.37513865601423,
       -20.85356834980979,
       0
      ],
      [
       -49.37516723741727,
       -20.85360590511302,
       0
      ],
      [
       -49.37518968743482,
       -20.853646270214625,
       0
      ],
      [
       -49.37520455625212,
       -20.853682260902318,
       0
      ],
      [
       -49.37520854758817,
       -20.85373679079823,
       0
      ],
      [
       -49.37523831603918,
       -20.853805906268672,
       0
      ],
      [
       -49.37536589451215,
       -20.854000707646552,
       0
      ]
     ],
     [
      [
       -49.374160437645564,
       -20.852077456596867,
       0
      ],
      [
       -49.37407209052576,
       -20.85200165296759,
       0
      ],
      [
       -49.374069623923184,
       -20.852000040922793,
       0
      ],
      [
       -49.374067460880994,
       -20.851998039906753,
       0
      ],
      [
       -49.37406566204624,
       -20.85199570602367,
       0
      ],
      [
       -49.3740642778544,
       -20.85199310471061,
       0
      ],
      [
       -49.37406334711523,
       -20.8519903089028,
       0
      ],
      [
       -49.374062895924666,
       -20.851987396988694,
       0
      ],
      [
       -49.37406293693311,
       -20.851984450612104,
       0
      ],
      [
       -49.374063468990784,
       -20.851981552383105,
       0
      ],
      [
       -49.37406447717992,
       -20.851978783561812,
       0
      ],
      [
       -49.37406593323308,
       -20.851976221780028,
       0
      ],
      [
       -49.37406779632564,
       -20.85197393886461,
       0
      ],
      [
       -49.3740700142205,
       -20.851971998823608,
       0
      ],
      [
       -49.37407252473265,
       -20.851970456051603,
       0
      ],
      [
       -49.37407525747271,
       -20.851969353804606,
       0
      ],
      [
       -49.37407813582053,
       -20.85196872298726,
       0
      ],
      [
       -49.37408107907341,
       -20.851968581286325,
       0
      ],
      [
       -49.37408400470888,
       -20.851968932674794,
       0
      ],
      [
       -49.374086830698374,
       -20.851969767300485,
       0
      ],
      [
       -49.37408947780724,
       -20.85197106176229,
       0
      ],
      [
       -49.37409187181622,
       -20.851972779766275,
       0
      ],
      [
       -49.374093945602446,
       -20.851974873143305,
       0
      ],
      [
       -49.374095641021405,
       -20.85197728319958,
       0
      ],
      [
       -49.37409691053719,
       -20.8519799423623,
       0
      ],
      [
       -49.37409771855531,
       -20.851982776074248,
       0
      ],
      [
       -49.374160437645564,
       -20.852077456596867,
       0
      ]
     ]
    ],
    "type": "MultiLineString"
   },
   "id": 343,
   "properties": {
    "ALTMODE": 0,
    "BASE": null,
    "CLAMPED": null,
    "EXTENSAO": 600,
    "EXTRUDED": null,
    "FOLDERPATH": null,
    "NAME": "Av. Pedro Vilela Machado",
    "OBJECTID": 343,
    "POPUPINFO": null,
    "SHAPE.LEN": 614.079047635607,
    "SNIPPET": null,
    "SYMBOLID": null
   },
   "type": "Feature"
  },
  {
   "geometry": {
    "coordinates": [
     [
      [
       -49.374880795879264,
       -20.85433801368769,
       0
      ],
      [
       -49.3748834835087,
       -20.854345298130834,
       0
      ],
      [
       -49.37488493037704,
       -20.85435292656684,
       0
      ],
      [
       -49.374885096696836,
       -20.854360689221128,
       0
      ],
      [
       -49.374883977894434,
       -20.854368372628254,
       0
      ],
      [
       -49.374881604735826,
       -20.85437576550199,
       0
      ],
      [
       -49.37487804248055,
       -20.854382664545497,
       0
      ],
      [
       -49.374873389087185,
       -20.85438888004178,
       0
      ],
      [
       -49.374867772519515,
       -20.854394241070732,
       0
      ],
      [
       -49.374861347227686,
       -20.854398600209272,
       0
      ],
      [
       -49.37485428990099,
       -20.85440183758533,
       0
      ],
      [
       -49.374846794609034,
       -20.854403864174202,
       0
      ],
      [
       -49.374839067465075,
       -20.85440462424667,
       0
      ],
      [
       -49.374831320958066,
       -20.85440409690148,
       0
      ],
      [
       -49.3748237681094,
       -20.85440229664011,
       0
      ],
      [
       -49.37481661661509,
       -20.854399272968,
       0
      ],
      [
       -49.37481006313428,
       -20.854395109033188,
       0
      ],
      [
       -49.37480428788131,
       -20.854389919339845,
       0
      ],
      [
       -49.37479944967003,
       -20.854383846599482,
       0
      ],
      [
       -49.37479627893567,
       -20.85437730773596,
       0
      ],
      [
       -49.37479425693111,
       -20.854370327636378,
       0
      ],
      [
       -49.374793441634814,
       -20.854363106446414,
       0
      ],
      [
       -49.37479385642439,
       -20.854355851224692,
       0
      ],
      [
       -49.37479548940627,
       -20.854348770005675,
       0
      ],
      [
       -49.37479829375671,
       -20.8543420658345,
       0
      ],
      [
       -49.374802189064475,
       -20.854335930944934,
       0
      ],
      [
       -49.37480706363645,
       -20.854330541247293,
       0
      ],
      [
       -49.374812777700356,
       -20.854326051284456,
       0
      ]
     ],
     [
      [
       -49.374880795879264,
       -20.85433801368769,
       0
      ],
      [
       -49.37487528093441,
       -20.85433155761714,
       0
      ],
      [
       -49.3748687400012,
       -20.8543261435931,
       0
      ],
      [
       -49.374861367098354,
       -20.854321932207654,
       0
      ],
      [
       -49.374853380922715,
       -20.854319048379935,
       0
      ],
      [
       -49.374845018362144,
       -20.854317577650736,
       0
      ],
      [
       -49.374836527468936,
       -20.854317563645186,
       0
      ],
      [
       -49.374828160102005,
       -20.85431900677872,
       0
      ],
      [
       -49.374820164456224,
       -20.854321864244756,
       0
      ],
      [
       -49.374812777700356,
       -20.854326051284456,
       0
      ]
     ],
     [
      [
       -49.374880795879264,
       -20.85433801368769,
       0
      ],
      [
       -49.37487528093441,
       -20.85433155761714,
       0
      ],
      [
       -49.3748687400012,
       -20.8543261435931,
       0
      ],
      [
       -49.374861367098354,
       -20.854321932207654,
       0
      ],
      [
       -49.374853380922715,
       -20.854319048379935,
       0
      ],
      [
       -49.374845018362144,
       -20.854317577650736,
       0
      ],
      [
       -49.374836527468936,
       -20.854317563645186,
       0
      ],
      [
       -49.374828160102005,
       -20.85431900677872,
       0
      ],
      [
       -49.374820164456224,
       -20.854321864244756,
       0
      ],
      [
       -49.374812777700356,
       -20.854326051284456,
       0
      ]
     ],
     [
      [
       -49.374812777700356,
       -20.854326051284456,
       0
      ],
      [
       -49.37468807923245,
       -20.854147754094818,
       0
      ],
      [
       -49.37329361832253,
       -20.854961449062372,
       0
      ],
      [
       -49.37319387560471,
       -20.855015470948068,
       0
      ],
      [
       -49.3732479950722,
       -20.855089275966908,
       0
      ],
      [
       -49.37330549190524,
       -20.855180642633304,
       0
      ],
      [
       -49.37332292857921,
       -20.855214268619772,
       0
      ],
      [
       -49.37333004201538,
       -20.85526213558731,
       0
      ],
      [
       -49.37334221377961,
       -20.855312441677544,
       0
      ],
      [
       -49.37336714850354,
       -20.85535808875784,
       0
      ],
      [
       -49.37345242580612,
       -20.8554839275999,
       0
      ],
      [
       -49.37347718703436,
       -20.855528824176982,
       0
      ]
     ],
     [
      [
       -49.37535273031472,
       -20.854066355218798,
       0
      ],
      [
       -49.375108422165006,
       -20.854213084699843,
       0
      ],
      [
       -49.374880795879264,
       -20.85433801368769,
       0
      ]
     ]
    ],
    "type": "MultiLineString"
   },
   "id": 349,
   "properties": {
    "ALTMODE": null,
    "BASE": null,
    "CLAMPED": null,
    "EXTENSAO": 366,
    "EXTRUDED": null,
    "FOLDERPATH": null,
    "NAME": "Av. Manoel Miceli",
    "OBJECTID": 349,
    "POPUPINFO": null,
    "SHAPE.LEN": 366.99119644511603,
    "SNIPPET": null,
    "SYMBOLID": null
   },
   "type": "Feature"
  },
  {
   "geometry": {
    "coordinates": [
     [
      -49.37347718703436,
      -20.855528824176982,
      0
     ],
     [
      -49.37358375987374,
      -20.855548957148226,
      0
     ],
     [
      -49.37362433521941,
      -20.855558903284678,
      0
     ],
     [
      -49.37365474056166,
      -20.85556875187817,
      0
     ],
     [
      -49.373669480658435,
      -20.855616692204876,
      0
     ],
     [
      -49.37368673757982,
      -20.85566704568981,
      0
     ],
     [
      -49.37374688017719,
      -20.855748877674365,
      0
     ],
     [
      -49.37457981919085,
      -20.857028271459182,
      0
     ],
     [
      -49.375237603435366,
      -20.858045489014835,
      0
     ],
     [
      -49.3753101514507,
      -20.858156117386077,
      0
     ],
     [
      -49.375330157107996,
      -20.858187377438394,
      0
     ],
     [
      -49.37536546751381,
      -20.85821400247002,
      0
     ],
     [
      -49.37539831336035,
      -20.85823343455372,
      0
     ]
    ],
    "type": "LineString"
   },
   "id": 351,
   "properties": {
    "ALTMODE": null,
    "BASE": null,
    "CLAMPED": null,
    "EXTENSAO": 366,
    "EXTRUDED": null,
    "FOLDERPATH": null,
    "NAME": "R. Josias Frazzato",
    "OBJECTID": 351,
    "POPUPINFO": null,
    "SHAPE.LEN": 366.43836055843803,
    "SNIPPET": null,
    "SYMBOLID": null
   },
   "type": "Feature"
  },
  {
   "geometry": {
    "coordinates": [
     [
      -49.37539831336035,
      -20.85823343455372,
      0
     ],
     [
      -49.375433830136615,
      -20.85824094213733,
      0
     ],
     [
      -49.37548716950552,
      -20.858246227830083,
      0
     ],
     [
      -49.375532932561214,
      -20.85824666219856,
      0
     ],
     [
      -49.37563971302905,
      -20.858247675677493,
      0
     ],
     [
      -49.37573129048174,
      -20.858243765410545,
      0
     ],
     [
      -49.37580504536727,
      -20.8582420752069,
      0
     ],
     [
      -49.37583819930465,
      -20.85823282923142,
      0
     ],
     [
      -49.37586878500769,
      -20.858225949931622,
      0
     ],
     [
      -49.37589182101805,
      -20.858211828532507,
      0
     ],
     [
      -49.37592322279022,
      -20.858201001864497,
      0
     ],
     [
      -49.37595599451385,
      -20.858195588717038,
      0
     ],
     [
      -49.37598920993969,
      -20.858195742085552,
      0
     ],
     [
      -49.37602193027781,
      -20.85820145763529,
      0
     ],
     [
      -49.37605323073128,
      -20.858212573823817,
      0
     ],
     [
      -49.37608222663435,
      -20.858228776466827,
      0
     ],
     [
      -49.37610809845631,
      -20.85824960761812,
      0
     ],
     [
      -49.37613011496443,
      -20.85827447851286,
      0
     ],
     [
      -49.376147653891366,
      -20.85830268620822,
      0
     ],
     [
      -49.3761352787775,
      -20.858385489677808,
      0
     ],
     [
      -49.376112277731345,
      -20.858509466232363,
      0
     ],
     [
      -49.37608578320316,
      -20.858628180387583,
      0
     ],
     [
      -49.376081977457154,
      -20.858635580834484,
      0
     ],
     [
      -49.3760769776358,
      -20.858642233059935,
      0
     ],
     [
      -49.37607092710165,
      -20.85864794632113,
      0
     ],
     [
      -49.376063999344886,
      -20.85865255679869,
      0
     ],
     [
      -49.37605639300879,
      -20.858655932293928,
      0
     ],
     [
      -49.37604832619387,
      -20.858657976019472,
      0
     ],
     [
      -49.37604003020422,
      -20.858658629374492,
      0
     ],
     [
      -49.376031742915174,
      -20.85865787362499,
      0
     ],
     [
      -49.37602370195259,
      -20.858655730440972,
      0
     ],
     [
      -49.376016137879276,
      -20.8586522612751,
      0
     ],
     [
      -49.37600926758393,
      -20.858647565600613,
      0
     ],
     [
      -49.3760032880622,
      -20.85864177805909,
      0
     ],
     [
      -49.375998370768095,
      -20.858635064599795,
      0
     ],
     [
      -49.37599465669781,
      -20.858627617721325,
      0
     ],
     [
      -49.37599225234687,
      -20.858619650951994,
      0
     ],
     [
      -49.37599122665651,
      -20.858611392727227,
      0
     ],
     [
      -49.37599160903689,
      -20.858603079839508,
      0
     ],
     [
      -49.37599338852381,
      -20.85859495064869,
      0
     ],
     [
      -49.375996514093096,
      -20.858587238247402,
      0
     ],
     [
      -49.376112277731345,
      -20.858509466232363,
      0
     ]
    ],
    "type": "LineString"
   },
   "id": 352,
   "properties": {
    "ALTMODE": null,
    "BASE": null,
    "CLAMPED": null,
    "EXTENSAO": 126,
    "EXTRUDED": null,
    "FOLDERPATH": null,
    "NAME": "Av. Raife Rached Abissamra",
    "OBJECTID": 352,
    "POPUPINFO": null,
    "SHAPE.LEN": 152.31191870507502,
    "SNIPPET": null,
    "SYMBOLID": null
   },
   "type": "Feature"
  },
  {
   "geometry": {
    "coordinates": [
     [
      -49.35147646684645,
      -20.824944845471233,
      0
     ],
     [
      -49.35147877445492,
      -20.824996685589618,
      0
     ],
     [
      -49.35162750969981,
      -20.825002739406404,
      0
     ],
     [
      -49.35164903297175,
      -20.825003461314985,
      0
     ],
     [
      -49.351636835679194,
      -20.825103246490848,
      0
     ],
     [
      -49.351634735684414,
      -20.82513324030879,
      0
     ],
     [
      -49.35155610185979,
      -20.825948073484202,
      0
     ],
     [
      -49.35148166137206,
      -20.826827553702724,
      0
     ],
     [
      -49.35143327953594,
      -20.82718621846074,
      0
     ],
     [
      -49.35138178122814,
      -20.827527346303214,
      0
     ],
     [
      -49.35135079383069,
      -20.827724950731216,
      0
     ],
     [
      -49.35132885485974,
      -20.827907047605468,
      0
     ],
     [
      -49.351300073540926,
      -20.828087240415496,
      0
     ],
     [
      -49.35128826993257,
      -20.828244182995324,
      0
     ],
     [
      -49.35128718582504,
      -20.828326382948568,
      0
     ],
     [
      -49.351261429444534,
      -20.828604231872475,
      0
     ],
     [
      -49.35122251721524,
      -20.828860755504934,
      0
     ],
     [
      -49.35117991779755,
      -20.82916744280713,
      0
     ],
     [
      -49.351154656024086,
      -20.829468390235565,
      0
     ],
     [
      -49.35112460684337,
      -20.829631984335066,
      0
     ],
     [
      -49.351076271316536,
      -20.829760553974175,
      0
     ],
     [
      -49.351031565855166,
      -20.829955902565235,
      0
     ],
     [
      -49.3508980490865,
      -20.830281675838577,
      0
     ],
     [
      -49.350845867369436,
      -20.830392122462737,
      0
     ],
     [
      -49.350807254293244,
      -20.83050591542532,
      0
     ],
     [
      -49.350704359348995,
      -20.830741472449937,
      0
     ],
     [
      -49.35068519969329,
      -20.830796783223004,
      0
     ],
     [
      -49.350675150209625,
      -20.83087946861434,
      0
     ],
     [
      -49.350656933030976,
      -20.830977127986397,
      0
     ],
     [
      -49.35063912563966,
      -20.83103716158023,
      0
     ],
     [
      -49.35061323250801,
      -20.83110464363474,
      0
     ],
     [
      -49.350604679688125,
      -20.831131246618202,
      0
     ],
     [
      -49.35058980302106,
      -20.831170085358423,
      0
     ],
     [
      -49.3505775045593,
      -20.831175020928296,
      0
     ],
     [
      -49.350540312496186,
      -20.831192277238525,
      0
     ],
     [
      -49.35050969652673,
      -20.831207835415526,
      0
     ],
     [
      -49.350435019508744,
      -20.83131236275017,
      0
     ],
     [
      -49.35039750066751,
      -20.831369931108213,
      0
     ],
     [
      -49.35038441682826,
      -20.83139686170718,
      0
     ],
     [
      -49.35036704298706,
      -20.831426254948674,
      0
     ],
     [
      -49.35033429966999,
      -20.831496585038632,
      0
     ],
     [
      -49.350244885011,
      -20.831698410341758,
      0
     ],
     [
      -49.35005913381602,
      -20.83202872103742,
      0
     ],
     [
      -49.34981353187313,
      -20.832372336014693,
      0
     ],
     [
      -49.34969941134467,
      -20.832503346281694,
      0
     ],
     [
      -49.349629377019355,
      -20.832588633338787,
      0
     ],
     [
      -49.34955184826633,
      -20.832687748152097,
      0
     ],
     [
      -49.34946799890853,
      -20.832776211732796,
      0
     ],
     [
      -49.349442848371545,
      -20.83279488272966,
      0
     ],
     [
      -49.349366962016056,
      -20.832836126156487,
      0
     ],
     [
      -49.3492987330826,
      -20.832875199530783,
      0
     ],
     [
      -49.34927680190723,
      -20.832893902423876,
      0
     ],
     [
      -49.34926175975689,
      -20.832905654855537,
      0
     ],
     [
      -49.34924752364434,
      -20.83291503666225,
      0
     ],
     [
      -49.349209989175165,
      -20.832936943151683,
      0
     ],
     [
      -49.34917612774259,
      -20.83297164775815,
      0
     ],
     [
      -49.349136812592974,
      -20.833011377254845,
      0
     ],
     [
      -49.349089842370056,
      -20.833059664007607,
      0
     ],
     [
      -49.34902342536637,
      -20.83312632164355,
      0
     ],
     [
      -49.34891428569691,
      -20.833235901533506,
      0
     ],
     [
      -49.34876873843388,
      -20.833377330373242,
      0
     ],
     [
      -49.34862430503164,
      -20.83352426097054,
      0
     ],
     [
      -49.3484796648103,
      -20.83367902736914,
      0
     ],
     [
      -49.34810125442303,
      -20.834037858746605,
      0
     ],
     [
      -49.34789869997988,
      -20.83424127970432,
      0
     ],
     [
      -49.34767372807345,
      -20.834440520482378,
      0
     ],
     [
      -49.34750191079843,
      -20.834617795981288,
      0
     ],
     [
      -49.347361937082994,
      -20.83475988784776,
      0
     ],
     [
      -49.34711712273331,
      -20.834995610330143,
      0
     ],
     [
      -49.34693593231874,
      -20.835166879930394,
      0
     ],
     [
      -49.34675957177032,
      -20.835327845017947,
      0
     ],
     [
      -49.34659101093129,
      -20.83549479908433,
      0
     ],
     [
      -49.3464880944713,
      -20.835620263974445,
      0
     ],
     [
      -49.34632499729352,
      -20.835795227640318,
      0
     ],
     [
      -49.34614876076242,
      -20.83599607837854,
      0
     ],
     [
      -49.34599274920668,
      -20.836187649492178,
      0
     ],
     [
      -49.34581504394907,
      -20.836425398957264,
      0
     ],
     [
      -49.34569705319552,
      -20.836583580629377,
      0
     ],
     [
      -49.34556894005105,
      -20.836777327577607,
      0
     ],
     [
      -49.34546657395261,
      -20.836942123973248,
      0
     ],
     [
      -49.34535976852309,
      -20.83709768453687,
      0
     ],
     [
      -49.34527907601031,
      -20.83720385108362,
      0
     ],
     [
      -49.345239634876044,
      -20.837312308519028,
      0
     ],
     [
      -49.345221122878066,
      -20.837348093612178,
      0
     ],
     [
      -49.34519982461064,
      -20.837466130550023,
      0
     ],
     [
      -49.34519397177686,
      -20.837510716831744,
      0
     ],
     [
      -49.34517234581673,
      -20.837573817392336,
      0
     ],
     [
      -49.34516282034407,
      -20.837616314088365,
      0
     ],
     [
      -49.34515846276002,
      -20.837646557784865,
      0
     ],
     [
      -49.34514667620076,
      -20.837711746981107,
      0
     ],
     [
      -49.34510625897205,
      -20.837817355868854,
      0
     ],
     [
      -49.34508501063371,
      -20.8378802721741,
      0
     ],
     [
      -49.34508599839855,
      -20.83789714720554,
      0
     ],
     [
      -49.345090372157344,
      -20.83791192045737,
      0
     ],
     [
      -49.345152306033654,
      -20.837942367440075,
      0
     ],
     [
      -49.345176117662874,
      -20.83795190146979,
      0
     ],
     [
      -49.34518638752095,
      -20.837955490132707,
      0
     ],
     [
      -49.34519924751504,
      -20.837958934902094,
      0
     ]
    ],
    "type": "LineString"
   },
   "id": 995,
   "properties": {
    "ALTMODE": 0,
    "BASE": 0,
    "CLAMPED": -1,
    "EXTENSAO": 1684,
    "EXTRUDED": 0,
    "FOLDERPATH": null,
    "NAME": "Av. de Maio",
    "OBJECTID": 995,
    "POPUPINFO": null,
    "SHAPE.LEN": 1687.08073492458,
    "SNIPPET": null,
    "SYMBOLID": 2
   },
   "type": "Feature"
  },
  {
   "geometry": {
    "coordinates": [
     [
      -49.35165258727528,
      -20.841210761155402,
      0
     ],
     [
      -49.35160188799985,
      -20.841261940161424,
      0
     ],
     [
      -49.35152158038659,
      -20.841342721658183,
      0
     ],
     [
      -49.351508120802684,
      -20.841376198491215,
      0
     ],
     [
      -49.35159794579352,
      -20.841430860957626,
      0
     ],
     [
      -49.351694542885454,
      -20.841494197012846,
      0
     ],
     [
      -49.35197333591573,
      -20.84164321023645,
      0
     ],
     [
      -49.35213957920324,
      -20.84172227878873,
      0
     ],
     [
      -49.35220339818265,
      -20.84174764057663,
      0
     ],
     [
      -49.3522466998867,
      -20.841765272312276,
      0
     ],
     [
      -49.352250773417644,
      -20.841811577661765,
      0
     ],
     [
      -49.35225017604798,
      -20.841866445621918,
      0
     ],
     [
      -49.352242584026335,
      -20.841933082230607,
      0
     ],
     [
      -49.35221767232859,
      -20.842013539803652,
      0
     ],
     [
      -49.35220543088092,
      -20.84208658665878,
      0
     ],
     [
      -49.35220261515692,
      -20.842134978285323,
      0
     ],
     [
      -49.352205556606194,
      -20.84215746806036,
      0
     ],
     [
      -49.352267830944754,
      -20.84215915120541,
      0
     ],
     [
      -49.352300941673086,
      -20.84215232466931,
      0
     ],
     [
      -49.352311936191164,
      -20.842167681778612,
      0
     ],
     [
      -49.352317505651044,
      -20.84218973434742,
      0
     ],
     [
      -49.352326746914144,
      -20.842243185744618,
      0
     ],
     [
      -49.35235093908353,
      -20.842312754050973,
      0
     ],
     [
      -49.35236890286407,
      -20.842361748473973,
      0
     ],
     [
      -49.352411202947366,
      -20.842426917577576,
      0
     ],
     [
      -49.352471301845405,
      -20.842486600533732,
      0
     ],
     [
      -49.35254167976079,
      -20.842544138557212,
      0
     ],
     [
      -49.35278521447141,
      -20.842696162652203,
      0
     ],
     [
      -49.35318361679514,
      -20.842937771990808,
      0
     ],
     [
      -49.35352738094845,
      -20.84313768631176,
      0
     ],
     [
      -49.35425747827722,
      -20.843543413302154,
      0
     ],
     [
      -49.355910462203255,
      -20.844513969938312,
      0
     ],
     [
      -49.35604667698086,
      -20.84460150326211,
      0
     ],
     [
      -49.35620728377413,
      -20.844722195081328,
      0
     ],
     [
      -49.356412241562055,
      -20.844892346392832,
      0
     ],
     [
      -49.35772913434963,
      -20.84598218899066,
      0
     ],
     [
      -49.35838805337988,
      -20.846535354009088,
      0
     ],
     [
      -49.35931369925161,
      -20.84730979934371,
      0
     ],
     [
      -49.359544729307665,
      -20.847488806460603,
      0
     ],
     [
      -49.359742983592696,
      -20.847679069711056,
      0
     ],
     [
      -49.35996406308513,
      -20.847912086109915,
      0
     ],
     [
      -49.36018311181769,
      -20.84817294337252,
      0
     ],
     [
      -49.360394672572205,
      -20.84846644540597,
      0
     ],
     [
      -49.36043814782972,
      -20.848670859120006,
      0
     ],
     [
      -49.36051447677975,
      -20.848866926563055,
      0
     ],
     [
      -49.36063136017291,
      -20.849059821482427,
      0
     ],
     [
      -49.36086990369687,
      -20.849399136756233,
      0
     ],
     [
      -49.3620971657449,
      -20.851189169010652,
      0
     ],
     [
      -49.36216438479347,
      -20.851282675285614,
      0
     ],
     [
      -49.36220363028393,
      -20.85133742146441,
      0
     ],
     [
      -49.3622369182435,
      -20.85139080356197,
      0
     ],
     [
      -49.36230251960075,
      -20.85146874124123,
      0
     ],
     [
      -49.362347782840764,
      -20.85150456656036,
      0
     ],
     [
      -49.36240173772107,
      -20.851519463276585,
      0
     ],
     [
      -49.362471063169274,
      -20.8515038154704,
      0
     ],
     [
      -49.362530361260404,
      -20.851485484663126,
      0
     ],
     [
      -49.36261755178174,
      -20.851479602561895,
      0
     ],
     [
      -49.36268072894374,
      -20.851474614459317,
      0
     ],
     [
      -49.36275649830391,
      -20.85149929381218,
      0
     ],
     [
      -49.36282222384807,
      -20.851536220720256,
      0
     ],
     [
      -49.3629010059026,
      -20.85160191801839,
      0
     ],
     [
      -49.36294623740305,
      -20.85166511207306,
      0
     ],
     [
      -49.36297450126819,
      -20.851724228044816,
      0
     ],
     [
      -49.36298564660516,
      -20.851799422615148,
      0
     ],
     [
      -49.3629834137938,
      -20.85187716574404,
      0
     ],
     [
      -49.36300410769594,
      -20.851911203178275,
      0
     ],
     [
      -49.36307363773828,
      -20.851985530621494,
      0
     ],
     [
      -49.36318178590089,
      -20.852092092218818,
      0
     ],
     [
      -49.363467554243826,
      -20.85234741147357,
      0
     ],
     [
      -49.36378013008775,
      -20.85263581980705,
      0
     ],
     [
      -49.36408700689449,
      -20.852914879074415,
      0
     ],
     [
      -49.36418145879308,
      -20.853001363370684,
      0
     ],
     [
      -49.364266877735965,
      -20.85307576182046,
      0
     ],
     [
      -49.36433885177949,
      -20.85312022364756,
      0
     ],
     [
      -49.3643725102357,
      -20.853139359262308,
      0
     ],
     [
      -49.3644112386092,
      -20.853154687108912,
      0
     ]
    ],
    "type": "LineString"
   },
   "id": 996,
   "properties": {
    "ALTMODE": 0,
    "BASE": 0,
    "CLAMPED": -1,
    "EXTENSAO": 1993,
    "EXTRUDED": 0,
    "FOLDERPATH": null,
    "NAME": "Av. Carlos Nunes de Mattos",
    "OBJECTID": 996,
    "POPUPINFO": null,
    "SHAPE.LEN": 1969.24983020862,
    "SNIPPET": null,
    "SYMBOLID": 2
   },
   "type": "Feature"
  },
  {
   "geometry": {
    "coordinates": [
     [
      -49.35165258727528,
      -20.841210761155402,
      0
     ],
     [
      -49.351752791423,
      -20.84125918587892,
      0
     ],
     [
      -49.351801005044756,
      -20.84127372331115,
      0
     ],
     [
      -49.35182566817838,
      -20.84128280397741,
      0
     ],
     [
      -49.35185650083876,
      -20.841292796729046,
      0
     ],
     [
      -49.35188871130458,
      -20.841305446695333,
      0
     ],
     [
      -49.3519633570303,
      -20.841338777789666,
      0
     ],
     [
      -49.35211419078203,
      -20.841413737993,
      0
     ],
     [
      -49.352362153464284,
      -20.841542680688722,
      0
     ],
     [
      -49.352399165356466,
      -20.8415597649921,
      0
     ],
     [
      -49.35244229982777,
      -20.841587107357476,
      0
     ],
     [
      -49.35253821033063,
      -20.84166739492444,
      0
     ],
     [
      -49.3525623279444,
      -20.841684318119587,
      0
     ],
     [
      -49.352545148179715,
      -20.841702506121017,
      0
     ],
     [
      -49.35252369629866,
      -20.841721841767185,
      0
     ],
     [
      -49.3524885893527,
      -20.841763850778705,
      0
     ],
     [
      -49.352443632787455,
      -20.84181252442451,
      0
     ],
     [
      -49.35238585253281,
      -20.84188570137085,
      0
     ],
     [
      -49.35235332855613,
      -20.84194163970681,
      0
     ],
     [
      -49.3523290869202,
      -20.841992329149633,
      0
     ],
     [
      -49.3523188307693,
      -20.842038982605953,
      0
     ],
     [
      -49.35231427630558,
      -20.842101014510405,
      0
     ],
     [
      -49.352300941673086,
      -20.84215232466931,
      0
     ]
    ],
    "type": "LineString"
   },
   "id": 997,
   "properties": {
    "ALTMODE": 0,
    "BASE": 0,
    "CLAMPED": -1,
    "EXTENSAO": 170,
    "EXTRUDED": 0,
    "FOLDERPATH": null,
    "NAME": "Av. Carlos Nunes de Mattos",
    "OBJECTID": 997,
    "POPUPINFO": null,
    "SHAPE.LEN": 168.976338190472,
    "SNIPPET": null,
    "SYMBOLID": 2
   },
   "type": "Feature"
  },
  {
   "geometry": {
    "coordinates": [
     [
      -49.364407952013266,
      -20.85315158537733,
      0
     ],
     [
      -49.364492134721864,
      -20.853156721940536,
      0
     ],
     [
      -49.364562634443196,
      -20.853153930421016,
      0
     ],
     [
      -49.36468576103308,
      -20.85311553567276,
      0
     ],
     [
      -49.36480762555916,
      -20.85300258633798,
      0
     ],
     [
      -49.36512011975417,
      -20.85271844328194,
      0
     ],
     [
      -49.365595499005885,
      -20.852272313386703,
      0
     ],
     [
      -49.365759795062836,
      -20.85212994218802,
      0
     ],
     [
      -49.365800655201035,
      -20.852084922242284,
      0
     ],
     [
      -49.365842502177365,
      -20.85204595481106,
      0
     ],
     [
      -49.36620472761186,
      -20.85161012802641,
      0
     ],
     [
      -49.36632839781511,
      -20.851470351189626,
      0
     ],
     [
      -49.36642444683178,
      -20.851369748959332,
      0
     ],
     [
      -49.366544384276914,
      -20.8512562251949,
      0
     ],
     [
      -49.366727394764595,
      -20.85109445598417,
      0
     ],
     [
      -49.36692749905253,
      -20.85094267395593,
      0
     ],
     [
      -49.36721998923312,
      -20.850758536612513,
      0
     ],
     [
      -49.36760130160907,
      -20.850567601002584,
      0
     ],
     [
      -49.367891341973056,
      -20.850401794217223,
      0
     ],
     [
      -49.36820204739563,
      -20.850248504049933,
      0
     ],
     [
      -49.368391714189954,
      -20.850150626578884,
      0
     ],
     [
      -49.36874216123967,
      -20.849992546299877,
      0
     ],
     [
      -49.3690264621556,
      -20.849845576298964,
      0
     ],
     [
      -49.36935880892855,
      -20.849723115730118,
      0
     ],
     [
      -49.369696976751285,
      -20.849658067123126,
      0
     ],
     [
      -49.36987289018335,
      -20.849651477817904,
      0
     ],
     [
      -49.36992944999119,
      -20.84963323931993,
      0
     ],
     [
      -49.3699661354718,
      -20.849614113327014,
      0
     ],
     [
      -49.37003758344443,
      -20.8495822040885,
      0
     ]
    ],
    "type": "LineString"
   },
   "id": 998,
   "properties": {
    "ALTMODE": 0,
    "BASE": 0,
    "CLAMPED": -1,
    "EXTENSAO": 725,
    "EXTRUDED": 0,
    "FOLDERPATH": null,
    "NAME": "R. Projetada A - Lot. Abilio Jorge Cury",
    "OBJECTID": 998,
    "POPUPINFO": null,
    "SHAPE.LEN": 725.851496987899,
    "SNIPPET": null,
    "SYMBOLID": 0
   },
   "type": "Feature"
  },
  {
   "geometry": {
    "coordinates": [
     [
      -49.36486558885461,
      -20.766809879020432,
      0
     ],
     [
      -49.36485924696261,
      -20.766858095263277,
      0
     ],
     [
      -49.364833331523464,
      -20.76690454617768,
      0
     ],
     [
      -49.36473849007392,
      -20.766992546341793,
      0
     ],
     [
      -49.36464670760537,
      -20.767077587414907,
      0
     ],
     [
      -49.36453917683391,
      -20.767177368677064,
      0
     ],
     [
      -49.36446614878201,
      -20.767242109227453,
      0
     ],
     [
      -49.36441218897387,
      -20.767296757955027,
      0
     ],
     [
      -49.364361935367675,
      -20.767351587390024,
      0
     ],
     [
      -49.36431996120541,
      -20.767398149051964,
      0
     ],
     [
      -49.36418986129483,
      -20.767538673103015,
      0
     ],
     [
      -49.36409677494288,
      -20.767643511954486,
      0
     ],
     [
      -49.363923141720115,
      -20.767807916607552,
      0
     ],
     [
      -49.36381525214451,
      -20.76791318697231,
      0
     ],
     [
      -49.36370200299154,
      -20.768025793481957,
      0
     ],
     [
      -49.36363878276762,
      -20.768079319414255,
      0
     ],
     [
      -49.36359663501457,
      -20.76810967832361,
      0
     ],
     [
      -49.36355144257976,
      -20.768128188379833,
      0
     ],
     [
      -49.36346138602611,
      -20.768167894418234,
      0
     ],
     [
      -49.363239905709996,
      -20.76823870915947,
      0
     ],
     [
      -49.36313995802892,
      -20.76827257931245,
      0
     ],
     [
      -49.36300387146448,
      -20.768329616353142,
      0
     ],
     [
      -49.362934714088695,
      -20.768372927678488,
      0
     ],
     [
      -49.36284740475694,
      -20.76845401496122,
      0
     ],
     [
      -49.362748292951856,
      -20.768557977150266,
      0
     ],
     [
      -49.36261201075444,
      -20.76870656168124,
      0
     ],
     [
      -49.36255481390104,
      -20.76875436430783,
      0
     ],
     [
      -49.36249951681993,
      -20.768800377500316,
      0
     ],
     [
      -49.3625013223644,
      -20.76880252201268,
      0
     ],
     [
      -49.36243559910369,
      -20.76883977663534,
      0
     ],
     [
      -49.3622353692557,
      -20.76891001756527,
      0
     ],
     [
      -49.3620981948912,
      -20.76894921029201,
      0
     ],
     [
      -49.36129930956056,
      -20.76919552756053,
      0
     ],
     [
      -49.360945427879834,
      -20.769309212500062,
      0
     ],
     [
      -49.360301814804906,
      -20.76952229336908,
      0
     ],
     [
      -49.36019725806855,
      -20.769546327635602,
      0
     ],
     [
      -49.360125116701646,
      -20.769560949024818,
      0
     ],
     [
      -49.36002392719611,
      -20.769588987189305,
      0
     ],
     [
      -49.359867286714746,
      -20.76964427434539,
      0
     ],
     [
      -49.359667704533116,
      -20.769711533792258,
      0
     ],
     [
      -49.35961536770784,
      -20.769711165793563,
      0
     ]
    ],
    "type": "LineString"
   },
   "id": 1005,
   "properties": {
    "ALTMODE": 0,
    "BASE": 0,
    "CLAMPED": -1,
    "EXTENSAO": 655,
    "EXTRUDED": 0,
    "FOLDERPATH": null,
    "NAME": "Av. Anizali Haidar",
    "OBJECTID": 1005,
    "POPUPINFO": null,
    "SHAPE.LEN": 655.327619066051,
    "SNIPPET": null,
    "SYMBOLID": 1
   },
   "type": "Feature"
  },
  {
   "geometry": {
    "coordinates": [
     [
      -49.35928829042479,
      -20.769726496962928,
      0
     ],
     [
      -49.35931574095484,
      -20.769750387084244,
      0
     ],
     [
      -49.359342248531526,
      -20.769775238348522,
      0
     ],
     [
      -49.35934858885697,
      -20.769792623500557,
      0
     ],
     [
      -49.359352342156,
      -20.76982135661178,
      0
     ],
     [
      -49.359346321395925,
      -20.769838145827304,
      0
     ],
     [
      -49.35931919934389,
      -20.769867167521596,
      0
     ],
     [
      -49.3592818753686,
      -20.769897004994448,
      0
     ],
     [
      -49.35919878627857,
      -20.76996662329779,
      0
     ],
     [
      -49.35913811019516,
      -20.770009266972608,
      0
     ],
     [
      -49.358963459358144,
      -20.770140886105423,
      0
     ],
     [
      -49.35887255582098,
      -20.77019788439594,
      0
     ],
     [
      -49.358810727106594,
      -20.770227452359343,
      0
     ],
     [
      -49.35872003860057,
      -20.770267915725405,
      0
     ],
     [
      -49.35860465542444,
      -20.770322498420732,
      0
     ],
     [
      -49.358601368597256,
      -20.77032358440091,
      0
     ],
     [
      -49.35850243513234,
      -20.770358667318696,
      0
     ],
     [
      -49.35844509099489,
      -20.77037619714274,
      0
     ],
     [
      -49.35833912972491,
      -20.77042631973687,
      0
     ],
     [
      -49.35830309810737,
      -20.770448698056164,
      0
     ],
     [
      -49.35824298123448,
      -20.770503810597987,
      0
     ],
     [
      -49.35818396109153,
      -20.77058061122327,
      0
     ],
     [
      -49.35815251845344,
      -20.770631332259182,
      0
     ],
     [
      -49.35808184765038,
      -20.770732342163676,
      0
     ],
     [
      -49.35801013176351,
      -20.7708032320259,
      0
     ],
     [
      -49.357961072442336,
      -20.770861432000107,
      0
     ],
     [
      -49.35781932963093,
      -20.771015042107706,
      0
     ],
     [
      -49.357666182762664,
      -20.77115598792299,
      0
     ],
     [
      -49.35759049839699,
      -20.77123829359382,
      0
     ],
     [
      -49.3575756534666,
      -20.77129064472827,
      0
     ],
     [
      -49.357583003010426,
      -20.77133477302474,
      0
     ],
     [
      -49.35762791734629,
      -20.771368162522066,
      0
     ],
     [
      -49.35765361646086,
      -20.771384638957578,
      0
     ],
     [
      -49.35765963033726,
      -20.771405821262007,
      0
     ],
     [
      -49.357635667880544,
      -20.77142859306126,
      0
     ],
     [
      -49.35752532640871,
      -20.77153241738873,
      0
     ],
     [
      -49.35747877163629,
      -20.771577991208336,
      0
     ],
     [
      -49.357448375994174,
      -20.771608852006096,
      0
     ],
     [
      -49.35743466232372,
      -20.77165143742627,
      0
     ],
     [
      -49.357456311465555,
      -20.77167331307635,
      0
     ],
     [
      -49.35750184230475,
      -20.771718798396734,
      0
     ],
     [
      -49.357588542051786,
      -20.77180485212791,
      0
     ],
     [
      -49.357720091898635,
      -20.771946608232884,
      0
     ],
     [
      -49.357779102817766,
      -20.772003195802135,
      0
     ],
     [
      -49.35782574369459,
      -20.772051031232426,
      0
     ],
     [
      -49.35784183564053,
      -20.772078873350548,
      0
     ],
     [
      -49.357833844926006,
      -20.772102307368893,
      0
     ],
     [
      -49.357789641039965,
      -20.772135994516876,
      0
     ],
     [
      -49.35754622791597,
      -20.77235208765814,
      0
     ],
     [
      -49.35727732217894,
      -20.772568322259378,
      0
     ],
     [
      -49.356965526392685,
      -20.772824004529888,
      0
     ],
     [
      -49.35675837210062,
      -20.77297421272746,
      0
     ],
     [
      -49.35633768436225,
      -20.773267132100667,
      0
     ],
     [
      -49.3559871814491,
      -20.773491632750943,
      0
     ],
     [
      -49.35589465894902,
      -20.77354928492234,
      0
     ],
     [
      -49.355885465202654,
      -20.773553655627016,
      0
     ],
     [
      -49.35587180261634,
      -20.773562269742328,
      0
     ],
     [
      -49.355858450150265,
      -20.773574975199907,
      0
     ],
     [
      -49.355849550118606,
      -20.773583444315314,
      0
     ],
     [
      -49.35568061066324,
      -20.773718630921742,
      0
     ],
     [
      -49.355521658682605,
      -20.773886821416554,
      0
     ],
     [
      -49.35541253874497,
      -20.774009785230223,
      0
     ],
     [
      -49.355262437292396,
      -20.774198862496007,
      0
     ],
     [
      -49.355238151472754,
      -20.774231020699037,
      0
     ],
     [
      -49.35521223710243,
      -20.774256401133368,
      0
     ],
     [
      -49.355189908860496,
      -20.77424987403412,
      0
     ],
     [
      -49.35517324295534,
      -20.77419843178093,
      0
     ],
     [
      -49.35515226730325,
      -20.774158712025464,
      0
     ],
     [
      -49.35511385938378,
      -20.774104617146033,
      0
     ],
     [
      -49.35506002447795,
      -20.77402162037096,
      0
     ],
     [
      -49.355029381269944,
      -20.77397654441517,
      0
     ],
     [
      -49.35499899378238,
      -20.773932600942985,
      0
     ],
     [
      -49.354988139281225,
      -20.773906206174427,
      0
     ],
     [
      -49.35495437768836,
      -20.77378866224737,
      0
     ],
     [
      -49.35490433225931,
      -20.773618203696373,
      0
     ],
     [
      -49.354850506665656,
      -20.773481344499704,
      0
     ],
     [
      -49.35479056027653,
      -20.77329499672316,
      0
     ],
     [
      -49.35468821329057,
      -20.77301550635793,
      0
     ]
    ],
    "type": "LineString"
   },
   "id": 1006,
   "properties": {
    "ALTMODE": 0,
    "BASE": 0,
    "CLAMPED": -1,
    "EXTENSAO": 898,
    "EXTRUDED": 0,
    "FOLDERPATH": null,
    "NAME": "Av. Anizali Haidar",
    "OBJECTID": 1006,
    "POPUPINFO": null,
    "SHAPE.LEN": 898.472667793211,
    "SNIPPET": null,
    "SYMBOLID": 1
   },
   "type": "Feature"
  },
  {
   "geometry": {
    "coordinates": [
     [
      -49.35204623534237,
      -20.81046677478532,
      0
     ],
     [
      -49.35205756710681,
      -20.810444376980186,
      0
     ],
     [
      -49.352067564823216,
      -20.810429546876875,
      0
     ],
     [
      -49.352085638728525,
      -20.810412272366452,
      0
     ],
     [
      -49.3521230406778,
      -20.810385724209233,
      0
     ],
     [
      -49.35218347216114,
      -20.810353617118807,
      0
     ],
     [
      -49.352225145813634,
      -20.81034788055325,
      0
     ],
     [
      -49.35228346815126,
      -20.810324560367995,
      0
     ],
     [
      -49.35252087466977,
      -20.810210786880116,
      0
     ],
     [
      -49.35256864469272,
      -20.81015537831352,
      0
     ],
     [
      -49.35292362288516,
      -20.809984897943878,
      0
     ],
     [
      -49.35298621002938,
      -20.809962853286567,
      0
     ],
     [
      -49.353032744192355,
      -20.80996166707615,
      0
     ],
     [
      -49.353086367700094,
      -20.80997202542098,
      0
     ],
     [
      -49.35313324020303,
      -20.810001598128423,
      0
     ],
     [
      -49.353168679601346,
      -20.810039747190682,
      0
     ],
     [
      -49.35323018468195,
      -20.810159764615367,
      0
     ],
     [
      -49.35326975912129,
      -20.810242825000504,
      0
     ],
     [
      -49.35336645636311,
      -20.810421391074403,
      0
     ],
     [
      -49.35343925668586,
      -20.81038404932584,
      0
     ],
     [
      -49.35366499504072,
      -20.810816067704174,
      0
     ],
     [
      -49.354124585932375,
      -20.811750681801687,
      0
     ],
     [
      -49.35419590700067,
      -20.811908206220128,
      0
     ],
     [
      -49.3542534637695,
      -20.81200640045607,
      0
     ],
     [
      -49.35430380826694,
      -20.812048880103745,
      0
     ],
     [
      -49.35434818929086,
      -20.81207502857131,
      0
     ],
     [
      -49.35439763986011,
      -20.81209702622307,
      0
     ],
     [
      -49.35446003906963,
      -20.812109173849326,
      0
     ],
     [
      -49.35451694074379,
      -20.812113394589744,
      0
     ],
     [
      -49.35454490421334,
      -20.81210893867329,
      0
     ],
     [
      -49.35458467594373,
      -20.81209578343562,
      0
     ],
     [
      -49.35462725230763,
      -20.81208348072292,
      0
     ],
     [
      -49.354811680893434,
      -20.81197780332143,
      0
     ],
     [
      -49.355391899177185,
      -20.81162500889093,
      0
     ],
     [
      -49.35572640476873,
      -20.811452574877443,
      0
     ],
     [
      -49.355887939606355,
      -20.811362469154304,
      0
     ],
     [
      -49.35626886825689,
      -20.811191057257734,
      0
     ],
     [
      -49.35646060819974,
      -20.811117302182176,
      0
     ],
     [
      -49.35710182585254,
      -20.810870762080217,
      0
     ],
     [
      -49.3573464554326,
      -20.81080043220042,
      0
     ],
     [
      -49.357632417506764,
      -20.810727991187772,
      0
     ],
     [
      -49.35793288775141,
      -20.810669472160928,
      0
     ],
     [
      -49.35849913284681,
      -20.810542173010315,
      0
     ],
     [
      -49.358861405607556,
      -20.810456690410287,
      0
     ],
     [
      -49.35925462858275,
      -20.81037733582534,
      0
     ],
     [
      -49.35953947619118,
      -20.810335921173667,
      0
     ],
     [
      -49.35956153598362,
      -20.810143322417524,
      0
     ],
     [
      -49.35959474526609,
      -20.810033842350133,
      0
     ],
     [
      -49.35965361488893,
      -20.8099328504175,
      0
     ],
     [
      -49.35976878233475,
      -20.809795310845256,
      0
     ],
     [
      -49.35993771192241,
      -20.809687665438517,
      0
     ],
     [
      -49.359964644417936,
      -20.809699512453765,
      0
     ],
     [
      -49.36048922638764,
      -20.80937259359216,
      0
     ],
     [
      -49.36051630123127,
      -20.809306782806317,
      0
     ],
     [
      -49.36071909843081,
      -20.809221109013663,
      0
     ],
     [
      -49.36114375821359,
      -20.809025205822206,
      0
     ],
     [
      -49.36189838654586,
      -20.80869505189334,
      0
     ],
     [
      -49.362139606181,
      -20.808617154990745,
      0
     ],
     [
      -49.362237392922374,
      -20.808609339516867,
      0
     ],
     [
      -49.36264820950466,
      -20.808623469984976,
      0
     ],
     [
      -49.36332016262974,
      -20.808729184388117,
      0
     ],
     [
      -49.36385038034621,
      -20.808832413877198,
      0
     ],
     [
      -49.36434044228268,
      -20.808908482887617,
      0
     ],
     [
      -49.364977375651236,
      -20.809039572258786,
      0
     ],
     [
      -49.36531147004137,
      -20.80911658847835,
      0
     ],
     [
      -49.36538516029215,
      -20.809155450302953,
      0
     ],
     [
      -49.365489114445076,
      -20.809218609605722,
      0
     ],
     [
      -49.36591255490313,
      -20.809450846301,
      0
     ],
     [
      -49.36614713618914,
      -20.809503853860555,
      0
     ],
     [
      -49.36637088254479,
      -20.80950635416976,
      0
     ],
     [
      -49.36655214703238,
      -20.809498442662935,
      0
     ],
     [
      -49.36670724895356,
      -20.809486350568655,
      0
     ],
     [
      -49.36688192597751,
      -20.809473801609588,
      0
     ],
     [
      -49.36719682215294,
      -20.80944547632687,
      0
     ],
     [
      -49.36729334096226,
      -20.80941565395113,
      0
     ],
     [
      -49.367328032906535,
      -20.80941524987692,
      0
     ],
     [
      -49.367409945561064,
      -20.809460256680694,
      0
     ],
     [
      -49.36752441673552,
      -20.80956872013002,
      0
     ],
     [
      -49.3675941291428,
      -20.809538122978882,
      0
     ],
     [
      -49.36774762335814,
      -20.80978974473655,
      0
     ],
     [
      -49.36785668267488,
      -20.809889623814932,
      0
     ],
     [
      -49.367982865376426,
      -20.810017626835776,
      0
     ],
     [
      -49.36816104257408,
      -20.81008702921289,
      0
     ],
     [
      -49.36827294919138,
      -20.81011744267139,
      0
     ],
     [
      -49.368388541582874,
      -20.810111747923482,
      0
     ],
     [
      -49.368534613727014,
      -20.8100947319629,
      0
     ],
     [
      -49.368637517005965,
      -20.810104951860524,
      0
     ],
     [
      -49.36954030372659,
      -20.809976716024813,
      0
     ],
     [
      -49.369731613568504,
      -20.80994837169082,
      0
     ],
     [
      -49.3697774384464,
      -20.809946244673974,
      0
     ],
     [
      -49.369844024770146,
      -20.809945109030537,
      0
     ],
     [
      -49.36996267341182,
      -20.809946434785218,
      0
     ],
     [
      -49.370102458492205,
      -20.8099601605662,
      0
     ],
     [
      -49.37017399342147,
      -20.809975193202842,
      0
     ],
     [
      -49.370281145614214,
      -20.81000233355458,
      0
     ],
     [
      -49.37045519950858,
      -20.81006398195469,
      0
     ],
     [
      -49.37052147329998,
      -20.81009505691869,
      0
     ],
     [
      -49.370600439152206,
      -20.810142014319965,
      0
     ],
     [
      -49.3707900558518,
      -20.810274889936746,
      0
     ],
     [
      -49.3709506881742,
      -20.81037455531229,
      0
     ],
     [
      -49.3711540252621,
      -20.81046075228204,
      0
     ],
     [
      -49.37132990090157,
      -20.810522462311095,
      0
     ],
     [
      -49.37146708534669,
      -20.810556558153554,
      0
     ],
     [
      -49.37162111752961,
      -20.810589320716197,
      0
     ],
     [
      -49.37161545613692,
      -20.81068126096892,
      0
     ],
     [
      -49.37186182639529,
      -20.81071363286763,
      0
     ],
     [
      -49.37210724237593,
      -20.81071401726689,
      0
     ],
     [
      -49.37235888391916,
      -20.81071053462307,
      0
     ],
     [
      -49.37244277704894,
      -20.81070551453566,
      0
     ],
     [
      -49.37255446629973,
      -20.81068830338418,
      0
     ],
     [
      -49.372643197686635,
      -20.810659997509845,
      0
     ],
     [
      -49.372730772074235,
      -20.810620262761315,
      0
     ],
     [
      -49.37283092230601,
      -20.81056545904053,
      0
     ],
     [
      -49.37316798433474,
      -20.810270114894717,
      0
     ],
     [
      -49.37339375986012,
      -20.810052332218334,
      0
     ],
     [
      -49.37354685761449,
      -20.809921288614486,
      0
     ],
     [
      -49.3736397927493,
      -20.809835009620677,
      0
     ],
     [
      -49.37372796165837,
      -20.809754742066897,
      0
     ],
     [
      -49.37377294103962,
      -20.8097159893392,
      0
     ],
     [
      -49.37382352386847,
      -20.809700814668727,
      0
     ],
     [
      -49.37387736771302,
      -20.80969088391585,
      0
     ],
     [
      -49.373941278888786,
      -20.809698844744627,
      0
     ],
     [
      -49.37400152985582,
      -20.809718089330552,
      0
     ],
     [
      -49.37405217985234,
      -20.809755590010745,
      0
     ],
     [
      -49.37415812459658,
      -20.809925660994,
      0
     ],
     [
      -49.37425931646319,
      -20.810036657280744,
      0
     ],
     [
      -49.37432816663912,
      -20.810112177377025,
      0
     ],
     [
      -49.37436401346993,
      -20.810110797322274,
      0
     ],
     [
      -49.37437852923302,
      -20.81010294605404,
      0
     ],
     [
      -49.374393881858104,
      -20.810092039589858,
      0
     ],
     [
      -49.374529133708116,
      -20.810005817101693,
      0
     ],
     [
      -49.37460961369152,
      -20.809965258017364,
      0
     ],
     [
      -49.374681173756954,
      -20.809932030530685,
      0
     ],
     [
      -49.3747602836794,
      -20.809892818771434,
      0
     ],
     [
      -49.37486231650006,
      -20.80984717224131,
      0
     ],
     [
      -49.374955754447264,
      -20.80979896821721,
      0
     ],
     [
      -49.375042333331365,
      -20.809726890558874,
      0
     ],
     [
      -49.375060425887206,
      -20.809689801314963,
      0
     ],
     [
      -49.37510236226353,
      -20.809546640833286,
      0
     ]
    ],
    "type": "LineString"
   },
   "id": 1285,
   "properties": {
    "ALTMODE": 0,
    "BASE": 0,
    "CLAMPED": -1,
    "EXTENSAO": null,
    "EXTRUDED": 0,
    "FOLDERPATH": "CICLOVIAS COMPLETAS.kmz/CICLOVIAS/TERMINAL AO LAGO III",
    "NAME": "TERMINAL AO LAGO III",
    "OBJECTID": 1285,
    "POPUPINFO": "NOVO TERMINAL LAGO 3",
    "SHAPE.LEN": 2857.23928388283,
    "SNIPPET": null,
    "SYMBOLID": 3
   },
   "type": "Feature"
  },
  {
   "geometry": {
    "coordinates": [
     [
      -49.41581731531956,
      -20.785517464467972,
      0
     ],
     [
      -49.41579620662923,
      -20.785528465478894,
      0
     ],
     [
      -49.41577715178376,
      -20.785532638222556,
      0
     ],
     [
      -49.41574886472862,
      -20.785535276812816,
      0
     ],
     [
      -49.41570677127425,
      -20.78553150622248,
      0
     ],
     [
      -49.4156297663426,
      -20.78551559964955,
      0
     ],
     [
      -49.414431793277316,
      -20.785240779295425,
      0
     ],
     [
      -49.414383276087804,
      -20.785229071131546,
      0
     ],
     [
      -49.414351260264986,
      -20.785214049331856,
      0
     ],
     [
      -49.41433292936654,
      -20.785190941806796,
      0
     ],
     [
      -49.41432294662781,
      -20.78515735151133,
      0
     ],
     [
      -49.4143275794339,
      -20.78507890694383,
      0
     ],
     [
      -49.41436134099324,
      -20.784947120821627,
      0
     ],
     [
      -49.414441836848354,
      -20.78470223987715,
      0
     ],
     [
      -49.41452724810545,
      -20.784434036109328,
      0
     ],
     [
      -49.414671909958145,
      -20.78397031326465,
      0
     ],
     [
      -49.41472643523125,
      -20.78378625535642,
      0
     ],
     [
      -49.41473284321038,
      -20.783773726672436,
      0
     ],
     [
      -49.41475053630168,
      -20.78374016254678,
      0
     ],
     [
      -49.41484149849703,
      -20.783607627221766,
      0
     ],
     [
      -49.4149210428762,
      -20.783524557391555,
      0
     ],
     [
      -49.415041865848856,
      -20.7834396103507,
      0
     ],
     [
      -49.41518024120546,
      -20.783372644308116,
      0
     ],
     [
      -49.415216712880806,
      -20.783360135719,
      0
     ],
     [
      -49.415249141571884,
      -20.78334901343999,
      0
     ],
     [
      -49.41529332254558,
      -20.7833393564496,
      0
     ],
     [
      -49.415294247732945,
      -20.78333915451561,
      0
     ],
     [
      -49.415329234568986,
      -20.78333150654836,
      0
     ],
     [
      -49.41544131455322,
      -20.78332319809207,
      0
     ],
     [
      -49.415508633821624,
      -20.78331999753188,
      0
     ],
     [
      -49.41560526006603,
      -20.783321313998137,
      0
     ],
     [
      -49.41570889270059,
      -20.78334350503286,
      0
     ],
     [
      -49.41584880943603,
      -20.783400066444468,
      0
     ],
     [
      -49.41596390015506,
      -20.783463253101836,
      0
     ],
     [
      -49.41606012297123,
      -20.783541453230598,
      0
     ],
     [
      -49.41614749051885,
      -20.783628780124182,
      0
     ],
     [
      -49.41622759509157,
      -20.78373520496526,
      0
     ],
     [
      -49.416274843636614,
      -20.783832307809206,
      0
     ],
     [
      -49.41631428810692,
      -20.783956452924393,
      0
     ],
     [
      -49.416327147961994,
      -20.78404557554633,
      0
     ],
     [
      -49.416326667458556,
      -20.784151669659362,
      0
     ],
     [
      -49.416306839774,
      -20.784249922338784,
      0
     ],
     [
      -49.41627437878594,
      -20.784357489191724,
      0
     ],
     [
      -49.41623745140771,
      -20.784472677752095,
      0
     ],
     [
      -49.41606390145258,
      -20.784916681489896,
      0
     ],
     [
      -49.415923972823315,
      -20.785328820554174,
      0
     ],
     [
      -49.415903554760156,
      -20.78538336381928,
      0
     ],
     [
      -49.41589347767929,
      -20.785414927021854,
      0
     ],
     [
      -49.41588132652327,
      -20.785441266108705,
      0
     ],
     [
      -49.41586513598671,
      -20.785473979731165,
      0
     ],
     [
      -49.41585129013923,
      -20.785492796523524,
      0
     ],
     [
      -49.41584221995827,
      -20.78550150850875,
      0
     ],
     [
      -49.41581731531956,
      -20.785517464467972,
      0
     ]
    ],
    "type": "LineString"
   },
   "id": 1286,
   "properties": {
    "ALTMODE": 0,
    "BASE": 0,
    "CLAMPED": -1,
    "EXTENSAO": null,
    "EXTRUDED": 0,
    "FOLDERPATH": "CICLOVIAS COMPLETAS.kmz/CICLOVIAS/COBERTINHO 2",
    "NAME": "TRECHO 1",
    "OBJECTID": 1286,
    "POPUPINFO": null,
    "SHAPE.LEN": 725.530239529376,
    "SNIPPET": null,
    "SYMBOLID": 3
   },
   "type": "Feature"
  },
  {
   "geometry": {
    "coordinates": [
     [
      -49.426308732910634,
      -20.830969687202636,
      0
     ],
     [
      -49.42631136195568,
      -20.8308758223147,
      0
     ],
     [
      -49.42630997805529,
      -20.830836460705726,
      0
     ],
     [
      -49.42630373367559,
      -20.830804361461052,
      0
     ],
     [
      -49.426269618891055,
      -20.83075008430174,
      0
     ],
     [
      -49.42621638921925,
      -20.83069394505033,
      0
     ],
     [
      -49.426172614818086,
      -20.830648572664426,
      0
     ],
     [
      -49.426124110395634,
      -20.83059809728831,
      0
     ],
     [
      -49.426096682174204,
      -20.830565274095825,
      0
     ],
     [
      -49.426085549174,
      -20.830549251603927,
      0
     ],
     [
      -49.42607419144629,
      -20.830534882844233,
      0
     ],
     [
      -49.42605573004419,
      -20.830507216903634,
      0
     ],
     [
      -49.42602805461568,
      -20.83046286679311,
      0
     ],
     [
      -49.42602720899159,
      -20.830429131529026,
      0
     ],
     [
      -49.426036098985186,
      -20.830379183368642,
      0
     ],
     [
      -49.426044948069936,
      -20.83033317062439,
      0
     ],
     [
      -49.426050099678044,
      -20.83029780394119,
      0
     ],
     [
      -49.42604511576011,
      -20.830259532999218,
      0
     ],
     [
      -49.42602881961986,
      -20.83021666228488,
      0
     ],
     [
      -49.425902316489335,
      -20.82997295702226,
      0
     ],
     [
      -49.42555065962724,
      -20.829397443530794,
      0
     ],
     [
      -49.42483557499574,
      -20.828255912477907,
      0
     ],
     [
      -49.42472229309295,
      -20.82805999292914,
      0
     ],
     [
      -49.424599853761435,
      -20.82790241571654,
      0
     ],
     [
      -49.42444460128439,
      -20.827671800908206,
      0
     ],
     [
      -49.42423816339238,
      -20.82745032217189,
      0
     ],
     [
      -49.42388845456827,
      -20.8271095005531,
      0
     ],
     [
      -49.42354561653735,
      -20.826809912386025,
      0
     ],
     [
      -49.423118023656116,
      -20.82651915057844,
      0
     ],
     [
      -49.42226719426727,
      -20.825940409315525,
      0
     ],
     [
      -49.422035206083116,
      -20.82579005656883,
      0
     ],
     [
      -49.42160600249474,
      -20.825514372811462,
      0
     ],
     [
      -49.420420084682526,
      -20.824734913238462,
      0
     ],
     [
      -49.41926664586348,
      -20.82392864136723,
      0
     ],
     [
      -49.4191702453799,
      -20.823869772291964,
      0
     ],
     [
      -49.41907391572486,
      -20.8237865384417,
      0
     ],
     [
      -49.41894809447244,
      -20.823674214612414,
      0
     ],
     [
      -49.41889450664885,
      -20.823633921563584,
      0
     ],
     [
      -49.41885976387247,
      -20.82360615351832,
      0
     ],
     [
      -49.41883084499,
      -20.823579811347617,
      0
     ],
     [
      -49.418791766318385,
      -20.823547885933344,
      0
     ],
     [
      -49.41873550249508,
      -20.82348423798424,
      0
     ],
     [
      -49.41876439270154,
      -20.823513324205113,
      0
     ],
     [
      -49.41871971935851,
      -20.823458016992355,
      0
     ]
    ],
    "type": "LineString"
   },
   "id": 1287,
   "properties": {
    "ALTMODE": 0,
    "BASE": 0,
    "CLAMPED": -1,
    "EXTENSAO": null,
    "EXTRUDED": 0,
    "FOLDERPATH": "CICLOVIAS COMPLETAS.kmz/CICLOVIAS",
    "NAME": "R. JOSÉ PONCE",
    "OBJECTID": 1287,
    "POPUPINFO": null,
    "SHAPE.LEN": 1188.44407063401,
    "SNIPPET": null,
    "SYMBOLID": 0
   },
   "type": "Feature"
  },
  {
   "geometry": {
    "coordinates": [
     [
      -49.41519649459835,
      -20.841572029785073,
      0
     ],
     [
      -49.41525572364725,
      -20.841502054627213,
      0
     ],
     [
      -49.415323238871125,
      -20.841451047284668,
      0
     ],
     [
      -49.41540777727405,
      -20.84139473954754,
      0
     ],
     [
      -49.41549233854265,
      -20.841336333559735,
      0
     ],
     [
      -49.41557056843445,
      -20.841280303404947,
      0
     ],
     [
      -49.41563986036203,
      -20.841232674525976,
      0
     ],
     [
      -49.41571154197646,
      -20.841183489618672,
      0
     ],
     [
      -49.41580291575515,
      -20.841119400450875,
      0
     ],
     [
      -49.41589286690327,
      -20.841057921318235,
      0
     ],
     [
      -49.41598214788042,
      -20.840993812688367,
      0
     ],
     [
      -49.41610583221768,
      -20.840909033487794,
      0
     ],
     [
      -49.41619862917866,
      -20.84084233400273,
      0
     ],
     [
      -49.41624849822466,
      -20.840810655862263,
      0
     ],
     [
      -49.41633525663392,
      -20.840749109011504,
      0
     ],
     [
      -49.41643828989111,
      -20.840675982952614,
      0
     ],
     [
      -49.416505751405715,
      -20.84063003681799,
      0
     ],
     [
      -49.41656054528588,
      -20.840594469239882,
      0
     ],
     [
      -49.416597780907004,
      -20.84056988902278,
      0
     ],
     [
      -49.416653313461524,
      -20.84053039246617,
      0
     ],
     [
      -49.41671375723598,
      -20.840488317139712,
      0
     ],
     [
      -49.41678402248949,
      -20.84044108608331,
      0
     ],
     [
      -49.41690033934106,
      -20.840376365075574,
      0
     ],
     [
      -49.416975029987356,
      -20.84032347758445,
      0
     ],
     [
      -49.417052463584284,
      -20.840257946311322,
      0
     ],
     [
      -49.41715719445245,
      -20.840184141716367,
      0
     ],
     [
      -49.417260101303846,
      -20.840105938177608,
      0
     ],
     [
      -49.41735539818847,
      -20.84004560965735,
      0
     ],
     [
      -49.41742652810898,
      -20.839990358474413,
      0
     ],
     [
      -49.4174876856243,
      -20.839949365300708,
      0
     ],
     [
      -49.417607763251006,
      -20.839867778255503,
      0
     ],
     [
      -49.41771810410067,
      -20.83978856723856,
      0
     ],
     [
      -49.41789517782325,
      -20.83966886145814,
      0
     ],
     [
      -49.418122182176205,
      -20.839511573192024,
      0
     ],
     [
      -49.41832106020144,
      -20.83937501447578,
      0
     ],
     [
      -49.4185136051747,
      -20.83924364353126,
      0
     ],
     [
      -49.41875537505657,
      -20.839075340965106,
      0
     ],
     [
      -49.418910013325295,
      -20.838965920816424,
      0
     ],
     [
      -49.419051286558656,
      -20.83886687196328,
      0
     ],
     [
      -49.41926776872506,
      -20.83871473231601,
      0
     ],
     [
      -49.4194286782507,
      -20.838606025342568,
      0
     ],
     [
      -49.419599464587,
      -20.83848691542692,
      0
     ],
     [
      -49.419689399002785,
      -20.838426745581703,
      0
     ],
     [
      -49.41972151707407,
      -20.838424418656924,
      0
     ],
     [
      -49.41982446561856,
      -20.83838450930606,
      0
     ],
     [
      -49.41988654082952,
      -20.838374043352996,
      0
     ],
     [
      -49.419945576117044,
      -20.838370264642027,
      0
     ],
     [
      -49.42009497743189,
      -20.838328926397494,
      0
     ],
     [
      -49.420195183673684,
      -20.83828116873652,
      0
     ],
     [
      -49.42025791545724,
      -20.83822435554795,
      0
     ],
     [
      -49.42033541289197,
      -20.838031291076305,
      0
     ],
     [
      -49.42036899586664,
      -20.83795551653588,
      0
     ],
     [
      -49.42046891311607,
      -20.837885602916174,
      0
     ],
     [
      -49.420647319012,
      -20.837760655284487,
      0
     ],
     [
      -49.421114672785535,
      -20.837436356238552,
      0
     ],
     [
      -49.421446397382546,
      -20.837205255726644,
      0
     ],
     [
      -49.421718377509876,
      -20.837016237335998,
      0
     ],
     [
      -49.42196228771007,
      -20.836842702116982,
      0
     ],
     [
      -49.42220579374112,
      -20.836640959196213,
      0
     ],
     [
      -49.42254712372742,
      -20.836358128309627,
      0
     ],
     [
      -49.422809620615695,
      -20.836141472888205,
      0
     ],
     [
      -49.42294615634495,
      -20.836027947175552,
      0
     ],
     [
      -49.42310589085404,
      -20.83589758012356,
      0
     ],
     [
      -49.42319314743191,
      -20.835826233869668,
      0
     ],
     [
      -49.42330439696411,
      -20.83572887223377,
      0
     ],
     [
      -49.42344231335579,
      -20.835616670415227,
      0
     ],
     [
      -49.423566324869604,
      -20.835499748911797,
      0
     ],
     [
      -49.42370552563383,
      -20.83533114963575,
      0
     ],
     [
      -49.42382491934182,
      -20.835188605063856,
      0
     ],
     [
      -49.42394674482539,
      -20.8349597510717,
      0
     ],
     [
      -49.42401357744934,
      -20.834813605383545,
      0
     ],
     [
      -49.4241932758319,
      -20.834460263344507,
      0
     ],
     [
      -49.424440911713205,
      -20.83403024471435,
      0
     ],
     [
      -49.42467880509433,
      -20.833587646663517,
      0
     ],
     [
      -49.42477945955718,
      -20.833386736720595,
      0
     ],
     [
      -49.42489995224686,
      -20.833182814029055,
      0
     ],
     [
      -49.4251740876139,
      -20.832609366416463,
      0
     ],
     [
      -49.42533559975409,
      -20.832276749563125,
      0
     ],
     [
      -49.42552101936518,
      -20.831966652624665,
      0
     ],
     [
      -49.425778329093816,
      -20.831576784736246,
      0
     ],
     [
      -49.42589577289989,
      -20.831409380813263,
      0
     ],
     [
      -49.426067895441676,
      -20.831149991137636,
      0
     ],
     [
      -49.426137083266156,
      -20.831057533512503,
      0
     ],
     [
      -49.42616164027122,
      -20.83103417414289,
      0
     ],
     [
      -49.426196974082806,
      -20.83100896980257,
      0
     ],
     [
      -49.426241315920606,
      -20.830988840880867,
      0
     ],
     [
      -49.42628661908686,
      -20.8309742120979,
      0
     ],
     [
      -49.42634818941797,
      -20.83096161343751,
      0
     ],
     [
      -49.426398255234055,
      -20.83095616280404,
      0
     ],
     [
      -49.42645943413285,
      -20.830953769903054,
      0
     ],
     [
      -49.426502300909846,
      -20.83095362610821,
      0
     ],
     [
      -49.42653311011631,
      -20.830958744556934,
      0
     ],
     [
      -49.42655642098247,
      -20.83097051127529,
      0
     ],
     [
      -49.426572162505664,
      -20.830983922992296,
      0
     ]
    ],
    "type": "LineString"
   },
   "id": 1288,
   "properties": {
    "ALTMODE": 0,
    "BASE": 0,
    "CLAMPED": -1,
    "EXTENSAO": null,
    "EXTRUDED": 0,
    "FOLDERPATH": "CICLOVIAS COMPLETAS.kmz/CICLOVIAS/ABELARDO MENEZES",
    "NAME": "ABELARDO 1.0",
    "OBJECTID": 1288,
    "POPUPINFO": null,
    "SHAPE.LEN": 1720.7786321793,
    "SNIPPET": null,
    "SYMBOLID": 0
   },
   "type": "Feature"
  },
  {
   "geometry": {
    "coordinates": [
     [
      -49.426572162505664,
      -20.830983922992296,
      0
     ],
     [
      -49.426583258131515,
      -20.830923464976745,
      0
     ],
     [
      -49.42661148399022,
      -20.830720283309255,
      0
     ],
     [
      -49.42663308126834,
      -20.830630541028317,
      0
     ],
     [
      -49.42664971408511,
      -20.830592287934014,
      0
     ],
     [
      -49.42666473501696,
      -20.830570086601977,
      0
     ],
     [
      -49.426714106004894,
      -20.830527548835754,
      0
     ],
     [
      -49.42679354197748,
      -20.830475186112174,
      0
     ],
     [
      -49.427091377636486,
      -20.830298021233407,
      0
     ],
     [
      -49.42718752826894,
      -20.830243151455925,
      0
     ],
     [
      -49.42726682781949,
      -20.83019862179488,
      0
     ],
     [
      -49.4273488823248,
      -20.830157397360455,
      0
     ],
     [
      -49.42742597349548,
      -20.83012399801698,
      0
     ],
     [
      -49.427535884274704,
      -20.83008761985983,
      0
     ],
     [
      -49.42767228164765,
      -20.83005086229638,
      0
     ],
     [
      -49.427801331280605,
      -20.83002189162679,
      0
     ],
     [
      -49.42795674468137,
      -20.829977160306985,
      0
     ],
     [
      -49.428059367821426,
      -20.829940636347196,
      0
     ],
     [
      -49.42820415019739,
      -20.829878328784744,
      0
     ],
     [
      -49.4283450808056,
      -20.829809135832267,
      0
     ],
     [
      -49.42849691743313,
      -20.82969830816222,
      0
     ],
     [
      -49.428630336420476,
      -20.829582393725662,
      0
     ],
     [
      -49.428763719330554,
      -20.829455396821967,
      0
     ],
     [
      -49.42888532129367,
      -20.829327000923122,
      0
     ],
     [
      -49.42907454314835,
      -20.829129658734676,
      0
     ],
     [
      -49.42925061433167,
      -20.828960405770058,
      0
     ],
     [
      -49.42941360368963,
      -20.828812524662755,
      0
     ],
     [
      -49.429578670982536,
      -20.828657140415235,
      0
     ],
     [
      -49.42976919969318,
      -20.82849742841142,
      0
     ],
     [
      -49.4299167150653,
      -20.828384465824723,
      0
     ],
     [
      -49.430136807361045,
      -20.828201346222425,
      0
     ],
     [
      -49.43030202203769,
      -20.82806896669073,
      0
     ],
     [
      -49.430491876972226,
      -20.827937968933625,
      0
     ],
     [
      -49.43054555083904,
      -20.827919326250615,
      0
     ],
     [
      -49.43059812366666,
      -20.827916439250885,
      0
     ],
     [
      -49.430680370256304,
      -20.827912020955516,
      0
     ],
     [
      -49.43072875597486,
      -20.827901975536296,
      0
     ],
     [
      -49.43078955471961,
      -20.827884687976486,
      0
     ],
     [
      -49.43084025282816,
      -20.82786122488774,
      0
     ],
     [
      -49.43088350571326,
      -20.82783263677558,
      0
     ],
     [
      -49.430931012235995,
      -20.827771580432504,
      0
     ],
     [
      -49.430961287340004,
      -20.827713667958456,
      0
     ],
     [
      -49.43097558802375,
      -20.82768447777232,
      0
     ],
     [
      -49.43099811064749,
      -20.82762494328925,
      0
     ],
     [
      -49.431039781966234,
      -20.827565926491122,
      0
     ],
     [
      -49.43152087102629,
      -20.827188080949757,
      0
     ],
     [
      -49.431781013231124,
      -20.827001368101485,
      0
     ],
     [
      -49.432062475892025,
      -20.826795769790948,
      0
     ],
     [
      -49.43237141898189,
      -20.82656800354919,
      0
     ],
     [
      -49.43284331513633,
      -20.8262296338046,
      0
     ],
     [
      -49.43297790827175,
      -20.82610929278712,
      0
     ],
     [
      -49.43315593266634,
      -20.825972172854996,
      0
     ],
     [
      -49.43371798257517,
      -20.825595685821625,
      0
     ],
     [
      -49.43405716114148,
      -20.82540503125673,
      0
     ],
     [
      -49.43435743969303,
      -20.825238240661236,
      0
     ],
     [
      -49.434490571768684,
      -20.825158666699117,
      0
     ],
     [
      -49.43490776144608,
      -20.82492979756387,
      0
     ],
     [
      -49.43491983602671,
      -20.824925699221605,
      0
     ],
     [
      -49.43519618069215,
      -20.824767483287037,
      0
     ],
     [
      -49.43536727142987,
      -20.824670251814524,
      0
     ],
     [
      -49.435510831672595,
      -20.824571832084104,
      0
     ],
     [
      -49.435683628751256,
      -20.82441148210873,
      0
     ],
     [
      -49.43588175891646,
      -20.82422574199026,
      0
     ],
     [
      -49.43605385623472,
      -20.82402746520971,
      0
     ],
     [
      -49.43627591107978,
      -20.823741506115322,
      0
     ],
     [
      -49.43639251476383,
      -20.82363905916193,
      0
     ],
     [
      -49.436462726909376,
      -20.82359563165148,
      0
     ],
     [
      -49.43657856988353,
      -20.82356696706792,
      0
     ],
     [
      -49.436707523677164,
      -20.82353534796118,
      0
     ],
     [
      -49.43679308715237,
      -20.823496506526848,
      0
     ],
     [
      -49.436881206867305,
      -20.823394476902358,
      0
     ],
     [
      -49.436922581399585,
      -20.823293393065384,
      0
     ],
     [
      -49.43692733187389,
      -20.82314995677936,
      0
     ],
     [
      -49.43692409290858,
      -20.823041291797953,
      0
     ],
     [
      -49.43693274976409,
      -20.822958406155383,
      0
     ],
     [
      -49.43696257252908,
      -20.82287426279254,
      0
     ],
     [
      -49.437000139309255,
      -20.82274932697842,
      0
     ],
     [
      -49.43702594815139,
      -20.822682004047046,
      0
     ],
     [
      -49.43703672960455,
      -20.822583716105292,
      0
     ],
     [
      -49.43704104919075,
      -20.822503078129056,
      0
     ],
     [
      -49.43704511937904,
      -20.82244670766354,
      0
     ],
     [
      -49.437041725199975,
      -20.822369935154455,
      0
     ],
     [
      -49.43702263174223,
      -20.822192009038957,
      0
     ],
     [
      -49.43698909982556,
      -20.82206117738205,
      0
     ],
     [
      -49.4369389814181,
      -20.82191510883528,
      0
     ],
     [
      -49.43685504189669,
      -20.821733968050996,
      0
     ],
     [
      -49.43675533535408,
      -20.82152579127483,
      0
     ],
     [
      -49.436647143458295,
      -20.821328687769274,
      0
     ],
     [
      -49.436554990065524,
      -20.82119994551914,
      0
     ],
     [
      -49.43638561608897,
      -20.820982605629137,
      0
     ],
     [
      -49.43622482612768,
      -20.82079171483846,
      0
     ],
     [
      -49.4360448856614,
      -20.820604973423325,
      0
     ],
     [
      -49.43578015809949,
      -20.820366429871,
      0
     ],
     [
      -49.43562861831734,
      -20.820246327578037,
      0
     ],
     [
      -49.43537077502538,
      -20.820047890016088,
      0
     ],
     [
      -49.43521335614496,
      -20.819924881907696,
      0
     ],
     [
      -49.435150565308774,
      -20.819839577198024,
      0
     ],
     [
      -49.43512574022692,
      -20.819792363832885,
      0
     ],
     [
      -49.43511834410006,
      -20.81978222869365,
      0
     ],
     [
      -49.43511120830868,
      -20.819773864651687,
      0
     ],
     [
      -49.435101646517296,
      -20.819767364614897,
      0
     ],
     [
      -49.43509050522882,
      -20.81976458362167,
      0
     ],
     [
      -49.43508779262,
      -20.81976424359427,
      0
     ],
     [
      -49.435085803688224,
      -20.819764348288945,
      0
     ],
     [
      -49.43507980128062,
      -20.819765598801265,
      0
     ],
     [
      -49.4350744754016,
      -20.819767300831735,
      0
     ],
     [
      -49.435067833220074,
      -20.819769843588325,
      0
     ],
     [
      -49.435061434260135,
      -20.819772465348326,
      0
     ],
     [
      -49.43505468337035,
      -20.819775486780305,
      0
     ],
     [
      -49.435047841811844,
      -20.819778542614092,
      0
     ],
     [
      -49.43504048048253,
      -20.819782155573595,
      0
     ],
     [
      -49.43502960694088,
      -20.81978684665927,
      0
     ],
     [
      -49.43502065927885,
      -20.81979186336324,
      0
     ],
     [
      -49.435009912925885,
      -20.819798100303657,
      0
     ],
     [
      -49.4349935768861,
      -20.819813441461008,
      0
     ],
     [
      -49.434935814582595,
      -20.8199114186224,
      0
     ]
    ],
    "type": "LineString"
   },
   "id": 1289,
   "properties": {
    "ALTMODE": 0,
    "BASE": 0,
    "CLAMPED": -1,
    "EXTENSAO": null,
    "EXTRUDED": 0,
    "FOLDERPATH": "CICLOVIAS COMPLETAS.kmz/CICLOVIAS/ABELARDO MENEZES",
    "NAME": "ABELARDO 2.0",
    "OBJECTID": 1289,
    "POPUPINFO": null,
    "SHAPE.LEN": 1898.20414224225,
    "SNIPPET": null,
    "SYMBOLID": 0
   },
   "type": "Feature"
  },
  {
   "geometry": {
    "coordinates": [
     [
      -49.34444232318218,
      -20.825412706251804,
      0
     ],
     [
      -49.34440407444993,
      -20.82556785690983,
      0
     ]
    ],
    "type": "LineString"
   },
   "id": 1291,
   "properties": {
    "ALTMODE": null,
    "BASE": null,
    "CLAMPED": null,
    "EXTENSAO": null,
    "EXTRUDED": null,
    "FOLDERPATH": null,
    "NAME": null,
    "OBJECTID": 1291,
    "POPUPINFO": null,
    "SHAPE.LEN": 17.632239388688,
    "SNIPPET": null,
    "SYMBOLID": null
   },
   "type": "Feature"
  },
  {
   "geometry": {
    "coordinates": [
     [
      -49.349149811358316,
      -20.82494957601709,
      0
     ],
     [
      -49.349135586347515,
      -20.824938439484754,
      0
     ],
     [
      -49.34911551445642,
      -20.82492655831043,
      0
     ],
     [
      -49.349083836333726,
      -20.824910181603762,
      0
     ],
     [
      -49.34906373165511,
      -20.824901221383982,
      0
     ],
     [
      -49.348802764486685,
      -20.824886058176045,
      0
     ]
    ],
    "type": "LineString"
   },
   "id": 1293,
   "properties": {
    "ALTMODE": null,
    "BASE": null,
    "CLAMPED": null,
    "EXTENSAO": null,
    "EXTRUDED": null,
    "FOLDERPATH": null,
    "NAME": null,
    "OBJECTID": 1293,
    "POPUPINFO": null,
    "SHAPE.LEN": 37.689606684417896,
    "SNIPPET": null,
    "SYMBOLID": null
   },
   "type": "Feature"
  },
  {
   "geometry": {
    "coordinates": [
     [
      -49.35165258727528,
      -20.841210761155402,
      0
     ],
     [
      -49.35166267682107,
      -20.84119856253788,
      0
     ],
     [
      -49.35167217668112,
      -20.84118386603805,
      0
     ],
     [
      -49.35167822590834,
      -20.84117006040313,
      0
     ],
     [
      -49.351680342645196,
      -20.841156216919458,
      0
     ],
     [
      -49.35168193822259,
      -20.8411451415524,
      0
     ],
     [
      -49.3516811314748,
      -20.841128959288675,
      0
     ],
     [
      -49.35167248490326,
      -20.8411103918306,
      0
     ],
     [
      -49.35166975183981,
      -20.841105126382928,
      0
     ]
    ],
    "type": "LineString"
   },
   "id": 1294,
   "properties": {
    "ALTMODE": null,
    "BASE": null,
    "CLAMPED": null,
    "EXTENSAO": null,
    "EXTRUDED": null,
    "FOLDERPATH": null,
    "NAME": null,
    "OBJECTID": 1294,
    "POPUPINFO": null,
    "SHAPE.LEN": 12.7395222196674,
    "SNIPPET": null,
    "SYMBOLID": null
   },
   "type": "Feature"
  }
 ],
 "type": "FeatureCollection"
}